POSTED_BY,UNDER_CONSTRUCTION,RERA,BHK_NO.,BHK_OR_RK,SQUARE_FT,READY_TO_MOVE,RESALE,TARGET(PRICE_IN_LACS)
0,0,0,2,1,1300.236407,1,1,55.0
1,0,0,2,1,1275.0,1,1,51.0
0,0,0,2,1,933.1597222,1,1,43.0
0,0,1,2,1,929.9211427,1,1,62.5
1,1,0,2,1,999.009247,0,1,60.5
0,0,0,3,1,1250.0,1,1,42.0
1,0,0,3,1,1495.053957,1,1,66.5
0,0,1,3,1,1181.012946,1,1,52.0
1,0,1,2,1,1040.0,1,1,41.6
0,0,1,2,1,879.1208791000001,1,1,36.0
0,0,0,3,1,1350.308642,1,1,35.0
1,0,0,2,1,1333.010179,1,1,110.0
0,0,0,2,1,927.1779023,1,1,48.0
0,0,1,2,1,1122.1719460000002,1,1,62.0
0,0,0,1,1,649.9837504,1,1,20.0
1,1,1,3,1,1394.117647,0,1,71.1
0,0,0,3,1,1800.08471,1,1,85.0
1,1,1,3,1,2124.896706,0,1,180.0
0,0,0,2,1,1100.0,1,1,22.0
1,0,1,3,1,2178.649237,1,1,120.0
0,0,0,2,1,881.1435285,1,1,45.0
1,0,0,2,1,944.8818898,1,1,42.0
1,0,1,3,1,1310.147689,1,1,55.0
1,0,0,1,1,630.00063,1,1,300.0
1,0,0,2,1,1219.80971,1,1,50.0
0,0,0,2,1,780.141844,1,1,27.5
0,0,0,3,1,1600.0,1,1,46.0
1,0,0,2,1,1180.412371,1,1,22.9
0,1,0,2,1,1000.0,0,1,39.0
1,0,0,2,1,1000.0,1,1,12.5
1,0,0,3,1,1400.107701,1,1,52.0
1,0,1,2,1,943.1266076,1,1,33.0
0,0,0,2,1,1150.146382,1,1,55.0
1,1,1,1,1,864.0674393999999,0,1,82.0
1,0,1,2,1,857.7861968000001,1,0,240.0
0,0,0,3,1,1174.210077,1,1,55.0
1,1,1,2,1,1020.087884,0,1,65.0
0,0,0,4,1,1650.165017,1,1,65.0
1,1,0,2,1,1000.0,0,1,35.0
0,0,0,3,1,1300.052002,1,1,75.0
1,1,1,1,1,40606.19568,0,0,9110.0
1,0,1,2,1,1058.114928,1,1,65.0
1,1,0,1,1,400.0,0,1,30.0
1,0,1,3,1,1274.924779,1,1,250.0
1,0,0,2,1,1026.694045,1,1,220.0
0,0,0,2,1,1150.121065,1,1,38.0
0,0,0,3,1,1200.0,1,1,60.0
1,0,0,1,0,475.0103263,1,1,46.0
2,1,1,1,1,301.91711630000003,0,0,26.3
1,1,1,2,1,1228.571429,0,1,51.6
0,0,0,2,1,986.0164934,1,1,55.0
1,1,1,3,1,1972.565158,0,1,71.9
1,1,1,1,1,420.6166888,0,1,130.0
0,0,0,3,1,1275.009808,1,1,32.5
1,1,1,1,1,406.024219,0,0,39.9
1,0,0,3,1,1862.562189,1,1,59.9
0,0,0,2,1,950.0146156,1,1,65.0
0,0,1,4,1,5200.945626,1,1,110.0
1,0,0,2,1,1049.969344,1,1,68.5
1,0,0,3,1,1615.008157,1,1,99.0
1,0,0,3,1,1150.0069,1,1,250.0
0,0,0,2,1,1100.0,1,1,27.5
1,1,1,2,1,906.2661833,0,0,70.0
0,0,0,3,1,1454.333915,1,1,50.0
0,0,0,3,1,1591.994542,1,1,70.0
1,0,1,2,1,573.8769151,1,1,22.1
1,0,1,3,1,1038.883942,1,1,280.0
0,0,0,3,1,1538.141758,1,1,74.0
0,0,0,2,1,5000.0,1,1,85.0
1,0,0,3,1,1602.084012,1,1,49.2
0,0,0,2,1,1200.0,1,1,45.0
0,0,0,2,1,760.0709400000001,1,1,60.0
0,1,0,2,1,739.8273736000001,0,1,30.0
0,0,0,2,1,1260.02291,1,1,33.0
0,0,0,2,1,1100.151745,1,1,29.0
1,0,1,3,1,2293.077091,1,1,210.0
1,0,0,2,1,1146.480331,1,1,88.6
1,0,1,4,1,2224.059764,1,1,780.0
1,0,0,2,1,759.8784195000001,1,1,30.0
0,0,0,4,1,2260.251857,1,1,140.0
1,0,0,3,1,767.0182167,1,1,240.0
0,0,0,4,1,2500.0,1,1,160.0
1,1,1,4,1,2286.236854,0,1,100.0
0,0,1,2,1,1150.086256,1,1,60.0
1,0,1,2,1,1004.932182,1,1,81.5
0,0,0,2,1,800.0,1,1,34.0
1,1,0,3,1,993.75,0,1,31.8
1,0,0,2,1,1298.139334,1,1,30.0
1,0,1,2,1,996.797438,1,1,24.9
0,0,0,2,1,985.0194952,1,1,48.0
1,0,0,3,1,1118.75,1,1,53.7
1,0,1,2,1,889.8305085000001,1,1,42.0
0,0,0,3,1,2738.22563,1,1,150.0
1,1,1,4,1,1725.4901960000002,0,0,440.0
1,1,1,3,1,2488.004265,0,1,140.0
1,0,0,3,1,1200.082764,1,1,58.0
1,0,0,2,1,1584.283904,1,1,100.0
0,0,0,2,1,900.0,1,1,18.0
1,0,1,2,1,1193.440032,1,1,60.4
0,0,0,2,1,1487.357462,1,1,30.0
0,1,1,2,1,989.9029895,0,1,50.0
1,0,0,2,1,1155.020213,1,1,140.0
0,0,0,2,1,949.893137,1,1,80.0
0,0,0,2,1,875.0,1,1,49.0
1,0,0,2,1,853.3611982000001,1,1,24.5
0,0,0,1,1,483.0917874,1,1,18.0
1,0,0,2,1,800.0,1,1,95.0
0,0,0,2,1,802.0415602999999,1,1,22.0
1,0,1,2,1,610.0660905,1,1,48.0
0,0,0,3,1,1680.107527,1,1,75.0
0,0,0,2,1,1150.136038,1,1,93.0
0,0,0,3,1,1550.114497,1,1,88.0
0,0,0,5,1,1699.834163,1,1,82.0
0,1,0,3,1,1600.170685,0,1,75.0
0,0,0,1,1,600.0566091,1,1,21.2
1,0,1,2,1,1429.200617,1,1,64.9
0,0,0,2,1,1115.1379980000002,1,1,80.0
1,0,0,4,1,2750.929368,1,1,74.0
0,0,0,3,1,1811.196487,1,1,99.0
0,0,0,2,1,1045.036079,1,1,42.0
1,0,0,3,1,3433.996566,1,1,340.0
0,0,0,3,1,1298.219585,1,1,70.0
0,1,1,2,1,1109.165207,0,1,38.0
1,1,1,4,1,1304.034182,0,0,470.0
1,0,1,2,1,1041.195111,1,1,46.0
1,0,0,3,1,2135.748916,1,1,83.7
0,0,1,3,1,1850.180505,1,1,82.0
1,0,0,3,1,1665.080875,1,1,70.0
0,0,1,2,1,398.2621289,1,1,11.0
0,0,0,2,1,1005.025126,1,1,48.0
1,0,1,4,1,4900.959771,1,1,240.0
1,0,1,2,1,1294.016156,1,1,330.0
1,0,1,3,1,1536.806516,1,1,100.0
0,0,0,2,1,1123.188406,1,1,62.0
1,0,0,2,1,800.1939864,1,1,16.5
1,0,1,4,1,2655.807365,1,1,300.0
1,0,0,3,1,1513.775356,1,1,100.0
0,0,0,3,1,1280.0,1,1,48.0
0,0,0,1,1,410.0678733,1,1,14.5
1,0,0,4,1,3429.355281,1,1,100.0
1,0,0,2,1,890.0451868999999,1,1,65.0
0,0,0,2,1,977.7082519,1,1,25.0
1,0,0,2,1,1099.855282,1,1,38.0
0,1,0,2,1,1050.241272,0,1,37.0
1,0,1,3,1,1400.241838,1,1,57.9
1,0,0,3,1,1740.139211,1,1,180.0
1,0,1,2,1,1149.131767,1,1,180.0
1,0,0,2,1,650.1950585,1,1,20.0
0,0,0,2,1,1355.01355,1,1,85.0
1,0,0,3,1,1800.0720030000002,1,1,150.0
1,0,1,2,1,907.6305221,1,1,33.9
1,0,0,3,1,1636.296021,1,1,88.0
0,0,0,2,1,900.2520706,1,1,25.0
0,0,0,2,1,1318.0440230000002,1,1,100.0
1,0,1,3,1,1949.586451,1,1,99.0
1,0,0,3,1,1643.36522,1,1,67.0
1,0,0,3,1,1233.045623,1,1,210.0
1,0,0,1,1,655.0802139,1,1,49.0
0,0,0,2,1,1180.173092,1,1,75.0
0,0,0,3,1,1200.087279,1,1,55.0
1,0,0,4,1,6974.645114,1,1,1700.0
0,1,1,4,1,2700.075602,0,1,250.0
0,0,0,2,1,850.0991782,1,1,30.0
1,1,1,4,1,2636.296531,0,1,250.0
0,0,0,2,1,900.0163639,1,1,55.0
1,1,0,4,1,2472.952087,0,1,160.0
1,0,0,2,1,904.0656205,1,1,50.7
1,1,1,1,1,265.0033933,0,1,82.0
1,1,1,3,1,1570.306924,0,1,110.0
1,0,0,2,1,955.4140127,1,1,150.0
1,0,0,2,1,1000.0,1,1,60.0
1,0,0,4,1,2494.747899,1,1,95.0
0,0,0,2,1,1150.130348,1,1,75.0
1,0,0,2,1,1210.136674,1,1,85.0
1,0,0,2,1,1365.001365,1,1,200.0
1,1,1,2,1,499.6366279,0,0,110.0
1,0,0,2,1,1050.144395,1,1,40.0
0,0,0,1,1,476.0204688999999,1,1,40.0
1,0,0,2,1,985.452839,1,1,21.0
1,0,0,2,1,1045.296167,1,1,24.0
1,1,1,2,1,1301.89498,0,1,90.0
0,0,0,2,1,2000.0,1,1,38.0
1,1,1,4,1,4465.709729,0,1,280.0
1,0,0,2,1,1192.0,1,1,59.6
1,1,0,3,1,1846.153846,0,0,120.0
1,1,0,1,1,448.5310608,0,1,120.0
0,0,0,2,1,750.0604887000001,1,1,31.0
1,0,0,2,1,1060.0706710000002,1,1,72.0
1,0,1,3,1,1415.09434,1,1,79.5
1,0,0,2,1,1160.062565,1,1,89.0
1,0,0,3,1,1690.024732,1,1,410.0
0,1,0,3,1,1672.762741,0,1,68.6
0,0,0,2,1,1315.265046,1,1,33.0
1,0,0,1,1,650.026001,1,1,50.0
0,0,0,1,1,540.1755571,1,1,16.0
1,0,0,3,1,1830.065359,1,1,98.0
1,0,0,3,1,1575.157516,1,1,70.0
1,0,0,3,1,1530.0,1,1,76.5
0,0,0,2,1,619.6377502,1,1,26.0
0,0,0,4,1,2200.0,1,1,110.0
1,0,0,3,1,1757.188498,1,1,77.0
1,0,1,2,1,1087.885617,1,1,140.0
0,0,0,2,1,1199.862873,1,1,70.0
0,0,0,2,1,1265.035255,1,1,61.0
1,0,0,2,1,676.0453302,1,1,17.3
0,0,0,2,1,800.0,1,1,42.0
0,0,0,2,1,750.0750075,1,1,25.0
1,0,1,2,1,1500.0,1,0,150.0
1,0,0,3,1,1814.285714,1,1,88.9
1,0,1,3,1,1195.652174,1,1,110.0
1,0,0,3,1,1395.032324,1,1,41.0
0,0,0,2,1,850.1594049,1,1,24.0
1,0,0,2,1,909.4339623,1,1,48.2
0,1,0,2,1,910.0937672,0,1,33.0
1,0,0,3,1,1850.070303,1,1,250.0
1,0,1,3,1,2069.857697,1,1,160.0
1,0,1,2,1,820.0082001000001,1,1,140.0
1,0,0,2,1,1241.8075199999998,1,1,36.0
1,0,1,3,1,1014.120668,1,0,79.0
1,0,0,4,1,2302.158273,1,1,160.0
1,0,0,2,1,900.0782677000001,1,1,69.0
2,1,0,2,1,898.5074627,0,0,30.1
1,0,0,3,1,2235.294118,1,1,190.0
1,0,0,3,1,1350.0,1,1,81.0
1,0,1,2,1,1100.110011,1,1,70.0
1,0,1,1,1,612.1199755,1,1,30.0
0,0,0,2,1,1100.352113,1,1,25.0
1,0,1,5,1,5194.805195,1,1,400.0
1,0,0,3,1,1475.2567689999998,1,1,79.0
1,0,1,4,1,2780.191138,1,1,160.0
2,1,0,1,1,300.0260892,0,0,11.5
0,0,0,2,1,1000.0,1,1,50.0
1,0,0,2,1,1532.720245,1,1,230.0
1,1,1,2,1,995.8314034,0,0,21.5
1,0,0,3,1,1646.706587,1,0,110.0
1,0,0,4,1,2350.965575,1,1,56.0
0,0,0,3,1,534.061239,1,1,45.0
1,1,1,2,1,1100.0,0,1,110.0
1,0,0,3,1,1968.888889,1,1,88.6
1,0,1,3,1,2196.354052,1,1,100.0
1,0,1,4,1,2400.0,1,1,300.0
1,0,0,2,1,1650.252861,1,1,62.0
1,1,1,2,1,632.0572844999999,0,0,45.9
0,0,0,2,1,1034.965035,1,1,37.0
1,0,0,2,1,965.0439631,1,1,90.0
2,1,1,2,1,600.5495224,0,0,45.9
1,0,0,2,1,984.8484848,1,1,130.0
1,0,0,3,1,1700.060716,1,1,420.0
1,0,1,1,1,546.0145603999999,1,0,58.5
1,0,0,2,1,1195.499297,1,1,17.0
1,1,1,3,1,1677.4685470000002,0,1,220.0
1,0,1,3,1,1699.716714,1,1,48.0
1,0,0,2,1,1075.027996,1,1,48.0
1,1,1,1,1,485.790072,0,0,64.1
0,0,0,2,1,929.8998569,1,1,52.0
1,0,0,3,1,1438.021283,1,1,600.0
1,0,0,5,1,5299.954894,1,1,470.0
1,0,1,2,1,1020.181859,1,1,46.0
0,0,0,2,1,1070.135002,1,1,65.0
0,0,0,2,1,2400.384061,1,1,50.0
0,0,0,3,1,1767.388826,1,1,77.5
2,1,1,1,1,524.0,0,0,26.2
1,1,1,2,1,923.7875289,0,1,120.0
1,0,0,3,1,1657.275439,1,1,100.0
1,0,0,2,1,680.0,1,1,170.0
0,0,0,2,1,1100.478469,1,1,23.0
1,0,1,3,1,1701.6949149999998,1,0,50.2
0,0,0,1,1,451.0309278,1,1,14.0
1,0,0,3,1,2727.8562260000003,1,1,85.0
0,0,0,2,1,1000.0,1,1,30.0
1,0,0,3,1,1790.1897600000002,1,1,100.0
0,0,0,2,1,1100.352113,1,1,25.0
1,0,1,2,1,1232.162459,1,1,44.9
1,0,0,1,1,497.988891,1,1,26.0
0,0,0,3,1,1726.017442,1,1,95.0
1,1,1,3,1,1320.052802,0,1,110.0
0,0,0,2,1,990.0990099,1,1,25.0
1,0,0,1,1,675.0441375,1,1,65.0
0,0,0,2,1,674.0361283,1,1,25.0
1,0,0,1,1,775.1114886,1,1,36.5
1,0,0,2,1,718.1042049,1,1,180.0
1,1,1,4,1,3200.0,0,1,180.0
0,0,1,2,1,945.1795841,1,1,30.0
1,0,1,2,1,1089.028042,1,1,160.0
1,0,1,2,1,942.1518749,1,1,50.0
1,0,0,2,1,1370.0,1,1,82.2
0,0,0,2,1,1265.111049,1,1,90.0
1,0,0,3,1,1394.31121,1,1,100.0
1,1,0,2,1,800.0,0,1,27.0
1,1,1,3,1,1505.144771,0,1,62.9
0,0,0,3,1,1067.270375,1,1,33.0
0,0,0,3,1,1400.059577,1,1,94.0
1,0,0,1,1,728.9473684,1,1,27.7
1,0,1,3,1,1293.103448,1,0,37.5
2,1,1,3,1,106469.0027,0,0,9480.0
1,0,0,3,1,2939.624633,1,1,390.0
1,0,1,2,1,1431.068385,1,1,65.5
0,0,0,3,1,1350.063532,1,1,85.0
0,0,0,1,1,750.1630789,1,1,23.0
1,0,1,3,1,1170.074459,1,1,99.0
0,0,0,2,1,1121.076233,1,1,45.0
1,0,0,4,1,1904.761905,1,1,100.0
1,0,0,4,1,7054.132801999999,1,1,460.0
1,0,0,2,1,950.0285009,1,1,150.0
0,0,0,2,1,969.9321048,1,1,40.0
1,0,0,1,1,636.0078278,1,1,52.0
1,0,0,4,1,4578.507945,1,1,340.0
0,0,0,1,1,700.0259269,1,1,27.0
1,0,0,3,1,1859.637775,1,1,230.0
0,0,0,3,1,1700.1866059999998,1,1,82.0
1,0,0,3,1,1847.187238,1,0,110.0
1,0,1,1,1,509.5541401,1,0,40.0
1,0,0,3,1,1427.424391,1,1,160.0
0,0,0,2,1,715.0518413,1,1,20.0
0,0,0,3,1,1393.214227,1,1,85.0
0,0,0,2,1,900.3215434,1,1,22.4
1,0,0,2,1,1000.0,1,1,120.0
0,0,0,2,1,800.0,1,1,35.0
1,1,0,1,1,445.0304928000001,0,1,54.0
0,0,0,2,1,1125.175809,1,1,56.0
1,0,0,2,1,1015.113918,1,1,90.0
0,0,1,2,1,1200.4175369999998,1,1,23.0
1,0,1,1,1,1060.147122,1,1,49.0
0,0,0,3,1,1654.8463359999998,1,1,70.0
1,0,0,3,1,1175.121811,1,1,41.0
0,0,0,1,1,412.0213282,1,1,8.5
1,0,0,3,1,1877.435352,1,1,53.0
1,1,0,2,1,1150.121065,0,1,38.0
0,0,0,2,1,910.0529101,1,1,43.0
2,1,1,2,1,1080.0,0,0,32.4
1,0,1,3,1,1902.843071,1,1,170.0
0,0,0,1,1,850.4606662,1,1,12.0
1,1,1,2,1,1051.223242,0,1,110.0
1,0,1,2,1,945.0617925,1,1,91.0
0,1,0,2,1,570.0958797999999,0,1,22.0
1,0,0,2,1,1050.070432,1,1,82.0
1,0,1,2,1,1785.060417,1,1,390.0
0,0,0,2,1,800.0,1,1,35.0
0,0,0,2,1,750.0551511,1,1,34.0
1,0,0,2,1,1129.908619,1,1,91.5
2,1,1,4,1,2857.142857,0,0,120.0
1,0,0,2,1,896.6801117000001,1,1,28.9
0,0,0,2,1,900.116144,1,1,31.0
0,0,0,3,1,1870.32419,1,1,75.0
0,0,0,2,1,1288.102262,1,1,78.6
1,1,1,4,1,2461.538462,0,1,160.0
1,0,0,2,1,1066.408143,1,1,22.0
1,0,0,4,1,4299.996417,1,1,1200.0
1,1,1,2,1,816.8491699,0,0,370.0
1,0,0,2,1,1261.625556,1,1,31.2
0,0,0,2,1,1160.092807,1,1,45.0
1,1,1,2,1,828.7063893,0,1,100.0
0,0,1,3,1,2015.021066,1,1,110.0
1,0,0,3,1,2765.784114,1,1,67.9
1,0,0,2,1,790.0334245,1,1,26.0
2,0,0,3,1,1358.024691,1,0,110.0
0,0,0,1,1,850.1594049,1,1,24.0
1,0,0,2,1,1115.075825,1,1,100.0
1,0,0,1,1,406.3088686,1,1,110.0
1,0,0,2,1,1080.080235,1,1,70.0
1,0,1,4,1,3621.234302,1,1,470.0
1,1,1,6,1,10050.25126,0,1,1200.0
1,0,0,3,1,1150.0069,1,1,250.0
0,0,1,3,1,2489.4067800000003,1,1,94.0
1,1,0,3,1,1894.179894,0,1,53.7
1,0,0,4,1,4000.0,1,1,140.0
1,0,1,2,1,1269.146608,1,1,40.6
0,0,1,4,1,3458.3665869999995,1,1,260.0
2,0,1,2,1,835.2668213,1,0,25.2
0,0,0,2,1,1185.146168,1,1,90.0
1,0,0,3,1,1289.872756,1,1,74.0
1,0,0,3,1,2100.0,1,1,210.0
1,0,0,4,1,3167.898627,1,1,150.0
0,0,0,4,1,433333.3333,1,1,65.0
2,0,0,2,1,845.007783,1,1,38.0
1,0,0,1,1,850.0,1,1,27.2
1,1,1,2,1,923.0100988,0,1,85.0
0,0,0,3,1,1490.312966,1,1,60.0
0,0,0,3,1,1480.019734,1,1,60.0
0,0,0,3,1,1510.159253,1,1,110.0
1,1,1,1,1,453.0166793000001,0,1,66.0
1,0,0,2,1,999.6079969,1,0,25.5
0,0,0,2,1,1000.0,1,1,30.0
0,0,0,3,1,1350.135014,1,1,60.0
1,0,0,3,1,1231.578947,1,1,46.8
1,1,1,2,1,829.8850575,0,0,36.1
1,0,0,2,1,1069.7827519999998,1,1,32.5
1,0,0,1,1,610.0273241,1,1,96.0
1,0,0,4,1,2030.205496,1,1,82.0
1,0,0,2,1,978.7377658,1,1,29.0
1,1,1,3,1,1503.225806,0,1,46.6
1,1,1,2,1,804.8649615,0,1,45.0
0,0,0,3,1,1400.0518539999998,1,1,54.0
1,0,1,2,1,1251.091068,1,1,43.0
1,0,0,3,1,1850.424056,1,1,48.0
0,0,0,2,1,711.0877008,1,1,27.0
0,0,0,1,1,540.0540053999999,1,1,24.0
1,0,0,2,1,748.0,1,1,18.7
1,0,0,2,1,1166.039111,1,1,96.0
1,0,0,2,1,943.057302,1,1,210.0
1,0,0,3,1,1700.071582,1,1,190.0
1,0,0,4,1,2175.202689,1,1,110.0
0,1,0,3,1,2181.818182,0,1,240.0
0,0,0,3,1,1700.071582,1,1,95.0
0,0,0,2,1,1080.246914,1,1,35.0
0,0,0,3,1,1276.127613,1,1,58.0
1,0,1,3,1,2735.016019,1,1,350.0
1,0,1,2,1,988.0395216,1,1,190.0
1,0,0,3,1,935.0788138,1,1,35.0
1,0,0,1,1,550.0207555,1,1,53.0
1,1,1,2,1,1094.8905109999998,0,1,51.0
1,0,0,5,1,6397.7252530000005,1,1,360.0
1,0,1,2,1,1150.01465,1,1,78.5
0,0,0,2,1,936.1348034,1,1,45.0
1,0,1,2,1,1150.030066,1,1,76.5
1,1,1,4,1,3810.431055,0,1,320.0
0,1,0,2,1,1173.020528,0,1,84.0
1,0,0,4,1,2541.699762,1,0,160.0
1,0,0,2,1,950.1648245,1,1,49.0
0,0,0,2,1,1045.12276,1,1,63.0
1,0,0,3,1,1969.667126,1,1,100.0
1,0,0,2,1,930.0661778,1,1,52.0
1,0,0,2,1,1071.080818,1,1,55.0
1,1,1,3,1,1400.208986,0,1,67.0
1,0,0,2,1,1176.470588,1,0,200.0
1,0,0,4,1,1925.925926,1,1,130.0
0,0,0,2,1,1053.001053,1,1,30.0
0,0,0,2,1,1051.1562720000002,1,1,45.0
1,1,1,2,1,988.5365491,0,1,66.4
1,0,0,2,1,1300.034211,1,1,38.0
1,1,1,2,1,850.0028332999999,0,1,150.0
0,0,0,2,1,948.6166008,1,1,31.2
0,0,0,3,1,1760.1987989999998,1,1,85.0
0,0,0,2,1,850.1259446,1,1,27.0
1,0,1,1,1,654.9646319,1,1,50.0
1,0,0,2,1,1050.019091,1,1,110.0
0,0,0,3,1,1267.05653,1,1,65.0
1,0,0,3,1,1150.086256,1,1,40.0
1,1,1,3,1,844.8442017000001,0,1,26.3
1,0,1,2,1,1075.268817,1,1,100.0
1,0,0,2,1,1016.191315,1,1,150.0
1,1,1,3,1,900.3760394,0,0,170.0
1,0,1,3,1,2058.1113800000003,1,1,170.0
1,1,1,4,1,6000.0,0,1,750.0
1,0,0,2,1,950.1187648,1,1,36.0
0,0,0,3,1,2015.983872,1,1,280.0
0,0,0,2,1,749.4004796,1,1,12.5
1,0,1,4,1,3045.878546,1,1,160.0
1,0,1,2,1,1303.707063,1,1,230.0
1,0,1,2,1,936.0223873,1,1,97.0
1,0,0,2,1,1100.3757380000002,1,1,20.5
1,0,0,2,1,704.0070843,1,1,31.8
1,0,0,3,1,2000.0,1,1,130.0
1,1,1,3,1,1678.6570739999995,0,1,63.0
1,0,1,1,1,411.1662322,1,0,48.9
0,0,1,2,1,950.0285009,1,1,50.0
1,0,0,5,1,4787.552364,1,1,480.0
0,0,0,1,1,630.2521008,1,1,13.5
1,0,0,3,1,1823.154057,1,1,160.0
0,0,0,3,1,2250.692521,1,1,65.0
0,0,0,3,1,1399.941055,1,1,190.0
0,0,0,3,1,1635.055592,1,1,100.0
1,0,1,3,1,1896.878772,1,1,110.0
1,0,1,3,1,1600.0,1,1,250.0
1,0,0,3,1,1447.054818,1,1,85.0
0,0,0,3,1,1640.112465,1,1,70.0
1,1,1,2,1,1110.053917,0,1,70.0
1,0,1,4,1,3333.333333,1,1,250.0
1,0,1,3,1,2708.070049,1,1,300.0
0,0,1,1,1,410.0461302,1,1,16.0
1,0,0,3,1,1512.401694,1,1,100.0
1,0,0,2,1,912.0620202,1,1,120.0
1,0,0,2,1,795.097423,1,1,25.3
2,1,1,1,1,443.5607219,0,0,29.0
1,0,0,3,1,1350.121359,1,1,44.5
1,0,0,4,1,4000.0,1,1,400.0
1,0,0,3,1,4769.230769,1,1,310.0
0,0,0,3,1,1897.278651,1,1,99.0
1,0,0,1,1,705.0092764,1,1,57.0
1,1,1,3,1,1510.989011,0,1,110.0
1,0,0,2,1,643.8113632999999,1,1,120.0
0,1,0,2,1,1100.208147,0,1,37.0
1,0,0,1,1,650.0691562999999,1,1,47.0
1,1,1,1,1,502.6315789,0,0,19.1
1,1,0,2,1,999.6895374,0,1,64.4
1,1,1,1,1,628.9308176,0,0,37.0
0,0,0,3,1,1050.2283109999998,1,1,23.0
1,0,0,2,1,1225.186104,1,1,79.0
1,0,0,3,1,1473.005999,1,1,66.3
0,0,0,2,1,1250.0,1,1,24.0
0,0,0,3,1,1614.797416,1,1,55.0
0,0,0,1,1,533.0243337,1,1,23.0
1,0,0,4,1,2754.820937,1,1,470.0
1,0,0,2,1,772.4137931,1,1,22.4
0,0,0,2,1,900.116144,1,1,31.0
1,0,0,1,1,674.9662517,1,1,45.0
1,0,0,3,1,1773.0496449999998,1,1,120.0
0,0,0,3,1,1200.0,1,1,45.0
1,0,1,3,1,2015.503876,1,1,78.0
0,0,0,2,1,1075.05864,1,1,55.0
1,1,0,3,1,1190.322581,0,1,36.9
1,0,0,3,1,1220.886551,1,1,65.0
1,0,0,2,1,1199.944189,1,1,86.0
1,0,0,3,1,1700.1545600000002,1,1,110.0
0,0,0,2,1,875.1608752000001,1,1,34.0
1,0,0,3,1,1518.151815,1,1,92.0
1,0,0,1,1,739.9817851,1,1,65.0
1,1,1,1,1,389.5585889,0,0,87.9
0,0,0,2,1,1350.154936,1,1,61.0
1,1,1,3,1,1679.966401,0,1,120.0
1,0,0,5,1,5873.586394,1,1,670.0
1,0,1,2,1,1044.045677,1,1,160.0
1,1,0,3,1,1350.024546,0,1,55.0
1,0,0,3,1,1954.686806,1,1,88.0
1,0,0,2,1,1500.0,1,1,48.0
1,0,0,2,1,1192.307692,1,1,62.0
0,0,0,3,1,1000.0,1,1,40.0
1,0,1,3,1,1556.247221,1,0,35.0
1,1,1,2,1,514.9738552,0,0,130.0
1,0,1,2,1,1072.194425,1,1,30.0
1,0,1,3,1,1626.898048,1,1,180.0
0,0,0,2,1,700.1647446000001,1,1,17.0
1,0,0,3,1,1336.184773,1,1,78.1
0,0,0,1,1,535.0028458,1,1,47.0
1,0,1,2,1,882.0536017000001,1,1,78.0
1,0,1,2,1,650.0397984,1,1,49.0
1,1,1,3,1,1370.07874,0,1,87.0
1,0,0,3,1,1930.235765,1,1,140.0
1,1,0,2,1,730.8254481,0,0,190.0
1,1,1,3,1,1000.0,0,1,94.0
0,0,0,2,1,650.0956022999999,1,1,17.0
1,0,0,3,1,2258.512856,1,1,130.0
1,0,0,3,1,2026.929202,1,1,140.0
1,1,0,1,1,414.7619048,0,1,87.1
0,0,0,3,1,1495.35923,1,1,43.5
1,0,0,2,1,800.0,1,1,13.0
1,0,0,3,1,1821.125051,1,1,90.0
1,0,0,2,1,940.8075265,1,1,120.0
0,0,0,2,1,1250.0,1,1,52.0
0,1,0,2,1,1209.816799,0,1,35.0
1,0,0,1,1,550.017188,1,1,32.0
1,0,0,2,1,1150.0,1,1,23.0
1,0,0,2,1,1225.201072,1,1,45.7
1,1,0,1,1,408.997955,0,1,70.0
1,0,0,3,1,2685.861624,1,1,500.0
1,1,1,1,1,498.8873735,0,1,69.5
0,0,0,1,1,666.0088800999999,1,1,13.5
1,0,0,2,1,1110.045224,1,1,81.0
0,0,0,1,1,950.3239741,1,1,22.0
0,0,0,2,1,1349.325337,1,1,45.0
1,1,1,2,1,530.2378905,0,0,55.5
0,0,0,2,1,1200.274348,1,1,35.0
1,1,1,3,1,1599.680064,0,1,240.0
1,0,0,2,1,1163.636364,1,1,160.0
1,1,1,3,1,113785.558,0,0,7280.0
1,0,0,3,1,2241.0104920000003,1,1,220.0
0,0,1,2,1,942.0022165,1,1,51.0
2,1,1,1,1,301.91711630000003,0,0,26.3
1,0,0,2,1,900.090009,1,1,40.0
1,0,0,4,1,2674.956622,1,0,92.5
1,0,0,2,1,852.9776675,1,1,110.0
1,0,0,3,1,2106.897316,1,1,190.0
1,1,1,4,1,3495.947879,0,1,220.0
1,0,0,2,1,1600.134748,1,1,95.0
1,0,0,3,1,1326.963907,1,1,75.0
1,0,1,3,1,1505.011565,1,1,97.6
1,0,1,2,1,1296.111665,1,1,78.0
1,0,0,4,1,3501.3616409999995,1,1,630.0
1,0,0,2,1,1400.147384,1,1,76.0
1,0,0,1,1,661.9632436,1,1,76.0
1,0,0,3,1,2070.0207,1,1,690.0
0,0,0,1,1,284.0012622,1,1,9.0
1,0,0,2,1,1299.89295,1,1,85.0
0,0,1,3,1,1300.131062,1,1,49.6
1,0,0,2,1,1165.13904,1,1,75.0
1,0,1,2,1,1135.241856,1,1,46.0
1,0,0,3,1,1645.141451,1,1,53.5
1,0,0,4,1,2141.46658,1,1,66.0
1,1,1,3,1,1777.975331,0,0,160.0
1,0,1,2,1,947.6389335,1,1,29.5
0,0,0,3,1,1100.196464,1,1,28.0
1,0,0,2,1,1273.8284130000002,1,1,570.0
1,0,0,2,1,797.0849465,1,1,35.0
0,0,0,2,1,823.0452675,1,1,34.0
0,0,0,2,1,630.1502666,1,1,13.0
0,0,0,3,1,1300.284437,1,1,32.0
1,0,0,3,1,1785.469029,1,1,130.0
1,0,0,3,1,1995.609659,1,1,100.0
1,0,0,4,1,3750.161645,1,1,290.0
1,0,0,3,1,1724.1379309999998,1,1,34.0
1,0,0,3,1,1699.346405,1,1,26.0
0,0,0,2,1,1270.417423,1,1,35.0
0,0,1,1,1,675.0392465,1,1,43.0
1,0,1,3,1,1625.282167,1,1,72.0
0,0,0,3,1,1655.878368,1,1,110.0
0,0,0,3,1,1650.252861,1,1,62.0
1,0,0,1,1,650.1011268,1,1,22.5
0,0,0,4,1,1750.051472,1,1,85.0
0,1,0,3,1,1400.0,0,1,51.8
1,0,1,3,1,1877.410189,1,1,370.0
1,0,1,2,1,1150.190114,1,1,48.4
1,1,1,3,1,1767.3521850000002,0,1,110.0
1,0,1,2,1,800.1361933999999,1,1,23.5
1,0,0,3,1,1250.0,1,1,45.0
0,0,0,1,1,609.0764331,1,1,15.3
0,0,0,2,1,2000.0,1,1,60.0
1,0,0,3,1,1250.0,1,1,45.0
1,0,0,2,1,954.7934528,1,1,24.5
1,1,1,1,1,453.0011325,0,0,64.0
1,0,0,2,1,550.0442,1,1,56.0
1,0,0,3,1,2051.158301,1,1,85.0
1,0,1,3,1,2501.924557,1,1,130.0
0,0,0,2,1,1159.243441,1,1,38.0
0,0,0,2,1,940.2914904,1,1,20.0
1,0,1,3,1,1750.087504,1,1,200.0
1,0,0,3,1,1474.993653,1,1,58.1
0,0,0,2,1,800.0,1,1,25.0
1,0,1,3,1,1678.947368,1,1,63.8
1,1,1,4,1,2171.612103,0,1,1190.0
1,0,0,1,1,675.024108,1,1,42.0
1,0,0,2,1,1302.241066,1,1,43.0
0,0,0,2,1,1166.180758,1,1,60.0
0,0,0,2,1,549.7771174,1,1,18.5
0,0,0,3,1,1399.825022,1,1,48.0
1,0,1,2,1,1176.683563,1,1,130.0
1,0,0,3,1,1282.568807,1,1,69.9
0,0,0,3,1,1609.834626,1,1,110.0
0,0,0,1,1,675.1687922,1,1,9.0
1,1,1,3,1,1950.078003,0,1,350.0
1,1,0,3,1,1650.0,0,1,52.8
1,0,0,2,1,1223.380154,1,1,27.0
1,0,1,2,1,1250.0,1,1,41.0
1,1,0,3,1,1183.522902,0,1,38.5
1,0,0,3,1,1960.01568,1,1,50.0
0,0,0,5,1,2700.096432,1,1,56.0
1,0,0,2,1,980.3921569,1,1,23.5
1,0,0,2,1,1195.652174,1,1,110.0
0,0,0,2,1,900.2976189999999,1,1,24.2
0,0,0,3,1,1328.273245,1,1,42.0
1,0,1,2,1,1125.112511,1,1,100.0
1,0,0,2,1,830.2364197,1,1,210.0
0,0,0,2,1,1554.118018,1,1,98.5
0,0,0,1,1,449.7354497,1,1,10.2
0,0,0,3,1,1210.084034,1,1,36.0
1,0,0,3,1,1800.288046,1,1,75.0
1,1,0,2,1,958.9041096,0,1,140.0
1,0,0,4,1,4800.0,1,1,4500.0
1,0,0,2,1,1350.0135,1,1,150.0
0,0,0,2,1,949.9136442,1,1,22.0
1,0,1,3,1,1040.041602,1,1,180.0
1,0,1,3,1,1449.781659,1,1,83.0
1,1,1,2,1,1350.135014,0,1,60.0
1,0,1,3,1,1579.809004,1,1,57.9
1,0,0,3,1,1489.489489,1,1,24.8
0,0,0,2,1,750.0610799,1,1,30.7
1,0,0,3,1,1419.656786,1,1,45.5
1,0,0,4,1,4095.252541,1,1,270.0
0,0,0,2,1,750.0,1,1,18.0
1,0,1,2,1,883.4442547,1,0,300.0
1,1,1,2,1,910.8108108,0,1,33.7
0,0,0,4,1,2526.595745,1,1,95.0
1,0,0,4,1,5000.0,1,1,550.0
1,0,0,3,1,1559.004948,1,1,230.0
1,0,1,3,1,1553.139561,1,1,70.0
1,1,1,2,1,1207.200847,0,1,68.4
0,0,0,3,1,1400.0,1,1,70.0
1,0,0,3,1,1347.708895,1,1,100.0
1,0,0,4,1,2728.264824,1,1,150.0
1,0,0,4,1,2705.882353,1,1,230.0
1,1,1,4,1,1429.272351,0,0,670.0
1,1,1,1,1,716.0268129,0,1,94.0
0,0,0,3,1,1420.051122,1,1,50.0
1,0,0,2,1,970.042796,1,1,68.0
1,0,0,4,1,3899.835796,1,1,380.0
0,0,0,2,1,900.090009,1,1,30.0
0,0,0,2,1,1264.450867,1,1,35.0
1,0,1,3,1,1850.124378,1,1,59.5
1,0,0,2,1,1070.079731,1,1,51.0
0,0,0,2,1,840.1344215,1,1,35.0
1,0,1,3,1,2280.068402,1,1,120.0
1,0,1,3,1,1671.6817119999998,1,1,100.0
0,0,0,6,1,3200.189641,1,1,270.0
1,1,1,2,1,722.0216606,0,1,180.0
1,1,0,2,1,1300.027858,0,1,140.0
0,1,1,2,1,1069.93737,0,1,41.0
1,0,0,3,1,1773.144914,1,1,330.0
1,1,1,1,1,617.9671647000001,0,0,33.5
1,0,0,1,1,715.0153217999999,1,1,49.0
0,0,0,3,1,1352.169526,1,1,67.0
0,0,0,2,1,1199.637845,1,1,53.0
1,0,0,2,1,1363.109049,1,1,47.0
1,1,0,2,1,802.572041,0,1,33.7
0,0,0,2,1,950.1187648,1,1,24.0
1,0,1,2,1,1217.161984,1,1,120.0
1,0,0,2,1,1050.052503,1,1,30.0
1,1,0,2,1,1073.878628,0,1,40.7
1,0,0,1,1,609.9916634,1,1,300.0
0,0,0,2,1,777.1073322000001,1,1,42.5
0,0,0,2,1,900.0692361,1,1,39.0
0,0,0,2,1,900.0473708999999,1,1,38.0
1,0,0,2,1,1079.913607,1,1,20.0
0,0,0,3,1,1565.55773,1,1,40.0
1,0,0,2,1,950.0777336,1,1,110.0
1,0,0,3,1,1474.080747,1,1,180.0
0,0,0,2,1,1250.0,1,1,68.0
1,0,0,2,1,987.2159091,1,1,27.8
0,0,0,3,1,963.2751355,1,1,32.0
1,0,0,3,1,1350.135014,1,1,30.0
0,0,0,2,1,1085.169352,1,1,66.0
1,0,0,2,1,1187.172371,1,1,77.0
1,1,1,3,1,1800.0,0,1,270.0
1,0,0,1,1,450.0,1,1,18.0
1,0,0,3,1,1610.087294,1,1,83.0
0,0,0,3,1,1600.0,1,1,60.0
1,0,0,2,1,875.8683177000001,1,1,58.0
0,0,0,3,1,1825.047199,1,1,58.0
1,0,0,2,1,750.0340924999999,1,1,55.0
1,0,0,2,1,1050.130672,1,1,44.2
1,0,0,2,1,1276.190476,1,1,40.2
0,0,0,2,1,1050.098447,1,1,48.0
1,1,1,2,1,800.0,0,1,44.0
0,0,0,1,1,677.2009029,1,1,21.0
2,0,0,3,1,134884.5664,1,0,7420.0
1,0,1,1,1,453.0011325,1,1,68.0
1,1,1,2,1,1118.864852,0,1,48.1
1,1,1,3,1,1675.312786,0,1,54.9
0,0,0,2,1,989.927058,1,1,57.0
1,0,0,4,1,3200.0,1,1,320.0
1,1,1,2,1,932.9149351,0,1,110.0
1,0,0,2,1,1151.271754,1,1,43.0
1,0,1,2,1,1277.013752,1,1,65.0
1,0,1,3,1,1609.3404859999998,1,1,51.0
0,0,0,3,1,1305.142261,1,1,100.0
1,0,0,5,1,4995.004995,1,1,600.0
1,0,0,2,1,800.0,1,1,160.0
1,0,0,2,1,1130.00932,1,1,97.0
1,0,0,2,1,960.0529684,1,1,87.0
1,0,1,3,1,1574.590606,1,1,87.5
1,1,1,2,1,917.1252293,0,1,55.0
0,0,0,2,1,780.3790412000001,1,1,14.0
1,0,1,1,1,690.0212313999999,1,1,52.0
2,1,1,2,1,852.4137931,0,0,30.9
1,0,1,2,1,816.1044614,1,1,22.5
1,0,0,1,1,828.0621047000001,1,0,72.0
1,0,1,2,1,1236.009064,1,1,180.0
0,0,0,2,1,1135.159679,1,1,75.0
1,0,0,2,1,1050.030883,1,1,68.0
1,0,0,3,1,1847.187238,1,1,110.0
1,0,0,3,1,2182.684225,1,1,77.9
1,0,0,3,1,1750.028226,1,1,310.0
0,0,0,3,1,800.0,1,1,60.0
1,0,1,3,1,1529.79066,1,1,190.0
1,0,1,3,1,1018.387553,1,1,180.0
1,1,0,1,1,428.0137341,0,1,91.0
1,1,0,3,1,1287.5,0,1,41.2
0,0,0,2,1,950.0,1,1,38.0
1,0,0,3,1,1492.537313,1,1,260.0
0,0,0,3,1,1482.030382,1,1,120.0
1,0,1,3,1,1336.784323,1,1,470.0
1,1,1,2,1,1152.308252,0,1,31.7
1,0,1,3,1,745.4323995,1,1,30.6
0,0,0,2,1,760.5016922,1,1,38.2
0,0,1,3,1,1495.162709,1,1,85.0
1,1,0,2,1,907.1117562,0,0,25.0
0,0,0,1,1,468.0851063999999,1,1,11.0
0,0,0,2,1,651.8904824,1,1,15.0
1,1,0,2,1,630.0114547999999,0,1,22.0
1,1,1,3,1,2150.304083,0,1,99.0
1,1,1,2,1,626.2135922,0,0,64.5
1,0,0,2,1,1017.293998,1,1,110.0
0,0,1,2,1,1224.177506,1,1,32.0
1,0,0,3,1,1214.329083,1,1,100.0
0,0,0,2,1,1250.0,1,1,60.0
1,0,1,3,1,1974.103163,1,1,93.0
0,0,0,2,1,914.0767824,1,1,40.0
1,1,1,3,1,979.7746518,0,0,140.0
1,0,0,1,1,655.0218341,1,1,45.0
1,0,1,3,1,2067.649242,1,1,390.0
1,0,0,1,1,730.0204918,1,1,57.0
2,0,0,3,1,1225.114855,1,0,40.0
0,0,0,2,1,1000.0,1,1,25.0
1,0,1,2,1,1329.787234,1,1,40.0
1,0,0,3,1,1310.125398,1,1,70.0
0,0,0,2,1,1050.119332,1,1,44.0
1,1,0,2,1,1099.00174,0,1,120.0
1,0,0,2,1,741.1851904,1,1,420.0
0,0,0,3,1,1404.180629,1,1,88.0
1,1,1,2,1,576.7012687000001,0,0,130.0
0,0,0,2,1,1267.197683,1,1,35.0
1,0,1,1,1,576.0,1,1,72.0
1,0,1,1,1,418.9066536,1,1,120.0
1,0,0,4,1,2591.722686,1,1,320.0
1,0,0,2,1,1129.908619,1,1,91.5
0,1,0,2,1,900.2770082999999,0,1,13.0
1,0,1,2,1,1285.21997,1,1,52.0
1,0,0,3,1,2356.432187,1,1,270.0
1,0,0,3,1,1425.178147,1,1,60.0
1,0,0,3,1,1705.708438,1,1,75.0
1,0,0,3,1,906.6666667000002,1,1,170.0
1,0,1,2,1,1159.885796,1,1,65.0
0,0,1,2,1,1250.0,1,1,32.0
0,0,0,2,1,1080.139373,1,1,31.0
1,0,0,2,1,926.0484191,1,1,70.0
1,0,0,2,1,1000.0,1,1,70.0
1,0,0,2,1,1150.012778,1,1,45.0
1,0,1,3,1,1263.823065,1,1,120.0
1,0,1,2,1,1342.826244,1,1,74.5
0,0,1,3,1,1364.1585300000002,1,1,95.0
1,0,0,2,1,900.0090001,1,1,100.0
0,0,0,2,1,892.0606601,1,1,60.0
1,0,0,1,1,593.8927627,1,1,24.7
1,0,0,3,1,1181.553004,1,1,320.0
1,0,1,2,1,1315.053162,1,1,47.0
1,0,0,2,1,1071.080818,1,1,110.0
1,0,0,2,1,905.0546448,1,1,53.0
1,0,1,3,1,1485.009807,1,1,53.0
0,0,0,2,1,1388.888889,1,1,45.0
1,0,0,2,1,1100.352113,1,1,25.0
0,0,0,3,1,1586.9140630000002,1,1,65.0
2,1,0,2,1,1102.2364220000002,0,0,48.3
1,0,0,3,1,1880.141011,1,1,160.0
1,1,1,3,1,1297.989031,0,1,63.9
1,0,1,3,1,2046.38472,1,1,120.0
1,0,1,3,1,1699.716714,1,1,72.0
1,0,0,2,1,1250.0,1,1,140.0
0,0,0,3,1,981.3084112,1,1,21.0
1,0,0,2,1,1095.290252,1,1,120.0
1,0,0,2,1,1050.019091,1,1,110.0
1,1,1,1,1,498.2964225,0,1,23.4
0,0,0,1,1,650.0956022999999,1,1,17.0
0,0,0,1,1,645.9770115,1,1,28.1
1,0,0,2,1,1060.114742,1,1,85.0
1,0,1,2,1,1120.657452,1,1,120.0
2,1,1,3,1,1570.247934,0,0,38.0
0,0,0,3,1,1527.183873,1,1,100.0
1,0,0,2,1,1045.10451,1,1,76.0
1,0,0,3,1,2556.890821,1,1,200.0
1,0,0,2,1,1365.0,1,1,81.9
0,0,0,1,1,553.0682117,1,1,21.0
1,0,0,2,1,1273.12897,1,1,46.1
0,0,0,3,1,1536.09831,1,1,120.0
1,0,0,2,1,659.0038314,1,1,86.0
0,0,1,2,1,1010.10101,1,1,48.0
0,0,0,1,1,610.0422337,1,1,26.0
1,1,1,2,1,1084.0,0,1,81.3
0,0,0,3,1,1525.010167,1,1,150.0
1,0,1,2,1,1073.138517,1,1,65.0
1,0,0,2,1,1032.204789,1,1,100.0
1,1,1,2,1,731.7073171,0,0,21.9
1,0,0,3,1,1840.168244,1,1,140.0
0,0,0,2,1,1274.078568,1,1,84.0
1,0,1,3,1,2060.641743,1,1,140.0
1,1,0,2,1,790.3225806,0,1,24.5
0,0,0,3,1,1250.0,1,1,25.0
1,0,1,1,1,606.0173963,1,1,170.0
1,0,1,2,1,1180.080245,1,1,100.0
1,0,0,2,1,1300.091771,1,1,85.0
1,0,0,2,1,1150.306748,1,1,37.5
1,0,0,3,1,1529.411765,1,1,130.0
0,0,0,2,1,1150.109062,1,1,58.0
1,1,1,2,1,1267.719258,0,1,110.0
1,0,0,3,1,1820.072803,1,1,140.0
1,0,1,2,1,1100.110011,1,1,60.0
1,0,0,2,1,1373.567412,1,1,320.0
1,0,1,4,1,3539.823009,1,1,220.0
0,1,0,2,1,1250.0,0,1,60.0
1,0,0,1,1,715.0983259999999,1,1,44.0
0,0,0,2,1,1180.327869,1,1,36.0
1,0,0,1,1,460.0141543,1,1,65.0
0,0,0,3,1,1750.448833,1,1,58.5
0,0,0,2,1,1250.0,1,1,45.0
0,0,0,1,1,454.5454545,1,1,14.7
1,0,1,2,1,1156.25,1,1,37.0
1,0,1,4,1,3017.170443,1,1,550.0
0,0,0,3,1,1275.148767,1,1,45.0
1,0,0,2,1,789.4736842,1,1,150.0
1,0,1,3,1,1464.128843,1,1,120.0
1,0,0,1,1,744.7402718,1,1,160.0
1,0,0,4,1,2197.260274,1,1,80.2
1,0,0,2,1,1262.980634,1,1,180.0
1,0,0,3,1,2500.0,1,1,150.0
1,0,0,2,1,1096.057239,1,1,72.0
0,0,0,2,1,900.090009,1,1,40.0
1,1,1,2,1,636.682243,0,1,21.8
1,1,0,3,1,1750.164078,0,1,80.0
0,0,0,3,1,2840.909091,1,1,60.0
0,0,0,3,1,1078.705553,1,1,27.0
0,0,0,2,1,1199.563795,1,1,22.0
0,1,1,3,1,1575.0,0,1,69.3
1,0,0,2,1,1020.049244,1,1,58.0
1,0,0,3,1,1904.761905,1,1,100.0
0,0,0,3,1,1125.304136,1,1,37.0
1,1,1,1,1,462.7862595,0,0,87.3
1,0,0,3,1,1301.78421,1,1,170.0
0,0,0,2,1,1199.887069,1,1,85.0
1,0,0,3,1,1606.217617,1,1,62.0
1,0,0,1,1,556.0851605,1,1,35.0
0,0,1,3,1,1501.812532,1,1,87.0
1,0,0,3,1,1073.913043,1,1,24.7
0,0,0,2,1,1290.322581,1,1,48.0
1,0,1,3,1,1377.593361,1,1,49.8
1,1,1,2,1,873.6608792000002,0,1,47.3
1,0,1,2,1,473.8302934,1,1,23.9
1,1,0,2,1,1265.130808,0,1,64.8
0,0,0,3,1,1431.560401,1,1,130.0
1,0,1,3,1,1721.170396,1,1,130.0
0,0,0,1,1,658.0016247000001,1,1,16.2
1,0,0,3,1,2155.94682,1,1,180.0
2,1,1,1,1,457.612203,0,0,31.2
0,0,0,3,1,1406.110188,1,1,110.0
1,0,0,3,1,1351.849576,1,1,110.0
1,0,0,3,1,1330.555556,1,1,47.9
0,0,0,1,1,750.122971,1,1,30.5
0,0,0,3,1,1215.066829,1,1,30.0
1,0,1,2,1,870.3859060000001,1,1,41.5
1,1,1,3,1,1800.110436,0,1,65.2
1,0,0,3,1,1380.195795,1,1,86.0
0,0,0,2,1,850.0772798,1,1,22.0
0,0,0,1,1,562.2913372,1,1,32.0
1,1,0,3,1,1420.185571,0,1,75.0
1,0,0,3,1,1798.410707,1,1,43.0
0,0,0,2,1,890.0316456,1,1,90.0
1,0,0,2,1,1199.9825460000002,1,1,550.0
1,0,0,3,1,1200.274348,1,1,35.0
0,0,0,4,1,1250.0,1,1,29.0
0,0,0,2,1,924.9471459,1,1,35.0
0,0,0,3,1,1000.0,1,1,38.0
1,0,0,2,1,1263.94052,1,1,34.0
1,1,1,2,1,1170.094839,0,1,95.0
0,0,0,1,1,650.0847937000001,1,1,11.5
1,0,0,2,1,1160.092807,1,1,45.0
0,0,0,1,1,520.1560468,1,1,12.0
1,0,0,2,1,1040.582726,1,1,220.0
1,0,1,2,1,1320.233344,1,1,43.0
0,0,1,2,1,884.8080133999999,1,1,26.5
1,0,0,2,1,1381.079215,1,1,140.0
0,0,0,3,1,1401.206101,1,1,79.0
2,1,1,1,1,609.6551724,0,0,22.1
1,0,1,2,1,1075.032909,1,1,49.0
0,0,1,3,1,1680.244399,1,1,99.0
1,0,0,3,1,970.3085581,1,1,100.0
0,0,0,3,1,1555.299539,1,1,67.5
1,0,0,2,1,1129.943503,1,1,190.0
1,0,0,2,1,860.0158772,1,1,130.0
0,1,0,2,1,2600.472813,0,1,99.0
2,1,0,2,1,830.0,0,0,66.4
0,0,0,2,1,1200.111638,1,1,43.0
0,0,0,2,1,953.1590414,1,1,35.0
1,0,0,2,1,952.3809524,1,1,160.0
0,0,1,4,1,1944.742489,1,1,72.5
1,0,0,3,1,1150.0,1,1,230.0
0,0,0,3,1,849.0165558,1,1,60.0
1,0,1,3,1,1773.0496449999998,1,1,110.0
0,0,0,2,1,1300.052002,1,1,75.0
2,1,1,3,1,1500.0,0,0,57.0
0,0,0,1,1,459.9725973999999,1,1,23.5
0,0,1,2,1,1218.701529,1,1,110.0
1,0,1,1,1,567.2131147999999,1,1,17.3
0,0,0,1,1,513.3333333,1,1,15.4
0,0,0,1,1,550.0550055,1,1,25.0
0,0,1,3,1,1840.225157,1,1,85.0
2,0,1,3,1,1721.875,1,0,55.1
1,1,1,2,1,772.0631904,0,1,130.0
1,0,1,2,1,824.0317627000001,1,1,110.0
1,1,1,3,1,1388.2352939999998,0,1,47.2
1,0,0,2,1,1250.0,1,1,52.0
1,0,0,3,1,1125.080593,1,1,34.9
1,0,1,3,1,1804.966096,1,1,370.0
0,0,0,2,1,1050.052503,1,1,60.0
1,0,1,3,1,845.5944529,1,0,100.0
1,0,0,1,1,700.0,1,1,56.0
0,0,0,2,1,908.832718,1,1,32.0
0,1,1,3,1,1391.035549,0,1,45.0
0,0,0,2,1,972.2222222,1,1,28.0
1,0,0,2,1,777.1428571,1,1,170.0
1,0,1,2,1,1193.00106,1,1,90.0
0,0,0,2,1,990.0990099,1,1,35.0
0,1,0,1,1,397.6514545,0,1,14.9
0,1,1,2,1,899.8691098999999,0,1,55.0
1,0,0,1,1,639.9317406,1,1,45.0
1,0,0,1,1,680.9669731,1,1,100.0
1,0,1,1,1,555.5555555999999,1,0,100.0
1,1,1,2,1,1173.062998,0,1,81.0
1,0,0,2,1,1087.150241,1,1,61.0
0,0,0,3,1,750.085237,1,1,22.0
1,0,0,2,1,1000.0,1,1,85.0
1,0,1,3,1,1593.272848,1,1,72.0
0,0,0,2,1,950.0542888,1,1,35.0
1,0,1,2,1,951.1077158,1,1,24.9
1,1,0,3,1,1500.0,0,1,75.0
1,0,1,3,1,1885.197562,1,1,95.9
1,0,0,2,1,1240.096452,1,1,36.0
0,1,1,3,1,1415.428167,0,1,40.0
0,0,0,2,1,1240.221332,1,1,65.0
1,0,1,2,1,812.9346942000001,1,1,90.0
1,0,0,3,1,1647.898929,1,1,120.0
1,0,1,2,1,1200.05275,1,1,91.0
0,0,0,3,1,1434.901878,1,1,68.0
1,0,1,2,1,1215.168657,1,1,58.0
0,0,0,2,1,960.0180709,1,1,85.0
0,0,1,3,1,2295.492487,1,1,110.0
0,0,0,2,1,1000.0,1,1,19.5
1,1,1,3,1,1764.446405,0,1,160.0
0,0,1,2,1,1242.0431609999998,1,1,80.0
0,1,0,2,1,800.0,0,1,26.0
0,0,0,2,1,850.1594049,1,1,24.0
0,0,0,1,1,450.0281268,1,1,24.0
0,0,1,1,1,678.119349,1,1,30.0
1,0,0,3,1,1844.28929,1,1,140.0
1,0,1,2,1,1015.123265,1,1,49.0
0,0,0,2,1,932.8358209,1,1,25.0
0,0,0,3,1,1654.575538,1,1,130.0
1,1,1,1,1,470.388649,0,1,30.5
1,0,0,3,1,1910.04313,1,1,62.0
0,0,0,2,1,1179.673321,1,1,39.0
1,0,1,2,1,1025.056948,1,1,54.0
1,0,1,4,1,2200.220022,1,0,60.0
0,1,1,1,1,599.1611744,0,1,20.0
1,0,0,2,1,1100.060277,1,1,73.0
0,1,1,2,1,1256.862179,0,1,87.0
1,0,0,3,1,1355.199135,1,1,75.2
0,0,0,3,1,1033.295063,1,1,45.0
1,0,1,2,1,1304.052997,1,1,250.0
1,0,0,3,1,1400.124456,1,1,90.0
1,0,0,2,1,800.0,1,1,81.0
1,0,1,3,1,2169.854166,1,1,430.0
1,0,0,1,1,569.1056911000001,1,1,28.0
1,0,0,1,1,620.0455222999999,1,1,79.0
0,0,0,2,1,730.1808067000001,1,1,21.0
0,0,1,2,1,1075.268817,1,1,34.0
2,0,0,2,1,1184.090909,1,0,52.1
0,0,0,2,1,1100.0,1,1,22.0
1,0,0,3,1,1640.28777,1,1,57.0
0,0,0,2,1,715.0518413,1,1,20.0
0,0,0,1,1,564.2633228999999,1,1,9.0
0,0,0,3,1,1500.375094,1,1,40.0
0,0,0,1,1,750.1875468999999,1,1,20.0
1,1,1,2,1,515.6445557,0,0,20.6
1,0,0,2,1,1037.79296,1,1,120.0
1,0,1,2,1,574.0393627000001,1,1,24.5
2,0,0,2,1,1179.813594,1,0,51.9
1,1,1,3,1,83212.07712,0,0,9150.0
1,0,0,2,1,1147.028154,1,1,55.0
1,0,1,3,1,1353.236607,1,1,48.5
1,1,1,3,1,1688.235294,0,1,57.4
0,0,1,3,1,1900.538486,1,1,60.0
1,1,1,4,1,3486.0557770000005,0,1,140.0
1,1,0,2,1,819.1747573,0,1,27.0
0,0,0,1,1,600.0,1,1,33.0
1,0,0,2,1,1199.878493,1,1,79.0
1,0,1,2,1,1079.8303119999998,1,1,56.0
0,1,1,3,1,1650.165017,0,1,70.0
1,0,0,2,1,1150.054765,1,1,63.0
1,0,0,2,1,1042.5587369999998,1,1,280.0
0,0,0,4,1,2632.040709,1,1,150.0
1,0,0,3,1,2040.370977,1,1,74.8
0,0,0,2,1,796.5686275,1,1,26.0
1,0,0,2,1,1080.050826,1,1,68.0
0,1,0,2,1,966.8508287,0,1,35.0
2,0,0,3,1,1600.0,1,0,62.4
1,0,0,2,1,820.0168209,1,1,39.0
1,0,1,2,1,1133.093525,1,1,63.0
1,0,1,2,1,1109.960041,1,1,75.0
1,0,0,1,1,620.048226,1,1,18.0
1,1,1,2,1,345.276221,0,0,34.5
0,0,0,3,1,1850.15989,1,1,81.0
1,1,0,3,1,1390.268123,0,1,28.0
0,0,1,2,1,1090.074584,1,1,76.0
1,0,0,3,1,1549.358123,1,1,35.0
1,1,1,2,1,993.1122858,0,1,62.0
0,0,0,2,1,665.1147323,1,1,20.0
1,0,0,3,1,1265.1413189999998,1,1,47.0
1,0,0,2,1,925.1003121,1,1,83.0
1,1,1,3,1,1467.13615,0,1,100.0
0,0,0,2,1,1178.20324,1,1,48.0
1,1,0,1,1,580.6288032000001,0,1,22.9
1,1,1,1,1,416.6666667,0,0,63.1
1,0,0,1,1,650.0,1,1,32.5
0,0,0,3,1,1614.639397,1,1,60.0
1,1,0,1,1,418.9373297,0,1,36.9
0,0,1,2,1,1232.006225,1,1,95.0
2,1,1,2,1,711.4854073,0,0,49.0
1,0,0,3,1,1300.014445,1,1,450.0
1,0,0,1,1,600.0,1,1,36.0
1,0,0,2,1,1225.023139,1,1,450.0
1,0,1,4,1,2400.0,1,1,69.0
1,0,0,2,1,1215.132693,1,1,43.04
0,0,0,3,1,1200.171453,1,1,28.0
1,0,1,2,1,1017.604559,1,1,100.0
0,0,0,2,1,893.4869504000001,1,1,38.0
1,0,0,2,1,1079.754601,1,1,44.0
1,0,0,3,1,1200.0,1,1,75.0
1,0,0,4,1,2200.4889980000003,1,1,90.0
1,0,0,6,1,5800.464037,1,1,500.0
0,0,0,4,1,2100.375857,1,1,95.0
0,0,0,1,1,550.1222494,1,1,18.0
0,0,0,3,1,1635.244325,1,1,85.0
1,0,0,1,1,537.0462456,1,1,54.0
1,0,0,1,1,650.0742942,1,1,35.0
1,1,1,1,1,708.7378641,0,1,36.5
1,1,0,3,1,1724.0,0,1,86.2
1,1,1,2,1,1165.02779,0,1,54.5
1,1,1,3,1,1537.9686,0,1,240.0
0,0,0,3,1,1296.17628,1,1,60.0
1,0,0,2,1,1100.173712,1,1,38.0
0,1,0,2,1,1250.0,0,1,45.0
0,0,0,2,1,810.3727715,1,1,15.0
1,1,0,2,1,853.2423207999999,0,1,25.0
1,0,0,1,1,685.1155292999999,1,1,25.5
1,0,1,2,1,976.1023225,1,1,29.0
1,0,0,2,1,1200.0,1,1,21.0
1,0,0,1,1,584.9665841,1,1,77.9
1,0,0,3,1,2190.026954,1,1,130.0
0,0,0,2,1,2124.372345,1,1,55.0
1,1,0,3,1,1295.824102,0,1,310.0
0,0,0,3,1,2200.0,1,1,66.0
0,0,0,1,1,525.0596659,1,1,22.0
0,0,0,4,1,1510.45701,1,1,39.0
1,0,0,2,1,1344.87686,1,1,160.0
0,0,0,2,1,500.0,1,1,16.0
0,0,0,2,1,1125.082727,1,1,85.0
0,0,0,1,1,450.1385042,1,1,6.5
0,0,0,3,1,1377.410468,1,1,45.0
1,1,1,2,1,929.4832073,0,1,150.0
1,0,0,1,1,727.9344859,1,1,32.0
1,0,0,2,1,810.0147275,1,1,33.0
1,1,1,3,1,1408.15719,0,1,47.3
1,0,1,3,1,1925.320887,1,1,66.0
1,1,0,2,1,1050.295858,0,1,35.5
0,0,0,2,1,8796.296295999999,1,1,19.0
0,0,0,4,1,2286.374134,1,1,99.0
1,0,0,4,1,1993.024415,1,1,120.0
0,0,0,1,1,674.9401263,1,1,31.0
1,0,0,3,1,1392.1453689999998,1,1,95.0
1,0,1,2,1,1000.0,1,1,150.0
0,0,0,2,1,820.1202843,1,1,30.0
1,0,0,5,1,2645.082791,1,1,500.0
2,1,1,3,1,1492.537313,0,0,100.0
0,0,1,2,1,873.1082653999999,1,1,45.0
0,0,0,4,1,3087.563295,1,1,250.0
0,0,0,2,1,1200.063161,1,1,76.0
1,0,0,1,1,584.1803949,1,1,100.0
1,0,0,2,1,1150.012778,1,1,90.0
1,0,0,3,1,1780.0147309999998,1,1,290.0
1,0,0,3,1,3086.980207,1,1,850.0
1,0,1,2,1,850.0772798,1,1,33.0
0,0,0,2,1,1220.232238,1,1,62.0
1,1,1,2,1,785.4545455,0,1,270.0
1,1,1,3,1,769.2307692,0,0,200.0
0,0,0,1,1,600.0,1,1,30.0
0,1,1,2,1,979.9118079,0,1,40.0
1,1,1,1,1,818.4851727999999,0,1,130.0
1,0,0,2,1,1146.025878,1,1,93.0
1,0,0,3,1,1502.0576130000002,1,1,73.0
0,0,0,1,1,697.0849176,1,1,22.0
0,0,0,3,1,2247.6119120000003,1,1,120.0
0,0,0,2,1,1305.109024,1,1,82.0
1,0,0,3,1,1860.672819,1,1,62.5
1,0,0,2,1,1000.0,1,1,25.0
0,0,0,2,1,1000.0,1,1,70.0
0,0,0,1,1,650.0742942,1,1,17.5
1,1,1,2,1,493.3899906,0,0,41.8
1,0,0,2,1,820.035461,1,1,37.0
1,1,1,1,1,670.0167504,0,1,32.0
1,1,0,3,1,1357.019492,0,1,55.0
1,0,0,2,1,523.5236633000001,1,1,150.0
1,0,0,2,1,1267.123288,1,1,92.5
0,0,1,3,1,1295.097132,1,1,70.0
1,0,1,2,1,1131.901132,1,1,49.0
1,0,1,2,1,495.378544,1,0,47.7
1,1,1,2,1,580.9040980000001,0,0,110.0
0,0,0,2,1,900.0423549000001,1,1,85.0
1,0,0,3,1,2000.0,1,1,80.0
1,0,0,2,1,1230.0469480000002,1,1,65.5
1,0,0,3,1,1250.0,1,1,45.0
1,0,0,2,1,1128.09856,1,1,76.0
1,1,1,2,1,749.2641156000001,0,1,140.0
1,0,0,3,1,2000.0,1,1,150.0
1,0,1,2,1,1155.455423,1,1,35.9
1,0,1,3,1,1730.1038059999998,1,1,65.0
1,0,1,1,1,833.6602588999999,1,1,170.0
1,0,0,3,1,2103.049422,1,1,180.0
1,0,0,2,1,831.1564949,1,1,35.0
0,0,1,3,1,1552.238806,1,1,130.0
0,0,1,2,1,1041.028781,1,1,34.0
1,1,0,3,1,1174.611535,0,1,44.6
1,0,1,3,1,1430.103683,1,1,40.0
1,0,0,2,1,1253.031528,1,1,62.0
1,0,0,4,1,3500.0,1,1,1050.0
1,0,0,1,1,418.0213655,1,1,18.0
1,1,0,3,1,1316.261816,0,1,110.0
1,1,1,2,1,784.893116,0,0,170.0
1,0,1,2,1,673.0065837999999,1,1,230.0
1,1,1,3,1,1232.126559,0,0,81.0
0,0,0,2,1,1200.120012,1,1,40.0
2,1,0,2,1,1160.0,0,0,52.2
1,0,0,3,1,1650.2047699999998,1,1,68.5
0,0,0,2,1,847.0225872999999,1,1,33.0
0,0,0,2,1,1200.087279,1,1,55.0
0,0,0,1,1,505.0505051,1,1,12.0
1,0,0,2,1,1050.241272,1,1,37.0
1,1,1,2,1,830.1158301,0,1,43.0
0,0,0,2,1,2399.232246,1,1,25.0
0,0,0,2,1,1000.0,1,1,43.5
1,0,1,3,1,2500.0,1,1,180.0
0,0,0,2,1,1039.222259,1,1,31.0
0,0,0,2,1,1140.030114,1,1,53.0
1,0,0,1,1,650.0171057,1,1,19.0
1,0,1,3,1,1600.0,1,1,280.0
1,0,1,3,1,1424.4091939999998,1,1,44.0
0,0,0,2,1,965.0495566,1,1,37.0
0,0,0,2,1,1190.06554,1,1,69.0
1,0,1,3,1,1538.602604,1,1,83.9
0,0,0,1,1,388.0392604,1,1,17.0
0,0,0,2,1,825.0825083,1,1,25.0
0,0,0,2,1,1076.015272,1,1,62.0
0,0,1,2,1,1000.0,1,1,27.0
1,0,1,2,1,1341.021859,1,1,300.0
1,1,1,3,1,2575.87754,0,1,97.6
1,0,0,1,1,650.0171057,1,1,95.0
1,0,0,1,1,650.0072223,1,1,45.0
0,0,0,2,1,1000.0,1,1,45.0
1,0,0,2,1,1419.920651,1,1,68.0
1,1,0,3,1,1035.083896,0,1,95.0
1,0,0,3,1,1448.06338,1,1,32.9
1,1,1,3,1,147428.5714,0,0,5160.0
1,1,1,3,1,1607.951686,0,1,63.9
0,0,1,2,1,915.0746508,1,1,57.0
1,0,0,2,1,1102.4142869999998,1,1,100.0
1,1,1,3,1,1338.376491,0,1,230.0
1,1,0,2,1,1113.0434779999998,0,1,64.0
1,1,1,3,1,1356.6987,0,1,120.0
0,0,0,2,1,1160.140874,1,1,56.0
0,0,0,3,1,1660.280971,1,1,78.0
1,0,0,3,1,1465.0766609999998,1,1,86.0
0,0,0,2,1,895.1661029999999,1,1,45.0
1,0,1,2,1,1219.89365,1,1,78.0
0,0,0,1,1,495.1261024,1,1,32.0
1,0,0,4,1,2718.8689510000004,1,1,650.0
0,0,0,2,1,1025.056948,1,1,54.0
1,1,1,1,1,258.2138319,0,0,56.9
1,0,1,3,1,1503.358356,1,1,76.1
1,0,1,4,1,2080.443828,1,1,75.0
1,0,0,1,1,630.0114547999999,1,1,66.0
1,1,1,1,1,720.0496586,0,1,58.0
1,0,0,2,1,950.0351865,1,1,54.0
0,0,0,3,1,1669.216859,1,1,120.0
1,1,1,2,1,820.4791597999999,0,0,100.0
1,0,1,2,1,847.7719492999998,1,1,160.0
0,0,0,2,1,800.0,1,1,22.0
0,0,0,3,1,1920.438957,1,1,140.0
1,1,1,3,1,2298.850575,0,1,310.0
0,0,0,3,1,1365.187713,1,1,48.0
1,0,0,2,1,1160.862355,1,1,42.0
1,0,0,4,1,194.5945946,1,1,180.0
0,1,0,2,1,900.0,0,1,45.0
0,0,0,3,1,1849.635513,1,1,170.0
1,0,0,2,1,1150.251618,1,1,48.0
0,0,0,3,1,1437.28223,1,1,66.0
1,0,0,4,1,3850.641774,1,1,330.0
1,0,0,3,1,1333.333333,1,1,44.0
0,0,1,2,1,925.4498715,1,1,18.0
0,0,0,3,1,750.0,1,1,24.0
0,0,0,2,1,1000.0,1,1,23.0
1,0,0,2,1,1115.030151,1,1,98.0
0,0,0,3,1,1320.211234,1,1,55.0
1,1,1,2,1,1255.119567,0,1,95.0
1,1,1,3,1,1090.750436,0,1,200.0
1,1,1,1,1,494.4152431,0,0,60.2
1,0,0,3,1,1400.0,1,1,91.0
1,0,0,1,1,625.0,1,1,43.0
1,1,1,2,1,1018.079691,0,1,58.0
1,0,0,2,1,1058.691193,1,1,160.0
1,0,0,2,1,1100.0,1,1,35.2
0,0,0,2,1,1370.071548,1,1,90.0
1,0,1,3,1,1508.523156,1,1,100.0
1,0,0,2,1,1059.322034,1,1,130.0
0,0,0,3,1,1464.128843,1,1,50.0
1,0,1,3,1,1778.629087,1,1,130.0
1,0,0,3,1,1641.038109,1,1,270.0
1,0,0,2,1,949.9024073,1,1,14.6
0,0,0,2,1,925.1101322,1,1,42.0
0,1,0,2,1,1023.973015,0,1,85.0
1,0,0,2,1,900.0225006000001,1,1,120.0
1,0,1,3,1,1232.264845,1,0,46.9
0,0,0,2,1,1100.052383,1,1,63.0
1,0,0,4,1,5500.0458340000005,1,1,2400.0
0,0,0,2,1,699.720112,1,1,35.0
1,0,0,2,1,1000.0,1,1,27.0
1,0,0,6,1,11263.15789,1,0,1070.0
0,0,0,2,1,965.0180941,1,1,40.0
1,0,1,3,1,1256.2025,1,1,200.0
0,0,1,2,1,1190.059503,1,1,68.0
0,0,0,5,1,1200.087279,1,1,55.0
0,0,0,2,1,950.0206526,1,1,23.0
1,0,0,2,1,1000.0,1,1,65.0
1,0,0,2,1,1224.007561,1,1,25.9
0,0,0,3,1,1620.145631,1,1,53.4
1,1,1,4,1,2184.83723,0,0,100.0
1,0,1,4,1,2107.873528,1,1,170.0
1,0,0,6,1,8500.148753,1,1,2000.0
1,0,0,4,1,2200.220022,1,1,80.0
1,0,0,1,1,430.0335426,1,1,50.0
0,1,0,3,1,1139.240506,0,1,18.9
1,0,0,3,1,1239.362142,1,1,300.0
0,0,0,3,1,1450.0,1,1,58.0
1,0,0,4,1,2400.0,1,1,840.0
1,1,0,2,1,652.6806527000001,0,1,16.8
1,0,1,3,1,1310.043668,1,1,45.0
0,0,0,2,1,749.8986623,1,1,37.0
1,0,0,3,1,1412.57189,1,1,140.0
0,0,0,1,1,600.1091107000001,1,1,11.0
1,0,1,3,1,1466.27566,1,1,140.0
1,0,0,3,1,1332.55814,1,0,57.3
1,1,1,3,1,1251.390434,0,1,180.0
0,0,0,1,1,560.1659751,1,1,13.5
0,0,0,2,1,1050.030883,1,1,34.0
1,0,0,2,1,611.5057152,1,1,130.0
0,0,0,2,1,1100.0,1,1,38.5
1,1,1,1,1,517.9345684,0,1,65.7
1,0,0,3,1,1865.030675,1,1,76.0
1,0,1,3,1,2666.666667,1,0,640.0
1,1,0,3,1,1785.434612,0,1,68.4
1,0,1,4,1,1693.0705039999998,1,1,140.0
0,0,0,3,1,2800.4667440000003,1,1,120.0
1,0,1,2,1,993.9959973,1,1,29.8
0,0,0,2,1,800.0,1,1,21.0
1,0,0,1,1,554.5981512999999,1,1,35.4
1,0,1,4,1,2528.199144,1,1,130.0
0,0,0,3,1,1549.833095,1,1,65.0
1,0,1,1,1,470.0162075,1,1,29.0
0,0,0,2,1,1464.002756,1,1,85.0
0,0,0,2,1,616.089613,1,1,12.1
0,0,0,2,1,15901.06007,1,1,45.0
1,0,0,3,1,1622.324465,1,1,81.1
1,1,1,3,1,1520.462896,0,1,360.0
1,0,0,3,1,987.2611465,1,1,46.5
0,0,0,2,1,1243.91563,1,1,46.0
0,0,0,2,1,1000.0,1,1,40.0
0,0,0,3,1,2137.513359,1,1,120.0
1,0,0,3,1,1450.163399,1,1,71.0
1,0,1,2,1,778.0703854,1,1,130.0
1,0,0,3,1,1300.2022539999998,1,1,45.0
1,0,1,2,1,1120.041483,1,1,43.2
0,0,1,1,1,630.0452845,1,1,32.0
0,0,1,2,1,1212.250106,1,1,57.0
0,0,0,2,1,1077.816492,1,1,46.4
0,0,0,3,1,1784.7533629999998,1,1,59.7
0,0,0,2,1,1110.574602,1,1,23.0
0,0,0,2,1,1000.0,1,1,20.5
1,1,1,4,1,2242.7944260000004,0,1,940.0
1,0,0,4,1,1748.9484170000003,1,1,79.0
1,1,0,2,1,1100.187266,0,1,47.0
0,0,0,2,1,1050.105011,1,1,35.0
1,0,0,3,1,1450.577664,1,1,33.9
1,1,0,2,1,1080.175303,0,1,41.9
1,0,0,2,1,1456.071076,1,1,59.0
2,1,1,1,1,482.2198276,0,0,17.9
0,0,0,2,1,1010.10101,1,1,30.0
1,1,1,2,1,1343.265356,0,0,110.0
1,0,0,2,1,1421.075645,1,1,130.0
1,0,0,2,1,649.5160469,1,1,25.5
0,0,0,2,1,813.0081301,1,1,45.0
0,0,0,2,1,1000.0,1,1,38.0
0,0,0,1,1,700.152207,1,1,23.0
1,0,0,3,1,1373.333333,1,1,61.8
0,1,0,2,1,892.9986789999999,0,1,33.8
0,0,0,4,1,2056.766763,1,1,100.0
1,0,1,4,1,2616.170425,1,1,210.0
1,0,0,2,1,1049.250535,1,1,24.5
1,0,1,2,1,658.9895494,1,1,99.0
0,0,0,3,1,2345.251826,1,1,61.0
1,0,1,2,1,965.7576379,1,1,47.1
0,0,0,2,1,950.1187648,1,1,40.0
0,0,0,3,1,1275.148767,1,1,45.0
0,0,0,2,1,1150.251618,1,1,32.0
1,1,1,1,1,650.0072223,0,1,45.0
1,0,0,3,1,1453.175457,1,1,54.0
0,0,0,3,1,1530.131827,1,1,65.0
1,0,0,2,1,1039.992436,1,1,110.0
1,1,1,2,1,985.2911545,0,1,48.9
1,0,0,2,1,1326.194803,1,1,270.0
0,0,0,3,1,2500.0,1,1,100.0
1,0,1,3,1,1821.238442,1,1,130.0
0,0,0,1,1,590.9213,1,1,22.0
1,0,0,2,1,1091.061687,1,1,52.0
0,0,0,2,1,1000.0,1,1,26.0
0,1,1,3,1,1598.622725,0,1,130.0
0,0,1,1,1,606.0606061000001,1,1,25.0
1,0,0,3,1,1818.708929,1,1,94.1
0,0,0,3,1,1475.237092,1,1,70.0
1,0,1,1,1,680.056935,1,1,43.0
0,0,0,2,1,920.6798867,1,1,26.0
1,0,0,3,1,1350.007105,1,1,95.0
0,0,0,2,1,1210.067764,1,1,50.0
1,1,1,3,1,1941.457587,0,1,130.0
0,0,1,3,1,1730.1038059999998,1,1,120.0
0,0,0,3,1,1600.0,1,1,90.0
0,0,1,1,1,711.1597374,1,1,26.0
0,0,0,3,1,1957.202505,1,1,75.0
0,0,0,2,1,870.1472557,1,1,26.0
0,0,0,2,1,800.0,1,1,35.0
1,0,1,2,1,493.5612689,1,1,110.0
1,0,1,3,1,1650.165017,1,1,100.0
1,0,0,2,1,1150.180743,1,1,70.0
0,0,0,3,1,1235.203294,1,1,72.0
1,1,1,3,1,1475.461082,0,1,47.2
0,0,0,3,1,1300.052002,1,1,100.0
1,0,0,3,1,1459.427904,1,1,100.0
1,0,0,2,1,1100.110011,1,1,110.0
0,0,0,1,1,535.0772889,1,1,18.0
1,0,1,3,1,1409.940078,1,1,320.0
1,0,1,2,1,1780.063291,1,1,450.0
1,0,0,3,1,1560.1071980000002,1,1,81.5
0,0,0,1,1,450.0703235,1,1,16.0
0,0,0,3,1,1375.404531,1,1,42.5
1,0,0,2,1,1050.105011,1,1,35.0
1,0,0,3,1,1911.764706,1,1,52.0
0,0,0,2,1,1150.337168,1,1,29.0
1,1,1,2,1,1296.701516,0,1,160.0
0,0,0,3,1,1500.288517,1,1,52.0
1,0,0,2,1,1237.38196,1,1,38.0
1,0,0,3,1,1494.232263,1,1,250.0
1,0,0,3,1,1835.220617,1,1,47.0
0,0,1,2,1,950.1965924,1,1,29.0
1,0,0,3,1,1615.074024,1,1,84.0
1,0,1,2,1,1098.885597,1,1,77.9
0,0,0,2,1,1020.408163,1,1,23.0
0,0,0,2,1,1063.122924,1,1,32.0
1,0,0,2,1,1138.888889,1,1,41.0
1,0,1,3,1,1554.11449,1,1,69.5
0,0,1,1,1,650.0,1,1,52.0
1,0,1,1,1,297.029703,1,0,27.0
1,0,0,3,1,1475.237092,1,1,70.0
1,0,0,2,1,789.0287432,1,1,42.0
0,0,0,2,1,1100.110011,1,1,40.0
0,0,1,3,1,1550.387597,1,1,48.0
1,0,0,2,1,871.875,1,1,27.9
1,1,1,3,1,776.5314927000001,0,0,180.0
1,0,0,1,1,716.1271842,1,1,25.0
1,0,1,3,1,1259.090909,1,1,55.4
1,1,1,1,1,620.051512,0,1,65.0
1,0,1,3,1,2120.062486,1,1,95.0
1,1,0,3,1,1878.069922,0,1,130.0
1,1,1,3,1,1989.38992,0,1,120.0
1,0,0,2,1,1000.0,1,1,41.0
1,0,0,2,1,1130.085384,1,1,90.0
1,0,1,1,1,650.0,1,1,39.0
1,0,0,5,1,11932.51954,1,0,870.0
1,0,0,2,1,1260.0034050000002,1,1,74.0
0,0,1,3,1,1310.2725369999998,1,1,50.0
1,0,0,2,1,1172.065766,1,1,72.0
1,0,1,2,1,850.1709667000001,1,1,54.7
1,0,0,3,1,1747.360757,1,1,48.0
0,0,0,2,1,775.0602825,1,1,45.0
1,1,1,2,1,616.815335,0,1,130.0
1,0,1,1,1,654.7359232000001,1,1,120.0
0,0,0,2,1,1109.783165,1,1,65.0
0,0,1,1,1,585.0727387999999,1,1,18.5
1,0,0,3,1,1700.3529030000002,1,1,53.0
1,1,0,2,1,700.0,0,1,22.4
1,0,0,3,1,1627.4411619999998,1,1,130.0
0,0,0,3,1,1510.211086,1,1,88.0
0,0,0,2,1,1799.485861,1,1,35.0
0,0,1,3,1,1810.10367,1,1,110.0
1,0,1,3,1,1340.146548,1,1,69.5
1,1,1,3,1,832.2087269,0,0,74.0
1,0,0,3,1,1862.252439,1,1,63.0
1,0,0,2,1,1288.088643,1,1,37.2
1,1,1,2,1,67574.38225,0,0,6700.0
1,0,0,2,1,859.8993288999999,1,1,41.0
1,1,0,3,1,1602.136182,0,1,60.0
1,0,0,2,1,811.4285714,1,1,28.4
0,0,1,1,1,500.0,1,1,20.0
1,0,0,3,1,800.0,1,1,200.0
1,0,1,3,1,1479.869423,1,1,68.0
1,1,1,3,1,1390.201442,0,1,55.9
1,0,0,3,1,1394.230769,1,1,72.5
1,0,0,3,1,1220.063263,1,1,81.0
1,0,0,4,1,3398.172018,1,1,290.0
1,1,0,2,1,1081.481481,0,1,29.2
0,0,0,2,1,1200.092315,1,1,52.0
1,0,0,2,1,848.590526,1,1,29.2
0,0,0,3,1,1500.068185,1,1,110.0
1,0,0,1,1,270.0049092,1,1,110.0
0,0,0,2,1,1220.159151,1,1,46.0
0,0,0,3,1,1300.294406,1,1,53.0
1,0,1,2,1,1147.272727,1,1,63.1
0,0,0,2,1,669.9846861000001,1,1,35.0
1,1,1,2,1,860.0424287999999,0,1,150.0
0,0,0,2,1,1100.352113,1,1,25.0
1,1,0,2,1,1304.667402,0,1,35.5
1,0,0,3,1,1400.0,1,1,56.0
1,1,1,3,1,645.5166336,0,1,29.3
1,0,0,3,1,1851.351351,1,1,68.5
1,1,0,3,1,1000.0,0,1,300.0
1,1,0,1,1,374.5318352,0,1,39.0
1,0,0,2,1,1086.036671,1,1,77.0
0,0,0,2,1,1000.0,1,1,59.9
1,0,1,3,1,1550.06284,1,1,74.0
0,1,0,3,1,1230.982019,0,1,26.7
0,0,0,2,1,1248.597082,1,1,89.0
0,0,1,4,1,2850.435949,1,1,85.0
0,0,0,3,1,1125.065411,1,1,43.0
1,0,0,3,1,2137.254902,1,1,87.2
0,0,0,1,1,600.0,1,1,19.5
1,0,1,4,1,2799.865606,1,1,500.0
1,0,0,1,1,570.1161847999999,1,1,21.1
1,1,1,4,1,2167.24537,0,1,74.9
1,0,0,1,1,650.0436596,1,1,67.0
1,0,1,3,1,1600.853789,1,1,60.0
1,1,1,2,1,1208.108108,0,1,44.7
1,1,0,6,1,2040.081603,0,1,170.0
1,1,1,2,1,852.0630661,0,1,25.4
2,1,0,3,1,994.585352,0,0,34.9
0,0,0,2,1,1150.086256,1,1,20.0
1,1,1,1,1,349.9840916,0,1,33.0
1,1,1,3,1,1419.86456,0,1,62.9
0,0,0,2,1,740.0098667999999,1,1,30.0
0,0,0,2,1,750.0,1,1,45.0
1,0,0,3,1,2068.965517,1,1,120.0
1,0,1,2,1,1099.958752,1,1,160.0
1,0,0,1,1,530.0353357,1,1,51.0
1,0,1,3,1,1426.6842800000002,1,1,75.6
1,0,0,3,1,1608.884074,1,1,89.1
1,0,0,2,1,738.467219,1,1,320.0
0,0,0,2,1,951.0869565,1,1,28.0
1,1,0,2,1,1020.040802,0,1,170.0
1,0,1,1,1,564.8648649,1,1,20.9
1,0,0,2,1,1260.005929,1,1,170.0
1,0,1,2,1,1046.666667,1,0,47.1
0,0,0,2,1,1000.0,1,1,22.0
0,1,0,2,1,1050.013816,0,1,38.0
1,0,0,3,1,1665.03428,1,1,85.0
1,0,0,2,1,1014.925373,1,1,34.0
1,1,0,2,1,635.00127,0,1,150.0
1,0,0,3,1,1823.134954,1,1,87.0
0,0,0,1,1,446.09665430000007,1,1,18.0
0,0,0,2,1,1266.163793,1,1,23.5
0,0,1,3,1,1862.486419,1,1,120.0
1,1,0,3,1,1209.628644,0,1,100.0
1,0,1,2,1,1150.0,1,1,46.0
1,1,0,1,1,650.026001,0,1,87.5
1,0,0,3,1,1399.956924,1,1,130.0
0,0,0,1,1,650.0,1,1,19.5
1,0,0,3,1,1500.0,1,1,120.0
1,1,0,4,1,2777.006387,0,1,100.0
1,1,0,2,1,1002.903141,0,1,38.0
0,1,1,2,1,765.7869933999999,0,1,32.5
1,0,1,3,1,1500.0,1,1,42.9
1,0,1,2,1,890.0876601,1,1,66.0
1,0,1,2,1,850.0303582,1,1,28.0
1,0,1,3,1,1744.732251,1,1,130.0
1,1,0,3,1,1216.666667,0,0,29.2
1,0,0,3,1,1300.142248,1,1,45.7
1,0,0,2,1,1224.183252,1,1,65.2
0,0,1,2,1,1179.166667,1,1,56.6
0,0,0,3,1,1947.690595,1,1,70.0
0,0,0,3,1,1312.241596,1,1,73.0
1,0,1,2,1,2008.002001,1,1,80.3
1,1,1,2,1,650.0797825,0,1,110.0
1,0,0,3,1,1658.202923,1,1,160.0
0,0,0,2,1,980.0718719,1,1,60.0
0,0,0,2,1,1038.062284,1,1,42.0
0,0,0,2,1,750.0750075,1,1,25.0
1,1,1,2,1,1478.237065,0,1,54.0
0,0,0,2,1,616.0616062,1,1,28.0
0,0,0,4,1,2020.416844,1,1,95.0
1,0,1,3,1,1494.7947359999998,1,1,76.1
1,0,0,3,1,1285.152706,1,1,85.0
1,0,0,2,1,1041.5633369999998,1,1,210.0
1,1,1,2,1,786.7647059,0,1,21.4
1,0,0,2,1,1240.046991,1,1,95.0
1,0,0,2,1,790.2735562,1,1,13.0
1,0,0,3,1,2100.023334,1,1,270.0
1,0,0,2,1,1046.1538460000002,1,1,23.8
1,0,0,2,1,866.6666667000002,1,1,16.9
1,0,0,2,1,1107.419712,1,1,130.0
0,0,0,3,1,1345.191773,1,1,48.4
0,0,0,3,1,1607.205934,1,1,91.0
0,0,1,3,1,1525.287664,1,1,57.0
1,1,1,3,1,1400.0,0,1,210.0
1,1,1,1,1,570.0087694,0,0,39.0
1,0,0,2,1,772.4447878,1,1,220.0
1,0,0,2,1,1046.413502,1,1,24.8
0,0,0,2,1,1150.306748,1,1,30.0
1,0,1,2,1,1118.956255,1,1,72.9
1,0,0,3,1,1750.016827,1,1,260.0
1,1,1,2,1,1272.009715,0,1,41.9
0,0,0,2,1,1250.0,1,1,52.0
1,0,1,3,1,1895.184684,1,1,98.0
1,0,1,2,1,1139.860937,1,1,100.0
1,0,1,2,1,1009.782266,1,1,160.0
0,0,1,2,1,1099.937146,1,1,35.0
0,0,0,3,1,1948.051948,1,1,150.0
1,0,0,1,1,695.1340616,1,1,21.0
0,1,1,2,1,1020.061204,0,1,30.0
1,0,1,3,1,1389.908738,1,1,530.0
1,0,0,3,1,1934.576152,1,1,110.0
2,1,1,2,1,1067.362429,0,0,67.5
0,1,0,3,1,1525.658807,0,1,55.0
1,0,0,2,1,1354.025622,1,1,260.0
0,0,0,4,1,2200.055417,1,1,79.4
1,1,1,1,1,635.5263158,0,0,48.3
1,0,0,2,1,1100.21526,1,1,46.0
0,1,0,2,1,1200.192031,0,1,50.0
1,0,0,2,1,1050.126015,1,1,75.0
1,0,0,2,1,1351.097767,1,1,72.0
1,0,1,3,1,1750.059661,1,1,220.0
0,0,0,3,1,2400.0,1,1,45.0
0,0,0,1,1,617.053104,1,1,16.5
0,0,0,3,1,1350.024546,1,1,55.0
0,0,0,3,1,1600.196947,1,1,65.0
1,0,0,3,1,1335.667834,1,1,80.1
1,0,0,2,1,1200.0,1,1,75.0
0,0,1,2,1,1250.0,1,1,87.0
1,1,0,1,1,570.018717,0,1,33.5
1,0,0,2,1,1050.283861,1,1,25.9
1,0,0,2,1,1050.1500210000002,1,1,49.0
2,1,1,4,1,6363.636364,0,0,350.0
1,1,0,3,1,1600.0,0,1,160.0
1,0,0,2,1,987.5567845,1,1,100.0
1,0,0,3,1,1898.493862,1,1,150.0
1,0,0,2,1,1078.079059,1,1,66.0
1,0,0,2,1,1064.5848119999998,1,1,120.0
1,0,1,1,1,738.8642601,1,1,35.0
1,1,1,2,1,67600.0,0,0,5070.0
0,0,0,3,1,1609.0693,1,1,88.0
0,0,0,3,1,1500.150015,1,1,100.0
1,1,1,3,1,1603.07791,0,1,150.0
1,0,1,2,1,1027.882798,1,1,87.0
0,0,0,2,1,861.0086100999999,1,1,28.0
1,1,1,2,1,663.1592909,0,1,150.0
0,0,0,1,1,600.0,1,1,15.0
1,0,1,4,1,1899.335233,1,1,120.0
1,0,0,2,1,820.6811654,1,1,140.0
1,1,1,1,1,675.9366551,0,1,35.0
0,0,1,2,1,1433.121019,1,1,72.0
0,0,0,2,1,975.2925878,1,1,30.0
0,0,0,1,1,600.0,1,1,15.0
0,0,1,2,1,1100.110011,1,1,30.0
1,0,0,2,1,593.6568176,1,1,21.9
1,1,0,3,1,1761.855821,0,1,120.0
0,0,0,1,1,640.0,1,1,20.0
0,0,0,4,1,1434.926101,1,1,100.0
0,0,0,2,1,1235.154394,1,1,26.0
1,0,0,3,1,1509.718499,1,1,90.1
1,0,0,2,1,1193.058568,1,1,77.0
1,0,0,2,1,1299.778761,1,1,47.0
1,0,1,1,1,644.983462,1,1,58.5
1,0,1,2,1,1294.28895,1,1,240.0
0,0,0,3,1,1800.055386,1,1,65.0
1,1,1,3,1,876.1288582999998,0,0,130.0
1,1,1,2,1,780.141844,0,1,33.0
1,1,1,1,1,374.9499399,0,0,74.9
1,0,0,2,1,452.173913,1,1,10.4
1,1,1,1,1,312.2020972,0,1,13.1
1,0,1,2,1,1152.073733,1,1,120.0
1,1,1,2,1,1100.352113,0,1,150.0
1,0,0,3,1,2620.485359,1,1,230.0
1,0,1,3,1,1866.404715,1,1,76.0
2,0,0,3,1,1896.551724,1,0,110.0
1,1,1,2,1,950.0391193,0,1,85.0
0,0,0,2,1,1201.034738,1,1,65.0
1,0,0,3,1,1666.203832,1,1,60.0
0,0,0,3,1,1400.098831,1,1,85.0
1,0,1,2,1,830.6294614,1,1,320.0
1,0,1,2,1,1225.4901960000002,1,1,100.0
1,0,0,4,1,4800.0,1,1,390.0
1,1,1,3,1,2229.746677,0,1,88.9
1,0,0,3,1,1236.418134,1,1,33.0
0,0,0,3,1,1880.2679920000005,1,1,87.0
0,0,1,3,1,1753.5469469999998,1,1,110.0
1,0,1,2,1,1020.015396,1,1,53.0
1,0,0,4,1,2979.392535,1,1,720.0
1,0,0,4,1,2249.028828,1,1,220.0
1,0,0,2,1,1105.827712,1,1,200.0
1,0,0,3,1,1489.212008,1,1,63.5
0,0,1,2,1,1119.728551,1,1,23.1
0,0,0,2,1,1014.292301,1,1,22.0
0,0,0,1,1,400.0,1,1,10.0
1,0,1,2,1,1080.080235,1,1,140.0
1,0,0,3,1,1410.25641,1,1,110.0
0,0,0,2,1,772.68431,1,1,32.7
0,1,0,1,1,680.2721088,0,1,14.0
1,0,0,2,1,1000.0,1,1,75.0
0,0,0,3,1,1760.0,1,1,110.0
0,0,0,2,1,1250.0,1,1,58.0
0,0,1,3,1,1630.139467,1,1,90.0
0,0,0,2,1,1000.0,1,1,40.0
2,1,1,1,1,495.2830189,0,0,42.0
1,0,1,2,1,637.3882627,1,0,32.8
0,0,0,4,1,1825.2933510000005,1,1,70.0
1,0,0,3,1,1304.915181,1,1,150.0
1,0,0,2,1,965.0053022,1,1,91.0
1,0,0,2,1,1385.041551,1,1,55.0
1,0,0,2,1,1170.117012,1,1,65.0
2,0,1,2,1,1256.1909050000002,1,0,27.9
1,1,1,1,1,414.9715216,0,0,51.0
1,0,0,3,1,1043.364852,1,1,160.0
0,0,0,3,1,1478.8524109999998,1,1,50.0
0,0,0,2,1,938.4057971,1,1,25.9
1,0,0,2,1,1165.09379,1,1,100.0
0,0,1,1,1,550.0261917,1,1,10.5
1,1,1,3,1,1050.06105,0,1,43.0
0,0,0,2,1,900.1895135999999,1,1,28.5
1,0,1,3,1,1765.225066,1,1,100.0
1,0,0,2,1,1130.010705,1,1,95.0
1,0,0,3,1,2550.369804,1,1,100.0
1,1,1,2,1,657.5052853999999,0,0,31.1
1,0,0,2,1,770.156438,1,1,32.0
2,0,0,2,1,800.0,1,0,22.0
1,1,1,1,1,450.0211775,0,1,85.0
0,0,0,2,1,801.1049724,1,1,14.5
0,0,0,2,1,1048.218029,1,1,50.0
1,0,1,4,1,2738.89227,1,1,180.0
1,1,1,3,1,2047.315742,0,1,180.0
1,0,0,1,1,665.0332517,1,1,57.0
1,0,0,4,1,3361.972357,1,1,180.0
1,1,1,3,1,1365.433822,0,1,58.7
1,0,0,3,1,1619.502216,1,1,47.5
1,0,1,3,1,1329.1796470000002,1,1,320.0
1,0,1,1,1,710.032066,1,1,62.0
1,0,0,2,1,1220.037319,1,1,170.0
1,0,0,4,1,3632.589517,1,1,280.0
1,0,0,1,1,680.0664954,1,1,45.0
1,0,0,1,1,600.0,1,1,54.0
1,0,0,3,1,1643.262623,1,1,55.0
1,0,0,2,1,1214.181642,1,1,100.0
1,0,0,3,1,1908.396947,1,1,130.0
1,0,0,3,1,1480.019734,1,1,210.0
0,1,0,2,1,1000.0,0,1,15.0
1,0,0,2,1,553.0073842999999,1,1,170.0
0,0,0,3,1,1567.268828,1,1,190.0
1,0,0,2,1,810.0654947,1,1,23.5
0,0,0,1,1,448.201825,1,1,16.7
1,1,0,1,1,575.4226267999999,0,1,17.7
1,0,1,3,1,1650.071124,1,1,58.0
0,0,0,2,1,1183.19858,1,1,60.0
1,0,1,1,1,695.0040290000001,1,1,69.0
1,0,0,4,1,2500.0,1,1,800.0
0,0,0,2,1,1308.818947,1,1,42.0
1,0,1,2,1,1102.1452470000002,1,1,56.0
1,0,1,2,1,990.0990099,1,1,53.0
1,1,1,1,1,690.0033659,0,1,82.0
0,0,0,3,1,1380.368098,1,1,45.0
0,0,0,2,1,950.3239741,1,1,22.0
1,1,1,2,1,905.0233882,0,1,89.0
0,0,0,2,1,1184.099239,1,1,42.0
1,0,1,3,1,870.0466661,1,1,110.0
0,0,0,2,1,1281.14881,1,1,91.0
0,1,0,1,1,525.0262513,0,1,15.0
1,0,0,2,1,1270.173341,1,1,85.0
0,0,0,3,1,1430.143014,1,1,65.0
1,0,0,2,1,900.0715966,1,1,88.0
0,0,0,1,1,537.0328933,1,1,48.0
1,1,1,2,1,936.3745498,0,1,46.8
1,0,1,1,1,525.030525,1,1,12.9
0,0,0,2,1,1530.389156,1,1,140.0
1,0,0,3,1,1401.919551,1,1,260.0
0,0,0,2,1,1000.0,1,1,53.0
0,0,0,2,1,575.0273823,1,1,21.0
1,0,0,2,1,1110.053917,1,1,210.0
1,1,1,4,1,2300.272075,0,1,93.0
1,0,1,2,1,1235.595391,1,1,19.3
1,0,0,3,1,2090.704407,1,0,130.0
1,1,0,2,1,760.0,0,1,17.1
0,0,0,2,1,1070.854899,1,1,60.0
0,0,0,3,1,1815.248084,1,1,90.0
1,0,1,3,1,1665.089877,1,1,88.0
1,1,0,3,1,1262.9629630000002,0,1,34.1
1,0,0,1,1,665.0620725,1,1,52.5
0,0,1,2,1,645.3362256,1,1,11.9
1,0,0,3,1,1250.0,1,1,50.0
0,0,0,2,1,1200.446678,1,1,21.5
1,0,0,3,1,2427.184466,1,1,250.0
0,0,0,2,1,960.1024109,1,1,45.0
0,0,1,3,1,1573.809524,1,1,66.1
1,1,1,2,1,920.0129884,0,1,340.0
1,0,1,2,1,1040.041602,1,1,60.0
0,0,0,3,1,1450.116009,1,1,37.5
1,0,1,2,1,835.0424846,1,1,57.0
1,0,0,2,1,1050.094932,1,1,71.9
0,0,0,4,1,2120.141343,1,1,120.0
1,0,0,2,1,713.3333332999999,1,1,21.4
1,1,1,1,1,434.0089406,0,1,100.0
0,0,0,2,1,822.0786847,1,1,42.0
2,1,0,2,1,688.0,0,0,34.4
0,0,0,2,1,1150.306748,1,1,30.0
1,0,0,2,1,1164.64181,1,1,27.8
1,1,0,3,1,840.4966571,0,1,26.4
0,0,0,2,1,1062.699256,1,1,30.0
1,0,1,3,1,1651.527663,1,1,140.0
1,0,0,3,1,1885.119507,1,1,48.9
0,1,1,3,1,1879.951658,0,1,140.0
1,1,1,2,1,1245.256985,0,1,36.1
1,1,1,2,1,985.1033157,0,1,41.0
1,0,1,2,1,1125.325752,1,1,190.0
0,0,0,2,1,839.7932817,1,1,26.0
1,0,0,3,1,1569.037657,1,1,120.0
1,0,0,2,1,900.0,1,1,28.8
0,0,0,3,1,1300.0,1,1,52.0
0,0,0,2,1,1345.89502,1,1,40.0
0,0,0,3,1,1150.049358,1,1,69.9
1,1,0,1,1,509.673393,0,1,24.5
0,0,0,2,1,1200.0,1,1,16.5
1,0,0,3,1,1334.667048,1,1,46.7
0,0,1,3,1,1500.0,1,1,51.0
1,0,1,2,1,820.8569954,1,1,15.9
1,0,0,4,1,2269.825507,1,1,160.0
1,0,0,2,1,963.3911368,1,1,100.0
1,0,0,2,1,1100.110011,1,1,50.0
1,1,1,2,1,1069.736842,0,1,81.3
1,0,0,3,1,1319.078034,1,1,95.0
1,0,0,3,1,1745.581497,1,1,160.0
1,0,1,2,1,955.0109308,1,1,83.0
0,0,0,2,1,1016.463851,1,1,14.2
1,1,1,2,1,516.1411411,0,0,110.0
1,0,1,3,1,1902.204319,1,1,170.0
1,1,1,3,1,2912.517781,0,1,81.9
1,0,0,3,1,1351.019406,1,1,55.0
1,0,0,2,1,852.1846917000001,1,1,27.5
1,1,1,3,1,1489.909251,0,1,110.0
1,0,0,1,1,600.0150004,1,1,80.0
1,0,0,2,1,1013.333333,1,1,190.0
1,1,1,3,1,2250.269054,0,1,460.0
0,0,0,1,1,550.1076297999999,1,1,23.0
0,0,0,3,1,1219.803875,1,1,51.0
1,0,1,3,1,1580.49221,1,1,280.0
1,0,0,3,1,1383.3448039999998,1,1,40.2
0,0,0,1,1,657.9909342999999,1,1,45.0
0,0,0,3,1,1035.2477199999998,1,1,42.0
1,0,0,3,1,1250.0,1,1,550.0
1,0,0,3,1,1800.0,1,1,45.0
0,0,0,1,1,739.9577167,1,1,35.0
0,0,0,4,1,1000.0,1,1,65.0
2,1,1,1,1,850.1594049,0,0,16.0
1,0,0,2,1,1173.862006,1,1,90.0
1,0,0,4,1,3850.385039,1,1,350.0
1,0,1,2,1,1123.974373,1,1,100.0
0,0,0,3,1,1760.057471,1,1,98.0
1,0,0,2,1,990.5894007000002,1,1,100.0
0,0,0,2,1,1230.116649,1,1,58.0
1,0,1,2,1,964.0666082,1,1,33.0
1,0,1,2,1,1215.848949,1,1,85.0
1,1,0,2,1,762.1339751,0,1,38.0
0,0,0,2,1,970.2850212,1,1,32.0
1,1,1,2,1,686.0823299,0,1,49.0
1,1,0,2,1,522.5570458000001,0,1,150.0
0,1,0,2,1,900.090009,0,1,40.0
0,0,0,1,1,600.0,1,1,18.0
1,0,0,2,1,1195.652174,1,1,110.0
1,1,1,3,1,915.4929577,0,0,130.0
0,0,0,2,1,1200.1297439999998,1,1,37.0
1,0,0,3,1,1650.696864,1,1,37.9
1,1,1,3,1,906.2448509,0,0,110.0
0,0,0,3,1,1512.738854,1,1,57.0
1,0,1,4,1,2040.066914,1,1,500.0
1,0,1,4,1,2799.865606,1,1,500.0
1,0,0,3,1,1350.024546,1,1,110.0
1,0,0,3,1,2257.394914,1,1,87.0
0,0,0,5,1,1600.0,1,1,60.0
1,0,0,3,1,1200.0,1,1,36.0
1,0,1,3,1,980.139283,1,1,38.0
0,0,0,2,1,923.8728751,1,1,25.0
1,0,0,2,1,1007.583391,1,1,190.0
0,0,1,3,1,1525.024262,1,1,110.0
1,1,0,2,1,958.1208469,0,1,62.0
0,0,0,2,1,1150.202977,1,1,51.0
1,1,1,2,1,594.0510035,0,0,140.0
1,1,1,3,1,1250.0,0,1,260.0
0,0,0,2,1,770.156438,1,1,32.0
1,1,0,3,1,1354.2795230000002,0,1,50.0
1,0,0,3,1,139285.7143,1,0,5850.0
1,0,0,2,1,1100.196464,1,1,28.0
1,0,0,4,1,3200.0,1,1,1500.0
1,0,0,2,1,1106.19469,1,1,55.0
0,0,0,2,1,888.1330310000001,1,1,47.0
1,1,0,3,1,1500.0,0,1,42.0
0,0,0,3,1,2445.5711300000003,1,1,82.0
0,0,0,2,1,1152.073733,1,1,80.0
0,0,0,2,1,1000.0,1,1,48.0
0,0,1,3,1,1636.904762,1,1,110.0
0,0,0,3,1,1300.0,1,1,65.0
0,0,0,3,1,2880.460874,1,1,120.0
0,0,0,2,1,860.2711157,1,1,16.5
1,0,0,3,1,1500.044119,1,1,170.0
0,0,0,1,1,560.0617999,1,1,14.5
1,0,0,2,1,1200.056473,1,1,85.0
1,0,0,2,1,1350.403367,1,1,38.5
1,0,0,3,1,2056.484782,1,1,150.0
0,0,0,3,1,1579.778831,1,1,70.0
1,1,1,2,1,491.5883767,0,0,45.0
0,0,0,3,1,1650.165017,1,1,70.0
1,1,1,3,1,930.0595238,0,0,100.0
1,0,0,2,1,848.0917935000001,1,1,34.0
1,1,0,3,1,1281.901876,0,1,110.0
0,0,0,2,1,822.8034087999999,1,1,28.0
1,0,0,3,1,3600.272453,1,1,370.0
1,0,0,3,1,1857.142857,1,1,130.0
1,0,1,1,1,750.0394758,1,1,95.0
0,1,0,2,1,613.9489194,0,1,25.0
1,0,0,3,1,1350.074254,1,1,100.0
0,0,1,1,1,527.4261603,1,1,20.0
1,0,0,2,1,1142.7435779999998,1,1,230.0
1,0,0,2,1,864.1382620999999,1,1,36.0
1,0,0,3,1,1545.4545449999998,1,1,170.0
0,0,0,1,1,550.1222494,1,1,13.5
1,1,1,3,1,1300.294406,0,1,26.5
1,0,0,2,1,1100.178891,1,1,61.5
1,1,0,1,1,636.1727844999999,0,1,100.0
1,1,1,2,1,876.6162611999999,0,1,120.0
1,0,0,2,1,899.9653858999999,1,1,78.0
0,0,0,1,1,709.7497198,1,1,19.0
0,0,1,1,1,580.0464037,1,1,25.0
1,0,0,3,1,1590.2243050000002,1,1,95.0
0,0,0,2,1,1166.180758,1,1,68.0
0,0,0,1,1,419.9328108,1,1,15.0
0,0,0,2,1,702.049986,1,1,25.0
1,0,0,2,1,933.9285714,1,1,52.3
1,0,0,2,1,825.7237226,1,1,170.0
1,0,1,3,1,1141.987057,1,1,150.0
1,0,0,3,1,1381.02472,1,1,100.0
1,1,1,1,1,745.049029,0,1,77.5
1,1,1,2,1,1099.958752,0,1,160.0
0,0,0,3,1,944.1596979,1,1,35.0
1,0,0,1,1,630.0204757,1,1,40.0
1,1,0,2,1,918.2292673,0,1,47.5
0,0,0,2,1,745.1991975,1,1,26.0
0,0,0,2,1,1050.213325,1,1,32.0
1,0,1,2,1,1075.066013,1,1,57.0
1,0,0,4,1,3840.0,1,1,240.0
1,0,0,1,1,670.0655499,1,1,46.0
1,0,1,3,1,1933.356079,1,1,170.0
0,0,0,3,1,1150.146382,1,1,55.0
1,0,0,2,1,1165.048544,1,1,30.0
1,1,0,2,1,594.5945946,0,1,110.0
1,0,1,2,1,1100.110011,1,1,90.0
1,1,1,3,1,850.0323206,0,1,26.3
1,0,0,2,1,857.1918394999999,1,1,100.0
0,0,0,1,1,512.0327701,1,1,20.0
1,0,0,2,1,1021.624383,1,1,180.0
0,0,0,3,1,1310.211946,1,1,68.0
0,1,0,2,1,1350.135014,0,1,75.0
1,1,1,1,1,620.051512,0,1,65.0
1,0,0,2,1,1285.235561,1,1,65.2
1,0,1,2,1,1160.092807,1,1,65.0
0,0,0,3,1,1364.190012,1,1,56.0
1,0,1,3,1,1927.457508,1,1,110.0
0,1,1,2,1,990.0990099,0,1,47.0
0,0,0,1,1,690.0978976,1,1,43.0
0,0,0,1,1,747.6190475999999,1,1,15.7
0,0,0,4,1,2199.792961,1,1,85.0
1,0,1,3,1,1727.861771,1,1,120.0
1,0,1,3,1,1489.772289,1,1,77.2
0,0,0,2,1,1110.185956,1,1,40.0
1,0,0,5,1,5846.612404,1,1,510.0
0,0,0,2,1,1152.073733,1,1,70.0
1,0,1,3,1,1705.0819219999998,1,1,61.4
0,0,0,2,1,1132.759402,1,1,50.0
0,0,0,2,1,724.2063492000001,1,1,21.9
1,0,1,3,1,908.0226472,1,1,85.0
0,0,0,2,1,907.0294785,1,1,40.0
1,0,0,3,1,1706.7086780000002,1,1,130.0
1,0,0,2,1,1200.234192,1,1,41.0
1,0,1,2,1,1040.061633,1,1,54.0
1,0,1,2,1,940.6231627999998,1,1,32.0
1,0,1,2,1,1249.902351,1,1,160.0
1,0,1,2,1,1017.408998,1,1,180.0
1,0,0,1,1,580.0068236000001,1,1,85.0
0,0,0,2,1,850.2024291000001,1,1,21.0
1,0,0,3,1,1500.0,1,1,60.0
1,0,1,3,1,2245.088868,1,1,120.0
1,0,0,1,1,661.0439936,1,1,58.0
1,0,0,3,1,1500.0,1,1,90.0
1,1,1,2,1,998.3982915,0,1,74.8
0,0,0,2,1,820.2833706,1,1,22.0
1,1,1,2,1,1157.575758,0,1,38.2
0,1,0,2,1,1099.830795,0,1,52.0
0,0,0,1,1,675.0536975,1,1,22.0
0,0,0,1,1,609.059764,1,1,32.0
1,0,0,3,1,1202.151218,1,1,38.0
1,0,0,1,1,605.0338819,1,1,25.0
1,0,0,3,1,1299.378882,1,1,52.3
0,0,0,4,1,2100.105005,1,1,180.0
1,0,0,2,1,1245.23507,1,1,49.0
0,0,0,2,1,650.0,1,1,26.0
1,0,1,3,1,2104.967724,1,1,150.0
1,1,1,1,1,463.6068614,0,0,100.0
1,1,0,3,1,1356.174161,0,1,57.0
1,0,1,4,1,2259.059132,1,1,740.0
1,1,1,3,1,1700.208189,0,1,49.0
1,0,0,3,1,1632.653061,1,1,220.0
0,0,0,2,1,860.2150537999999,1,1,20.0
0,0,0,1,1,645.9092415,1,1,39.0
0,0,0,2,1,660.2112676,1,1,7.5
0,0,0,2,1,704.1072925,1,1,42.0
1,0,0,2,1,1060.028585,1,1,89.0
1,0,0,4,1,4200.063001,1,1,1200.0
2,1,1,2,1,1176.668914,0,0,34.9
1,1,1,2,1,1202.722157,0,1,91.9
0,0,0,2,1,719.844358,1,1,18.5
1,0,1,3,1,1705.115346,1,1,68.0
0,0,0,1,1,602.7727547000001,1,1,40.0
1,1,1,3,1,2108.678021,0,1,130.0
1,0,0,3,1,1327.895286,1,1,420.0
0,0,0,3,1,1800.327332,1,1,55.0
1,0,0,2,1,1250.0,1,1,71.0
2,0,1,2,1,752.8011204,1,0,21.5
0,0,0,3,1,1679.731243,1,1,75.0
1,1,1,2,1,444.308258,0,0,58.0
1,0,0,3,1,1520.0286119999998,1,1,85.0
1,1,1,4,1,3186.00475,0,1,1100.0
1,0,0,3,1,2265.202997,1,1,130.0
1,0,0,2,1,1250.0,1,1,80.0
1,0,0,2,1,940.0705053,1,1,32.0
1,0,1,3,1,1380.042463,1,1,52.0
1,1,1,3,1,1358.572593,0,1,150.0
1,1,1,3,1,1399.224806,0,0,72.2
1,0,0,2,1,730.0884956,1,1,33.0
1,0,1,3,1,1390.076989,1,1,65.0
1,1,1,2,1,1094.010755,0,1,59.0
0,0,0,2,1,870.162583,1,1,38.0
1,0,1,2,1,1093.142272,1,1,53.4
0,0,0,2,1,775.0883873,1,1,28.5
0,0,0,2,1,874.1614149000001,1,1,43.0
1,0,0,2,1,1106.8360300000002,1,1,210.0
1,0,0,2,1,1050.030883,1,1,170.0
1,1,1,3,1,1694.915254,0,1,130.0
1,0,0,3,1,1735.194266,1,1,92.0
1,0,0,3,1,2106.430155,1,1,95.0
0,0,0,2,1,1000.0,1,1,46.0
0,0,0,2,1,1300.0,1,1,65.0
0,0,0,2,1,450.0,1,1,18.0
1,1,1,3,1,1338.613861,0,0,67.6
1,0,0,1,1,675.024108,1,1,35.0
1,0,1,3,1,1472.75405,1,0,100.0
1,1,1,3,1,1104.823498,0,1,41.0
1,0,0,2,1,1042.752868,1,1,140.0
0,0,0,2,1,849.8583569,1,1,30.0
1,0,0,3,1,1400.180668,1,1,62.0
0,0,0,3,1,1535.21397,1,1,80.0
0,0,0,2,1,1400.0,1,1,35.0
1,0,0,3,1,1791.822772,1,0,110.0
1,0,1,3,1,1403.253469,1,1,270.0
1,1,1,2,1,730.0523919999999,0,1,85.0
1,0,0,2,1,944.8472863,1,1,43.0
1,1,1,3,1,1983.824203,0,1,130.0
1,0,0,1,1,655.0218341,1,1,45.0
1,1,0,2,1,711.6104869,0,1,28.5
1,0,0,2,1,775.0098853,1,1,19.6
0,0,0,2,1,1200.0,1,1,45.0
0,0,0,3,1,1500.214316,1,1,70.0
1,0,0,2,1,1050.030883,1,1,85.0
1,0,1,1,1,440.0,1,0,44.0
0,0,0,3,1,1200.0,1,1,36.0
1,1,1,2,1,1138.4083039999998,0,1,32.9
0,0,0,3,1,1398.15014,1,1,65.0
1,1,1,3,1,1800.411523,0,1,70.0
0,0,0,2,1,1260.02291,1,1,33.0
1,0,0,2,1,1270.30404,1,1,30.5
1,0,0,2,1,1330.008313,1,1,80.0
1,1,1,3,1,1462.857143,0,0,76.8
1,0,0,3,1,1472.086966,1,1,130.0
1,1,1,2,1,625.0,0,1,11.9
0,0,0,2,1,1217.100259,1,1,80.0
1,0,1,3,1,2098.408104,1,1,290.0
0,0,0,2,1,1150.012778,1,1,45.0
1,0,0,3,1,1644.245142,1,1,88.0
1,0,1,3,1,1301.066875,1,1,100.0
1,0,1,4,1,3004.085556,1,1,250.0
0,0,0,2,1,1270.110076,1,1,60.0
1,0,0,4,1,2000.0,1,1,50.0
0,0,0,1,1,585.0234009,1,1,30.0
0,0,1,3,1,1604.464597,1,1,46.0
1,0,0,2,1,949.9683344,1,1,180.0
0,0,0,1,1,700.1909612000001,1,1,11.0
1,1,1,2,1,1390.176089,0,1,60.0
0,1,0,2,1,1000.0,0,1,23.0
1,0,1,2,1,1300.085251,1,1,61.0
1,1,0,2,1,577.7777778,0,1,130.0
1,0,0,2,1,755.1279724,1,1,41.6
1,0,1,3,1,1021.053143,1,0,210.0
1,0,0,3,1,2260.39783,1,1,75.0
0,0,0,2,1,800.0,1,1,50.0
0,1,1,2,1,1096.774194,0,1,79.9
0,0,0,2,1,870.1705534,1,1,25.0
1,1,1,2,1,829.3370945,0,1,29.4
1,0,1,3,1,2132.687763,1,1,370.0
0,0,0,2,1,900.1512859,1,1,23.8
1,0,0,3,1,1560.062402,1,1,140.0
0,0,0,2,1,5.0,1,1,45.0
1,1,1,3,1,953.5367545,0,0,110.0
1,0,0,2,1,894.2857142999999,1,1,31.3
1,1,1,2,1,641.5490493,0,0,110.0
1,1,1,1,1,312.9694542,0,0,12.5
1,0,1,2,1,1373.913043,1,1,63.2
0,0,0,3,1,1495.016611,1,1,90.0
0,0,1,4,1,4640.012373,1,1,600.0
0,0,0,3,1,2050.149819,1,1,130.0
1,0,0,3,1,2100.084003,1,1,350.0
1,0,0,3,1,1450.083659,1,1,130.0
1,0,0,2,1,1200.1010609999998,1,1,95.0
0,0,0,3,1,3619.047619,1,1,380.0
1,0,0,2,1,1175.184477,1,1,43.0
1,0,0,1,1,560.0814664,1,1,22.0
1,0,0,2,1,1041.214751,1,1,48.0
1,0,0,4,1,3559.592488,1,1,290.0
1,1,1,3,1,1528.184081,0,1,350.0
1,0,0,2,1,875.0,1,1,21.0
0,0,0,3,1,1849.894292,1,1,70.0
1,0,1,3,1,1525.262154,1,1,160.0
0,0,0,2,1,940.1020682,1,1,35.0
0,0,0,1,1,649.9059347,1,1,38.0
0,0,0,2,1,827.2727272999999,1,1,27.3
1,0,0,2,1,1400.0,1,1,28.0
0,0,0,1,1,665.8211795,1,1,21.0
0,0,0,1,1,917.0428894,1,1,65.0
1,0,1,2,1,938.2749145,1,1,280.0
1,0,1,1,1,689.1271057,1,1,31.5
1,0,0,3,1,1349.007516,1,1,70.0
1,0,0,3,1,1815.352697,1,1,140.0
1,0,0,1,1,610.0316313,1,1,27.0
1,1,0,2,1,955.0760524,0,1,27.0
0,0,0,2,1,630.169358,1,1,16.0
0,0,0,2,1,850.0590319,1,1,36.0
1,0,1,2,1,1144.006101,1,1,330.0
1,1,1,2,1,529.1651402,0,0,130.0
1,0,0,2,1,1100.0,1,1,275.0
1,0,0,3,1,1150.0069,1,1,250.0
0,0,0,2,1,765.3061223999999,1,1,18.0
0,0,0,3,1,1400.180668,1,1,62.0
1,0,0,2,1,1150.139882,1,1,74.0
0,1,1,2,1,1250.0,0,1,45.0
0,0,0,1,1,679.9637352999999,1,1,15.0
1,0,1,3,1,1499.115044,1,1,84.7
1,0,1,3,1,1185.037122,1,1,83.0
2,0,0,3,1,1400.203666,1,0,55.0
0,0,0,2,1,1179.856115,1,1,41.0
1,0,1,1,1,660.0452602000001,1,1,52.5
0,0,1,4,1,2350.813743,1,1,52.0
1,0,0,3,1,2118.644068,1,1,130.0
0,0,1,1,1,582.9204314,1,1,40.0
1,0,0,3,1,1585.571301,1,1,160.0
1,0,0,2,1,1084.90566,1,1,57.5
0,0,0,1,1,675.3106429,1,1,12.5
2,1,0,2,1,1120.0,0,0,36.4
0,0,0,2,1,680.0518135,1,1,42.0
0,0,0,3,1,1380.042463,1,1,65.0
1,0,0,2,1,1200.0,1,1,90.0
0,0,0,1,1,353.423793,1,1,11.2
1,0,0,2,1,1300.0,1,1,52.0
0,0,1,3,1,1934.547799,1,1,120.0
0,0,0,4,1,2105.263158,1,1,80.0
0,0,0,2,1,881.151945,1,1,41.0
2,0,1,4,1,2413.290586,1,0,82.8
1,0,0,3,1,1500.028847,1,1,260.0
1,0,0,3,1,1912.508244,1,1,87.0
1,0,1,3,1,84727.27273,1,0,9320.0
1,0,0,3,1,1664.0,1,1,83.2
0,0,1,2,1,975.8477677,1,1,40.0
1,1,1,1,1,365.7357374,0,1,64.3
0,0,0,1,1,570.1615458,1,1,18.0
0,0,0,2,1,1201.000834,1,1,72.0
0,0,0,2,1,900.0,1,1,27.0
1,0,1,3,1,1380.295098,1,1,58.0
1,0,1,3,1,1350.101185,1,1,46.7
1,0,1,3,1,1363.171646,1,1,120.0
1,0,0,3,1,1372.055797,1,1,120.0
1,0,1,3,1,1550.202719,1,1,65.0
1,1,1,3,1,1339.972838,0,0,59.2
1,1,1,3,1,1487.634042,0,1,240.0
0,0,0,3,1,1899.441341,1,1,51.0
1,0,0,3,1,1455.692364,1,1,240.0
1,1,1,2,1,939.6914446,0,1,60.3
1,1,0,2,1,1100.803958,0,1,53.4
1,0,0,1,1,615.0405367999999,1,1,22.0
1,0,0,2,1,824.9027237,1,1,53.0
1,1,0,1,1,590.1173125,0,1,16.6
0,0,0,2,1,1150.180743,1,1,35.0
1,1,0,2,1,969.3053312,0,1,30.0
1,1,1,1,1,697.0418225,0,1,82.0
0,0,0,3,1,1616.213443,1,1,63.0
1,0,1,2,1,795.1653944,1,1,25.0
0,0,0,2,1,1020.197857,1,1,49.5
1,0,1,3,1,1640.740741,1,1,44.3
1,0,0,2,1,1308.0,1,1,32.7
1,0,0,4,1,2311.111111,1,1,130.0
1,1,1,4,1,2300.172513,0,1,240.0
1,0,0,5,1,3021.80013,1,1,420.0
1,0,0,2,1,975.3242953,1,1,100.0
1,0,0,4,1,3262.158956,1,1,220.0
1,0,0,2,1,918.1020474,1,1,56.5
1,0,0,2,1,1140.0175390000002,1,1,78.0
0,0,0,2,1,922.045264,1,1,33.0
1,0,0,2,1,845.8873761,1,1,210.0
1,0,0,3,1,1611.08426,1,1,100.0
0,1,0,3,1,1385.165326,0,1,31.0
1,1,1,2,1,1275.0,0,0,51.0
1,0,1,2,1,744.7402718,1,1,160.0
1,1,1,2,1,782.3784304,0,0,65.0
1,0,0,3,1,1500.0,1,1,42.0
1,0,1,3,1,1275.331936,1,1,36.5
2,0,1,2,1,1387.5,1,0,44.4
0,0,0,2,1,1265.022138,1,1,80.0
0,0,0,2,1,1600.0,1,1,100.0
1,0,0,3,1,1880.321665,1,1,79.5
0,0,0,1,1,884.1407257000001,1,1,48.0
0,1,0,3,1,1044.932079,0,1,30.0
1,0,0,3,1,2286.928268,1,1,91.5
1,0,0,3,1,1426.024955,1,1,200.0
1,0,0,2,1,2249.718785,1,1,60.0
1,1,1,3,1,1685.224195,0,1,56.0
1,0,1,2,1,1097.464342,1,1,55.4
0,0,0,12,1,6373.486297,1,1,200.0
1,1,1,2,1,639.0100416,0,1,63.0
1,1,1,1,1,617.0118995,0,1,98.0
1,0,1,2,1,1140.303359,1,1,42.1
1,0,1,2,1,1355.761988,1,1,54.0
0,0,0,3,1,1649.87843,1,1,95.0
0,0,0,2,1,1250.0,1,1,60.0
1,1,1,4,1,2325.581395,0,1,100.0
1,0,1,2,1,1073.519844,1,1,49.5
1,0,0,2,1,1150.062353,1,1,83.0
1,1,0,1,1,750.0750075,0,1,50.0
0,0,0,3,1,1121.076233,1,1,40.0
1,0,1,2,1,1323.591698,1,1,250.0
0,0,0,3,1,1205.545509,1,1,40.0
0,1,0,3,1,2485.34285,0,1,97.5
1,0,0,4,1,3444.316877,1,1,270.0
1,1,1,2,1,964.6628757,0,1,190.0
1,1,0,2,1,849.9885137,0,1,37.0
1,0,0,3,1,1660.93929,1,1,58.0
1,0,0,1,1,550.0113404,1,1,97.0
1,0,0,2,1,1295.022258,1,1,160.0
0,0,0,3,1,1852.224683,1,1,92.0
1,0,0,3,1,1639.045409,1,1,98.9
0,0,0,2,1,920.1543485,1,1,31.0
1,0,0,3,1,1609.44206,1,1,210.0
0,0,0,2,1,918.0628873,1,1,40.0
1,0,0,1,1,395.0439935,1,1,22.0
0,0,0,2,1,1047.036082,1,1,65.0
1,0,0,2,1,914.7457007000002,1,1,25.0
1,1,1,2,1,1011.041639,0,1,76.0
1,0,1,3,1,1225.061253,1,1,35.0
1,0,0,3,1,1449.921927,1,1,65.0
1,1,1,3,1,1448.131443,0,1,89.9
1,0,0,2,1,1255.158184,1,1,73.0
0,0,0,2,1,975.0812568,1,1,54.0
1,0,1,2,1,602.6214031000001,1,1,120.0
0,0,0,3,1,1395.348837,1,1,30.0
1,0,0,2,1,1091.791347,1,1,270.0
1,0,0,2,1,1049.901186,1,1,85.0
0,0,0,2,1,598.1595092,1,1,19.5
1,0,0,3,1,1229.773463,1,1,190.0
1,0,0,2,1,1030.284109,1,1,33.0
1,0,1,3,1,1724.1379309999998,1,1,80.0
1,0,1,2,1,1282.728801,1,0,53.4
1,0,1,1,1,742.0048972,1,1,100.0
1,0,0,1,1,586.9947276,1,1,16.7
0,0,0,3,1,1500.0,1,1,60.0
0,0,0,2,1,1169.916435,1,1,21.0
1,0,0,3,1,1573.818717,1,1,85.6
0,0,0,2,1,790.0334245,1,1,26.0
1,0,1,4,1,2355.072464,1,1,130.0
0,0,0,2,1,1100.034376,1,1,32.0
1,0,1,2,1,1200.087279,1,1,55.0
1,0,1,3,1,1081.402006,1,1,510.0
1,0,0,4,1,1941.176471,1,0,990.0
1,1,1,2,1,629.0099384,0,1,150.0
1,0,0,2,1,1149.802891,1,1,35.0
1,0,0,3,1,1383.535923,1,1,420.0
1,1,1,2,1,1526.470588,0,1,51.9
0,0,1,2,1,781.0413884999999,1,1,23.4
0,0,0,4,1,1600.0,1,1,100.0
1,0,0,2,1,846.7085368999999,1,1,36.4
1,0,1,3,1,1300.0,1,1,130.0
0,0,0,2,1,1100.244499,1,1,45.0
0,0,1,2,1,1100.296234,1,1,26.0
1,0,0,2,1,1226.857015,1,1,55.0
1,0,1,2,1,1230.2138289999998,1,1,44.3
1,0,1,3,1,1162.913627,1,1,110.0
0,0,1,2,1,944.8035803,1,1,38.0
1,0,0,1,1,680.0870510999999,1,1,50.0
0,0,0,2,1,810.0810081000001,1,1,27.0
0,0,0,2,1,950.0745156,1,1,51.0
1,0,0,2,1,1075.351409,1,1,140.0
0,0,0,2,1,1260.080645,1,1,75.0
1,0,0,2,1,1211.895218,1,1,390.0
1,0,0,3,1,1616.062684,1,1,99.0
0,0,0,2,1,700.1166861,1,1,30.0
0,0,0,2,1,1291.711518,1,1,48.0
1,1,0,2,1,1029.962547,0,1,55.0
1,0,0,2,1,1050.119332,1,1,88.0
1,0,0,2,1,1100.025582,1,1,86.0
0,0,0,2,1,950.0,1,1,38.0
1,0,1,3,1,1602.30074,1,1,58.5
0,0,0,3,1,1854.905194,1,1,45.0
0,0,0,1,1,315.0481838,1,1,17.0
1,1,1,2,1,929.5531505,0,1,140.0
0,0,1,2,1,989.9208063,1,1,55.0
2,1,1,2,1,906.25,0,0,29.0
1,0,0,3,1,1862.421147,1,1,62.0
1,0,0,2,1,950.0577738,1,1,74.0
0,0,0,3,1,2050.2306510000003,1,1,40.0
1,0,0,3,1,1920.0,1,1,120.0
0,0,0,2,1,960.0698233,1,1,44.0
0,0,0,2,1,944.9811004,1,1,45.0
1,0,0,3,1,2085.195115,1,1,140.0
1,0,0,2,1,1450.230719,1,1,88.0
0,0,0,4,1,2200.4889980000003,1,1,90.0
0,1,0,2,1,900.090009,0,1,30.0
0,0,0,3,1,1364.213198,1,1,43.0
0,0,0,3,1,2000.0,1,1,90.0
0,0,0,3,1,1300.213468,1,1,67.0
1,0,0,2,1,800.0,1,1,11.0
0,0,0,1,1,600.0,1,1,15.6
0,0,0,2,1,850.2772643,1,1,23.0
2,1,1,1,1,416.4300587,0,0,110.0
0,0,0,3,1,1180.637544,1,1,130.0
1,0,1,1,1,484.6858225,1,1,30.7
1,0,1,2,1,1200.097967,1,1,49.0
0,0,0,2,1,49.80079681,1,1,30.0
1,0,0,2,1,1188.461538,1,1,61.8
1,0,0,4,1,2279.792746,1,1,88.0
1,1,1,2,1,1096.950387,0,1,24.1
0,0,0,1,1,629.9212597999999,1,1,8.0
0,0,0,3,1,1421.351864,1,1,45.0
1,0,0,2,1,990.2624195,1,1,60.0
0,0,0,3,1,1850.0,1,1,74.0
0,0,0,2,1,1200.154859,1,1,62.0
1,0,0,3,1,1300.020313,1,1,320.0
1,0,0,3,1,1160.092807,1,1,55.0
1,0,0,3,1,1188.636634,1,1,100.0
0,0,0,4,1,1562.124489,1,1,130.0
0,0,0,3,1,2278.390886,1,1,64.0
1,0,0,3,1,1250.0,1,1,57.0
1,0,0,4,1,1709.077098,1,1,270.0
0,0,0,2,1,1648.275862,1,1,47.8
1,0,0,3,1,1550.19685,1,1,63.0
1,0,0,2,1,909.6774194,1,1,28.2
0,0,0,3,1,1762.891141,1,1,80.0
1,0,0,2,1,816.1599673999999,1,1,40.0
0,0,0,2,1,575.0569067000001,1,1,48.0
0,0,0,1,1,625.0,1,1,40.0
1,0,1,2,1,685.9494683999999,1,1,180.0
2,1,1,1,1,1010.88647,0,0,13.0
1,1,0,1,1,428.1155133,0,1,110.0
1,0,1,3,1,1348.717949,1,1,52.6
0,0,0,3,1,1179.801793,1,1,50.0
1,0,1,2,1,799.0747554999999,1,1,76.0
0,0,0,4,1,2000.0,1,1,75.0
1,1,1,4,1,2025.052192,0,1,48.5
1,1,0,2,1,1025.190393,0,1,35.0
1,0,0,2,1,899.6937213,1,1,23.5
0,1,1,1,1,613.0268199,0,1,56.0
0,0,1,3,1,1491.712707,1,1,27.0
1,0,1,3,1,1721.355568,1,1,160.0
1,0,0,3,1,1503.225806,1,1,46.6
1,0,1,3,1,1301.385593,1,1,170.0
0,0,0,3,1,1395.089286,1,1,50.0
0,0,0,2,1,1015.531661,1,1,17.0
1,1,1,2,1,880.0396017999999,0,1,160.0
1,0,0,4,1,2690.954254,1,1,260.0
1,0,0,1,1,670.0416915,1,1,90.0
1,1,1,2,1,1235.087719,0,1,88.0
0,0,0,3,1,1620.2742,1,1,78.0
1,0,0,1,1,650.1182033,1,1,33.0
1,0,1,2,1,1185.034705,1,1,70.0
0,0,0,1,1,572.0228808999999,1,1,22.0
1,0,0,3,1,1747.056589,1,1,46.0
1,0,0,1,0,350.009052,1,1,58.0
0,1,1,3,1,1505.26844,0,1,60.0
1,0,1,2,1,1272.827892,1,1,69.0
1,0,0,4,1,3899.835796,1,1,380.0
1,0,0,1,1,649.0599821000001,1,1,58.0
0,0,0,2,1,1005.137369,1,1,45.0
0,0,0,2,1,1235.037051,1,1,65.0
1,0,1,4,1,3278.03432,1,1,1150.0
1,1,1,2,1,570.077172,0,1,22.9
1,1,0,2,1,750.0,0,1,42.0
1,0,0,2,1,1050.262566,1,1,28.0
1,0,0,3,1,1897.810219,1,1,130.0
1,0,1,3,1,1715.039578,1,1,65.0
0,0,0,2,1,600.0,1,1,22.5
1,0,0,1,1,584.0191133999999,1,1,22.0
1,1,1,1,1,471.0113899,0,0,110.0
0,0,0,2,1,968.75,1,1,62.0
1,0,0,3,1,1395.131086,1,1,74.5
0,0,0,2,1,975.2925878,1,1,30.0
1,1,1,2,1,494.7242683999999,0,0,49.7
1,0,0,2,1,601.0016694,1,1,90.0
0,0,0,1,1,620.0268678,1,1,60.0
1,1,1,2,1,574.5475438,0,0,140.0
0,0,0,1,1,600.1655628999999,1,1,14.5
1,1,1,1,1,325.9191492,0,0,57.0
1,1,1,3,1,1605.010765,0,1,82.0
1,1,1,2,1,1055.743243,0,1,150.0
1,0,0,2,1,909.0909091,1,1,85.0
0,0,0,3,1,1362.1123220000002,1,1,65.0
1,1,1,1,1,699.4963626,0,1,100.0
1,0,1,3,1,1450.116009,1,1,150.0
0,0,0,2,1,605.9938298999999,1,1,55.0
0,0,0,3,1,1454.898157,1,1,60.0
1,0,1,3,1,2500.0,1,1,85.0
0,0,0,2,1,900.2057613,1,1,35.0
1,0,1,2,1,962.0068193,1,1,79.0
0,0,0,3,1,1583.614865,1,1,37.5
1,1,1,2,1,1260.869565,0,1,23.2
1,0,0,3,1,1567.132571,1,1,74.0
1,1,0,1,1,353.0349618,0,1,31.0
0,0,1,2,1,667.0001668,1,1,160.0
1,0,1,3,1,1255.88697,1,1,120.0
1,0,0,2,1,1250.0,1,1,48.0
0,0,0,3,1,1462.293712,1,1,70.0
0,0,0,2,1,1250.0,1,1,28.0
1,0,1,2,1,1020.122974,1,1,73.0
1,0,1,3,1,2320.269296,1,1,96.5
1,0,0,2,1,813.1241084,1,1,34.2
0,0,1,3,1,1838.685952,1,1,75.0
1,0,0,3,1,1487.910725,1,1,120.0
0,0,0,2,1,899.8435055,1,1,23.0
0,0,0,2,1,1139.864449,1,1,74.0
1,0,1,2,1,882.0845585000001,1,1,87.0
0,0,0,3,1,1600.0,1,1,64.0
1,1,1,2,1,649.4498778,0,1,170.0
1,0,0,2,1,759.8784195000001,1,1,25.0
0,0,0,2,1,905.0823857,1,1,39.0
1,0,0,3,1,1523.925632,1,1,100.0
0,0,0,2,1,650.0956022999999,1,1,17.0
0,0,0,3,1,2350.42735,1,1,110.0
1,0,0,3,1,1417.23356,1,1,100.0
2,1,1,3,1,1353.046595,0,0,60.4
1,0,1,3,1,1616.37931,1,1,240.0
1,0,1,2,1,1363.9281130000002,1,1,170.0
1,0,0,4,1,1735.00137,1,1,190.0
1,0,1,3,1,1380.2605210000002,1,1,55.1
1,0,0,2,1,1099.975556,1,1,180.0
0,0,0,1,1,750.0,1,1,30.0
1,1,1,2,1,851.5815085,0,1,31.5
1,1,1,2,1,862.5026953,0,1,120.0
1,0,0,3,1,2199.7360320000003,1,1,250.0
1,0,0,2,1,1151.9790890000002,1,1,61.7
1,0,1,2,1,1000.0,1,1,46.0
1,0,0,2,1,825.0068751,1,1,90.0
1,0,0,3,1,1350.048216,1,1,42.0
1,0,0,3,1,1365.999824,1,1,310.0
1,0,1,4,1,3358.6706740000004,1,1,190.0
1,0,1,3,1,1341.136308,1,1,110.0
0,0,0,3,1,1157.024793,1,1,35.0
0,0,0,3,1,1100.28293,1,1,35.0
1,1,1,2,1,725.8298655,0,1,150.0
1,1,1,1,1,449.9943751,0,1,120.0
1,0,0,6,1,2100.105005,1,1,60.0
0,0,0,2,1,950.0146156,1,1,65.0
1,0,0,3,1,2104.457624,1,1,110.0
1,0,1,2,1,1125.0,1,1,60.3
1,0,0,1,1,553.5311469999999,1,1,31.9
0,0,0,2,1,1120.071685,1,1,50.0
1,1,1,2,1,939.0773565,0,1,80.0
1,0,1,1,1,600.0,1,1,27.0
1,1,0,2,1,849.8583569,0,1,36.0
0,0,0,3,1,1449.650531,1,1,56.0
1,0,0,3,1,1714.285714,1,1,240.0
1,0,0,4,1,1940.298507,1,1,130.0
0,0,0,2,1,1163.050772,1,1,52.0
1,0,1,2,1,749.9525346,1,1,79.0
0,0,0,2,1,1079.365079,1,1,34.0
1,0,0,2,1,1359.084406,1,1,95.0
0,0,0,1,1,630.169358,1,1,16.0
1,0,0,2,1,1181.0558640000002,1,1,100.0
1,0,0,3,1,2277.142857,1,1,79.7
0,0,1,3,1,1157.050293,1,1,75.0
2,1,1,2,1,1091.314031,0,0,58.8
1,0,0,1,1,900.0,1,1,13.5
0,0,0,3,1,1265.08369,1,1,65.0
1,0,0,3,1,1876.696394,1,1,96.8
0,0,1,4,1,3299.967,1,1,300.0
1,1,1,2,1,784.64923,0,1,32.1
1,0,1,2,1,850.0,1,1,34.0
1,1,0,3,1,1288.888889,0,1,58.0
0,0,0,2,1,1156.069364,1,1,32.0
0,0,0,3,1,1400.098831,1,1,85.0
1,0,1,2,1,574.1387917999999,1,1,23.0
1,0,0,4,1,3214.613736,1,1,630.0
1,0,0,3,1,1395.149174,1,1,130.0
1,0,0,1,1,650.0847937000001,1,1,46.0
1,0,0,4,1,3400.309119,1,1,110.0
1,0,0,3,1,2375.0,1,1,190.0
1,1,0,4,1,3600.036,0,1,1600.0
2,1,1,4,1,2666.666667,0,0,120.0
0,0,0,2,1,980.0490025,1,1,28.0
1,0,0,2,1,1079.913607,1,1,70.0
0,0,1,3,1,1875.498803,1,1,47.0
1,0,1,2,1,1410.324641,1,1,53.0
0,0,0,2,1,930.0444804,1,1,46.0
1,1,1,3,1,1352.459016,0,0,52.8
0,0,0,3,1,1402.196775,1,1,60.0
0,0,1,3,1,2243.060765,1,1,29.9
1,1,1,2,1,539.3939393999999,0,1,71.2
1,0,0,5,1,5284.194838,1,1,780.0
0,0,0,2,1,758.0500893999999,1,1,33.9
0,0,0,2,1,1100.196464,1,1,28.0
0,0,0,2,1,1210.202942,1,1,65.0
1,1,1,3,1,1596.365199,0,1,260.0
0,0,0,1,1,654.0118041000001,1,1,41.0
1,1,0,3,1,1412.133891,0,1,54.0
0,0,0,3,1,824.8880508999999,1,1,35.0
0,0,1,2,1,1435.03698,1,1,130.0
1,0,1,3,1,1077.145935,1,1,290.0
1,1,1,3,1,1563.1556859999998,0,1,74.5
0,0,0,1,1,700.1321004,1,1,15.9
0,0,0,2,1,1025.056948,1,1,18.0
0,0,0,1,1,538.1855459,1,1,21.0
1,0,1,3,1,1650.165017,1,1,90.0
0,0,0,3,1,1525.262154,1,1,80.0
1,0,0,3,1,1151.877133,1,1,54.0
0,0,1,3,1,1299.145299,1,1,38.0
0,0,0,3,1,1500.176491,1,1,85.0
0,0,0,3,1,1087.12533,1,1,70.0
1,0,0,4,1,2491.064659,1,1,230.0
1,0,0,4,1,1800.25047,1,1,115.0
1,0,0,2,1,1030.029316,1,1,130.0
1,1,0,3,1,3006.409893,0,1,530.0
0,1,0,3,1,1350.114416,0,1,59.0
1,0,0,2,1,1200.0,1,1,120.0
1,0,0,3,1,3409.936348,1,1,1650.0
0,1,0,2,1,1100.173712,0,1,38.0
0,0,0,3,1,1520.064856,1,1,75.0
1,0,0,3,1,1822.157434,1,1,100.0
0,0,0,2,1,927.1523179,1,1,21.0
1,0,1,2,1,901.9040196,1,1,81.0
1,1,0,2,1,1108.021077,0,1,75.7
1,0,0,4,1,2572.729072,1,0,130.0
1,1,1,1,1,644.0382942000001,0,1,37.0
0,0,0,3,1,1230.269266,1,1,53.0
1,0,0,3,1,1100.110011,1,1,90.0
1,0,0,3,1,2004.454343,1,1,180.0
1,0,0,3,1,2905.190234,1,1,520.0
0,0,0,2,1,1300.148588,1,1,35.0
0,0,0,2,1,1105.108055,1,1,45.0
0,0,0,2,1,1046.963805,1,1,35.0
1,0,0,1,1,650.0541712,1,1,42.0
0,0,1,2,1,778.0659504,1,1,42.0
1,0,0,2,1,1313.197636,1,1,140.0
1,1,0,3,1,1286.486486,0,1,35.7
1,0,0,4,1,4158.580538,1,1,300.0
0,0,0,2,1,886.9179601,1,1,36.0
1,0,0,3,1,1350.256549,1,1,50.0
1,1,0,4,1,1802.631579,0,1,68.5
0,1,0,3,1,1425.047958,0,1,52.0
1,0,0,3,1,2146.666667,1,1,80.5
0,0,0,2,1,700.0297885,1,1,23.5
0,0,0,3,1,1170.177198,1,1,35.0
0,0,0,3,1,1400.124456,1,1,45.0
1,0,0,2,1,949.9136442,1,1,22.0
0,0,0,1,1,849.9386155,1,1,90.0
1,0,0,1,1,693.131695,1,1,33.0
1,0,0,3,1,1600.0,1,1,160.0
1,0,0,2,1,905.0609531,1,1,49.0
1,0,1,3,1,1466.27566,1,1,140.0
1,0,1,2,1,1180.132279,1,1,91.0
1,0,1,3,1,1720.0796670000002,1,1,95.0
0,0,0,2,1,1100.060277,1,1,73.0
0,0,0,1,1,324.0564239,1,1,8.5
1,0,1,1,1,660.0277906,1,1,57.0
2,1,1,2,1,1160.0,0,0,43.5
0,1,0,1,1,648.5714286,0,1,22.7
0,1,1,3,1,1504.651163,0,1,64.7
0,0,0,2,1,1000.0,1,1,26.0
1,0,0,3,1,1200.1297439999998,1,1,37.0
1,0,0,3,1,1300.108342,1,1,60.0
1,0,0,2,1,994.8415623,1,1,54.0
0,0,0,3,1,1200.252685,1,1,38.0
0,0,0,5,1,107.0005083,1,1,40.0
0,0,0,3,1,2250.225023,1,1,150.0
1,0,1,3,1,1700.457816,1,1,52.0
1,0,0,3,1,1733.232856,1,1,92.0
1,0,1,2,1,985.0368216,1,1,210.0
1,0,1,3,1,2636.976267,1,1,90.0
0,0,0,3,1,1175.088132,1,1,40.0
1,0,0,3,1,1448.37575,1,1,140.0
1,0,0,2,1,1164.835165,1,1,26.5
0,0,1,1,1,773.3333332999999,1,1,34.8
1,1,0,2,1,858.2524271999999,0,1,22.1
0,0,0,2,1,844.4714458999999,1,1,13.9
1,0,0,1,1,635.021432,1,1,40.0
1,0,0,2,1,900.0,1,1,90.0
1,1,1,3,1,643.2604959,0,1,26.2
1,1,1,3,1,1733.6255170000002,0,1,71.2
0,0,0,3,1,252.009263,1,1,37.0
1,0,0,1,1,400.0,1,1,37.0
1,0,0,3,1,1619.989017,1,1,29.5
0,1,1,3,1,1934.826884,0,1,95.0
1,0,1,3,1,2341.920375,1,1,100.0
1,0,0,2,1,1291.732909,1,1,65.0
1,0,1,2,1,955.0490258,1,1,75.0
0,0,0,2,1,1242.236025,1,1,50.0
0,1,1,2,1,949.9136442,0,1,55.0
0,0,0,2,1,700.1909612000001,1,1,22.0
0,0,0,3,1,1636.125654,1,1,150.0
1,0,0,2,1,1208.163265,1,1,59.2
1,0,0,2,1,800.0,1,1,95.0
1,0,0,3,1,1562.757032,1,1,95.0
1,0,1,3,1,1700.1020059999998,1,1,200.0
1,1,1,1,1,549.0337728,0,1,30.4
1,1,1,3,1,2641.90217,0,1,330.0
0,0,0,1,1,530.0018928999999,1,1,28.0
1,1,1,4,1,2710.0271,0,1,250.0
1,0,1,3,1,1660.068957,1,1,130.0
0,0,0,2,1,908.1861159,1,1,36.5
1,1,1,1,1,745.7322552,0,0,24.9
1,0,0,2,1,1250.0,1,1,47.0
0,0,0,2,1,838.1351493,1,1,16.0
1,0,0,5,1,3350.744062,1,1,340.0
1,1,1,3,1,2501.954652,0,1,160.0
1,0,0,3,1,1221.0724369999998,1,1,64.9
0,0,1,3,1,2100.350058,1,1,90.0
0,0,0,3,1,2115.003305,1,1,160.0
2,1,1,1,1,676.9230769,0,0,17.6
0,0,0,2,1,755.033557,1,1,45.0
0,0,0,1,1,374.03400310000006,1,1,12.1
0,1,0,2,1,1080.246914,0,1,31.5
1,0,0,1,1,597.1534653,1,1,19.3
1,0,0,3,1,1980.19802,1,1,92.0
1,1,0,2,1,820.802005,0,1,26.2
1,1,0,2,1,887.8787879,0,1,29.3
0,0,0,2,1,712.1057986000001,1,1,35.0
1,0,0,3,1,2080.0,1,1,130.0
1,0,0,3,1,1026.15359,1,1,61.6
1,0,1,2,1,1124.903026,1,1,29.0
0,0,0,3,1,1266.506603,1,1,42.2
1,1,0,2,1,748.0,0,1,18.7
0,0,0,4,1,2170.20617,1,1,140.0
1,0,0,2,1,932.0175439,1,1,68.0
1,0,0,3,1,1682.894579,1,1,140.0
0,0,0,2,1,1195.090439,1,1,74.0
1,0,0,2,1,775.1091703,1,1,42.6
0,0,0,2,1,1150.234742,1,1,49.0
1,0,0,2,1,750.0144234,1,1,130.0
1,0,1,4,1,2586.578531,1,1,180.0
0,0,0,3,1,1166.407465,1,1,120.0
1,0,0,3,1,1521.1439,1,1,100.0
0,0,0,2,1,1040.066186,1,1,88.0
0,0,0,4,1,1829.92465,1,1,85.0
0,0,1,2,1,1150.3697619999998,1,1,28.0
0,0,0,3,1,1530.891197,1,1,56.0
0,1,1,3,1,1495.056667,0,1,62.0
1,1,1,2,1,898.1058132000002,0,0,110.0
1,0,0,2,1,1190.059503,1,1,170.0
1,0,0,2,1,1056.059139,1,1,120.0
0,0,0,2,1,950.04597,1,1,31.0
0,0,1,2,1,852.9188778999999,1,1,45.0
1,1,1,3,1,1104.09398,0,0,250.0
1,0,0,2,1,1250.0,1,1,90.0
1,0,0,1,1,610.0422337,1,1,52.0
1,0,0,4,1,1600.365798,1,1,35.0
1,1,1,2,1,800.0,0,0,46.4
0,0,0,1,1,618.0932759,1,1,33.0
0,0,0,2,1,928.135773,1,1,35.0
1,1,1,2,1,820.0040494,0,1,81.0
1,0,1,3,1,970.0636278,1,0,93.0
1,1,1,2,1,949.5077802,0,1,29.9
0,0,0,2,1,952.0182787999998,1,1,12.5
1,0,0,2,1,1099.009901,1,1,99.9
1,0,1,2,1,878.4425451,1,1,18.5
0,0,1,1,1,509.97782710000007,1,1,23.0
0,0,0,2,1,1065.292096,1,1,31.0
1,0,1,3,1,1595.084776,1,1,270.0
2,1,0,3,1,1385.31848,0,0,48.5
1,0,1,3,1,1295.088258,1,1,67.5
1,0,1,2,1,1150.086256,1,1,80.0
0,0,0,3,1,1660.050523,1,1,92.0
0,0,0,3,1,1319.648094,1,1,45.0
1,0,0,3,1,1746.09696,1,1,85.0
0,0,0,3,1,1200.092315,1,1,52.0
0,0,0,3,1,1945.272987,1,1,150.0
0,0,0,1,1,750.0468779,1,1,40.0
0,0,0,1,1,540.0,1,1,27.0
1,0,0,3,1,1700.198356,1,1,60.0
1,0,0,1,1,458.5218703,1,1,15.2
1,1,0,1,0,400.0,0,1,45.0
1,1,1,3,1,1627.966755,0,1,190.0
0,0,0,2,1,1550.0,1,1,62.0
0,0,0,3,1,1078.241637,1,1,39.0
1,0,0,3,1,1500.133941,1,1,56.0
0,0,1,4,1,2600.0,1,1,130.0
0,0,0,2,1,10301.50754,1,1,41.0
1,0,1,3,1,1389.813582,1,1,83.5
1,1,1,3,1,1345.023413,0,1,540.0
1,0,1,3,1,1805.555556,1,1,130.0
1,0,1,2,1,1129.827445,1,1,27.5
1,0,1,3,1,1935.483871,1,1,66.0
0,0,1,2,1,1215.361446,1,1,80.7
1,0,0,2,1,1002.793496,1,1,140.0
1,0,0,3,1,1125.124461,1,1,33.9
1,1,0,3,1,1335.384615,0,1,43.4
1,0,0,2,1,1046.0251050000002,1,1,75.0
0,0,0,3,1,700.0,1,1,42.0
1,1,1,1,1,709.9391481,0,1,52.5
1,0,0,1,1,650.0541712,1,1,54.0
0,0,0,3,1,1866.832607,1,1,150.0
0,0,0,1,1,800.0,1,1,14.8
1,0,0,3,1,1300.236407,1,1,55.0
1,0,0,1,1,699.6501749,1,1,42.0
2,1,1,4,1,2485.0,0,0,99.4
0,0,0,2,1,1000.0,1,1,52.0
0,0,0,3,1,1280.097531,1,1,42.0
0,0,0,3,1,1470.287931,1,1,72.0
0,0,0,2,1,850.0510031,1,1,25.0
1,0,0,3,1,1155.263158,1,1,43.9
1,0,0,2,1,900.0661812999999,1,1,68.0
1,1,1,1,1,416.4262358,0,1,43.3
0,0,1,1,1,620.0177147999999,1,1,28.0
1,0,0,3,1,2100.025846,1,1,650.0
1,0,1,3,1,1803.801859,1,1,130.0
1,1,0,3,1,1569.858713,0,1,120.0
1,1,0,3,1,1981.047974,0,1,600.0
2,1,1,2,1,900.0,0,0,27.0
1,0,0,2,1,840.0273009,1,1,160.0
0,1,0,2,1,1479.885057,0,1,51.5
0,0,0,2,1,1172.1366380000002,1,1,35.0
1,0,0,2,1,995.0248756,1,1,78.0
0,0,0,1,1,584.03634,1,1,27.0
0,0,0,1,1,611.0711717999999,1,1,34.0
1,0,0,2,1,1230.12869,1,1,65.0
0,0,0,2,1,712.081652,1,1,30.0
0,0,0,1,1,475.03314180000007,1,1,21.5
1,1,1,3,1,1623.6559140000002,0,1,75.5
1,0,0,3,1,1982.406145,1,1,160.0
0,0,0,2,1,915.0326797,1,1,35.0
1,0,1,1,1,475.0175932,1,1,54.0
1,0,0,2,1,944.6153846,1,1,61.4
0,1,0,3,1,1405.481377,0,1,40.0
1,0,0,3,1,1660.072252,1,1,96.5
1,0,1,2,1,909.526089,1,1,38.0
1,0,0,4,1,3938.461538000001,1,1,320.0
1,0,1,2,1,1244.444444,1,1,44.8
1,0,1,2,1,1275.016139,1,1,79.0
0,0,0,2,1,1177.212529,1,1,56.0
1,0,0,2,1,1150.020125,1,1,400.0
1,1,1,1,1,424.00881060000006,0,0,92.4
0,0,0,3,1,2000.0,1,1,70.0
1,0,0,3,1,1460.427136,1,1,46.5
1,1,1,2,1,980.9691976,0,1,100.0
1,0,0,2,1,1250.0,1,1,120.0
1,0,0,3,1,1690.0676030000002,1,1,390.0
0,1,0,1,1,701.7543860000001,0,1,14.8
1,1,1,3,1,743.7790539,0,1,27.2
0,0,1,2,1,930.156658,1,1,28.5
0,0,0,2,1,800.0,1,1,25.0
0,0,0,1,1,559.8755832,1,1,18.0
1,0,0,2,1,1150.0,1,1,92.0
1,0,0,3,1,883.6524300000001,1,1,270.0
0,0,0,2,1,1264.077224,1,1,55.0
1,0,0,3,1,1981.030136,1,1,330.0
1,1,0,2,1,780.1980198,0,1,19.7
1,1,1,2,1,730.2533532000001,0,1,19.6
1,0,1,2,1,1123.126785,1,1,350.0
1,0,0,2,1,1032.080502,1,1,120.0
1,0,0,3,1,1839.401243,1,1,870.0
0,0,0,2,1,960.0808489,1,1,38.0
0,0,0,2,1,1379.0386130000002,1,1,70.0
1,0,1,2,1,847.8091780999999,1,1,32.7
0,0,0,8,1,2720.0,1,1,170.0
0,0,0,3,1,2285.278994,1,1,120.0
0,0,0,2,1,810.0445525,1,1,20.0
0,0,0,2,1,640.0931045,1,1,22.0
1,0,0,2,1,1065.06584,1,1,110.0
1,0,0,2,1,980.0918836,1,1,64.0
1,0,0,3,1,1650.312221,1,1,37.0
1,0,0,3,1,1827.242525,1,1,88.0
1,1,1,3,1,1684.801685,0,1,240.0
1,0,0,3,1,1680.210325,1,1,70.3
1,1,1,1,1,476.0080976,0,1,87.0
1,0,0,1,1,750.0,1,1,240.0
0,0,0,2,1,712.0058925,1,1,29.0
1,0,0,3,1,1307.189542,1,1,86.0
1,0,0,5,1,2949.852507,1,1,300.0
1,0,1,1,1,594.0940066000001,1,1,34.0
1,0,1,2,1,1414.177126,1,1,80.0
1,0,1,3,1,2432.7784890000003,1,1,190.0
1,0,0,3,1,2400.0,1,1,120.0
1,0,0,2,1,860.0917431,1,1,15.0
1,0,0,3,1,1776.649746,1,1,140.0
1,1,0,3,1,1200.0,0,1,53.4
1,0,0,4,1,1850.007115,1,1,130.0
1,0,0,1,1,650.0171057,1,1,95.0
1,1,1,1,1,409.9800867,0,0,70.0
1,1,0,2,1,848.7778673,0,1,31.6
0,0,0,2,1,1200.0,1,1,66.0
0,0,0,1,1,350.140056,1,1,7.5
1,1,0,2,1,971.066191,0,1,49.0
1,0,0,2,1,1355.140187,1,1,58.0
1,1,0,2,1,581.2220566000001,0,1,39.0
1,0,0,2,1,1338.475499,1,1,29.5
1,1,1,2,1,715.0595883,0,1,33.0
1,0,1,3,1,1404.918033,1,1,85.7
0,0,0,3,1,1442.307692,1,1,42.0
1,0,0,2,1,1328.2051279999998,1,1,51.8
0,0,0,2,1,1010.10101,1,1,68.0
1,0,0,1,1,600.0342877,1,1,70.0
0,0,0,3,1,1660.23166,1,1,86.0
1,0,0,3,1,1605.136437,1,1,230.0
0,0,0,2,1,1200.120012,1,1,40.0
1,0,0,3,1,1398.713826,1,1,52.2
1,0,0,1,1,600.0436394999999,1,1,55.0
1,0,0,3,1,2000.0,1,1,130.0
1,0,1,3,1,2040.081603,1,1,170.0
0,1,1,2,1,876.0402979,0,1,40.0
0,0,0,2,1,1010.10101,1,1,50.0
0,0,0,2,1,1200.0,1,1,48.0
1,0,1,1,1,699.408284,1,1,59.1
2,1,1,2,1,1069.444444,0,0,38.5
1,0,0,4,1,2659.574468,1,1,100.0
1,0,1,2,1,1255.0607289999998,1,1,31.0
1,0,0,1,1,1600.0,1,1,17.6
0,0,0,1,1,560.1034037000001,1,1,26.0
1,0,0,1,1,602.6406618,1,1,110.0
1,0,0,4,1,2596.728123,1,1,200.0
0,0,0,1,1,349.8190591,1,1,14.5
1,0,0,2,1,1139.211666,1,1,50.0
1,0,1,2,1,1157.052918,1,1,68.0
1,1,0,2,1,901.5384615,0,1,29.3
0,0,0,3,1,960.0,1,1,60.0
1,0,0,2,1,1100.063465,1,1,52.0
0,0,0,3,1,1440.144014,1,1,80.0
0,0,0,2,1,1235.177866,1,1,100.0
0,0,0,2,1,1649.917504,1,1,110.0
1,1,1,1,1,391.4590747,0,1,35.2
0,1,1,2,1,1250.0,0,1,55.0
1,1,1,2,1,1095.290252,0,1,160.0
1,0,0,1,1,566.0048763,1,1,130.0
1,0,0,3,1,1200.0,1,1,27.0
1,0,1,2,1,1109.813084,1,1,57.0
1,0,0,2,1,840.0,1,1,42.0
0,0,1,3,1,1935.297516,1,1,67.0
1,0,0,2,1,969.6969697,1,1,160.0
1,0,1,2,1,1012.011245,1,1,79.2
1,0,0,2,1,1070.090958,1,1,100.0
2,1,0,3,1,1421.212121,0,0,46.9
1,0,1,3,1,2049.705355,1,1,80.0
1,1,1,3,1,1450.021049,0,1,310.0
0,0,0,3,1,1672.240803,1,1,75.0
1,0,0,2,1,900.2770082999999,1,1,26.0
1,1,1,2,1,1163.384391,0,1,31.9
0,0,0,2,1,900.1636661,1,1,22.0
1,1,1,2,1,1398.073418,0,1,53.7
1,0,1,1,1,764.8523657000001,1,1,64.5
1,1,1,2,1,1274.141631,0,1,95.0
1,0,0,2,1,1070.072489,1,1,62.0
1,1,1,3,1,1350.98622,0,0,100.0
1,0,1,1,1,385.98116410000006,1,1,75.0
1,0,0,3,1,1600.0,1,1,86.0
1,0,0,3,1,1854.903003,1,1,69.8
1,0,0,2,1,1507.348323,1,1,120.0
1,0,1,2,1,792.1419517999999,1,1,25.0
0,0,0,4,1,2193.8572,1,1,330.0
1,0,1,2,1,1100.016923,1,1,130.0
1,0,0,5,1,4612.850082,1,1,140.0
1,1,1,1,1,590.0401227000001,0,1,25.0
1,0,0,2,1,1137.656428,1,1,110.0
0,0,0,2,1,800.0,1,1,20.0
1,0,0,2,1,1025.4498,1,1,110.0
1,0,0,1,1,660.0660066,1,1,20.0
1,0,0,2,1,1100.478469,1,1,23.0
1,0,0,1,1,350.05834310000006,1,1,15.0
0,0,0,1,1,640.0931045,1,1,22.0
0,0,0,2,1,1200.087279,1,1,55.0
1,0,1,3,1,2237.970906,1,1,120.0
0,0,1,3,1,1725.200246,1,1,28.0
1,0,0,2,1,1444.141689,1,1,79.5
0,0,0,2,1,1305.220884,1,1,65.0
1,0,1,2,1,1160.092807,1,1,65.0
0,0,0,3,1,1650.165017,1,1,90.0
1,0,1,4,1,2143.163309,1,1,100.0
0,0,0,2,1,839.9440037,1,1,18.0
1,0,1,3,1,1235.230934,1,1,34.5
1,0,0,3,1,1800.5540170000002,1,1,52.0
0,0,0,2,1,1155.042203,1,1,52.0
1,0,0,2,1,1052.983024,1,1,410.0
1,0,0,4,1,1695.364238,1,1,64.0
0,0,0,2,1,735.1077313,1,1,29.0
1,0,1,2,1,1028.118419,1,1,83.0
0,0,0,2,1,1000.0,1,1,45.0
1,0,0,2,1,830.0,1,1,83.0
0,0,0,1,1,516.6931638,1,1,19.5
1,1,1,1,1,650.0,0,1,65.0
0,0,0,4,1,3400.204012,1,1,200.0
1,0,1,2,1,682.0950061000001,1,1,140.0
2,1,1,1,1,473.3333333000001,0,0,28.4
1,0,0,2,1,1105.044202,1,1,85.0
1,0,0,3,1,1611.495333,1,1,240.0
1,0,0,2,1,989.6790612,1,1,140.0
1,0,1,3,1,1822.017645,1,1,190.0
1,1,1,3,1,2533.333333,0,1,190.0
1,0,1,3,1,2300.279764,1,1,74.0
0,0,0,3,1,1585.014409,1,1,110.0
0,0,0,3,1,1500.0,1,1,30.0
0,0,0,3,1,785.1934941000001,1,1,28.0
0,0,0,1,1,900.0,1,1,45.0
1,0,1,2,1,949.6510469,1,1,38.1
0,0,0,3,1,1550.169109,1,1,110.0
0,0,0,2,1,998.3193277,1,1,29.7
0,0,0,1,1,328.05866460000004,1,1,17.0
0,0,0,1,1,469.924812,1,1,25.0
0,0,0,2,1,700.0538502999999,1,1,13.0
0,0,0,1,1,687.521485,1,1,20.0
0,0,0,2,1,550.1481167999999,1,1,13.0
1,0,0,2,1,1323.308271,1,1,44.0
1,1,1,3,1,1775.037369,0,1,190.0
1,0,0,3,1,1330.023054,1,1,450.0
1,0,1,5,1,5800.334635,1,1,520.0
1,0,1,3,1,150232.5581,1,0,6460.0
1,0,0,1,1,643.0408687999999,1,1,22.5
1,0,1,1,1,850.0,1,1,27.2
1,0,1,2,1,1175.088132,1,1,80.0
0,0,0,2,1,680.0,1,1,27.2
1,0,1,3,1,2350.094111,1,1,87.4
1,1,1,3,1,642.0711974,0,0,49.6
0,0,1,2,1,910.1585437,1,1,31.0
1,0,0,2,1,1325.158228,1,1,67.0
1,0,0,2,1,1049.090909,1,1,57.7
0,0,0,2,1,949.8480243,1,1,25.0
1,0,0,2,1,1175.059952,1,1,98.0
1,0,1,3,1,1943.75703,1,1,86.4
1,0,0,3,1,2435.0649350000003,1,1,150.0
1,0,1,1,1,712.9616427,1,1,100.0
0,0,0,3,1,1380.096227,1,1,54.5
1,0,0,2,1,1049.1884220000002,1,1,170.0
0,1,0,2,1,1150.049358,0,1,69.9
1,0,1,2,1,834.747767,1,1,300.0
1,0,1,2,1,1291.274673,1,1,140.0
1,0,1,4,1,2086.230876,1,1,45.0
1,0,1,4,1,3851.797506,1,1,210.0
1,0,0,1,1,600.0738552,1,1,32.5
0,0,0,3,1,1130.22113,1,1,46.0
0,0,0,3,1,1404.001404,1,1,40.0
0,0,1,3,1,1555.176821,1,1,73.0
1,0,1,3,1,862.0689654999999,1,1,240.0
1,0,0,1,1,494.0304652,1,1,24.0
2,1,0,2,1,1216.8421050000002,0,0,57.8
0,0,0,2,1,1000.0,1,1,23.0
1,0,0,2,1,1237.859455,1,1,65.0
0,0,0,3,1,925.0,1,1,37.0
1,0,1,3,1,745.1403888,1,1,34.5
0,0,0,3,1,1700.013077,1,1,130.0
0,0,0,2,1,109375.0,1,1,35.0
1,0,0,3,1,1701.444623,1,1,53.0
1,0,1,3,1,1600.492459,1,1,52.0
1,0,1,2,1,1226.830244,1,1,92.0
1,0,0,3,1,1450.245426,1,1,65.0
1,0,0,4,1,2015.790358,1,1,120.0
1,0,0,3,1,1600.381043,1,1,67.2
1,1,1,2,1,984.0288511,0,1,95.5
1,1,1,1,1,369.00369,0,0,45.0
0,0,0,3,1,1856.320772,1,1,100.0
0,0,0,2,1,950.0542888,1,1,35.0
0,0,0,2,1,1155.327343,1,1,36.0
0,0,0,2,1,845.0704225,1,1,24.0
0,0,1,2,1,840.0460299,1,1,36.5
0,0,0,3,1,1150.234742,1,1,49.0
1,0,1,2,1,1100.025582,1,1,86.0
1,0,0,3,1,2800.019064,1,1,2350.0
1,1,0,1,1,615.1468315000001,0,1,19.9
1,0,0,2,1,714.1237815000001,1,1,31.5
0,0,1,2,1,1352.163462,1,1,45.0
1,0,1,2,1,1465.315666,1,1,56.4
1,0,1,2,1,1216.10288,1,1,87.0
0,0,1,3,1,1470.155837,1,1,50.0
0,0,0,2,1,1139.589905,1,1,57.8
1,1,1,2,1,1020.116992,0,1,71.5
1,0,0,1,1,700.0259269,1,1,54.0
1,0,0,2,1,1062.146893,1,1,47.0
1,0,0,2,1,1022.959764,1,1,90.0
0,0,0,2,1,700.280112,1,1,7.5
0,0,0,2,1,1300.2022539999998,1,1,45.0
0,0,0,3,1,99.97500625,1,1,40.0
1,1,1,1,1,785.0568489,0,1,87.0
1,0,0,3,1,1439.677512,1,1,50.0
0,1,0,2,1,1353.057911,0,1,75.0
1,0,0,2,1,997.6958525,1,1,43.3
1,1,1,3,1,744.9605609,0,1,34.0
0,0,0,1,1,522.6293103,1,1,19.4
1,0,0,3,1,1100.0,1,1,57.2
1,0,0,2,1,945.0744941,1,1,85.0
1,0,0,3,1,1355.01355,1,1,130.0
1,1,0,2,1,1050.19305,0,1,40.8
0,0,0,1,1,900.0423549000001,1,1,85.0
0,0,0,3,1,1235.839341,1,1,36.0
1,0,1,2,1,1295.022258,1,1,64.0
1,0,0,4,1,2600.0195,1,1,800.0
1,0,1,2,1,618.1818182,1,0,170.0
1,0,0,4,1,3331.418725,1,1,580.0
0,0,0,3,1,1835.781041,1,1,110.0
0,0,0,3,1,1300.264869,1,1,54.0
1,0,0,3,1,1850.582591,1,1,54.0
1,0,0,2,1,971.8899522,1,1,65.0
1,0,0,2,1,1240.1352869999998,1,1,110.0
0,0,0,2,1,850.0772798,1,1,22.0
1,0,0,3,1,1570.064111,1,1,120.0
1,0,1,3,1,144598.33800000002,1,0,7830.0
1,0,0,1,1,545.0581394999999,1,1,45.0
0,0,0,1,1,664.7864625,1,1,16.5
1,0,0,2,1,1150.117018,1,1,34.4
0,0,0,1,1,535.0194553,1,1,11.0
1,1,0,4,1,1814.583333,0,0,87.1
1,0,0,3,1,1610.017889,1,1,72.0
1,0,0,4,1,4000.0,1,1,600.0
0,0,0,3,1,1499.000666,1,1,90.0
0,0,0,1,1,650.136075,1,1,21.5
0,0,0,2,1,1260.151218,1,1,45.0
1,0,0,2,1,954.9795362,1,1,35.0
1,0,1,2,1,1140.0,1,1,45.6
1,0,1,1,1,765.0273224,1,1,63.0
0,0,1,3,1,1446.015424,1,1,90.0
1,0,0,3,1,3371.165299,1,1,300.0
1,1,0,3,1,2637.594514,0,1,150.0
0,0,0,1,1,152.0126475,1,1,12.5
1,0,0,2,1,1049.790042,1,1,35.0
0,0,1,3,1,1690.3313050000002,1,1,75.0
1,1,1,1,1,463.7722018999999,0,1,32.9
1,0,0,4,1,2000.0,1,1,1700.0
0,0,0,2,1,1100.0,1,1,33.0
1,1,1,3,1,1710.0188100000005,0,1,900.0
1,0,0,2,1,1043.148412,1,1,110.0
1,0,1,3,1,1500.0,1,1,54.0
1,0,0,1,1,678.6941581,1,1,23.7
0,0,1,1,1,547.9452054999999,1,1,13.2
1,0,1,4,1,3800.02375,1,1,1600.0
1,0,1,3,1,2729.608221,1,0,170.0
1,0,0,3,1,1225.899922,1,1,110.0
1,1,1,1,1,574.8594787999999,0,1,22.5
1,0,1,2,1,858.2326764000001,1,1,27.0
1,0,1,2,1,719.0106413999999,1,1,150.0
1,0,0,2,1,952.0,1,1,47.6
1,0,0,3,1,3000.0,1,1,1050.0
1,1,0,3,1,1919.720768,0,1,99.0
1,1,1,2,1,1004.179498,0,1,91.3
0,0,0,2,1,915.1572927,1,1,48.0
0,0,0,2,1,949.893137,1,1,40.0
0,0,0,2,1,1115.114085,1,1,65.0
1,1,1,3,1,2371.474549,0,0,280.0
1,1,0,2,1,944.4444444,0,1,25.5
1,0,0,2,1,1185.02133,1,1,450.0
0,0,0,1,1,675.2194463,1,1,20.0
1,0,0,3,1,1159.745604,1,1,31.0
1,1,1,2,1,710.5263158,0,0,27.0
1,0,0,2,1,810.1265823,1,1,32.0
1,0,0,2,1,1250.0,1,1,79.9
1,0,1,3,1,1356.315343,1,1,48.0
0,0,1,3,1,1580.0,1,1,55.3
1,0,0,3,1,1048.252912,1,1,31.5
1,0,0,3,1,1900.0,1,1,77.9
1,0,0,2,1,930.0595238,1,1,100.0
1,0,0,4,1,1762.1145370000002,1,1,180.0
2,1,1,3,1,1500.0,0,0,81.0
1,0,0,4,1,1461.454147,1,1,40.0
1,1,0,2,1,1025.132275,0,1,31.0
0,0,0,1,1,1059.6962199999998,1,1,30.0
0,0,1,3,1,1544.004117,1,1,60.0
0,0,0,2,1,867.8881389000001,1,1,45.0
1,0,0,2,1,1080.074488,1,1,58.0
0,0,0,2,1,962.9941127,1,1,22.9
1,0,1,3,1,1709.3333329999998,1,1,64.1
0,0,0,3,1,1150.012778,1,1,45.0
1,0,1,2,1,820.4334365,1,1,15.9
1,1,1,2,1,561.9556054999999,0,1,60.0
0,0,0,2,1,1280.081925,1,1,75.0
1,0,0,3,1,1667.0941269999998,1,1,130.0
0,0,0,3,1,1602.3306630000002,1,1,110.0
0,0,0,1,1,721.069293,1,1,41.0
0,0,0,2,1,1200.120012,1,1,40.0
1,1,1,2,1,800.0,0,1,88.0
1,0,0,3,1,1841.922006,1,1,52.9
0,1,0,2,1,1068.211068,0,1,41.5
1,0,0,2,1,1300.052002,1,1,100.0
0,0,0,3,1,1660.401003,1,1,53.0
0,0,0,3,1,1626.583014,1,1,140.0
1,0,0,2,1,1265.822785,1,1,150.0
0,0,1,3,1,1724.732666,1,1,100.0
1,0,0,3,1,1640.240569,1,1,60.0
0,0,0,3,1,1780.223337,1,1,110.0
1,0,0,2,1,1387.303852,1,1,38.9
1,0,1,2,1,945.0277949,1,1,45.9
0,0,0,3,1,1400.203666,1,1,55.0
1,0,0,3,1,1260.225514,1,1,57.0
0,0,1,1,1,707.1302297999999,1,1,36.0
1,0,1,2,1,749.2881762000001,1,1,200.0
1,0,0,2,1,905.0576752,1,1,51.0
0,0,0,3,1,1400.162338,1,1,69.0
2,1,1,2,1,978.5353535,0,0,31.0
1,0,0,3,1,1659.688995,1,1,55.5
1,0,0,1,1,600.0,1,1,60.0
1,0,0,2,1,1508.750754,1,1,100.0
1,1,1,2,1,929.5531505,0,1,140.0
2,1,1,3,1,1303.333333,0,0,39.1
0,0,0,2,1,1350.09311,1,1,29.0
0,0,0,3,1,1460.230201,1,1,85.0
1,0,1,4,1,3232.323232,1,0,320.0
0,0,0,3,1,1460.0,1,1,73.0
0,1,0,2,1,870.1705534,0,1,25.0
1,1,0,1,1,550.1618123,0,1,17.0
1,0,0,3,1,1700.037779,1,1,45.0
1,0,0,2,1,1084.462982,1,1,52.0
1,0,0,3,1,1600.0,1,1,30.4
1,1,0,1,1,374.5318352,0,1,39.0
1,0,0,2,1,980.1252382,1,1,36.0
1,0,0,1,1,618.0469716,1,1,25.0
1,0,0,2,1,1060.138782,1,1,55.0
0,0,0,1,1,629.8157454,1,1,18.8
1,0,0,3,1,1550.246216,1,1,85.0
0,0,0,3,1,1350.308642,1,1,35.0
0,0,0,2,1,1008.403361,1,1,24.0
0,0,0,4,1,3441.405542,1,1,190.0
1,1,0,2,1,576.6680122,0,1,100.0
1,0,0,3,1,1743.0167600000002,1,1,78.0
1,1,1,2,1,1000.0,0,1,25.8
1,0,0,3,1,1615.308151,1,1,65.0
1,0,1,3,1,1700.1020059999998,1,1,100.0
1,0,0,3,1,1735.074627,1,1,93.0
1,0,0,2,1,1583.166333,1,1,7.9
0,0,0,2,1,1159.725883,1,1,22.0
0,1,1,2,1,945.0549451,0,1,43.0
1,0,1,3,1,2195.028261,1,1,400.0
0,0,1,2,1,910.8653221,1,1,42.0
0,0,0,1,1,350.05834310000006,1,1,9.0
1,0,1,4,1,2324.443357,1,1,190.0
0,0,0,4,1,22727.27273,1,1,50.0
1,0,0,4,1,3000.042858,1,1,1400.0
0,0,0,1,1,700.1166861,1,1,30.0
1,0,0,2,1,930.3435115,1,1,19.5
0,0,0,1,1,580.0837899,1,1,18.0
1,0,1,2,1,1028.002948,1,1,83.7
1,1,1,2,1,600.0,0,1,78.0
0,0,0,1,1,545.0941526,1,1,22.0
1,0,1,3,1,1730.1038059999998,1,1,80.0
0,0,0,1,1,550.1618123,1,1,8.5
1,1,1,2,1,915.1062931,0,1,65.0
1,0,0,2,1,1250.0,1,1,220.0
1,0,1,2,1,1230.044491,1,1,47.0
1,0,0,2,1,1070.070614,1,1,98.5
0,0,0,3,1,1229.823213,1,1,32.0
1,0,0,2,1,686.0841424,1,1,53.0
1,0,0,3,1,1650.165017,1,1,160.0
0,0,0,2,1,1025.179856,1,1,28.5
0,0,0,3,1,1679.929266,1,1,38.0
0,0,0,3,1,1500.120977,1,1,62.0
0,1,0,1,1,690.1311249,0,1,20.0
1,0,1,3,1,1291.382954,1,1,110.0
0,0,1,2,1,910.0837277,1,1,25.0
0,0,0,3,1,1500.0,1,1,42.0
0,0,0,3,1,1505.445227,1,1,47.0
1,0,1,3,1,1750.0683620000002,1,1,320.0
1,0,0,4,1,3148.779848,1,1,240.0
1,0,1,4,1,3499.930001,1,1,250.0
1,1,1,2,1,1323.591698,0,1,250.0
1,0,0,2,1,982.9787234,1,1,23.1
0,0,0,1,1,600.0600059999999,1,1,20.0
1,0,0,3,1,1473.345834,1,1,110.0
0,0,0,3,1,1000.0,1,1,65.0
0,0,0,1,1,1090.074584,1,1,19.0
2,1,1,1,1,447.710762,0,0,26.5
1,0,0,3,1,1745.040411,1,1,190.0
1,0,0,2,1,850.1794822999999,1,1,45.0
1,0,1,3,1,1665.04787,1,1,120.0
1,0,0,2,1,904.9360146,1,1,49.5
1,1,1,3,1,1745.984236,0,1,1050.0
1,0,1,3,1,1680.8552760000002,1,1,84.9
1,0,0,2,1,900.0178221000001,1,1,50.5
1,0,0,3,1,1980.057987,1,1,280.0
1,1,0,2,1,700.0,0,1,13.3
1,0,1,3,1,1200.0,1,1,120.0
0,0,0,1,1,734.8530294,1,1,24.5
1,1,1,3,1,897.9347501,0,0,270.0
0,0,0,2,1,1350.438893,1,1,40.0
0,0,0,2,1,959.173635,1,1,39.0
2,1,1,2,1,882.4742267999999,0,0,42.8
1,0,1,2,1,953.1752651,1,1,240.0
0,0,0,1,1,650.1324344,1,1,27.0
1,0,0,3,1,1782.913743,1,1,43.2
1,1,1,3,1,991.7755201,0,0,41.0
0,1,0,3,1,1190.126359,0,1,40.5
0,0,0,3,1,980.3206997,1,1,26.9
0,0,0,2,1,1085.069444,1,1,25.0
1,0,0,3,1,1622.822002,1,1,95.0
1,1,0,3,1,846.0236887,0,1,260.0
1,0,0,3,1,1637.630662,1,1,56.4
0,0,0,1,1,650.1422186000001,1,1,16.0
1,0,0,2,1,800.0,1,1,22.4
1,0,0,2,1,955.0269144,1,1,55.0
0,0,0,2,1,1100.110011,1,1,30.0
1,0,0,2,1,925.610172,1,1,190.0
0,0,0,3,1,1500.0,1,1,42.0
1,0,0,2,1,1499.842122,1,1,95.0
1,0,1,3,1,1654.043702,1,1,190.0
1,0,1,1,1,610.9979632999999,1,1,33.0
1,1,1,1,1,535.0300051,0,1,74.0
1,0,1,2,1,1780.317145,1,1,430.0
1,1,1,3,1,2274.795268,0,1,250.0
1,0,1,2,1,583.090379,1,1,28.0
1,1,1,3,1,1086.890888,0,1,180.0
0,0,0,2,1,730.0989166,1,1,31.0
0,0,1,2,1,1085.054253,1,1,62.0
0,0,0,2,1,1064.073227,1,1,46.5
1,0,1,4,1,1609.021715,1,1,1150.0
1,0,1,3,1,1275.239107,1,1,36.0
0,0,0,3,1,1569.037657,1,1,120.0
1,1,1,2,1,1057.942708,0,1,65.0
1,0,0,2,1,1355.01355,1,1,70.0
1,0,0,3,1,1715.9199239999998,1,1,90.0
1,0,0,2,1,708.072021,1,1,35.0
0,0,0,2,1,1200.4175369999998,1,1,23.0
0,0,0,1,1,464.9196956999999,1,1,22.0
1,0,0,3,1,1607.012418,1,1,110.0
0,0,0,3,1,1773.2742239999998,1,1,56.0
0,1,1,2,1,534.9023803,0,1,20.0
0,0,0,2,1,848.1314604,1,1,32.0
0,0,0,3,1,2316.155182,1,1,80.0
0,0,0,2,1,1025.040269,1,1,70.0
1,0,0,2,1,932.6776327,1,1,110.0
1,0,1,3,1,1700.1020059999998,1,1,200.0
0,0,1,2,1,1068.376068,1,1,25.0
0,0,0,3,1,2335.4856440000003,1,1,170.0
1,0,0,1,1,510.20408160000005,1,1,12.5
0,0,0,2,1,900.0360014,1,1,75.0
1,0,1,2,1,1256.946282,1,1,190.0
1,0,0,3,1,1650.165017,1,1,150.0
1,0,0,4,1,2099.90455,1,1,330.0
0,1,0,2,1,1000.0,0,1,30.0
1,0,1,3,1,2530.577815,1,1,180.0
1,0,0,2,1,1100.0495019999998,1,1,200.0
1,0,0,2,1,1183.869774,1,1,160.0
1,0,0,3,1,1280.0,1,1,48.0
0,0,0,3,1,1365.103003,1,1,55.0
1,0,0,2,1,1171.833387,1,1,110.0
1,1,0,2,1,577.0463774,0,1,27.0
1,1,1,2,1,1333.333333,0,1,66.0
1,0,0,2,1,1200.0,1,1,69.0
1,0,1,1,1,610.0795756,1,1,23.0
0,0,0,3,1,1699.716714,1,1,96.0
1,1,0,4,1,2758.523129,0,1,390.0
0,0,0,2,1,1065.088757,1,1,54.0
1,0,0,3,1,1630.170316,1,1,67.0
1,0,0,2,1,1303.214596,1,1,75.0
2,1,1,2,1,648.6486486,0,0,20.4
1,0,0,3,1,1325.478645,1,1,270.0
1,0,0,1,1,850.0,1,1,27.2
1,0,0,4,1,3200.0,1,1,700.0
1,1,0,2,1,1243.935813,0,1,100.0
0,0,0,3,1,1398.04274,1,1,70.0
1,1,0,3,1,1036.363636,0,0,34.2
1,1,1,2,1,496.2082202,0,0,53.0
2,0,0,3,1,1400.289715,1,0,58.0
1,1,1,2,1,1095.100865,0,1,53.2
0,0,0,3,1,1750.076758,1,1,57.0
0,0,0,3,1,1418.727199,1,1,70.0
1,1,0,1,1,590.0100570000001,0,1,88.0
0,0,0,2,1,1070.292161,1,1,37.0
0,0,1,2,1,1335.23233,1,1,75.0
1,0,0,2,1,910.228695,1,1,160.0
0,0,0,2,1,979.9118079,1,1,60.0
1,0,0,5,1,5267.423015,1,1,520.0
0,0,0,3,1,1200.111638,1,1,43.0
0,0,0,2,1,3.0,1,1,12.0
0,0,0,3,1,1399.972001,1,1,100.0
0,0,0,2,1,850.2024291000001,1,1,21.0
1,0,0,3,1,1200.0,1,1,33.0
0,0,0,2,1,1050.052503,1,1,60.0
1,1,1,3,1,1740.745039,0,1,150.0
0,0,1,2,1,814.8148147999999,1,1,22.0
1,0,0,3,1,1271.642375,1,1,130.0
1,0,0,3,1,1574.059499,1,1,100.0
1,0,1,3,1,3322.259136,1,1,80.0
0,0,0,1,1,452.0625353,1,1,24.0
0,0,0,2,1,620.048226,1,1,18.0
0,0,0,3,1,1299.790356,1,1,31.0
0,0,0,2,1,1100.110011,1,1,40.0
0,0,0,3,1,1425.178147,1,1,30.0
1,0,1,4,1,2124.269782,1,1,120.0
1,0,0,2,1,1285.240464,1,1,31.0
0,0,0,2,1,725.0580046,1,1,25.0
0,0,0,3,1,1500.093756,1,1,80.0
0,0,0,1,1,840.3361345000001,1,1,16.0
1,0,1,1,1,450.4504505,1,0,47.0
1,0,1,3,1,1166.213139,1,1,210.0
1,0,1,2,1,1082.940963,1,1,59.8
1,1,1,2,1,592.5424303,0,1,140.0
1,1,1,3,1,1825.483753,0,1,250.0
1,1,1,2,1,1064.127695,0,1,38.0
1,0,1,2,1,1035.177721,1,1,56.5
0,1,0,2,1,1511.97953,0,1,65.0
0,0,1,2,1,1140.250855,1,1,50.0
1,0,1,2,1,1150.035386,1,1,32.5
1,0,0,3,1,920.076902,1,1,33.5
1,0,0,2,1,1110.429448,1,1,18.1
0,0,1,2,1,935.1256575,1,1,48.0
1,0,0,2,1,1000.0,1,1,22.0
1,0,1,2,1,960.1536246,1,1,140.0
0,0,1,3,1,1250.0,1,1,33.5
1,1,0,2,1,850.1118567999999,0,1,38.0
1,0,0,2,1,900.1636661,1,1,22.0
1,0,0,2,1,1139.04709,1,1,82.0
0,0,0,2,1,950.1187648,1,1,60.0
1,0,1,2,1,946.3414634,1,1,29.1
1,1,1,2,1,1272.084806,0,1,180.0
0,0,0,3,1,1618.181818,1,1,53.4
0,0,0,2,1,1028.162718,1,1,23.0
1,0,0,1,1,630.0431082,1,1,57.0
2,0,1,3,1,1388.571429,1,0,48.6
1,0,0,2,1,1165.161666,1,1,80.0
0,0,0,2,1,1050.262566,1,1,28.0
1,0,0,2,1,1079.679397,1,1,22.9
1,0,0,2,1,1045.137837,1,1,69.0
0,0,0,3,1,1140.186916,1,1,30.5
0,0,0,2,1,1282.051282,1,1,65.0
1,1,1,2,1,807.1428571,0,1,22.6
1,1,1,3,1,1772.3342940000002,0,1,61.5
1,0,0,2,1,631.3131312999999,1,1,110.0
0,0,0,2,1,954.0329575,1,1,66.0
1,1,1,2,1,750.0797957000001,0,1,47.0
0,0,0,3,1,1950.867052,1,1,81.0
1,0,1,3,1,1685.3932579999998,1,1,57.0
2,0,0,3,1,1655.172414,1,0,120.0
1,0,0,3,1,1934.576152,1,1,110.0
1,0,0,4,1,2860.169492,1,1,270.0
0,0,0,2,1,1100.0,1,1,66.0
1,1,1,2,1,1066.734938,0,1,250.0
0,0,0,2,1,675.0082318,1,1,20.5
1,0,1,3,1,2420.091324,1,1,530.0
0,0,1,2,1,755.0969041000001,1,1,30.0
0,0,0,2,1,1390.0472619999998,1,1,100.0
1,0,0,2,1,980.1095417,1,1,34.0
1,0,1,3,1,1318.75,1,1,63.3
1,1,1,2,1,1212.95222,0,1,230.0
0,0,0,2,1,1092.896175,1,1,20.0
1,0,0,3,1,1992.882562,1,1,140.0
1,0,1,3,1,1527.973672,1,1,65.0
1,0,1,3,1,2043.10288,1,1,310.0
1,0,1,2,1,1075.129534,1,1,83.0
0,0,0,2,1,953.1590414,1,1,35.0
0,0,0,1,1,761.4213198,1,1,12.0
1,0,0,2,1,1060.022026,1,1,77.0
1,0,0,2,1,733.7526205,1,1,28.0
0,0,1,2,1,679.8756798999999,1,1,35.0
1,0,0,1,1,459.0629437,1,1,9.7
2,1,1,3,1,1948.806195,0,0,90.6
0,0,0,2,1,1100.190235,1,1,34.7
1,1,1,3,1,699.973751,0,0,80.0
0,0,0,3,1,1550.387597,1,1,38.0
1,0,0,3,1,1401.919551,1,1,260.0
1,1,0,1,1,539.3939393999999,0,1,17.8
2,1,0,1,1,467.5675676,0,0,17.3
1,0,0,2,1,850.1335924000001,1,1,35.0
1,0,1,1,1,353.9941224,1,1,26.5
1,0,0,3,1,922.0701963,1,1,31.0
0,0,0,2,1,1000.0,1,1,21.0
1,0,0,2,1,1087.234587,1,1,170.0
0,0,0,3,1,1500.093756,1,1,160.0
1,0,1,2,1,1031.093926,1,1,64.0
1,0,1,3,1,1761.2744,1,1,78.5
1,0,1,2,1,1060.108131,1,1,100.0
0,0,0,2,1,980.1633606,1,1,42.0
0,0,0,3,1,1800.055386,1,1,65.0
1,0,1,2,1,1156.011924,1,1,34.9
0,0,0,4,1,944.9414136,1,1,75.0
1,0,1,2,1,695.014848,1,1,220.0
0,0,0,4,1,2703.71061,1,1,290.0
1,1,1,4,1,2689.039475,0,1,250.0
1,1,1,3,1,1343.660549,0,1,79.8
0,0,0,4,1,2000.0,1,1,67.0
1,0,0,2,1,950.0206526,1,1,92.0
1,0,0,3,1,1252.261027,1,1,180.0
1,0,0,2,1,642.4670736,1,1,140.0
0,0,0,2,1,1080.246914,1,1,42.0
0,0,0,2,1,1324.854266,1,1,50.0
0,0,0,2,1,900.0,1,1,45.0
1,0,1,2,1,1200.111638,1,1,43.0
0,0,0,2,1,950.04597,1,1,31.0
1,0,1,2,1,1305.0075869999998,1,1,43.0
0,0,1,2,1,970.0176367,1,1,49.5
1,0,1,3,1,1605.605021,1,1,110.0
1,0,1,2,1,1073.333333,1,1,32.2
0,0,0,3,1,1184.834123,1,1,40.0
0,0,0,2,1,960.0,1,1,42.0
1,0,1,3,1,1280.150923,1,1,95.0
0,0,0,2,1,850.0510031,1,1,50.0
0,0,0,4,1,1694.654136,1,1,110.0
1,0,0,3,1,2281.879195,1,0,170.0
1,1,0,2,1,1010.10101,0,1,45.0
1,1,1,2,1,559.3623269,0,1,120.0
1,0,1,3,1,2265.306122,1,0,1110.0
1,0,1,3,1,1170.018282,1,1,96.0
0,0,0,2,1,770.1786815,1,1,25.0
1,0,0,2,1,500.0,1,1,47.0
0,0,0,2,1,912.0389137,1,1,45.0
0,0,0,3,1,900.2520706,1,1,25.0
0,0,0,2,1,1198.360139,1,1,38.0
0,0,0,2,1,1390.176089,1,1,75.0
0,0,0,3,1,1960.315563,1,1,82.0
1,0,1,3,1,889.3632159,1,1,150.0
0,0,0,1,1,591.9661734,1,1,28.0
1,0,1,3,1,1655.130906,1,1,110.0
0,0,0,2,1,1500.150015,1,1,50.0
1,0,0,3,1,1675.009626,1,1,87.0
1,0,0,5,1,1666.030336,1,1,480.0
0,0,0,2,1,1387.1635609999998,1,1,67.0
1,1,1,3,1,1156.470452,0,1,200.0
1,0,0,2,1,1000.0,1,1,41.0
1,0,1,3,1,1785.95961,1,1,130.0
1,0,0,1,1,675.0317662,1,1,85.0
1,0,0,3,1,1735.015773,1,1,55.0
1,0,0,2,1,1050.013816,1,1,38.0
1,0,1,3,1,2038.320424,1,1,150.0
1,0,1,4,1,2189.01224,1,1,76.9
0,0,0,1,1,600.0705965,1,1,17.0
0,0,0,3,1,1451.144792,1,1,90.0
1,0,0,3,1,1452.564685,1,1,32.0
0,1,1,4,1,4556.207833,0,1,520.0
1,0,0,2,1,1000.0,1,1,360.0
1,0,0,3,1,1641.791045,1,1,110.0
0,0,0,2,1,1310.186702,1,1,40.0
1,0,0,4,1,2800.013177,1,1,850.0
0,0,0,2,1,1000.0,1,1,60.0
1,0,0,5,1,2550.061738,1,1,950.0
1,1,1,1,1,440.0,0,0,55.0
1,1,1,1,1,463.6068614,0,0,100.0
1,0,0,3,1,1349.826389,1,1,31.1
0,0,0,2,1,909.9181074,1,1,50.0
0,0,0,3,1,1550.0,1,1,62.0
0,0,0,2,1,950.0351865,1,1,27.0
1,1,1,4,1,1920.0,0,0,960.0
0,0,0,2,1,1000.0,1,1,33.0
1,0,0,2,1,1058.076652,1,1,90.0
1,0,0,2,1,1079.837139,1,1,61.0
1,0,0,3,1,1935.116676,1,1,68.0
1,0,0,1,1,550.0045834,1,1,60.0
1,0,0,2,1,948.8107549,1,1,36.7
2,1,1,1,1,553.1197302,0,0,16.4
0,0,0,3,1,1724.595383,1,1,65.0
1,0,0,1,1,590.048905,1,1,55.5
1,0,0,3,1,1400.0,1,1,32.9
1,0,0,2,1,1355.156635,1,1,77.0
0,0,0,3,1,1420.4545449999998,1,1,110.0
1,0,0,3,1,1525.087693,1,1,200.0
0,0,1,3,1,1389.992057,1,1,70.0
0,0,0,2,1,715.1253918,1,1,36.5
1,0,0,3,1,1499.960527,1,1,380.0
1,0,1,3,1,2502.944641,1,0,170.0
0,0,0,3,1,1805.519732,1,1,140.0
1,0,0,2,1,750.0,1,1,75.0
0,0,0,1,1,759.0666292000001,1,1,27.0
1,0,0,3,1,2166.666667,1,0,130.0
0,1,1,3,1,1899.648978,0,1,92.0
1,1,1,3,1,1573.917931,0,1,280.0
1,1,1,3,1,2119.018188,0,1,120.0
1,1,1,3,1,842.4226301000001,0,0,190.0
0,0,0,2,1,1100.110011,1,1,40.0
0,0,0,2,1,1250.0,1,1,50.0
0,1,1,2,1,1264.980027,0,1,57.0
1,0,0,3,1,1650.056102,1,1,250.0
0,0,0,20,1,348.8638972,1,1,15.2
1,0,0,4,1,2339.130435,1,1,80.7
1,0,0,2,1,850.0,1,1,30.6
0,1,1,2,1,1149.764151,0,1,39.0
0,0,0,3,1,1483.858031,1,1,74.0
1,0,1,3,1,1591.187271,1,1,130.0
1,0,0,2,1,850.0772798,1,1,16.5
1,0,0,3,1,905.3254438,1,1,15.3
0,0,0,2,1,809.9215389,1,1,32.0
1,0,0,4,1,3079.838901,1,1,130.0
1,0,0,3,1,2200.880352,1,1,110.0
0,0,0,3,1,1300.041271,1,1,63.0
0,0,0,2,1,1150.22656,1,1,33.0
1,0,0,2,1,1098.0182109999998,1,1,82.0
1,0,0,2,1,1800.0947420000002,1,1,76.0
2,1,0,3,1,1281.262024,0,0,33.3
1,0,1,4,1,4052.849153,1,1,500.0
1,1,1,1,1,735.6727728,0,1,100.0
1,0,1,3,1,1568.100358,1,1,52.5
1,0,0,5,1,5000.0,1,1,700.0
1,1,1,2,1,705.6333059,0,1,120.0
0,0,0,3,1,1690.269529,1,1,74.0
0,0,0,2,1,871.2121212000001,1,1,23.0
1,0,0,3,1,1245.059289,1,1,63.0
0,0,0,2,1,1080.1828,1,1,52.0
1,0,1,2,1,965.3561697,1,1,24.8
1,0,1,2,1,848.6307552999999,1,1,28.2
0,0,0,2,1,1025.01025,1,1,50.0
0,0,0,2,1,1030.07144,1,1,62.0
1,1,1,3,1,1675.020886,0,1,80.2
0,0,0,3,1,3987.467958,1,1,140.0
0,0,0,3,1,1600.0,1,1,80.0
1,0,0,3,1,1732.4077,1,1,54.9
0,0,0,2,1,979.9651568,1,1,45.0
1,0,0,2,1,1400.124456,1,1,45.0
1,0,0,2,1,1053.658537,1,1,43.2
1,1,0,2,1,800.0,0,1,25.0
0,0,0,3,1,2179.944511,1,1,110.0
1,0,0,2,1,659.8984772000001,1,1,39.0
0,0,0,2,1,1157.894737,1,1,110.0
0,0,0,2,1,1024.231826,1,1,41.0
1,0,0,2,1,813.0682237999999,1,1,110.0
1,0,1,3,1,817.9162610000001,1,1,25.2
1,0,0,3,1,1753.0190879999998,1,1,90.0
1,0,0,3,1,1742.517425,1,1,85.0
0,1,1,3,1,1729.462631,0,1,56.0
1,0,0,1,1,670.1152128,1,1,28.5
1,0,0,2,1,1195.589603,1,1,270.0
0,0,0,3,1,1453.957997,1,1,45.0
0,0,0,3,1,540.0671434999999,1,1,37.0
0,0,0,3,1,155.54298640000002,1,1,22.0
0,0,0,2,1,1025.056948,1,1,18.0
0,0,0,2,1,633.0783434,1,1,48.0
1,0,0,2,1,849.7011102,1,1,19.9
0,0,0,2,1,1027.038357,1,1,49.0
1,0,0,1,1,385.0385039,1,1,35.0
0,0,0,2,1,930.2325581,1,1,30.0
1,0,0,2,1,1132.502831,1,1,100.0
1,1,1,3,1,645.1612903,0,1,25.0
0,1,1,2,1,770.0770077000001,0,1,35.0
1,0,0,3,1,1076.057716,1,1,44.0
0,0,0,1,1,520.1342281999999,1,1,15.5
1,0,1,2,1,1116.504854,1,1,39.1
0,0,0,2,1,964.7853353,1,1,20.0
0,0,0,2,1,1095.390233,1,1,24.0
0,0,0,2,1,859.1885442,1,1,36.0
1,1,1,4,1,2798.7448050000003,0,0,330.0
0,0,0,4,1,2040.353661,1,1,90.0
1,0,1,2,1,819.5876289,1,1,15.9
1,0,0,3,1,1619.753919,1,1,96.1
1,1,0,2,1,1050.135501,0,1,62.0
1,1,0,3,1,1709.608972,0,1,56.4
1,0,0,2,1,1198.156682,1,1,78.0
0,0,0,2,1,850.0772798,1,1,22.0
1,0,0,1,1,610.1104009,1,1,21.0
0,0,0,2,1,1059.897573,1,1,47.6
1,0,1,2,1,1230.091933,1,1,95.0
0,0,1,3,1,1485.275288,1,1,58.0
1,1,1,3,1,1650.064169,0,1,270.0
1,0,0,1,1,650.0091001000001,1,1,250.0
2,1,1,2,1,1305.343511,0,0,34.2
1,1,0,3,1,1071.428571,0,1,33.0
0,0,0,3,1,1200.300075,1,1,32.0
0,0,0,3,1,1389.532191,1,1,30.0
0,0,0,2,1,890.2929351,1,1,15.5
0,0,0,2,1,517.1042164,1,1,19.5
1,0,0,1,1,720.0620361,1,1,65.0
1,0,0,2,1,1299.967501,1,1,120.0
1,0,0,3,1,2953.937044,1,1,320.0
1,0,0,3,1,1439.285714,1,1,40.3
0,0,0,3,1,1148.083285,1,1,59.0
1,0,0,3,1,1698.28365,1,1,94.0
1,0,0,1,1,664.3151088,1,1,45.2
0,0,1,1,1,620.0676437000001,1,1,33.0
0,0,0,2,1,769.9414843999999,1,1,100.0
0,0,0,3,1,1379.944802,1,1,60.0
0,0,0,1,1,540.1234568,1,1,14.0
0,0,0,2,1,1250.0,1,1,90.0
0,0,1,2,1,1190.098381,1,1,75.0
1,0,0,2,1,950.0662837,1,1,43.0
1,1,1,3,1,1500.0,0,1,210.0
1,0,1,3,1,1450.230719,1,1,44.0
0,0,0,2,1,1100.110011,1,1,40.0
1,0,1,4,1,3135.888502,1,1,180.0
1,0,0,3,1,1100.0,1,1,330.0
1,0,1,3,1,1409.945421,1,1,46.5
1,0,1,4,1,2695.035461,1,1,190.0
0,1,0,2,1,598.0265125,0,1,60.0
1,0,1,2,1,1013.231613,1,1,170.0
0,1,1,2,1,1251.2187199999998,0,1,38.5
1,0,1,3,1,1000.0,1,1,180.0
1,0,0,3,1,1761.0748,1,1,97.0
1,0,1,2,1,1221.192053,1,1,46.1
1,0,1,3,1,1370.17071,1,1,61.0
0,0,0,6,1,4613.671316,1,1,870.0
0,0,0,2,1,1420.252805,1,1,100.0
1,0,0,3,1,1888.276947,1,1,48.0
1,1,1,2,1,860.0829366,0,1,56.0
1,0,0,2,1,1040.009788,1,1,170.0
1,0,0,3,1,2048.648649,1,1,75.8
0,0,0,1,1,579.9342741,1,1,30.0
0,0,0,1,1,626.118068,1,1,21.0
1,0,0,2,1,750.0551511,1,1,34.0
1,1,0,3,1,2002.503129,0,1,160.0
1,0,1,2,1,1080.168776,1,1,64.0
1,0,1,3,1,1846.898122,1,1,64.9
1,1,1,2,1,1059.402194,0,1,140.0
1,1,0,2,1,716.9169736,0,1,25.3
1,0,0,2,1,1075.268817,1,1,140.0
1,1,1,2,1,1014.285714,0,1,35.5
0,0,0,3,1,1605.136437,1,1,40.0
1,1,0,2,1,1039.7171970000002,0,1,100.0
1,0,0,3,1,1348.079162,1,1,57.9
0,0,0,1,1,600.0,1,1,9.0
1,0,0,3,1,1760.046935,1,1,600.0
1,0,0,2,1,1208.014143,1,1,41.0
1,0,0,2,1,900.0321439999999,1,1,28.0
1,0,1,3,1,2393.162393,1,1,350.0
1,1,1,3,1,1346.869712,0,1,39.8
1,0,0,1,1,618.0469716,1,1,70.0
1,0,0,2,1,1444.912703,1,1,48.0
1,0,1,4,1,2736.842105,1,1,260.0
0,0,0,1,1,480.09037,1,1,17.0
1,0,0,2,1,860.0301011,1,1,160.0
0,0,0,2,1,700.280112,1,1,15.0
1,0,0,1,1,654.0389026,1,1,77.0
1,0,0,3,1,1371.963522,1,0,170.0
1,0,0,3,1,2035.087719,1,1,87.0
1,0,0,3,1,1110.1766189999998,1,1,66.0
2,1,1,2,1,1139.130435,0,0,39.3
1,0,0,2,1,1800.055386,1,1,65.0
0,0,0,2,1,1150.234742,1,1,24.5
1,1,1,4,1,2300.172513,0,1,240.0
1,1,1,3,1,1675.485009,0,1,57.0
0,0,0,2,1,1230.0123,1,1,60.0
1,0,1,2,1,1070.009172,1,1,70.0
1,1,1,1,1,330.0043422,0,1,76.0
0,0,0,1,1,433.03760030000007,1,1,20.5
0,0,0,2,1,870.1472557,1,1,26.0
1,1,1,3,1,1698.989899,0,1,84.1
0,0,0,3,1,1300.182482,1,1,28.5
1,0,0,3,1,1402.961808,1,1,36.0
0,0,0,2,1,820.1202843,1,1,30.0
0,0,0,3,1,1450.0,1,1,58.0
1,0,0,4,1,2674.217398,1,1,170.0
0,0,1,1,1,420.5838694,1,1,8.5
0,0,0,2,1,1035.10351,1,1,46.0
1,0,0,3,1,2500.0,1,1,1800.0
0,0,0,1,1,615.0061501,1,1,55.0
1,1,1,2,1,1186.834054,0,1,450.0
0,0,0,1,1,560.0814664,1,1,16.5
1,0,1,2,1,742.4823660000001,1,1,180.0
1,0,0,2,1,1177.536232,1,1,130.0
1,0,0,2,1,979.0450017,1,1,28.5
0,1,0,2,1,765.0273224,0,1,56.0
1,0,0,3,1,1490.041052,1,1,98.0
1,1,0,2,1,952.3809524,0,1,62.6
0,0,1,4,1,2404.735479,1,1,130.0
1,0,0,2,1,1050.070432,1,1,82.0
0,0,0,4,1,5777.777778,1,1,130.0
1,1,0,3,1,1617.357002,0,1,57.4
1,1,0,1,1,950.1187648,0,1,36.0
1,0,0,2,1,1000.0,1,1,45.0
1,1,0,2,1,783.1325301,0,1,15.6
0,0,0,2,1,715.0595883,1,1,33.0
2,1,0,1,1,627.3972603,0,0,22.9
1,1,1,2,1,1231.098622,0,1,92.0
1,0,1,2,1,1294.797688,1,1,56.0
0,0,0,2,1,1125.0,1,1,72.0
0,0,0,2,1,667.090216,1,1,42.0
1,0,1,3,1,1595.065929,1,1,75.0
0,0,0,2,1,1175.05675,1,1,88.0
1,1,1,3,1,1375.0,0,1,110.0
0,0,0,4,1,1739.9557100000002,1,1,55.0
0,0,0,2,1,1070.154578,1,1,45.0
1,1,1,1,1,600.0,0,1,18.6
1,0,0,3,1,1625.030318,1,1,67.0
0,0,1,1,1,692.0415224999999,1,1,28.0
1,0,0,2,1,1117.068811,1,1,75.0
0,0,0,2,1,900.0,1,1,45.0
0,0,0,2,1,600.1091107000001,1,1,11.0
0,0,0,2,1,1100.025582,1,1,43.0
1,0,1,2,1,1024.06554,1,1,80.0
1,0,1,2,1,1203.519256,1,1,72.5
0,0,0,3,1,11310.34483,1,1,16.4
0,0,0,2,1,952.154249,1,1,40.0
1,0,0,1,1,807.3631518999999,1,1,50.0
0,0,0,3,1,2200.220022,1,1,60.0
1,0,0,3,1,1270.186899,1,1,70.0
1,0,0,3,1,1711.662647,1,1,220.0
0,1,0,2,1,998.003992,0,1,40.0
1,0,1,3,1,1450.169701,1,1,47.0
0,0,0,3,1,1200.218221,1,1,22.0
1,1,1,4,1,3141.196796,0,0,200.0
0,0,0,3,1,1000.0,1,1,35.0
0,0,0,2,1,949.8367468,1,1,32.0
1,0,0,2,1,1250.0,1,1,40.0
1,1,0,3,1,1345.170837,0,1,50.0
1,0,0,4,1,3386.2680990000003,1,1,290.0
1,0,1,4,1,4738.675958,1,1,340.0
1,0,0,3,1,1751.532591,1,1,140.0
1,0,0,3,1,1150.137132,1,1,130.0
1,1,0,3,1,1239.130435,0,1,28.5
0,0,0,3,1,1515.151515,1,1,60.0
0,0,0,2,1,850.0303582,1,1,28.0
0,0,0,3,1,1330.229465,1,1,40.0
1,0,0,1,1,575.0273823,1,1,84.0
0,0,0,2,1,936.0649947,1,1,53.0
0,0,0,4,1,2050.580998,1,1,60.0
0,0,0,2,1,1183.020181,1,1,68.0
0,0,0,2,1,850.1259446,1,1,27.0
0,0,0,3,1,1100.0,1,1,66.0
1,0,0,1,1,665.0901567000001,1,1,45.0
0,0,0,2,1,1560.232221,1,1,43.0
1,0,0,2,1,1641.458553,1,1,140.0
2,0,1,3,1,6091.370558,1,0,60.0
1,0,1,2,1,520.5622072,1,1,100.0
0,0,0,1,1,506.02165769999993,1,1,50.0
0,0,1,3,1,1750.58548,1,1,29.9
1,0,0,3,1,1301.929222,1,1,110.0
1,0,1,2,1,1078.998073,1,1,140.0
1,0,1,2,1,1151.675688,1,1,100.0
1,0,0,3,1,1345.054523,1,1,280.0
1,1,1,1,1,550.0045834,0,1,60.0
1,0,0,2,1,1300.102775,1,1,25.3
0,0,0,3,1,2000.0,1,1,55.0
2,1,1,1,1,363.7200737,0,0,7.9
1,1,0,3,1,1794.124243,0,1,160.0
1,0,0,2,1,1347.812201,1,1,42.2
1,0,0,4,1,5300.259713,1,1,1000.0
1,0,0,2,1,825.0424654,1,1,68.0
1,0,0,3,1,1360.123648,1,1,44.0
1,0,1,3,1,2248.35697,1,1,130.0
1,0,1,2,1,1002.047316,1,1,88.1
0,0,0,2,1,1250.0,1,1,25.0
2,0,1,2,1,1067.25735,1,0,53.0
1,0,1,2,1,1397.931827,1,1,73.0
1,0,1,2,1,1431.049436,1,1,66.0
0,0,0,2,1,1100.244499,1,1,27.0
1,0,0,3,1,1783.3259030000002,1,1,160.0
1,1,1,3,1,1390.293225,0,1,55.0
0,0,0,3,1,1504.8469,1,1,97.8
1,0,0,3,1,1800.0,1,1,81.0
1,0,0,2,1,797.9274611000001,1,1,30.8
1,0,0,2,1,750.0,1,1,30.0
1,0,1,2,1,1015.062213,1,1,93.0
1,1,1,1,1,678.0,0,0,33.9
1,1,1,2,1,1201.145708,0,1,130.0
1,0,1,3,1,2333.333333,1,1,210.0
1,0,0,3,1,2000.0,1,1,150.0
1,0,1,3,1,1637.153358,1,1,98.0
0,0,0,3,1,1400.1680199999998,1,1,50.0
1,1,0,2,1,750.0,0,1,22.5
1,0,1,2,1,990.0990099,1,1,36.0
0,0,0,3,1,1200.0,1,1,27.0
1,0,1,3,1,1595.006935,1,1,69.0
1,0,0,1,1,656.0364465,1,1,72.0
1,0,0,2,1,1091.703057,1,1,100.0
0,0,0,1,1,570.0958797999999,1,1,22.0
0,0,0,2,1,955.2401747,1,1,35.0
1,0,0,2,1,1100.323625,1,1,34.0
0,0,0,2,1,750.0,1,1,49.5
1,0,0,3,1,1454.82389,1,1,95.0
0,0,1,2,1,620.0396825,1,1,25.0
1,0,1,3,1,1599.660249,1,1,56.5
1,1,0,1,1,507.8947368,0,1,19.3
0,0,0,3,1,1030.078286,1,1,25.0
0,0,0,2,1,900.1956947000001,1,1,23.0
1,1,1,1,1,42723.977210000005,0,0,9900.0
0,0,0,3,1,1800.6430870000002,1,1,28.0
1,1,1,2,1,631.7774635,0,0,67.0
2,1,1,2,1,687.7828053999999,0,0,53.2
0,1,1,3,1,1477.759716,0,1,100.0
0,0,0,3,1,1111.111111,1,1,75.0
1,1,0,2,1,1252.8216699999998,0,1,44.4
0,0,0,2,1,1174.652241,1,1,38.0
0,0,0,2,1,720.0,1,1,90.0
0,0,0,2,1,1120.071685,1,1,75.0
1,0,1,3,1,1777.777778,1,1,160.0
0,0,0,3,1,1900.108578,1,1,70.0
1,0,0,2,1,831.8083514,1,1,100.0
1,0,0,3,1,1655.130906,1,1,110.0
1,0,0,3,1,1200.300075,1,1,32.0
1,1,0,1,1,560.0121084,0,1,74.0
1,0,0,2,1,1000.0,1,1,50.0
0,0,0,4,1,1924.187031,1,1,100.0
1,1,1,1,1,795.0604753,0,1,94.0
1,0,0,3,1,1400.161247,1,1,52.1
1,0,1,2,1,983.1230542000002,1,1,60.0
1,0,0,2,1,950.1187648,1,1,16.0
1,0,0,2,1,700.0350017999999,1,1,120.0
0,0,0,1,1,680.2721088,1,1,9.0
0,0,0,2,1,832.1985172,1,1,110.0
0,0,0,5,1,2110.149821,1,1,100.0
1,0,1,2,1,1036.050666,1,1,63.8
0,0,0,3,1,1400.203666,1,1,55.0
0,0,0,3,1,1810.699588,1,1,110.0
0,0,0,3,1,1636.0601,1,1,98.0
0,0,0,2,1,700.0840101,1,1,50.0
0,0,0,3,1,1690.045631,1,1,100.0
1,1,1,2,1,640.2684563999999,0,0,47.7
0,0,0,2,1,905.9794645,1,1,45.0
0,1,1,3,1,1749.883341,0,1,150.0
1,0,0,3,1,1814.49461,1,1,510.0
1,0,0,3,1,1358.080579,1,1,90.0
0,1,0,2,1,886.9179601,0,1,28.0
0,1,1,3,1,1475.409836,0,1,45.0
0,0,0,2,1,1100.917431,1,1,60.0
1,0,0,2,1,1000.0,1,1,75.0
1,0,1,2,1,1060.06006,1,1,70.6
2,0,0,2,1,789.3617021000001,1,0,37.1
0,0,0,3,1,2025.1610920000005,1,1,66.0
1,0,0,3,1,1600.196947,1,1,65.0
1,1,1,2,1,944.4444444,0,0,25.5
0,0,0,1,1,500.0,1,1,8.0
1,1,1,3,1,1700.07792,0,1,240.0
1,0,0,2,1,900.0109757000001,1,1,82.0
1,0,0,1,1,700.0622278,1,1,45.0
1,0,1,3,1,1800.0,1,1,31.5
1,0,0,2,1,950.0,1,1,30.4
1,0,0,3,1,1873.071838,1,1,85.0
0,0,0,3,1,1345.575431,1,1,85.0
0,0,0,2,1,700.0,1,1,35.0
1,0,0,2,1,780.0312012,1,1,35.0
0,0,0,2,1,680.0649614,1,1,33.5
0,0,0,1,1,400.0,1,1,11.5
0,0,0,3,1,19396.55172,1,1,45.0
1,0,0,3,1,2439.874521,1,1,210.0
1,0,1,3,1,1651.2354779999998,1,1,280.0
1,0,0,2,1,1218.161683,1,1,55.0
0,1,1,2,1,759.4361073,0,1,16.7
1,0,1,2,1,1248.148148,1,1,33.7
1,0,1,2,1,1246.105919,1,1,68.0
0,0,0,2,1,649.8470948,1,1,17.0
1,0,0,2,1,756.0483871,1,1,75.0
0,0,0,2,1,774.1650077,1,1,35.0
1,0,0,2,1,760.5633803,1,1,24.3
1,1,1,2,1,780.0,0,0,78.0
1,0,0,3,1,1292.824822,1,1,100.0
0,0,0,2,1,834.2022941,1,1,32.0
1,0,0,3,1,1269.349845,1,1,41.0
1,1,1,2,1,981.4741821,0,0,24.9
1,0,1,3,1,1495.204062,1,1,79.5
2,1,1,3,1,1450.0,0,0,52.2
1,0,1,3,1,1508.12065,1,1,130.0
0,0,0,2,1,1079.969144,1,1,42.0
0,0,0,3,1,1300.390117,1,1,40.0
0,0,0,2,1,1000.0,1,1,29.0
0,0,0,2,1,800.0,1,1,20.0
1,0,0,2,1,970.1202949,1,1,75.0
0,0,1,2,1,862.0689654999999,1,1,38.0
1,0,0,4,1,3427.818062,1,1,260.0
0,0,0,3,1,1550.246216,1,1,85.0
1,0,0,2,1,730.0042319,1,1,69.0
0,0,0,1,1,526.0243632,1,1,19.0
1,0,1,3,1,1627.261415,1,1,170.0
1,0,0,2,1,1324.854266,1,1,50.0
1,0,0,3,1,1671.464389,1,1,180.0
1,0,0,2,1,1486.988848,1,1,32.0
0,0,0,3,1,1250.0,1,1,75.0
1,0,0,2,1,830.9248554999999,1,1,34.5
1,0,0,2,1,1120.547299,1,1,190.0
1,0,1,3,1,2008.320184,1,1,140.0
0,0,1,3,1,1200.0,1,1,24.0
0,0,0,2,1,1200.0,1,1,27.0
0,0,0,2,1,1200.082764,1,1,58.0
1,1,0,2,1,890.5263158,0,1,42.3
1,0,1,3,1,2019.975311,1,1,180.0
1,0,0,2,1,1045.088086,1,1,35.0
1,1,1,3,1,1318.010498,0,1,570.0
1,0,0,4,1,1810.061119,1,1,77.0
0,0,0,2,1,1255.075674,1,1,34.0
0,0,0,1,1,680.0518135,1,1,63.0
1,0,1,2,1,942.7121102,1,1,26.0
1,0,0,3,1,940.0575094,1,1,42.5
1,1,1,1,1,475.0133295,0,1,98.0
1,1,1,3,1,1844.117647,0,1,62.7
1,0,0,4,1,4000.0,1,1,350.0
1,1,1,3,1,1105.059594,0,1,280.0
1,0,0,3,1,1152.542373,1,1,170.0
1,0,0,2,1,1275.218881,1,1,67.0
2,0,0,2,1,817.3207037000001,1,0,30.2
1,0,0,2,1,972.972973,1,1,180.0
1,0,0,3,1,2530.730296,1,1,210.0
1,0,0,3,1,1718.2130579999998,1,1,270.0
1,0,0,1,1,612.8848347,1,1,21.5
1,0,0,2,1,972.6049603,1,1,180.0
1,1,1,4,1,2249.1003600000004,0,1,450.0
1,1,0,3,1,875.0,0,1,17.5
1,0,0,2,1,924.1755934,1,1,44.0
1,0,0,2,1,1263.523957,1,1,32.7
0,0,0,2,1,1079.812207,1,1,46.0
1,0,0,2,1,1000.0,1,1,43.9
0,0,0,1,1,500.0,1,1,17.0
1,0,0,3,1,1815.248084,1,1,90.0
0,0,0,10,1,42500.0,1,1,0.85
1,0,0,2,1,750.085237,1,1,22.0
1,0,0,2,1,1135.190918,1,1,66.0
1,0,0,2,1,820.1892744,1,1,26.0
1,1,1,2,1,1118.604651,0,0,48.1
1,0,1,2,1,1208.0622529999998,1,1,94.7
0,0,0,2,1,1100.173712,1,1,38.0
1,1,1,2,1,47602.51897,0,0,9600.0
1,0,0,2,1,819.5926285,1,1,16.9
1,0,1,3,1,1687.7210710000002,1,1,66.8
1,0,1,2,1,1550.137252,1,1,96.0
1,0,0,3,1,1624.721249,1,1,51.0
0,0,0,3,1,1867.413632,1,1,80.0
0,0,0,3,1,2300.613497,1,1,60.0
0,0,0,2,1,1240.149316,1,1,29.9
2,1,1,2,1,1150.673035,0,0,53.0
0,0,0,2,1,985.0789512,1,1,68.0
0,0,0,2,1,1050.175029,1,1,45.0
1,0,0,2,1,1145.093492,1,1,79.0
1,0,0,3,1,1153.039832,1,1,66.0
1,0,1,4,1,2191.113816,1,0,180.0
1,0,0,2,1,1050.119332,1,1,22.0
1,0,1,3,1,1954.022989,1,1,170.0
1,0,1,4,1,4247.460757,1,0,230.0
0,0,0,2,1,792.9515418999999,1,1,45.0
1,0,1,4,1,2026.184539,1,0,130.0
1,0,1,4,1,2113.01618,1,1,700.0
1,0,1,3,1,2706.486234,1,1,290.0
1,1,0,2,1,735.1351351,0,1,27.2
1,0,0,5,1,2928.147759,1,1,390.0
1,0,1,3,1,900.8622539,1,1,210.0
1,0,0,1,1,640.0,1,1,44.0
1,0,1,2,1,986.6798224,1,1,160.0
1,0,0,4,1,2300.034329,1,1,670.0
0,0,0,2,1,1000.0,1,1,75.0
1,0,0,3,1,1250.0,1,1,58.0
1,0,0,2,1,1050.052503,1,1,90.0
0,0,0,2,1,850.1335924000001,1,1,35.0
1,0,0,1,1,610.035077,1,1,80.0
1,0,0,2,1,884.9557522,1,1,22.0
1,0,0,2,1,1000.0,1,1,95.0
1,0,1,3,1,2800.0,1,1,280.0
0,0,0,3,1,1650.165017,1,1,25.0
1,0,0,2,1,1150.012778,1,1,90.0
1,0,0,3,1,1446.654611,1,1,120.0
0,0,0,3,1,1436.053387,1,1,85.0
0,1,1,2,1,1149.825784,0,1,33.0
1,0,0,3,1,1950.014625,1,1,600.0
2,1,1,2,1,1048.888889,0,0,47.2
1,0,0,4,1,2829.945974,1,1,220.0
1,1,1,3,1,2491.376006,0,1,130.0
0,0,0,2,1,1000.0,1,1,27.0
1,0,1,4,1,3454.5454549999995,1,1,190.0
2,1,1,2,1,718.530524,0,0,26.6
1,0,0,3,1,2183.470106,1,1,74.5
1,0,0,1,1,665.0041562999999,1,1,120.0
0,0,0,3,1,1625.0,1,1,65.0
1,0,0,2,1,750.3410641,1,1,11.0
1,0,1,3,1,908.0226472,1,1,85.0
1,0,1,4,1,2361.111111,1,0,170.0
0,0,0,2,1,900.0163639,1,1,55.0
0,0,0,3,1,1566.951567,1,1,55.0
1,0,0,2,1,1020.10201,1,1,34.0
1,0,0,2,1,1012.01771,1,1,160.0
0,0,0,2,1,1000.0,1,1,55.0
0,0,0,3,1,1150.202977,1,1,51.0
1,1,1,3,1,1499.250375,0,1,130.0
0,0,0,4,1,1350.074254,1,1,100.0
0,0,0,3,1,1685.2039100000002,1,1,100.0
0,0,0,2,1,1200.0,1,1,60.0
1,0,0,3,1,1690.0958469999998,1,1,52.9
1,0,0,3,1,1390.008058,1,1,69.0
1,0,0,2,1,1209.904333,1,1,86.0
0,0,0,2,1,1100.28293,1,1,35.0
0,0,0,3,1,1550.2082369999998,1,1,67.0
1,0,1,3,1,1572.09033,1,1,54.3
0,0,0,2,1,1170.062538,1,1,58.0
1,1,1,2,1,1265.051059,0,1,83.0
1,0,0,3,1,1048.284625,1,1,33.0
1,0,0,3,1,1983.111566,1,1,310.0
1,0,0,3,1,1075.268817,1,1,34.0
1,0,0,5,1,8300.084456999999,1,1,2850.0
1,1,1,2,1,1057.195953,0,1,51.2
1,0,0,3,1,1700.198356,1,1,120.0
1,0,0,1,1,528.7009063,1,0,14.0
1,0,1,2,1,1100.110011,1,1,60.0
1,1,0,1,1,645.0572488,0,1,40.0
1,0,0,2,1,1045.016077,1,1,26.0
1,1,1,3,1,1005.90972,0,0,480.0
0,0,0,2,1,684.9315068,1,1,15.0
1,0,1,3,1,1575.324331,1,1,59.5
1,1,1,2,1,1080.0,0,0,70.2
1,0,1,4,1,3119.75042,1,1,130.0
0,0,0,1,1,700.3257328999999,1,1,12.9
1,0,0,1,1,500.0,1,1,45.0
1,0,1,3,1,1100.203114,1,1,32.5
1,0,1,1,1,660.0264011,1,1,55.0
0,0,0,3,1,1700.17374,1,1,68.5
1,1,1,2,1,848.6486486,0,1,31.4
0,0,0,3,1,1706.0687300000002,1,1,70.0
1,0,1,2,1,967.4675739,1,1,45.5
1,1,0,3,1,1376.699029,0,0,70.9
1,0,0,2,1,1202.711568,1,1,220.0
1,0,0,4,1,2687.208886,1,1,1050.0
1,0,0,1,1,620.0093941,1,1,66.0
1,0,1,2,1,592.1052632,1,1,26.1
0,0,0,3,1,1840.324763,1,1,68.0
1,1,1,4,1,3333.015903,0,0,350.0
0,0,1,2,1,1082.083784,1,1,70.0
1,0,0,2,1,1099.975556,1,1,45.0
1,0,0,3,1,2979.145978,1,1,300.0
0,0,0,2,1,1600.3122560000002,1,1,61.5
0,0,1,4,1,1795.255396,1,1,84.0
1,0,1,2,1,1230.555983,1,1,79.9
1,0,0,3,1,1782.334385,1,1,45.2
0,0,0,2,1,1055.130572,1,1,40.0
1,0,1,3,1,1697.9244809999998,1,1,67.9
1,0,0,3,1,1185.2260199999998,1,1,43.0
0,0,0,3,1,1500.326158,1,1,46.0
0,0,0,1,1,529.7209866999999,1,1,13.1
1,0,0,3,1,2051.158301,1,1,85.0
2,1,1,2,1,363.4152932,0,0,26.9
1,1,1,2,1,446.1420932,0,0,58.4
1,1,0,3,1,3223.961312,0,1,620.0
0,0,0,3,1,1349.872309,1,1,37.0
0,0,0,1,1,595.1068988,1,1,27.0
1,0,0,4,1,2121.640736,1,1,120.0
1,0,0,3,1,2430.274274,1,1,210.0
1,0,0,3,1,1210.464662,1,1,31.0
0,0,0,2,1,1035.001882,1,1,55.0
1,0,0,2,1,1174.989509,1,1,56.0
1,0,1,3,1,1757.706869,1,1,130.0
1,0,0,2,1,1161.784288,1,1,34.9
1,1,1,3,1,134517.7665,0,0,9540.0
1,0,0,3,1,1625.1354279999998,1,1,90.0
1,0,0,3,1,1467.933492,1,1,30.9
0,0,0,2,1,898.3156581000001,1,1,28.8
1,0,1,2,1,1020.007846,1,1,78.0
0,0,0,3,1,1572.0180779999998,1,1,160.0
1,1,0,2,1,1004.1841,0,1,21.6
1,1,1,2,1,478.3544607,0,1,20.0
0,0,1,4,1,2678.874195,1,1,79.0
1,0,1,2,1,1353.053702,1,1,290.0
0,0,0,1,1,356.9303986,1,1,18.0
0,0,0,3,1,1223.34848,1,1,35.0
1,0,0,4,1,4150.607768,1,1,420.0
1,0,0,2,1,1099.796334,1,1,54.0
0,0,0,2,1,446.8980021,1,1,17.0
1,1,1,3,1,1024.06554,0,0,440.0
0,0,0,1,1,618.0694419,1,1,34.0
1,0,0,2,1,1270.207852,1,1,33.0
0,0,1,2,1,840.1453223999999,1,1,37.0
0,0,0,2,1,734.9011224,1,1,27.5
0,0,0,2,1,1000.0,1,1,35.0
1,0,0,2,1,1150.097466,1,1,59.0
0,0,0,2,1,1050.252592,1,1,39.5
1,1,1,2,1,724.492855,0,1,290.0
0,0,1,1,1,534.0646651000001,1,1,18.5
1,0,0,1,1,600.0,1,1,48.0
1,1,0,3,1,1378.461538,0,1,44.8
0,0,0,3,1,1177.336277,1,1,80.0
1,1,1,3,1,1598.113208,0,0,84.7
1,1,0,3,1,1103.102476,0,1,35.2
1,0,0,3,1,1559.746211,1,1,88.5
1,0,1,2,1,1329.080276,1,1,100.0
1,0,0,2,1,1089.0609869999998,1,1,45.0
1,0,0,1,1,741.0684659,1,1,67.0
1,0,0,3,1,1299.873623,1,1,72.0
0,0,0,3,1,1304.064334,1,1,60.0
1,1,1,3,1,1284.895544,0,0,69.5
0,0,0,3,1,2000.0,1,1,70.0
1,0,1,3,1,1602.067183,1,1,62.0
1,0,0,3,1,1539.201539,1,1,32.0
1,0,0,2,1,1015.123265,1,1,49.0
0,0,0,3,1,1200.0,1,1,30.0
1,1,1,1,1,391.9860627,0,1,27.0
1,0,1,2,1,1303.930968,1,1,68.0
0,0,0,2,1,1049.810141,1,1,47.0
1,0,0,4,1,2200.6235100000004,1,1,120.0
1,0,0,2,1,1000.0,1,1,32.9
1,0,0,1,1,650.0893873,1,1,40.0
0,0,0,2,1,940.3107114,1,1,23.0
0,0,1,3,1,1584.835301,1,1,51.0
1,0,1,2,1,1203.208556,1,1,45.0
1,0,0,2,1,1107.726392,1,1,40.0
1,0,0,5,1,4133.333333,1,0,310.0
0,0,0,2,1,1185.067514,1,1,74.6
0,0,1,2,1,1260.239445,1,1,40.0
0,0,0,2,1,2000.0,1,1,34.4
1,0,0,3,1,2511.1288670000004,1,1,220.0
0,0,0,2,1,780.1161103,1,1,43.0
1,0,0,2,1,1265.022138,1,1,60.0
1,1,1,3,1,1369.387755,0,1,67.1
0,0,1,4,1,2149.959688,1,1,80.0
1,0,1,1,1,730.0053677,1,1,68.0
2,0,0,2,1,866.9527897,1,0,30.3
1,0,1,3,1,2100.105005,1,1,300.0
1,1,1,2,1,587.061841,0,0,20.6
1,0,1,2,1,1274.285714,1,1,66.9
1,0,0,2,1,904.9773756,1,1,60.0
1,0,1,3,1,1507.0557609999998,1,1,110.0
1,0,1,1,1,675.0807162000001,1,1,46.0
1,0,1,2,1,1050.080775,1,1,78.0
1,0,0,1,1,610.0040667000001,1,1,90.0
2,1,1,2,1,686.5475995,0,0,41.9
1,1,1,3,1,3020.279016,0,1,210.0
1,0,0,2,1,1221.166893,1,1,63.0
0,0,0,2,1,1212.121212,1,1,68.0
1,0,0,2,1,1243.108661,1,1,69.9
0,0,0,3,1,1312.718786,1,1,45.0
1,0,0,2,1,900.2057613,1,1,17.5
1,1,1,6,1,3280.182232,0,1,360.0
0,0,0,2,1,592.0783993,1,1,29.0
1,0,1,2,1,826.0118645,1,1,110.0
1,1,0,3,1,1138.747378,0,1,38.0
0,1,1,2,1,1150.086256,0,1,60.0
0,0,0,2,1,1190.003967,1,1,60.0
0,0,0,1,1,575.0798722,1,1,18.0
1,1,1,3,1,1019.85722,0,1,170.0
1,0,0,2,1,1163.56383,1,1,140.0
0,0,0,3,1,1275.167785,1,1,57.0
1,0,0,2,1,1000.0,1,1,80.0
0,0,0,2,1,1505.069708,1,1,95.0
2,0,1,4,1,3259.259259,1,0,220.0
0,0,0,2,1,1255.230126,1,1,33.0
0,0,0,2,1,1100.029334,1,1,150.0
1,0,0,3,1,1260.040951,1,1,80.0
1,0,0,3,1,1740.0,1,1,87.0
1,0,1,3,1,3205.128205,1,1,190.0
0,0,0,2,1,1230.11317,1,1,75.0
1,0,1,3,1,1083.619288,1,0,240.0
1,0,0,3,1,1689.8608350000002,1,1,85.0
1,0,1,2,1,1150.103214,1,1,78.0
1,0,1,1,1,833.6983501,1,0,57.1
1,1,0,2,1,1122.362869,0,1,39.9
1,0,0,4,1,1699.2353440000002,1,1,220.0
1,0,0,2,1,1361.256545,1,1,39.0
1,0,0,5,1,8301.130670999999,1,1,2900.0
0,0,0,2,1,930.0595238,1,1,25.0
1,0,1,3,1,1656.244719,1,1,98.0
0,0,0,1,1,625.0,1,1,15.0
1,0,0,3,1,1437.145715,1,1,43.1
1,0,1,1,1,670.0554529,1,1,29.0
1,1,1,3,1,1345.023413,0,1,540.0
0,0,0,1,1,400.0,1,1,8.0
2,0,0,2,1,1339.141659,1,0,41.5
1,1,1,3,1,930.0048948,0,0,95.0
1,0,0,2,1,1152.134067,1,1,44.0
1,0,0,2,1,957.7864491,1,1,27.0
1,0,0,3,1,1170.0,1,1,35.1
1,0,1,1,1,706.5985433,1,1,130.0
1,0,0,2,1,1100.020371,1,1,54.0
1,0,1,1,1,297.029703,1,0,27.0
1,0,1,2,1,1120.099564,1,1,36.0
0,0,0,3,1,1250.0,1,1,28.0
1,1,1,1,1,625.0,0,1,25.5
0,0,1,1,1,489.9959167,1,1,12.0
2,1,1,4,1,2047.502048,0,0,100.0
1,1,1,4,1,2944.840865,0,1,260.0
1,0,0,1,1,650.0171057,1,1,38.0
0,0,0,3,1,1670.227229,1,1,86.0
1,0,1,4,1,3571.428571,1,1,260.0
2,1,1,2,1,844.7368421,0,0,32.1
0,0,0,2,1,700.0656312000001,1,1,32.0
1,0,1,3,1,1400.094922,1,1,59.0
0,0,0,1,1,437.6367615,1,1,10.0
1,0,0,3,1,1165.1816310000002,1,1,51.0
0,0,0,2,1,766.1888285,1,1,31.0
0,0,0,1,1,550.0,1,1,22.0
1,1,1,1,1,678.070581,0,1,44.0
1,0,0,2,1,1085.13112,1,1,84.0
1,0,0,2,1,1349.741961,1,1,68.0
1,1,0,3,1,1826.656589,0,1,72.5
0,0,0,3,1,1478.785121,1,1,130.0
1,0,1,2,1,1158.940397,1,1,70.0
1,0,1,3,1,1081.620767,1,1,520.0
1,0,0,2,1,1424.020986,1,1,76.0
1,0,1,2,1,742.4823660000001,1,1,180.0
1,1,1,2,1,1099.76247,0,1,46.3
0,0,0,1,1,740.1812689,1,1,24.5
1,0,0,2,1,1036.001036,1,1,80.0
0,0,0,3,1,1649.862511,1,1,72.0
1,0,1,2,1,626.0551491,1,1,44.5
0,0,0,2,1,686.0,1,1,34.3
0,0,0,1,1,711.1813512,1,1,18.0
0,1,0,2,1,1199.926158,0,1,65.0
1,0,0,3,1,1250.0,1,1,110.0
1,0,0,3,1,1661.415067,1,1,58.0
1,1,1,1,1,378.0197772,0,1,30.2
1,0,1,2,1,1165.00092,1,1,190.0
1,0,0,2,1,1099.967648,1,1,170.0
1,0,1,2,1,810.1016727000001,1,1,24.7
1,0,0,3,1,1439.884809,1,1,40.0
1,0,1,2,1,1246.873884,1,1,34.9
2,0,0,1,1,567.8579258999999,1,0,25.9
1,0,1,4,1,3134.040501,1,1,130.0
0,0,0,1,1,1800.720288,1,1,15.0
0,0,1,1,1,722.8449942000001,1,1,18.7
0,0,0,1,1,508.0627347,1,1,23.0
1,0,0,2,1,805.0603795,1,1,70.0
0,0,0,2,1,1215.277778,1,1,21.0
1,0,0,4,1,2919.152177,1,1,230.0
0,0,0,2,1,1050.105011,1,1,70.0
1,0,0,2,1,1240.03543,1,1,98.0
1,1,0,4,1,3939.393939,0,1,130.0
1,1,0,3,1,1300.025491,0,1,51.0
0,0,0,2,1,1330.180313,1,1,45.0
1,0,0,2,1,1070.070614,1,1,98.5
0,0,0,3,1,1900.078239,1,1,170.0
1,0,1,2,1,1120.099564,1,1,72.0
1,0,0,3,1,1847.070506,1,1,37.2
0,0,0,1,1,650.026001,1,1,25.0
1,0,0,2,1,1075.584238,1,1,220.0
1,1,1,2,1,686.9881711,0,1,15.1
1,0,0,3,1,1458.017581,1,1,48.1
1,1,1,2,1,535.3640245,0,1,46.4
1,1,1,3,1,1541.781091,0,1,78.6
0,0,0,2,1,700.1909612000001,1,1,22.0
0,0,0,2,1,963.1591621,1,1,40.0
0,0,0,2,1,1255.230126,1,1,45.0
1,1,0,2,1,1000.0,0,1,130.0
0,0,0,2,1,700.1647446000001,1,1,17.0
0,0,0,2,1,795.1356408,1,1,34.0
0,0,0,2,1,1139.0887289999998,1,1,38.0
1,0,0,3,1,1719.875309,1,1,160.0
1,1,1,3,1,1285.072952,0,1,68.7
1,0,1,2,1,1025.056948,1,1,54.0
1,0,1,3,1,1799.0141399999998,1,1,500.0
0,0,0,2,1,8638.743455,1,1,33.0
0,0,0,3,1,1694.2771079999998,1,1,90.0
1,1,1,3,1,1400.0,0,1,54.6
1,0,1,3,1,1762.196253,1,1,190.0
0,0,0,2,1,1025.115325,1,1,40.0
1,0,0,2,1,1040.077659,1,1,75.0
0,0,1,2,1,1179.941003,1,1,56.0
1,0,0,2,1,775.0356924,1,1,38.0
1,0,1,3,1,1610.089897,1,1,120.0
0,0,1,7,1,44117.64706,1,1,120.0
0,0,0,1,1,588.004704,1,1,30.0
1,1,0,1,1,345.0309643,0,1,35.1
1,0,0,1,1,670.0032289,1,1,83.0
1,1,1,2,1,547.5,0,0,21.9
1,1,0,2,1,850.19056,0,1,29.0
0,0,0,2,1,1225.03603,1,1,59.5
0,0,0,1,1,403.125,1,1,12.9
1,0,0,3,1,1246.105919,1,1,36.0
1,1,1,3,1,1182.834475,0,1,32.8
0,0,0,2,1,1269.035533,1,1,70.0
0,0,0,2,1,850.0510031,1,1,50.0
1,0,0,2,1,1055.926544,1,1,75.9
0,0,0,3,1,1175.088132,1,1,20.0
1,1,1,2,1,1489.129356,0,1,150.0
1,0,1,1,1,400.0,1,1,25.0
1,0,0,2,1,884.0,1,1,22.1
0,0,0,2,1,1089.126883,1,1,60.0
1,1,0,4,1,1882.222222,0,1,84.7
0,0,0,1,1,525.0875146000001,1,1,27.0
1,1,1,3,1,1708.074534,0,1,220.0
0,1,0,2,1,920.0,0,1,23.0
0,0,0,3,1,1700.0,1,1,85.0
1,0,1,2,1,1089.037817,1,1,91.0
1,0,0,1,1,550.0550055,1,1,25.0
1,0,1,2,1,1213.0197449999998,1,1,180.0
1,1,1,2,1,1030.131342,0,1,80.0
0,0,0,2,1,1225.071225,1,1,30.1
1,0,1,2,1,896.4955175000001,1,1,22.0
1,0,1,2,1,1345.20277,1,1,68.0
0,0,0,2,1,900.0473708999999,1,1,38.0
1,0,1,4,1,3285.1511170000003,1,1,650.0
1,0,1,3,1,1583.531275,1,1,100.0
1,0,0,2,1,1480.132073,1,1,130.0
1,0,0,2,1,1291.231365,1,1,110.0
0,0,0,3,1,1400.147384,1,1,38.0
1,1,1,1,1,566.2323052,0,1,60.4
2,0,1,1,1,399.5354239,1,0,17.2
1,0,0,2,1,1049.868766,1,1,48.0
1,0,0,3,1,1250.0,1,1,60.0
0,0,0,1,1,735.8738502,1,1,28.0
1,1,0,3,1,1071.428571,0,0,33.6
1,0,0,1,1,650.0,1,1,65.0
0,1,1,3,1,1350.166579,0,1,77.0
1,1,1,2,1,687.6948468999999,0,0,150.0
0,1,1,2,1,970.8295351,0,1,21.3
1,0,0,1,1,650.0541712,1,1,36.0
1,0,1,6,1,7500.0,1,1,1200.0
0,0,1,2,1,929.9781182,1,1,51.0
1,0,1,2,1,1062.959935,1,1,65.0
1,1,0,3,1,1363.636364,0,1,45.0
1,1,1,2,1,1075.017527,0,0,46.0
0,0,1,3,1,2150.757886,1,1,52.5
1,0,0,3,1,2102.680918,1,1,120.0
0,0,1,2,1,1050.080775,1,1,26.0
1,0,0,3,1,1365.138669,1,1,95.0
0,0,0,3,1,1400.180668,1,1,62.0
1,0,0,1,1,700.0350017999999,1,1,80.0
1,1,1,3,1,1614.919775,0,1,77.5
0,0,0,3,1,1750.547046,1,1,48.0
1,0,0,2,1,1145.038168,1,1,75.0
0,0,0,3,1,1570.048309,1,1,78.0
0,0,0,2,1,1075.268817,1,1,37.0
1,0,0,3,1,1500.053573,1,1,280.0
1,1,1,2,1,1123.333333,0,1,33.7
1,0,0,4,1,3750.375038,1,1,250.0
1,1,1,2,1,1198.214286,0,0,67.1
1,0,0,4,1,3175.10716,1,1,600.0
1,1,1,2,1,895.9628966,0,1,85.0
0,0,0,2,1,882.6125331000001,1,1,50.0
1,0,0,3,1,1358.5837789999998,1,1,33.0
1,0,0,3,1,1356.223176,1,1,79.0
0,0,0,3,1,1600.0,1,1,60.0
0,0,0,2,1,899.9742864,1,1,35.0
0,0,0,3,1,1200.0,1,1,45.0
1,0,0,2,1,1256.281407,1,1,50.0
1,1,1,3,1,93396.93698,0,0,7440.0
1,0,1,2,1,1040.041602,1,1,60.0
0,0,0,2,1,950.0285009,1,1,50.0
1,0,1,2,1,1549.897201,1,1,98.0
1,0,0,2,1,956.5217391,1,1,110.0
1,1,1,4,1,2326.122354,0,1,100.0
1,0,0,3,1,1805.054152,1,1,150.0
0,0,0,3,1,1457.253886,1,1,45.0
1,0,0,2,1,1232.352941,1,1,41.9
0,0,1,2,1,900.2520706,1,1,25.0
1,0,0,1,1,555.0416281,1,1,60.0
0,0,0,2,1,1328.021248,1,1,30.0
0,0,0,2,1,1110.197368,1,1,27.0
1,0,0,3,1,1620.111732,1,1,87.0
2,1,1,2,1,1123.595506,0,0,33.0
1,0,1,3,1,1486.403777,1,1,170.0
1,0,1,3,1,1648.386483,1,1,260.0
1,0,0,3,1,1900.031046,1,1,61.2
0,0,0,2,1,1050.052503,1,1,30.0
1,0,1,3,1,1450.033279,1,1,610.0
1,0,0,2,1,1026.119403,1,1,55.0
1,0,0,3,1,1873.410946,1,1,140.0
1,0,0,3,1,970.3085581,1,1,100.0
0,1,0,2,1,1100.110011,0,1,40.0
1,1,1,1,1,727.0168856,0,1,62.0
1,0,0,3,1,1100.157729,1,1,27.9
1,1,0,2,1,967.0951763,0,1,82.0
0,0,0,3,1,1300.2022539999998,1,1,45.0
1,1,1,3,1,1792.757261,0,1,100.0
2,1,1,1,1,482.2198276,0,0,17.9
0,0,0,3,1,1649.917504,1,1,110.0
1,0,1,3,1,1837.859914,1,1,360.0
1,0,0,4,1,3330.305783,1,1,330.0
1,0,1,1,1,690.0750964,1,1,34.0
1,1,0,3,1,1207.5471699999998,0,0,160.0
0,0,0,3,1,1406.25,1,1,45.0
1,1,1,3,1,644.3054766,0,0,34.0
1,0,1,2,1,1360.0,1,1,47.6
0,0,0,3,1,1394.101877,1,1,52.0
0,0,0,2,1,930.0329089,1,1,65.0
0,0,0,3,1,1535.050316,1,1,90.0
0,0,0,3,1,2199.792961,1,1,170.0
1,0,0,1,1,600.0,1,1,48.0
1,0,0,2,1,949.9934028,1,1,72.0
0,1,0,1,1,350.0269251,0,1,13.0
1,0,0,4,1,2506.635211,1,1,85.0
1,1,0,2,1,7075.471698,0,1,30.0
2,0,1,3,1,77615.50473,1,0,8450.0
1,0,0,4,1,1608.271109,1,1,140.0
0,0,0,2,1,1166.666667,1,1,17.5
0,0,0,4,1,1679.731243,1,1,45.0
1,0,0,2,1,899.9052731,1,1,57.0
0,0,1,3,1,1315.047905,1,1,70.0
0,0,1,3,1,2317.8328260000003,1,1,160.0
0,0,0,3,1,1240.079365,1,1,50.0
1,1,1,1,1,408.4739312,0,0,64.4
0,0,0,2,1,735.2941176,1,1,17.0
1,0,0,1,1,697.0849176,1,1,55.0
1,0,0,3,1,1345.037519,1,1,95.0
1,1,0,2,1,1050.052503,0,1,60.0
0,0,0,3,1,1409.332916,1,1,45.0
1,0,0,2,1,1500.750375,1,1,60.0
0,0,1,2,1,1324.753974,1,1,70.0
0,0,0,3,1,1500.0,1,1,75.0
1,1,0,3,1,1785.1239670000002,0,1,54.0
1,1,1,1,1,403.8095238,0,0,42.4
1,0,0,3,1,1834.862385,1,0,120.0
1,0,1,3,1,1075.599262,1,1,17.5
1,0,0,3,1,1578.418711,1,1,110.0
1,0,0,3,1,1400.115473,1,1,97.0
1,0,0,3,1,1340.074313,1,1,220.0
1,1,1,3,1,1400.0,0,1,66.5
0,1,1,2,1,1207.041073,0,1,72.0
1,0,0,3,1,1036.062961,1,1,52.0
1,0,1,2,1,1197.2975279999998,1,1,140.0
1,0,0,2,1,712.0253165,1,1,18.0
1,0,1,4,1,2040.069048,1,0,390.0
0,0,0,3,1,2400.548697,1,1,70.0
0,0,0,2,1,891.2655971,1,1,25.0
1,0,1,1,1,505.0505051,1,1,14.0
1,0,0,2,1,1200.0,1,1,28.5
0,0,0,2,1,1000.0,1,1,32.0
1,0,1,2,1,1170.091324,1,1,82.0
1,0,0,2,1,961.9084263,1,1,100.0
1,0,1,2,1,1322.204776,1,1,160.0
0,0,1,3,1,1315.002989,1,1,66.0
0,1,1,2,1,750.1172058,0,1,32.0
0,0,0,2,1,1125.0,1,1,45.0
1,0,0,4,1,3104.947216,1,1,300.0
0,0,0,2,1,967.1476819,1,1,63.0
0,0,0,3,1,1754.8825359999998,1,1,62.0
0,0,0,1,1,550.0,1,1,16.5
1,0,0,2,1,1182.832038,1,1,140.0
1,0,1,4,1,2189.6355350000003,1,1,76.9
1,0,1,2,1,1310.066551,1,1,250.0
0,0,0,2,1,890.5852417000001,1,0,17.5
1,0,0,2,1,1083.7096210000002,1,1,31.2
0,0,0,3,1,1500.133941,1,1,56.0
0,0,0,3,1,1500.214316,1,1,70.0
1,1,1,2,1,645.6820016,0,1,160.0
1,0,0,3,1,1297.789337,1,1,49.9
0,0,0,3,1,1573.082805,1,1,72.0
0,0,0,3,1,2078.669651,1,1,130.0
0,1,1,1,1,682.1766562000001,0,1,17.3
0,0,0,5,1,2100.6564550000003,1,1,48.0
1,0,0,2,1,1121.579183,1,1,100.0
0,0,1,3,1,1596.223022,1,1,71.0
1,0,0,2,1,880.938642,1,1,45.8
1,0,0,3,1,1522.815032,1,1,280.0
1,1,1,2,1,1252.00857,0,1,93.5
0,1,1,2,1,940.0,0,1,42.3
1,0,1,2,1,1275.0223130000002,1,1,100.0
0,0,0,3,1,627.6150627999999,1,1,30.0
0,0,0,3,1,1485.253554,1,1,70.0
0,0,0,2,1,920.2453988,1,1,30.0
1,0,0,2,1,905.715062,1,1,100.0
1,0,0,3,1,1691.3098059999998,1,1,970.0
1,1,1,2,1,672.0430107999999,0,0,90.0
1,0,0,3,1,2635.277583,1,1,150.0
0,0,0,3,1,800.0,1,1,20.0
0,0,0,2,1,759.1861524,1,1,25.0
1,0,0,2,1,1140.10641,1,1,45.0
1,0,1,3,1,1786.112972,1,1,160.0
1,0,1,3,1,1600.0,1,1,120.0
0,0,0,1,1,610.0316313,1,1,27.0
1,0,1,2,1,1064.695935,1,1,170.0
0,0,0,3,1,1381.291028,1,1,50.5
1,0,1,4,1,2420.856611,1,1,65.0
1,0,0,2,1,910.2990033,1,1,27.4
1,0,1,3,1,869.7164723999999,1,0,250.0
1,0,0,2,1,1025.179856,1,1,57.0
1,0,0,2,1,975.2020061,1,1,140.0
0,0,0,3,1,1650.227618,1,1,87.0
1,0,0,3,1,1350.124801,1,1,59.5
1,0,0,3,1,2256.820061,1,1,81.9
0,0,1,1,1,666.0323501,1,1,35.0
1,1,0,3,1,1321.81599,0,1,32.9
1,1,1,3,1,1409.077425,0,1,47.5
0,0,0,2,1,1015.02233,1,1,75.0
1,1,0,2,1,694.0588562,0,1,62.5
1,0,0,3,1,1214.329083,1,1,100.0
0,0,0,1,1,429.51971889999993,1,1,22.0
1,1,1,2,1,992.3664122,0,1,260.0
1,0,0,3,1,1414.427157,1,1,110.0
0,0,0,3,1,1900.057002,1,1,100.0
1,0,0,2,1,980.0490025,1,1,56.0
1,0,0,3,1,1511.144692,1,1,120.0
1,1,1,3,1,1574.438527,0,1,680.0
0,0,0,4,1,2000.0,1,1,70.0
1,0,0,3,1,1542.891785,1,1,50.9
1,0,0,3,1,969.9829598,1,1,370.0
1,0,0,2,1,866.6666667000002,1,1,130.0
0,0,0,1,1,610.0942873,1,1,33.0
0,0,0,1,1,520.0367085,1,1,17.0
0,0,0,2,1,879.0911550000001,1,1,65.0
1,0,0,3,1,1274.74002,1,1,38.0
1,0,1,3,1,2508.623393,1,1,320.0
1,1,0,2,1,922.2222222,0,0,24.9
0,0,0,3,1,1149.73262,1,1,43.0
1,1,0,3,1,1034.375,0,0,33.1
2,1,0,3,1,1074.193548,0,0,33.3
0,0,0,2,1,950.1689189,1,1,45.0
1,0,0,3,1,1645.306547,1,1,190.0
0,0,0,2,1,1100.187266,1,1,47.0
1,0,1,2,1,1200.0,1,1,39.9
0,0,0,2,1,860.0301011,1,1,40.0
0,0,0,4,1,2900.02175,1,1,400.0
0,0,0,2,1,647.2491909,1,1,10.0
1,0,0,2,1,1341.184167,1,1,82.0
1,0,1,3,1,1872.113677,1,1,52.7
0,0,0,2,1,1454.349583,1,1,54.0
1,0,0,2,1,985.1226377,1,1,73.5
1,1,0,1,1,530.0353357,0,1,16.5
0,0,0,3,1,1034.185579,1,1,36.0
1,0,0,2,1,867.1839343,1,1,190.0
1,1,1,2,1,949.9451955,0,1,130.0
1,0,0,2,1,1241.258741,1,1,710.0
1,0,1,3,1,2049.780381,1,1,140.0
0,0,1,2,1,1295.015079,1,1,73.0
0,0,0,1,1,700.1909612000001,1,1,11.0
0,0,0,2,1,896.6510622999999,1,1,24.9
1,1,1,2,1,895.1005025000001,0,1,57.0
1,0,0,3,1,1921.250495,1,0,97.1
0,0,0,2,1,400.0,1,1,30.0
0,0,0,2,1,1020.160311,1,1,42.0
1,0,1,1,1,471.9885081000001,1,1,69.0
1,0,0,4,1,3500.072918,1,1,1200.0
0,0,0,3,1,1500.0,1,1,75.0
1,0,0,3,1,1260.126013,1,1,84.0
0,0,0,2,1,1000.0,1,1,30.0
1,0,1,2,1,1260.063003,1,1,180.0
0,0,1,3,1,1575.299307,1,1,75.0
2,0,0,2,1,855.5555555999999,1,0,38.5
0,1,0,3,1,1303.571429,0,1,36.5
0,0,0,3,1,1452.282158,1,1,49.0
1,1,1,3,1,1344.164572,0,1,230.0
1,0,1,2,1,1260.675071,1,1,31.0
1,1,0,1,1,592.8005284,0,1,35.9
1,1,1,2,1,988.1756757000002,0,1,46.8
1,1,1,2,1,869.6912596000001,0,1,180.0
1,0,1,2,1,639.9844065000001,1,1,98.5
1,0,0,3,1,1409.910844,1,1,68.0
1,0,0,3,1,2739.726027,1,1,240.0
0,0,0,3,1,1425.081433,1,1,35.0
0,0,0,2,1,1100.296234,1,1,26.0
1,0,1,2,1,820.2099738,1,1,25.0
2,1,1,2,1,804.86158,0,0,59.6
0,0,0,1,1,800.0,1,1,30.0
1,0,0,2,1,1070.2166539999998,1,1,41.0
0,0,0,3,1,1635.220126,1,1,65.0
1,0,0,2,1,1000.0,1,1,46.0
1,0,0,4,1,3200.0,1,1,1200.0
1,1,1,3,1,1000.0,0,1,28.6
1,0,0,3,1,1896.034129,1,1,120.0
1,0,0,2,1,1040.041602,1,1,140.0
1,1,1,3,1,1423.267327,0,1,57.5
0,1,1,2,1,1256.767208,0,1,65.0
0,0,0,2,1,1111.111111,1,1,60.0
1,1,0,3,1,1134.215501,0,1,30.0
1,0,0,3,1,1550.044287,1,1,140.0
0,0,0,1,1,600.0648719,1,1,18.5
0,1,1,2,1,1137.931034,0,1,33.0
1,1,1,3,1,139428.5714,0,0,9760.0
0,0,0,2,1,979.4776119,1,1,42.0
1,0,0,2,1,1106.106106,1,1,44.2
1,0,0,3,1,2100.210021,1,1,70.0
0,0,0,1,1,548.3028721,1,1,16.8
1,0,0,2,1,1135.03305,1,1,60.1
1,0,0,2,1,1223.657376,1,1,36.0
1,0,0,1,1,563.0278386,1,1,36.0
0,0,0,3,1,1825.557809,1,1,45.0
1,0,1,4,1,2261.685374,1,1,270.0
1,0,0,3,1,1754.704149,1,1,77.4
0,0,0,5,1,3281.378179,1,1,200.0
1,0,0,1,1,640.2313094,1,1,15.5
1,0,0,3,1,1255.155101,1,1,140.0
1,0,0,3,1,1509.123337,1,1,110.0
1,0,1,2,1,1127.57732,1,1,140.0
1,0,0,2,1,1206.1233960000002,1,1,78.0
1,0,0,2,1,724.1129616000001,1,1,140.0
1,1,1,1,1,328.1721687,0,0,33.7
1,0,0,2,1,1100.0,1,1,44.0
1,1,1,2,1,950.0308452,0,1,77.0
0,0,0,1,1,584.9908073,1,1,35.0
1,1,1,3,1,1772.479173,0,1,61.7
1,0,0,3,1,1642.305797,1,1,100.0
1,0,1,2,1,790.0280899,1,1,180.0
0,1,0,3,1,1518.218623,0,1,45.0
1,0,1,2,1,1040.240898,1,1,38.0
0,0,0,2,1,1060.204468,1,1,28.0
0,0,0,1,1,700.2096436,1,1,16.7
0,0,0,1,1,420.0610998,1,1,16.5
1,1,1,3,1,1450.075956,0,1,210.0
1,0,1,3,1,1603.031186,1,1,110.0
1,0,1,2,1,947.4974919,1,1,170.0
1,0,1,1,1,602.0642202,1,1,42.0
0,1,0,3,1,1330.008313,0,1,80.0
0,0,0,3,1,1447.828258,1,1,58.0
1,0,0,2,1,1074.782215,1,1,190.0
0,1,0,3,1,1470.047777,0,1,80.0
0,0,0,3,1,1550.387597,1,1,30.0
1,1,1,1,1,560.0229753,0,1,39.0
0,0,0,2,1,1200.154859,1,1,62.0
1,0,0,3,1,1803.833145,1,1,160.0
0,0,0,2,1,883.1321754,1,1,30.0
1,0,1,3,1,1200.162734,1,1,29.5
0,0,0,1,1,783.5325365,1,1,17.7
0,0,0,2,1,910.0837277,1,1,50.0
0,0,0,3,1,751.1737089,1,1,24.0
1,0,1,3,1,1174.285714,1,0,41.1
0,0,0,3,1,1344.086022,1,1,80.0
0,0,0,3,1,1499.812523,1,1,40.0
1,0,1,3,1,1330.229465,1,1,160.0
1,1,1,2,1,629.0684317,0,1,230.0
1,0,0,3,1,1640.112465,1,1,70.0
1,1,0,3,1,1175.0,0,1,28.2
1,0,0,1,1,650.0072223,1,1,45.0
1,1,1,2,1,1057.867684,0,1,63.8
1,0,0,2,1,1110.385369,1,1,17.0
0,0,0,2,1,815.0851582,1,1,33.5
0,0,0,2,1,1118.257261,1,1,53.9
0,0,0,1,1,580.0464037,1,1,45.0
0,0,0,2,1,900.0382994999999,1,1,23.5
0,0,0,3,1,1250.0,1,1,54.0
0,0,0,2,1,915.0526155,1,1,60.0
1,0,1,1,1,659.8984772000001,1,1,32.5
1,0,1,3,1,1063.568682,1,1,260.0
1,0,0,1,1,650.0,1,1,65.0
1,1,1,3,1,1100.513573,0,1,270.0
0,0,0,2,1,1060.0706710000002,1,1,45.0
0,0,1,3,1,1446.201311,1,1,75.0
1,0,1,2,1,990.0990099,1,1,72.0
1,1,1,2,1,1273.529412,0,1,43.3
1,0,0,3,1,1550.120565,1,1,90.0
0,0,0,3,1,1779.935275,1,1,110.0
0,0,1,3,1,1402.147971,1,1,47.0
1,0,0,2,1,1128.031585,1,1,20.0
0,0,0,2,1,1204.013378,1,1,90.0
1,0,1,2,1,1038.178165,1,1,31.0
1,1,1,2,1,834.5939179,0,1,160.0
1,0,1,2,1,1014.957265,1,1,95.0
1,0,0,2,1,953.0201342,1,1,71.0
0,1,0,3,1,1187.08452,0,1,50.0
1,1,0,1,1,651.0618509,0,1,42.0
1,1,1,4,1,1628.075253,0,0,270.0
0,0,0,2,1,1050.019091,1,1,55.0
1,1,0,3,1,1274.534795,0,1,150.0
0,0,1,3,1,1075.268817,1,1,22.0
1,0,0,3,1,1500.0,1,1,78.0
1,0,0,2,1,965.0180941,1,1,32.0
1,0,1,3,1,1455.108359,1,1,70.5
0,0,0,1,1,398.0099502,1,1,200.0
1,0,0,2,1,1030.927835,1,1,270.0
0,0,0,1,1,700.2188183999999,1,1,16.0
1,0,0,2,1,1090.135602,1,1,82.0
0,0,0,3,1,1440.126258,1,1,73.0
1,0,1,3,1,1364.25648,1,1,50.0
0,0,0,3,1,1532.175689,1,1,120.0
1,1,0,1,1,710.1449275,0,1,24.5
1,0,0,2,1,578.0346821,1,1,80.0
1,0,0,2,1,1330.082022,1,1,120.0
0,0,0,2,1,1200.120012,1,1,40.0
1,1,1,1,1,710.0097452,0,1,51.0
1,0,0,4,1,1600.365798,1,1,35.0
1,0,0,5,1,4500.0,1,1,1800.0
1,1,1,1,1,631.018234,0,1,30.8
1,0,0,3,1,1347.708895,1,1,60.0
1,0,0,3,1,1151.867591,1,1,51.5
1,0,0,2,1,1444.154248,1,1,94.0
0,0,0,3,1,1535.240754,1,1,88.0
1,1,0,3,1,1077.19037,0,1,43.4
0,0,0,2,1,1039.91949,1,1,31.0
1,0,0,2,1,1270.110076,1,1,60.0
1,0,0,2,1,850.0,1,1,51.0
0,0,0,3,1,1056.05199,1,1,52.0
1,0,1,3,1,2619.010938,1,1,170.0
0,0,0,2,1,1171.303075,1,1,32.0
0,0,0,3,1,1400.041178,1,1,68.0
1,0,1,4,1,3186.336987,1,1,250.0
1,0,0,3,1,2407.152682,1,1,280.0
1,0,0,2,1,800.2013085,1,1,15.9
1,1,1,3,1,1800.055386,0,1,65.0
1,0,0,2,1,1140.223193,1,1,47.0
1,0,1,3,1,1894.986182,1,1,240.0
0,0,0,2,1,650.0541712,1,1,12.0
0,0,0,3,1,1325.1783890000002,1,1,52.0
1,0,0,2,1,1349.932503,1,1,90.0
0,0,0,2,1,1188.242652,1,1,38.0
1,0,0,3,1,1820.087669,1,1,95.5
0,0,0,2,1,849.8583569,1,1,45.0
1,0,0,2,1,775.1091703,1,1,35.5
1,0,0,2,1,774.0774077000001,1,1,43.0
1,0,1,2,1,1153.003574,1,1,100.0
1,0,0,2,1,1250.0,1,1,90.0
0,1,1,2,1,1364.877161,0,1,90.0
0,0,0,2,1,1110.022853,1,1,68.0
1,0,0,4,1,2263.231198,1,1,130.0
0,0,0,2,1,1170.138076,1,1,50.0
0,0,0,2,1,900.0,1,1,27.0
0,0,1,3,1,1625.239006,1,1,85.0
1,1,1,2,1,872.7181795,0,0,34.9
1,0,0,2,1,951.8579535,1,1,52.0
0,0,1,1,1,350.1094092,1,1,8.0
1,0,0,4,1,3200.0,1,1,1200.0
1,0,0,3,1,1819.836215,1,1,100.0
1,1,1,4,1,2550.0,0,1,91.8
1,0,0,1,1,619.0800471,1,1,100.0
1,1,0,3,1,1505.263158,0,1,28.6
0,0,1,2,1,1315.125086,1,1,57.3
0,0,0,2,1,1145.089586,1,1,85.0
1,1,1,2,1,600.0436394999999,0,1,110.0
1,0,1,1,1,414.4062688,1,1,110.0
1,0,0,2,1,1047.668937,1,1,100.0
1,0,0,2,1,840.0,1,1,21.0
1,0,1,3,1,1779.007709,1,1,90.0
1,0,1,2,1,771.0280374,1,1,99.0
1,1,1,3,1,836.3636364,0,1,230.0
0,0,0,3,1,1849.966056,1,1,54.5
0,1,1,2,1,1226.831421,0,1,41.7
1,0,1,2,1,55144.50867,1,0,9540.0
0,1,1,2,1,1149.161112,0,1,50.0
0,0,0,1,1,605.0338819,1,1,25.0
0,0,0,1,1,560.0672081,1,1,20.0
0,0,0,2,1,1080.1469,1,1,50.0
1,0,0,3,1,1450.044209,1,1,82.0
1,0,1,3,1,915.1385027,1,0,260.0
1,1,0,3,1,1062.011719,0,1,87.0
0,1,0,2,1,1160.037879,0,1,49.0
1,0,0,3,1,1200.041741,1,1,230.0
0,1,0,1,1,800.0,0,1,35.0
1,0,0,3,1,1660.126773,1,1,110.0
0,0,0,2,1,1275.207592,1,1,43.0
1,0,0,3,1,2283.539486,1,1,240.0
1,0,1,3,1,2300.172513,1,1,120.0
1,0,1,4,1,4544.846946,1,1,340.0
0,0,0,2,1,1150.22656,1,1,33.0
1,0,0,3,1,859.0081319,1,1,150.0
0,0,0,2,1,1150.180743,1,1,35.0
1,0,1,2,1,1027.108941,1,1,61.0
1,1,0,3,1,1219.660934,0,1,100.0
1,0,0,3,1,1912.386035,1,1,86.0
0,0,0,2,1,895.2254642000001,1,1,27.0
1,0,1,3,1,1625.320787,1,1,57.0
0,0,0,4,1,1619.87041,1,1,45.0
1,0,0,3,1,2061.85567,1,1,270.0
1,1,1,3,1,1990.303649,0,1,78.0
1,1,1,3,1,836.0427311000001,0,1,180.0
1,0,1,2,1,1268.001087,1,1,140.0
1,0,1,2,1,981.6531114,1,1,51.9
1,0,0,3,1,1840.020445,1,1,72.0
1,0,0,3,1,1746.1538460000002,1,1,45.4
0,0,1,3,1,1842.04467,1,1,160.0
0,0,0,1,1,699.6163393999999,1,1,31.0
1,0,1,3,1,2386.309402,1,1,350.0
1,0,1,2,1,1179.890561,1,1,69.0
1,1,1,2,1,1081.081081,0,1,70.0
1,1,1,3,1,1954.129384,0,1,190.0
1,0,0,3,1,1730.1038059999998,1,1,90.0
0,0,0,3,1,1436.093825,1,1,60.0
1,0,0,1,1,600.0,1,1,42.0
0,0,0,3,1,1909.059354,1,1,110.0
1,1,1,4,1,2250.027439,0,0,410.0
1,1,1,2,1,900.0,0,1,45.0
1,0,0,1,1,530.055918,1,1,45.5
0,0,0,3,1,1450.326323,1,1,40.0
1,1,1,2,1,1007.947277,0,1,52.0
1,0,0,2,1,886.1320337000001,1,1,160.0
1,1,0,2,1,863.6363636,0,0,26.6
1,1,1,3,1,927.3827534,0,1,61.3
1,0,0,3,1,1700.294718,1,1,75.0
0,0,0,3,1,1800.327332,1,1,55.0
0,0,0,3,1,1280.081925,1,1,75.0
1,1,1,1,1,256.0028249,0,1,58.0
1,0,0,4,1,2500.0,1,1,480.0
1,0,0,3,1,1309.164149,1,1,65.0
1,0,0,3,1,1595.006935,1,1,92.0
1,0,0,4,1,1313.485114,1,1,180.0
0,0,0,2,1,735.2941176,1,1,13.5
1,1,0,3,1,1151.8083390000002,0,1,50.0
0,0,0,3,1,1000.0,1,1,65.0
0,1,0,1,1,661.5878107000001,0,1,16.5
1,0,0,3,1,2072.109407,1,1,150.0
1,0,1,2,1,567.8131084,1,0,140.0
1,1,1,2,1,790.1064926,0,1,23.0
0,0,0,2,1,1250.0,1,1,40.0
0,1,0,3,1,1360.355358,0,1,49.0
1,0,0,6,1,3500.0,1,1,1400.0
1,0,0,3,1,1255.082199,1,1,71.0
1,0,0,3,1,2000.0,1,1,65.0
0,0,0,2,1,980.1786103,1,1,45.0
1,1,1,3,1,3200.0,0,1,1000.0
1,0,1,3,1,755.5723461,1,0,100.0
1,0,0,3,1,1493.2802390000002,1,1,60.0
0,1,0,5,1,3200.0,0,1,180.0
1,1,0,2,1,1000.0,0,1,35.5
1,1,0,3,1,1089.813801,0,1,39.8
0,0,0,3,1,1454.257007,1,1,55.0
1,0,0,2,1,1171.450088,1,1,140.0
0,0,0,3,1,1559.900166,1,1,75.0
0,0,0,2,1,1170.0468019999998,1,1,52.5
0,0,0,2,1,815.1620135,1,1,40.0
0,0,0,4,1,2872.062663,1,1,330.0
1,0,0,2,1,907.0294785,1,1,56.0
0,0,0,3,1,1210.992082,1,1,52.0
1,0,0,2,1,1285.176158,1,1,58.0
1,1,0,3,1,1709.9100440000002,0,1,230.0
0,0,1,1,1,525.099769,1,1,25.0
1,1,0,3,1,2500.0,0,1,560.0
0,0,0,3,1,1800.138472,1,1,78.0
1,0,0,3,1,2150.117279,1,1,55.0
1,0,1,3,1,2059.732235,1,1,100.0
0,0,0,2,1,1050.105011,1,1,35.0
1,0,1,3,1,2049.54955,1,1,91.0
0,0,0,2,1,925.0035577,1,1,65.0
0,0,0,2,1,98.00078401,1,1,50.0
1,0,0,3,1,1369.863014,1,1,100.0
0,0,0,1,1,705.0378157,1,1,55.0
0,1,0,3,1,1800.504141,0,1,50.0
1,0,0,3,1,2450.106914,1,1,550.0
1,1,1,3,1,2975.241738,0,1,280.0
1,0,0,2,1,1100.110011,1,1,40.0
1,0,0,3,1,1729.559748,1,1,110.0
1,0,1,4,1,3242.241779,1,1,280.0
0,0,0,1,1,649.8740554,1,1,12.9
1,0,0,4,1,4279.069767,1,1,460.0
0,0,0,3,1,1250.0,1,1,60.0
0,0,0,1,1,498.3277592,1,1,14.9
0,0,0,2,1,990.0990099,1,1,30.0
0,0,0,3,1,1600.0,1,1,50.0
1,0,0,3,1,1775.147929,1,1,84.0
1,1,0,2,1,1000.0,0,1,46.0
0,0,0,2,1,750.0707614,1,1,53.0
0,0,1,3,1,1307.103248,1,1,99.0
1,0,0,3,1,1250.4065039999998,1,1,76.9
1,0,0,3,1,1317.097416,1,1,53.0
0,0,0,3,1,1692.047377,1,1,120.0
0,0,0,2,1,1255.155101,1,1,70.0
0,0,0,1,1,450.0450045,1,1,20.0
0,1,0,3,1,1300.0,0,1,52.0
1,0,0,4,1,4700.229789,1,1,450.0
1,1,1,4,1,2633.311389,0,1,240.0
1,0,0,3,1,1420.9928,1,1,75.0
1,0,1,3,1,1533.742331,1,1,100.0
0,0,1,2,1,1265.229616,1,1,54.0
1,0,0,3,1,1620.2742,1,1,78.0
0,0,0,2,1,1099.611902,1,1,25.5
1,1,0,2,1,985.0543478,0,1,87.0
1,1,1,2,1,798.6916669999999,0,0,210.0
1,0,0,2,1,1150.05145,1,1,190.0
2,1,1,1,1,657.8324657000001,0,0,13.9
1,0,0,3,1,1431.15644,1,1,87.0
0,0,0,2,1,956.2339095,1,1,26.0
1,0,0,3,1,1571.1711710000002,1,1,87.2
0,0,0,3,1,1645.244216,1,1,96.0
0,0,0,3,1,1800.180018,1,1,80.0
0,0,1,2,1,1149.897331,1,1,28.0
1,0,0,2,1,1000.0,1,1,24.0
1,1,1,2,1,1136.9178960000002,0,1,97.9
0,0,0,2,1,834.028357,1,1,40.0
0,0,0,3,1,1434.72023,1,1,110.0
1,0,0,3,1,1538.246399,1,1,110.0
0,0,1,2,1,1232.0328539999998,1,1,90.0
1,0,1,4,1,2400.573271,1,1,67.0
0,0,0,2,1,1068.158698,1,1,42.0
1,0,1,3,1,1320.132013,1,1,64.0
0,0,0,3,1,1296.296296,1,1,42.0
1,0,0,3,1,1012.282359,1,1,150.0
0,0,1,3,1,1345.20277,1,1,68.0
1,0,0,2,1,795.101444,1,1,43.5
0,0,0,3,1,1385.041551,1,1,75.0
0,0,0,2,1,1199.904008,1,1,50.0
1,1,1,2,1,1036.789298,0,1,37.2
1,0,0,3,1,1229.105211,1,1,100.0
0,0,0,3,1,1200.154859,1,1,31.0
1,0,0,2,1,1163.331782,1,1,100.0
1,1,1,3,1,1611.081226,0,1,59.9
0,0,0,2,1,850.0303582,1,1,42.0
1,0,1,3,1,2800.0,1,1,280.0
1,0,0,2,1,1135.149573,1,1,85.0
1,0,0,2,1,1053.124269,1,1,45.0
0,1,0,3,1,969.9769053,0,1,21.0
1,0,0,3,1,1680.2016239999998,1,1,120.0
1,0,0,3,1,1352.028042,1,1,270.0
0,0,0,3,1,1150.086256,1,1,40.0
0,0,0,2,1,1354.096141,1,1,80.0
0,0,0,2,1,763.1257631,1,1,25.0
0,0,0,2,1,1195.9678800000002,1,1,70.0
0,0,0,2,1,894.6894689,1,1,49.7
1,1,1,1,1,321.0058182,0,1,96.0
1,0,1,3,1,1603.114623,1,1,140.0
1,0,0,2,1,1252.871163,1,1,120.0
1,0,0,3,1,1577.644146,1,1,44.6
0,0,0,2,1,800.0,1,1,18.0
0,0,0,2,1,1515.151515,1,1,80.0
0,0,1,4,1,2626.123013,1,1,190.0
0,0,0,3,1,2127.659574,1,1,160.0
1,1,1,3,1,1630.257581,0,1,50.0
1,0,1,3,1,1898.253607,1,1,100.0
1,1,0,3,1,1424.813678,0,1,65.0
1,1,0,3,1,1979.166667,0,0,190.0
0,0,0,4,1,2303.18258,1,1,55.0
1,0,0,2,1,1000.0,1,1,25.0
0,1,1,3,1,1299.929095,0,1,55.0
1,0,1,3,1,1864.801865,1,1,96.0
0,0,0,1,1,577.9334501000001,1,1,13.2
0,0,0,2,1,1301.115242,1,1,70.0
1,1,1,3,1,157166.6667,0,0,9430.0
1,0,1,3,1,1500.141523,1,1,53.0
1,0,1,2,1,1055.11811,1,1,93.8
1,0,1,1,1,680.01443,1,1,37.7
0,0,1,2,1,810.0810081000001,1,1,18.0
0,0,0,3,1,974.025974,1,1,60.0
0,0,1,2,1,1522.104941,1,1,99.5
1,0,0,3,1,1620.089105,1,1,40.0
0,0,0,2,1,950.1613482,1,1,53.0
0,0,0,2,1,1150.404772,1,1,27.0
0,0,0,2,1,978.1713344,1,1,47.5
1,1,1,2,1,950.1613482,0,1,53.0
1,0,0,2,1,1078.5735,1,1,37.2
1,1,1,2,1,996.5831435,0,1,210.0
0,0,0,2,1,1000.0,1,1,45.0
1,0,0,2,1,1080.059403,1,1,80.0
1,0,0,1,1,750.0,1,1,60.0
0,0,0,2,1,1001.001001,1,1,40.0
1,0,0,4,1,3542.857143,1,1,310.0
1,0,0,3,1,1250.0,1,1,55.0
1,0,1,1,1,444.9248976,1,0,39.1
1,0,0,3,1,1461.41855,1,1,150.0
0,0,1,2,1,2200.1047670000003,1,1,42.0
0,0,0,2,1,887.1146596000001,1,1,40.0
0,0,0,3,1,1490.164912,1,1,75.0
0,0,0,3,1,2296.819788,1,1,130.0
0,0,1,2,1,1000.0,1,1,29.0
0,0,0,3,1,1774.986346,1,1,130.0
1,0,0,3,1,1794.339623,1,1,95.1
1,0,1,3,1,1023.94903,1,1,180.0
0,0,0,2,1,842.0281896,1,1,46.0
1,0,0,3,1,2000.0,1,0,420.0
1,1,1,3,1,1891.12522,0,1,140.0
0,0,0,3,1,1562.5,1,1,48.0
0,0,0,1,1,430.0150505,1,1,20.0
1,1,0,3,1,1300.0,0,1,32.5
0,0,0,2,1,950.0,1,1,76.0
1,0,0,2,1,1150.164523,1,1,76.9
1,1,0,3,1,1263.1578949999998,0,1,120.0
1,1,0,2,1,1200.154859,0,1,31.0
1,0,0,3,1,1915.322581,1,1,95.0
0,0,0,2,1,985.2216749,1,1,30.0
1,0,0,2,1,960.0614439,1,1,50.0
0,0,0,2,1,970.0176367,1,1,22.0
0,0,0,2,1,710.4107466,1,1,55.0
0,0,0,3,1,1432.32275,1,1,60.0
1,0,1,2,1,717.8571429,1,1,20.1
0,0,0,2,1,1037.010549,1,1,58.0
1,0,1,4,1,2460.168697,1,1,210.0
0,0,0,2,1,1200.0,1,1,60.0
1,0,0,1,1,570.0171005,1,1,90.0
1,1,1,2,1,1089.258699,0,1,36.0
1,1,1,2,1,654.8788473999999,0,1,260.0
1,0,0,3,1,1724.1379309999998,1,1,56.5
1,0,0,3,1,1400.1680199999998,1,1,50.0
1,0,1,3,1,1380.5220880000002,1,0,110.0
1,0,0,3,1,1511.803698,1,1,130.0
1,1,1,3,1,1481.168007,0,1,70.0
0,0,0,3,1,1400.0,1,1,35.0
1,1,1,3,1,1884.210526,0,0,71.6
1,0,0,3,1,1830.282862,1,1,110.0
1,1,0,2,1,780.5486284,0,1,31.3
0,0,1,3,1,1340.033501,1,1,72.0
1,0,1,3,1,1562.22878,1,1,90.0
1,0,0,3,1,2100.0,1,1,2100.0
1,1,1,3,1,899.9357189,0,1,42.0
1,1,1,3,1,1663.910707,0,1,80.5
1,0,0,3,1,1367.590532,1,1,67.6
1,1,0,2,1,969.8825932,0,1,38.0
0,0,0,3,1,1450.116009,1,1,50.0
0,0,0,2,1,1251.172975,1,1,40.0
1,0,0,6,1,3499.981579,1,1,950.0
1,1,1,2,1,978.1864423,0,1,100.0
1,0,0,3,1,2200.220022,1,1,60.0
1,0,0,2,1,1130.2382189999998,1,1,130.0
2,1,1,4,1,2391.304348,0,0,110.0
1,0,0,3,1,1816.118048,1,1,80.0
1,0,0,2,1,914.2857143,1,1,25.6
0,0,0,3,1,1550.190597,1,1,61.0
1,0,1,2,1,1205.874427,1,1,89.5
1,0,0,3,1,1685.823755,1,1,110.0
1,0,0,2,1,1150.0261369999998,1,1,66.0
1,0,1,2,1,951.9276535,1,1,100.0
0,0,0,3,1,1900.826446,1,1,23.0
0,0,0,2,1,1250.0,1,1,20.5
0,0,0,2,1,980.1809565,1,1,45.5
1,0,0,3,1,1465.144972,1,1,95.0
1,0,1,2,1,1305.028711,1,1,75.0
0,0,0,2,1,918.8846641,1,1,29.0
0,0,0,2,1,950.3695882,1,1,18.0
1,0,0,3,1,1627.615811,1,1,91.0
1,0,1,2,1,960.0960096,1,1,32.0
1,0,0,2,1,1150.0,1,1,55.2
1,0,0,4,1,2128.867443,1,1,150.0
0,0,0,1,1,525.1206358,1,1,18.5
1,0,0,4,1,3109.61389,1,1,240.0
1,0,1,2,1,1362.39782,1,1,45.0
0,0,0,3,1,922.0231823,1,1,70.0
0,0,0,2,1,1000.0,1,1,30.0
1,0,1,5,1,3666.666667,1,1,330.0
1,0,0,3,1,1129.943503,1,1,130.0
0,0,0,6,1,839.1273076,1,1,35.0
1,1,1,2,1,766.2144499,0,0,170.0
1,0,1,3,1,2476.662221,1,1,130.0
1,0,1,2,1,1125.137212,1,1,82.0
1,0,1,3,1,1342.960289,1,1,55.8
0,0,0,1,1,754.1046201,1,1,39.5
0,0,0,2,1,1045.036079,1,1,42.0
1,1,1,2,1,975.975976,0,1,130.0
1,0,0,2,1,1151.02895,1,1,99.0
1,0,0,1,1,745.0435661,1,1,59.0
0,0,1,3,1,1995.012469,1,1,120.0
0,1,1,2,1,1143.168209,0,1,63.0
1,1,0,4,1,4400.5867450000005,0,1,330.0
0,0,0,1,1,700.280112,1,1,10.0
1,0,1,3,1,1650.165017,1,1,75.0
1,0,1,6,1,3500.063638,1,1,1100.0
0,0,1,2,1,1082.016879,1,1,50.0
1,1,1,1,1,659.9788807,0,1,37.5
1,0,0,3,1,1578.418711,1,1,110.0
1,0,0,2,1,1225.124378,1,1,98.5
1,0,0,3,1,1424.5739,1,1,280.0
0,0,0,2,1,585.0487541,1,1,27.0
2,0,0,3,1,866.0869564999999,1,0,24.9
0,0,0,2,1,760.0,1,1,38.0
1,1,1,1,1,705.0847458,0,1,52.0
1,0,0,3,1,1439.884809,1,1,120.0
1,1,0,3,1,1282.051282,0,1,86.0
1,0,0,3,1,1871.834398,1,1,170.0
1,0,0,2,1,1267.1059300000002,1,1,75.0
1,1,1,3,1,1545.962659,0,1,130.0
1,0,0,2,1,1175.166297,1,1,53.0
0,1,1,1,1,600.117096,0,1,20.5
1,0,0,1,1,730.0204918,1,1,57.0
1,0,0,2,1,950.0777336,1,1,110.0
1,0,0,3,1,1585.204756,1,1,72.0
1,0,1,3,1,2394.799863,1,1,140.0
1,0,1,3,1,1749.883341,1,1,75.0
1,0,1,2,1,808.7930319,1,1,19.5
1,0,0,2,1,1170.246874,1,1,36.5
1,1,0,3,1,1350.279851,0,1,57.9
1,1,1,3,1,1128.502036,0,1,230.0
1,1,1,2,1,950.0886749,0,1,75.0
0,0,0,2,1,1000.0,1,1,32.0
1,0,0,3,1,1675.552171,1,1,44.0
0,0,0,2,1,905.0518348,1,1,55.0
0,0,0,2,1,855.0662676000001,1,1,40.0
1,0,0,3,1,1186.131387,1,1,130.0
1,0,1,3,1,1525.87044,1,1,110.0
1,0,0,3,1,1080.089668,1,1,53.0
0,0,0,2,1,1260.504202,1,1,30.0
1,0,1,2,1,1102.607342,1,1,170.0
0,0,1,2,1,857.1428571,1,1,48.0
1,1,1,2,1,1149.207851,0,1,48.6
0,0,0,4,1,5924.170615999999,1,1,700.0
0,0,0,3,1,1719.745223,1,1,67.5
0,0,0,2,1,1311.154599,1,1,67.0
1,0,0,3,1,1672.427249,1,1,150.0
1,0,0,2,1,761.2087996,1,1,200.0
1,0,1,1,1,45302.48118,1,0,6500.0
1,0,1,2,1,650.0742942,1,1,35.0
1,0,0,2,1,1100.029334,1,1,75.0
0,0,1,3,1,1750.2917149999998,1,1,90.0
1,0,1,2,1,1444.444444,1,1,40.3
1,0,0,3,1,1503.142935,1,1,110.0
0,0,0,3,1,1757.469244,1,1,50.0
1,0,0,2,1,851.2363194,1,1,21.0
0,0,0,3,1,2010.233918,1,1,110.0
1,0,1,3,1,2388.388756,1,1,130.0
1,1,0,3,1,1035.135135,0,1,76.6
0,0,0,2,1,1199.760048,1,1,40.0
0,0,1,2,1,806.1492312999999,1,1,43.0
0,0,0,2,1,1187.87121,1,1,38.0
1,0,0,3,1,1844.262295,1,1,49.5
1,0,0,1,1,450.0127845,1,1,88.0
1,0,1,2,1,593.0232557999999,1,1,25.5
1,0,1,3,1,2250.692521,1,1,65.0
0,0,0,2,1,1265.041654,1,1,82.0
0,0,1,2,1,1260.02291,1,1,22.0
1,0,1,3,1,2295.492487,1,1,110.0
1,0,1,3,1,1500.133941,1,1,56.0
1,1,0,2,1,950.0,0,1,19.0
1,0,0,3,1,1686.568171,1,1,250.0
2,1,1,2,1,470.0,0,0,14.1
0,0,1,1,1,530.0599804999999,1,1,38.0
0,0,0,2,1,805.9132093,1,1,16.9
0,0,0,2,1,750.0,1,1,15.0
1,1,1,1,1,315.07876969999995,0,0,12.6
1,0,0,2,1,900.1512859,1,1,23.8
1,1,1,1,1,520.0367085,0,1,51.0
1,1,1,4,1,4000.0,0,0,300.0
1,0,0,2,1,1104.057411,1,1,120.0
1,1,1,1,1,640.0787789,0,1,39.0
1,0,1,3,1,1470.133086,1,1,95.0
1,1,1,2,1,1270.186899,0,1,70.0
0,0,0,2,1,1230.101302,1,1,68.0
0,0,0,3,1,1440.485216,1,1,38.0
1,0,0,3,1,1480.062685,1,1,85.0
1,0,0,2,1,657.6200418,1,1,12.6
1,0,0,3,1,1700.288184,1,1,64.9
1,0,0,3,1,1849.568434,1,1,45.0
1,0,0,3,1,1385.041551,1,1,75.0
1,1,1,2,1,1060.008245,0,1,540.0
1,1,0,3,1,962.962963,0,1,27.3
1,0,0,3,1,1975.308642,1,1,80.0
1,1,1,2,1,964.6628757,0,1,190.0
1,0,0,2,1,1096.201096,1,1,58.0
1,0,0,2,1,950.0542888,1,1,70.0
0,0,0,2,1,600.0,1,1,27.0
1,0,1,1,1,567.3991473,1,1,17.3
1,0,0,2,1,1150.086256,1,1,100.0
0,0,0,3,1,1480.263158,1,1,81.0
0,0,0,2,1,1462.599248,1,1,35.0
1,0,0,2,1,1100.070972,1,1,93.0
1,0,1,1,1,560.0416775,1,1,21.5
0,0,0,3,1,1850.642282,1,1,85.0
1,0,1,2,1,1110.062893,1,1,35.3
0,0,0,2,1,830.1215535,1,1,28.0
1,0,0,2,1,1149.7584539999998,1,1,71.4
1,1,1,3,1,1188.571429,0,1,520.0
0,0,0,3,1,1156.069364,1,1,44.0
1,1,0,2,1,619.1950464,0,1,16.0
1,0,1,2,1,1200.0,1,1,75.0
1,0,1,3,1,2349.62406,1,1,100.0
1,0,1,3,1,1715.082002,1,1,320.0
0,0,0,2,1,1099.868016,1,1,25.0
0,1,0,2,1,1350.048216,0,1,56.0
1,0,0,1,1,604.0015099999999,1,1,32.0
1,0,1,2,1,990.0990099,1,1,36.0
0,0,0,3,1,1229.5265869999998,1,1,54.8
1,1,1,2,1,985.3603604,0,1,280.0
1,0,1,3,1,1730.171073,1,1,89.0
0,0,0,3,1,1299.967501,1,1,40.0
1,0,1,2,1,1450.031901,1,1,250.0
1,0,1,4,1,3011.724212,1,1,280.0
0,0,0,3,1,1356.090718,1,1,58.0
1,1,0,2,1,897.2648432,0,1,26.9
0,0,0,2,1,1500.272777,1,1,55.0
0,0,0,3,1,1405.429396,1,1,190.0
1,0,0,2,1,1000.0,1,1,94.0
1,0,0,3,1,1250.0,1,1,70.0
1,0,0,3,1,3368.421053,1,1,320.0
1,1,1,2,1,494.563529,0,0,79.6
1,1,0,3,1,971.1094926,0,1,80.0
1,0,0,3,1,1645.055158,1,1,85.0
0,0,0,3,1,1700.276789,1,1,43.0
1,0,0,1,1,579.8969072000001,1,1,27.0
1,0,0,2,1,1170.00117,1,1,100.0
0,1,1,3,1,1850.13876,0,1,100.0
0,0,1,1,1,670.8595387999999,1,1,32.0
1,0,0,2,1,850.0991782,1,1,60.0
1,0,0,2,1,1285.130915,1,1,53.5
0,0,0,3,1,1530.221882,1,1,60.0
0,0,0,2,1,790.0028727000001,1,1,27.5
0,1,0,2,1,1349.831271,0,1,36.0
0,0,0,3,1,1280.181494,1,1,79.0
1,0,0,4,1,2070.036226,1,1,240.0
0,0,0,3,1,1786.004221,1,1,110.0
0,0,0,2,1,500.0,1,1,20.0
1,0,0,2,1,1047.668937,1,1,100.0
1,0,1,1,1,750.0551511,1,1,68.0
1,1,1,3,1,980.6847738,0,0,230.0
1,1,0,2,1,1052.804198,0,1,32.1
1,0,0,3,1,1350.337584,1,1,36.0
1,0,0,3,1,2138.021143,1,1,180.0
1,0,0,2,1,1070.072489,1,1,31.0
1,0,0,2,1,907.9365079,1,1,57.2
1,0,1,4,1,2207.992934,1,1,100.0
0,0,0,2,1,750.0750075,1,1,25.0
1,0,1,2,1,1035.162668,1,1,63.0
1,0,0,2,1,1294.744859,1,1,51.0
1,1,0,2,1,884.9557522,0,1,130.0
0,0,0,2,1,750.0,1,1,42.0
1,0,0,2,1,1235.049402,1,1,95.0
0,0,0,2,1,550.0982318,1,1,28.0
1,0,1,3,1,1175.241577,1,1,45.0
1,0,1,3,1,1500.0,1,1,63.9
0,0,0,2,1,800.0,1,1,42.0
0,0,0,3,1,1965.090741,1,1,170.0
1,0,0,1,1,800.0,1,1,32.0
1,0,0,3,1,1220.930233,1,1,210.0
1,0,1,3,1,1449.970042,1,1,72.6
1,0,1,2,1,911.7986749,1,1,150.0
1,1,1,2,1,957.052279,0,1,160.0
1,1,1,3,1,1627.5,0,0,65.1
1,1,1,2,1,1017.026626,0,1,89.0
2,0,1,1,1,594.1176471,1,0,20.2
1,0,0,4,1,2194.940476,1,1,59.0
2,1,1,2,1,492.7929038,0,0,120.0
2,1,1,3,1,1584.786054,0,0,110.0
0,0,1,3,1,1549.295775,1,1,110.0
1,1,0,3,1,1304.863582,0,1,110.0
1,0,1,2,1,1323.7362460000002,1,1,160.0
1,1,1,3,1,1400.0,0,0,700.0
0,0,0,2,1,1050.262566,1,1,28.0
1,1,1,3,1,1550.0,0,0,68.2
0,0,0,2,1,1270.033263,1,1,42.0
0,0,1,3,1,659.3406593,1,1,30.0
0,0,0,2,1,800.0,1,1,55.0
1,0,0,2,1,961.0764056,1,1,60.0
1,0,0,2,1,1000.0,1,1,160.0
1,1,0,2,1,1050.0,0,1,42.0
1,0,1,2,1,1174.287411,1,1,79.1
1,1,1,1,1,644.8587173,0,1,110.0
0,0,0,2,1,750.0,1,1,24.0
0,0,0,2,1,1330.203443,1,1,85.0
1,0,0,3,1,1776.684434,1,1,130.0
1,0,0,2,1,943.3962264,1,1,100.0
0,0,1,2,1,900.1285898,1,1,42.0
1,0,0,2,1,860.0829366,1,1,56.0
1,0,0,3,1,1299.782766,1,1,35.9
1,0,1,2,1,1250.0,1,1,27.9
1,0,1,2,1,1076.670256,1,1,190.0
1,0,0,3,1,1692.307692,1,0,110.0
1,0,1,3,1,1349.056604,1,1,71.5
1,1,0,2,1,1305.104408,0,1,45.0
0,0,0,1,1,372.0238095,1,1,15.0
1,0,1,4,1,2753.786456,1,1,220.0
1,0,1,1,1,674.1011984,1,1,40.5
1,0,0,2,1,1466.221232,1,1,79.0
2,1,1,3,1,869.7261287999999,0,0,47.0
1,0,0,3,1,1455.767077,1,1,65.0
0,0,0,1,1,552.0740078,1,1,37.0
1,1,1,2,1,527.0092227,0,1,100.0
0,0,1,3,1,1299.885975,1,1,57.0
0,0,1,2,1,1131.028596,1,1,53.0
0,0,0,3,1,2550.019616,1,1,65.0
1,1,1,2,1,1273.367651,0,1,47.0
0,0,0,3,1,1163.636364,1,1,160.0
1,1,1,3,1,1622.498648,0,0,120.0
1,0,0,1,1,580.1305294,1,1,24.0
0,0,0,1,1,480.0404245,1,1,19.0
0,0,0,2,1,950.0662837,1,1,43.0
1,0,0,2,1,900.4237287999998,1,1,17.0
1,0,0,2,1,1025.115325,1,1,80.0
1,1,1,2,1,816.8491699,0,0,370.0
1,0,1,2,1,1072.146527,1,1,48.0
1,1,1,3,1,1249.225046,0,0,80.6
1,0,1,4,1,2845.849802,1,1,180.0
1,1,0,2,1,1260.162602,0,1,62.0
1,0,0,2,1,1264.367816,1,1,33.0
1,1,1,2,1,813.0081301,0,1,40.0
0,0,0,2,1,900.0,1,1,18.0
1,1,1,6,1,2457.974879,0,1,1180.0
1,0,0,2,1,579.93937,1,1,44.0
1,0,0,2,1,1050.135501,1,1,31.0
1,0,1,2,1,1030.638059,1,1,220.0
1,0,0,4,1,2333.333333,1,1,140.0
1,0,0,2,1,698.6729118,1,1,17.9
1,0,0,1,1,597.4181927,1,1,19.9
1,0,0,3,1,853.0183727,1,1,260.0
0,0,0,2,1,1000.0,1,1,62.0
1,0,0,3,1,1896.702655,1,1,130.0
0,0,0,2,1,530.102234,1,1,14.0
1,0,0,3,1,1600.0,1,1,50.0
1,0,0,2,1,1048.102383,1,1,95.0
1,0,0,3,1,1680.440771,1,1,54.9
1,0,0,2,1,1135.066582,1,1,71.6
0,0,0,2,1,975.0566893,1,1,47.3
0,0,0,2,1,1199.887069,1,1,42.5
1,0,0,2,1,831.0249307,1,1,39.0
0,0,1,2,1,1000.0,1,1,48.0
0,0,0,2,1,900.090009,1,1,40.0
1,0,0,1,1,838.6789673,1,1,370.0
1,0,1,2,1,1585.17254,1,1,260.0
0,0,0,3,1,1355.421687,1,1,36.0
1,0,1,4,1,2846.29981,1,1,180.0
1,0,0,3,1,1411.7647060000002,1,0,240.0
1,0,0,3,1,2250.225023,1,1,200.0
1,0,0,2,1,950.0285009,1,1,100.0
1,0,0,2,1,796.0,1,1,19.9
1,0,1,2,1,1285.206453,1,1,47.0
0,0,0,2,1,1619.90648,1,1,48.5
0,0,0,2,1,935.2037408,1,1,42.0
1,0,0,2,1,1492.537313,1,1,100.0
0,0,0,2,1,1291.046871,1,1,46.0
0,0,0,3,1,1600.0,1,1,160.0
1,1,1,2,1,894.2139099999999,0,0,15.3
0,1,0,1,1,640.0432705000001,0,1,71.0
1,0,0,1,1,655.0218341,1,1,60.0
1,0,0,1,1,709.0301003,1,1,42.4
1,0,0,2,1,774.2078195,1,1,140.0
1,0,1,2,1,1000.0,1,1,98.0
0,0,0,3,1,1155.187446,1,1,53.0
1,1,0,2,1,1066.666667,0,1,160.0
1,0,0,1,1,672.005376,1,1,120.0
1,0,0,1,1,665.0480312000001,1,1,63.0
1,0,1,4,1,2049.446975,1,1,63.0
1,0,0,1,1,745.2093682999999,1,1,21.0
0,0,1,2,1,929.9622203,1,1,32.0
1,0,0,1,1,660.0369621,1,1,75.0
1,1,1,2,1,1166.016646,0,1,290.0
0,0,0,3,1,1300.0,1,1,32.5
0,0,0,3,1,1566.059226,1,1,110.0
0,1,1,3,1,1424.844471,0,1,71.0
2,1,1,1,1,613.3333332999999,0,0,32.2
0,0,0,3,1,1851.362074,1,1,70.0
2,1,1,1,1,798.4905660000001,0,0,52.9
1,0,0,3,1,1005.025126,1,1,40.0
1,0,1,2,1,1175.1538890000002,1,1,84.0
0,0,0,1,1,400.0,1,1,17.5
1,0,0,2,1,1343.123209,1,1,37.5
0,0,0,2,1,1200.0,1,1,45.0
1,0,0,4,1,3599.712023,1,1,250.0
0,1,0,2,1,1015.228426,0,1,30.0
1,1,1,3,1,873.1198159,0,1,220.0
1,1,1,2,1,895.0770761,0,1,90.0
1,0,0,3,1,1619.651775,1,1,120.0
0,0,0,3,1,1594.048884,1,1,120.0
1,0,1,2,1,815.2327221,1,1,28.9
0,0,0,1,1,375.0,1,1,12.0
0,0,0,3,1,1300.390117,1,1,30.0
0,0,0,3,1,1750.087504,1,1,250.0
1,0,1,1,1,676.0309472,1,1,90.0
0,0,1,2,1,820.0562324,1,1,35.0
1,0,0,3,1,1557.147306,1,1,100.0
1,0,0,5,1,3337.884995,1,1,220.0
1,1,1,4,1,2710.0271,0,1,230.0
2,0,1,3,1,1916.27907,1,0,82.4
0,0,0,2,1,1350.0,1,1,54.0
1,1,1,2,1,553.2139093999999,0,0,31.5
0,0,0,2,1,1073.105298,1,1,80.0
1,0,1,2,1,1310.066551,1,1,250.0
0,0,0,3,1,1512.027491,1,1,88.0
0,0,0,2,1,1170.242407,1,1,42.0
0,0,0,2,1,1000.0,1,1,34.0
0,0,0,2,1,1800.180018,1,1,100.0
0,0,0,1,1,610.0660905,1,1,36.0
1,0,0,2,1,1000.0,1,1,29.0
1,0,1,2,1,579.0441176,1,1,63.0
1,0,0,3,1,1445.177505,1,1,46.0
1,1,0,4,1,2380.4989530000003,0,1,250.0
0,0,0,3,1,2400.0,1,1,51.0
1,0,0,2,1,1800.180018,1,1,160.0
1,0,1,4,1,2293.215246,1,1,580.0
0,0,1,2,1,1382.488479,1,1,27.0
0,0,0,3,1,1575.157516,1,1,70.0
0,0,1,2,1,1250.0,1,1,27.9
1,0,0,1,1,500.0,1,1,19.0
1,0,0,2,1,1299.038711,1,1,100.0
0,0,0,2,1,1033.324722,1,1,40.0
0,0,1,1,1,656.1679790000001,1,1,20.0
1,0,0,3,1,1845.01845,1,1,230.0
1,1,1,3,1,1850.294365,0,1,88.0
0,0,0,2,1,1185.313674,1,1,41.0
0,0,0,4,1,2160.760588,1,1,25.0
1,1,1,2,1,860.0274212000002,0,1,69.0
2,1,1,4,1,1546.391753,0,0,360.0
0,0,0,3,1,1451.120163,1,1,57.0
1,0,0,3,1,1400.454201,1,1,37.0
0,0,0,3,1,1382.033564,1,1,70.0
1,0,0,1,1,750.0340924999999,1,1,110.0
0,0,1,3,1,1425.008906,1,1,80.0
0,0,0,2,1,817.1912833,1,1,27.0
1,0,1,2,1,1230.254417,1,1,250.0
1,0,0,3,1,1907.112407,1,1,170.0
1,0,1,3,1,1064.291064,1,1,270.0
1,0,0,2,1,1211.120286,1,1,44.0
0,0,0,2,1,1068.090788,1,1,48.0
1,0,1,3,1,1500.0,1,1,60.6
1,0,0,2,1,1085.040011,1,1,80.0
1,0,0,4,1,3899.946208,1,1,290.0
2,0,0,2,1,975.0,1,0,31.2
0,0,0,2,1,1100.244499,1,1,45.0
0,0,0,3,1,1220.073665,1,1,26.5
1,0,1,2,1,1150.3697619999998,1,1,28.0
0,0,0,2,1,1137.138958,1,1,50.0
1,0,0,3,1,1700.118064,1,1,72.0
1,0,0,3,1,1136.115359,1,1,52.0
1,1,1,3,1,729.3946025,0,0,160.0
1,0,0,2,1,1069.908815,1,1,88.0
1,0,0,1,1,600.8630578,1,1,110.0
0,0,0,4,1,3988.035892,1,1,320.0
0,1,0,2,1,1300.578035,0,1,18.0
1,0,0,2,1,962.962963,1,1,130.0
1,0,0,2,1,1550.0,1,1,49.6
1,1,0,3,1,1254.3209880000002,0,1,50.8
0,1,0,3,1,4084.96732,0,1,25.0
0,0,0,2,1,1050.119332,1,1,66.0
0,0,0,2,1,796.2359753999999,1,1,22.0
0,0,0,2,1,750.1875468999999,1,1,20.0
1,1,1,3,1,916.6397067,0,1,170.0
1,0,0,1,1,637.0779359,1,1,30.0
0,0,0,3,1,1549.7011289999998,1,1,70.0
1,1,1,3,1,1384.358009,0,1,66.2
0,1,0,1,1,550.1222494,0,1,18.0
0,0,0,2,1,800.0,1,1,27.0
0,0,0,2,1,1222.17806,1,1,61.5
0,0,0,1,1,287.9970271,1,1,31.0
1,0,0,2,1,1115.133961,1,1,77.0
1,0,0,1,1,700.0127275,1,1,55.0
0,0,0,3,1,1805.869074,1,1,120.0
0,0,0,3,1,1660.095455,1,1,80.0
0,0,1,3,1,1855.022831,1,1,130.0
0,0,0,1,1,750.0,1,1,21.0
0,0,0,2,1,902.0618557,1,1,42.0
0,0,0,3,1,1320.190107,1,1,75.0
2,0,0,2,1,737.9417647999999,1,0,33.2
0,0,0,2,1,1129.144852,1,1,64.7
0,1,1,2,1,1132.024004,0,1,41.5
0,1,0,2,1,1100.052383,0,1,42.0
1,0,1,3,1,910.0310238,1,1,220.0
1,0,1,3,1,1654.8463359999998,1,1,56.0
1,0,0,2,1,817.2605427,1,1,25.0
1,0,0,3,1,2500.0,1,1,530.0
0,0,0,3,1,1615.408512,1,1,52.0
1,0,0,2,1,980.2522008,1,1,41.2
1,0,1,3,1,1750.198886,1,1,66.0
0,0,0,2,1,1000.0,1,1,42.0
1,1,1,3,1,1650.0,0,0,49.5
0,1,1,2,1,1289.282836,0,1,32.0
0,0,1,2,1,1175.088132,1,1,60.0
0,0,0,2,1,1100.034376,1,1,32.0
1,0,1,2,1,799.0747554999999,1,1,76.0
1,0,0,2,1,1004.291062,1,1,110.0
1,0,0,3,1,1800.232288,1,1,62.0
1,0,0,3,1,1400.203666,1,1,55.0
1,0,1,3,1,2011.158687,1,1,310.0
1,0,0,3,1,1498.113208,1,1,39.7
1,0,0,2,1,990.0990099,1,1,78.0
1,0,1,3,1,1956.382296,1,1,61.0
1,0,1,5,1,6000.0,1,1,1350.0
1,1,0,3,1,1180.0,0,0,59.0
1,1,1,1,1,605.0420167999999,0,1,36.0
0,0,0,1,1,575.2636625,1,1,12.0
0,0,0,3,1,1232.134056,1,1,100.0
1,0,0,3,1,1700.1545600000002,1,1,99.0
0,0,0,2,1,800.0,1,1,37.0
1,1,1,2,1,954.0,0,0,47.7
1,0,0,2,1,885.0981654,1,1,27.5
0,0,0,1,1,350.03281560000005,1,1,16.0
1,0,0,2,1,1171.123929,1,1,67.0
0,0,0,3,1,1370.223979,1,1,52.0
0,0,0,2,1,954.1984733,1,1,45.0
1,0,1,1,1,700.0946074,1,1,37.0
1,1,1,2,1,760.005578,0,1,54.5
0,0,0,3,1,2000.0,1,1,85.0
1,0,1,2,1,983.0425166,1,1,200.0
1,1,1,4,1,2430.468554,0,1,97.0
0,0,0,2,1,1132.019994,1,1,77.0
1,0,0,3,1,1385.041551,1,1,65.0
0,0,0,2,1,1262.002743,1,1,46.0
1,0,0,4,1,1749.9650010000005,1,1,250.0
1,0,1,3,1,2922.034799,1,1,220.0
0,0,0,2,1,1415.701416,1,1,55.0
1,0,0,2,1,1124.961995,1,1,37.0
1,0,0,2,1,922.0366766,1,1,180.0
0,0,0,2,1,992.192583,1,1,30.5
0,1,1,1,1,563.3333332999999,0,1,16.9
0,0,0,3,1,1647.627417,1,1,150.0
1,0,0,3,1,1357.082273,1,1,80.0
0,0,0,3,1,1170.0468019999998,1,1,45.0
0,0,0,2,1,1135.0737800000002,1,1,60.0
1,0,0,3,1,1900.070373,1,1,270.0
1,0,1,2,1,1150.0,1,1,43.7
1,0,1,2,1,834.747767,1,1,300.0
1,0,0,2,1,833.1320937,1,1,34.5
0,0,1,2,1,1145.12222,1,1,52.0
0,0,0,2,1,800.0,1,1,60.0
1,0,0,3,1,1665.278934,1,1,60.0
1,1,1,3,1,1700.255464,0,1,59.9
0,0,0,2,1,1050.080775,1,1,65.0
0,0,0,2,1,650.0007471,1,1,870.0
1,1,1,2,1,910.1040119,0,1,49.0
0,0,0,2,1,800.0,1,1,29.0
0,0,0,2,1,1000.0,1,1,53.0
1,0,0,2,1,1289.98968,1,1,75.0
1,1,0,2,1,1051.033516,0,1,180.0
1,0,1,2,1,1042.780749,1,1,42.9
1,1,1,3,1,1511.404232,0,1,110.0
0,0,0,2,1,400.0,1,1,41.0
1,0,1,3,1,1448.37575,1,1,140.0
0,0,0,2,1,1399.580126,1,1,40.0
0,1,1,3,1,1600.232761,0,1,55.0
0,0,0,2,1,1050.420168,1,1,25.0
1,0,0,3,1,2558.1395350000003,1,1,110.0
1,1,0,2,1,693.2409012,0,1,16.0
0,0,0,1,1,419.9644645,1,1,26.0
1,1,1,2,1,1893.830703,0,1,66.0
1,0,0,4,1,4021.847071,1,1,810.0
0,1,0,2,1,784.0501792,0,1,35.0
1,0,0,2,1,1250.0,1,1,46.0
1,0,1,3,1,2615.183447,1,1,340.0
1,0,0,2,1,697.8319783,1,1,30.9
1,0,0,3,1,1843.071786,1,1,55.2
0,0,0,2,1,700.280112,1,1,15.0
1,1,1,2,1,824.0626288,0,1,100.0
1,0,0,2,1,1293.267402,1,1,34.0
0,0,0,2,1,1280.409731,1,1,30.0
0,0,0,2,1,900.2520706,1,1,25.0
1,1,1,4,1,2400.573271,0,1,67.0
0,0,0,3,1,1240.196972,1,1,68.0
0,0,0,2,1,1000.0,1,1,16.0
0,0,0,3,1,1350.21097,1,1,32.0
1,1,1,3,1,2716.899112,0,1,300.0
1,0,0,3,1,1400.0,1,1,70.0
0,0,0,3,1,1991.565136,1,1,170.0
0,0,0,3,1,1895.477931,1,1,70.0
1,0,0,1,1,650.0426257,1,1,61.0
1,0,0,5,1,4952.380952,1,1,520.0
1,0,0,1,1,500.0,1,1,45.0
1,0,1,2,1,1100.042779,1,1,180.0
0,0,0,3,1,1400.258509,1,1,65.0
1,0,0,8,1,6600.0066,1,1,2000.0
1,0,0,4,1,3589.6727880000003,1,1,520.0
1,0,0,2,1,1000.0,1,1,90.0
0,0,1,2,1,1050.2283109999998,1,1,23.0
1,0,0,2,1,799.7311827999999,1,1,11.9
1,1,0,2,1,1300.0,0,1,130.0
1,0,1,2,1,1120.040181,1,1,44.6
1,0,1,3,1,1469.254489,1,1,81.0
1,1,1,1,1,645.0364446000001,0,1,100.0
1,0,1,2,1,1001.730261,1,1,110.0
1,1,1,3,1,854.4817568,0,1,200.0
0,0,0,2,1,750.0,1,1,36.0
1,1,1,2,1,1365.4207199999998,0,1,160.0
1,0,0,2,1,891.0891088999999,1,1,72.0
0,0,0,3,1,1721.170396,1,1,120.0
0,1,0,4,1,1943.005181,0,1,67.5
1,0,0,3,1,1355.01355,1,1,140.0
1,0,1,3,1,1410.216233,1,1,45.0
0,0,0,3,1,1689.800845,1,1,140.0
1,0,0,3,1,1550.14236,1,1,98.0
1,1,0,1,1,684.4976245,0,1,38.9
1,0,0,3,1,1650.165017,1,1,110.0
0,0,0,2,1,894.2258559,1,1,35.0
1,0,1,3,1,2950.187223,1,1,260.0
1,1,1,1,1,625.0,0,1,32.5
1,1,1,2,1,1095.125617,0,1,51.0
0,0,0,2,1,749.9414107999999,1,1,32.0
0,0,0,3,1,1408.145581,1,1,65.0
1,1,1,3,1,744.9267917000001,0,1,29.0
1,0,1,2,1,1040.009788,1,1,170.0
0,0,0,2,1,1210.067764,1,1,75.0
1,0,0,3,1,1800.0720030000002,1,1,150.0
0,0,0,2,1,1170.177198,1,1,35.0
1,0,0,3,1,1522.815032,1,1,280.0
1,0,0,4,1,3300.330033,1,1,150.0
1,0,0,2,1,1244.907198,1,1,55.0
1,0,0,3,1,1465.320742,1,1,45.0
0,0,0,3,1,1685.27491,1,1,80.0
1,0,0,2,1,994.8849105,1,1,38.9
0,0,0,2,1,791.0074937999999,1,1,38.0
1,0,0,2,1,1166.128454,1,1,130.0
0,0,0,4,1,3107.734807,1,1,270.0
1,0,0,2,1,1337.44856,1,1,39.0
0,0,0,3,1,1499.659168,1,1,44.0
1,0,0,1,1,600.0,1,1,93.0
1,0,0,4,1,2200.020706,1,1,850.0
1,0,0,2,1,1000.0,1,1,260.0
1,1,1,2,1,873.0484799000001,0,1,85.0
1,0,0,2,1,632.8749784,1,1,220.0
0,0,0,2,1,600.0,1,1,21.0
1,0,0,3,1,1874.219075,1,1,90.0
0,0,0,3,1,960.1873536,1,1,41.0
1,0,1,5,1,3775.365739,1,1,320.0
1,0,0,4,1,2539.605756,1,1,210.0
1,0,1,2,1,800.0,1,1,24.0
1,0,0,3,1,1887.066338,1,0,130.0
1,1,1,1,1,688.9050036,0,1,47.5
0,0,1,1,1,661.0729723,1,1,52.0
1,0,1,3,1,1462.848297,1,1,37.8
0,0,0,3,1,1562.19865,1,1,81.0
1,0,1,1,1,693.05891,1,1,66.0
1,0,1,3,1,1827.4244,1,1,70.1
1,0,1,2,1,1212.121212,1,1,40.0
1,0,0,2,1,920.1691122,1,1,37.0
1,1,0,4,1,1441.561322,0,1,130.0
0,0,0,3,1,750.0,1,1,15.0
0,0,0,3,1,1806.057238,1,1,65.0
1,0,1,1,1,650.0189588999999,1,1,120.0
2,1,0,2,1,700.0,0,0,66.5
1,0,0,2,1,712.0253165,1,1,27.0
0,0,1,3,1,1300.390117,1,1,40.0
1,0,0,3,1,1640.419948,1,1,50.0
0,0,0,3,1,1125.054089,1,1,26.0
1,0,1,3,1,1340.0,1,1,67.0
1,1,0,2,1,884.9557522,0,1,130.0
0,0,0,3,1,1520.176893,1,1,55.0
1,0,1,3,1,1451.612903,1,1,40.5
1,0,1,3,1,1600.0,1,1,54.0
1,0,1,3,1,1330.032881,1,1,360.0
0,0,0,3,1,1231.281198,1,1,37.0
1,0,1,2,1,1205.386325,1,1,92.2
0,0,0,2,1,1040.073417,1,1,34.0
1,0,0,2,1,989.4459103,1,1,150.0
0,0,0,2,1,1628.664495,1,1,30.0
0,0,0,3,1,1972.60274,1,1,360.0
1,0,0,3,1,1750.121536,1,1,36.0
1,0,0,3,1,1098.122565,1,1,62.0
1,0,0,3,1,1668.141593,1,1,75.4
0,0,0,2,1,785.2447042,1,1,21.5
1,0,0,2,1,692.0710868,1,1,40.5
1,0,0,2,1,1200.0,1,1,75.0
2,0,1,2,1,896.8328630000001,1,0,28.6
1,0,1,3,1,2295.157218,1,1,100.0
0,0,0,3,1,1600.0,1,1,42.0
1,0,1,1,1,728.9765121,1,1,59.9
1,1,0,1,1,688.8888889,0,1,31.0
0,0,0,3,1,2250.409165,1,1,55.0
0,0,0,1,1,350.05834310000006,1,1,9.0
0,0,0,3,1,1540.041068,1,1,75.0
0,0,0,3,1,1900.052056,1,1,73.0
0,0,0,2,1,1244.997777,1,1,56.0
1,0,1,2,1,1057.501652,1,1,160.0
1,0,1,3,1,3018.298434,1,1,320.0
0,0,0,3,1,1075.268817,1,1,32.0
1,0,1,3,1,1360.183713,1,1,77.0
1,0,0,2,1,1110.229976,1,1,42.0
0,0,0,2,1,1250.0,1,1,27.0
1,0,0,1,1,1442.169022,1,1,100.0
1,0,0,2,1,1184.963225,1,1,87.0
1,1,0,2,1,1045.652174,0,1,48.1
1,1,1,3,1,1690.36492,0,1,170.0
1,0,0,3,1,1500.0,1,1,84.0
1,0,0,2,1,1165.254237,1,1,110.0
1,0,0,2,1,905.141202,1,1,100.0
0,0,0,2,1,1085.094232,1,1,38.0
1,1,1,3,1,2017.693621,0,1,130.0
1,0,0,1,1,650.0426257,1,1,61.0
0,0,0,2,1,702.0007019999999,1,1,20.0
1,0,0,3,1,1267.303568,1,1,130.0
1,0,0,3,1,1470.01176,1,1,450.0
1,1,1,3,1,1699.311332,0,1,190.0
0,0,0,3,1,1350.390903,1,1,38.0
1,0,1,3,1,1945.080092,1,1,85.0
1,0,1,3,1,1601.769912,1,1,54.3
0,0,0,2,1,1113.013699,1,1,39.0
1,0,0,2,1,1150.0,1,1,29.9
0,0,0,2,1,1150.306748,1,1,30.0
1,0,0,2,1,1100.052383,1,1,42.0
1,0,1,2,1,1345.198675,1,1,65.0
1,0,0,2,1,1097.943534,1,1,63.0
0,0,0,2,1,1250.0,1,1,25.0
1,0,0,2,1,1277.9552720000002,1,1,80.0
1,1,1,2,1,1140.150851,0,1,65.0
1,1,1,2,1,1107.894737,0,1,42.1
1,0,1,2,1,1295.035696,1,1,78.0
1,1,1,1,1,368.7720675,0,0,47.0
0,0,0,3,1,1257.967125,1,1,75.0
1,0,1,3,1,1400.0,1,0,36.4
0,0,0,2,1,1048.951049,1,1,45.0
1,1,1,1,1,490.6990231,0,0,110.0
0,0,0,2,1,650.026001,1,1,25.0
0,0,0,2,1,750.1630789,1,1,23.0
1,0,0,3,1,1380.952381,1,1,290.0
1,0,1,4,1,1811.00534,1,1,78.0
1,0,0,2,1,910.0837277,1,1,50.0
1,0,0,2,1,1090.135602,1,1,41.0
0,0,1,2,1,1139.9508939999998,1,1,65.0
0,0,0,2,1,1151.126459,1,1,70.0
1,0,1,2,1,1400.034147,1,1,82.0
0,0,0,4,1,1915.25018,1,1,80.0
0,0,0,1,1,560.1317957,1,1,17.0
0,0,0,1,0,375.00633460000006,1,1,74.0
1,0,0,2,1,1100.038825,1,1,85.0
1,0,0,3,1,114434.7826,1,0,6580.0
0,0,1,2,1,1050.286442,1,1,33.0
1,0,1,3,1,1380.834024,1,1,100.0
0,0,1,1,1,637.1271357999999,1,1,22.0
1,0,0,2,1,1055.037806,1,1,120.0
1,1,0,2,1,1110.114375,0,1,49.5
1,1,1,3,1,2314.814815,0,1,250.0
0,0,0,1,1,649.3506494,1,1,12.5
1,0,0,3,1,1561.036528,1,1,100.0
0,0,0,1,1,615.0061501,1,1,25.0
1,0,0,2,1,1088.139282,1,1,60.0
1,0,0,3,1,2130.144987,1,1,310.0
1,0,0,3,1,1380.071764,1,1,50.0
1,0,0,2,1,494.9152542,1,1,7.3
0,0,0,2,1,650.026001,1,1,25.0
0,0,0,3,1,1400.386847,1,1,36.2
0,0,0,2,1,1040.041602,1,1,40.0
1,0,0,2,1,851.1252163999999,1,1,29.5
1,0,0,3,1,1050.539466,1,1,18.5
1,0,1,3,1,1310.249307,1,1,33.11
0,0,0,1,1,602.7727547000001,1,1,50.0
1,0,0,2,1,1050.189793,1,1,24.9
1,1,0,2,1,1304.446461,0,1,230.0
1,0,0,2,1,822.6144182,1,1,110.0
1,0,0,3,1,1430.86582,1,1,98.0
1,0,0,3,1,2249.851983,1,1,38.0
0,0,0,3,1,1545.217957,1,1,95.0
0,0,0,3,1,1650.165017,1,1,95.0
1,0,0,3,1,1440.189766,1,1,85.0
1,0,0,2,1,681.2917291,1,1,150.0
1,1,1,2,1,1235.0035289999998,0,1,70.0
1,0,0,2,1,1183.011948,1,1,200.0
0,0,0,3,1,1320.064988,1,1,65.0
1,0,1,3,1,2050.326188,1,1,110.0
1,1,1,2,1,1250.0,0,1,53.0
0,0,0,3,1,1800.288046,1,1,75.0
1,0,1,4,1,2353.996189,1,1,210.0
1,0,0,2,1,1036.985828,1,1,120.0
1,0,1,3,1,1334.615385,1,0,34.7
1,0,0,2,1,1269.983565,1,1,85.0
1,0,0,1,1,753.5164099,1,1,45.0
0,0,0,3,1,1510.269835,1,1,75.0
1,0,0,6,1,4160.098091,1,1,950.0
0,0,1,2,1,925.1101322,1,1,42.0
1,0,0,2,1,1080.125687,1,1,55.0
1,1,1,2,1,728.0139779,0,1,200.0
1,0,0,2,1,1439.95098,1,1,47.0
0,0,0,2,1,950.0542888,1,1,35.0
0,0,0,3,1,904.1980624,1,1,42.0
0,0,0,2,1,910.1251422,1,1,40.0
1,0,1,3,1,1344.122275,1,1,59.8
0,0,0,2,1,1765.447667,1,1,42.0
0,0,0,3,1,1539.645881,1,1,40.0
0,0,0,2,1,6001.091107,1,1,110.0
0,0,0,2,1,749.8897221,1,1,17.0
0,0,0,2,1,710.0591716,1,1,36.0
1,1,1,3,1,1955.062737,0,1,67.0
1,0,0,3,1,1905.714286,1,1,66.7
0,0,0,1,1,880.0,1,1,16.5
0,0,0,2,1,582.3822066,1,1,19.9
1,0,1,2,1,1290.045152,1,1,120.0
1,0,1,4,1,2272.413793,1,1,65.9
1,0,0,2,1,900.0090001,1,1,300.0
1,0,0,3,1,992.6653063,1,1,180.0
1,0,0,2,1,880.7506053,1,1,29.1
0,0,0,3,1,1465.002713,1,1,81.0
0,0,1,2,1,1281.503631,1,1,60.0
1,0,0,3,1,1369.863014,1,1,35.0
0,0,1,2,1,1260.178364,1,1,65.0
1,0,0,3,1,1250.0,1,1,130.0
0,0,0,3,1,1380.103508,1,1,24.0
1,0,0,3,1,1678.086981,1,1,120.0
0,0,0,2,1,825.0825083,1,1,30.0
1,0,0,2,1,1088.065844,1,1,66.1
1,0,0,2,1,1200.0,1,1,48.0
1,1,1,3,1,1204.451624,0,0,67.1
0,0,0,1,1,1162.582722,1,1,65.0
1,0,0,3,1,2278.820375,1,1,170.0
0,0,0,2,1,760.0,1,1,15.2
1,0,0,2,1,991.056321,1,1,82.0
0,0,0,2,1,1245.121725,1,1,67.0
1,0,0,2,1,1030.029316,1,1,130.0
1,0,0,2,1,1203.698638,1,1,220.0
0,0,1,3,1,2400.0,1,1,120.0
1,0,0,1,1,490.0064475,1,1,76.0
1,0,0,4,1,5025.125628,1,1,650.0
0,0,0,3,1,1300.284437,1,1,32.0
1,0,1,1,1,614.7311948,1,1,110.0
1,0,1,2,1,1167.618059,1,1,180.0
1,0,0,3,1,2000.0,1,1,140.0
0,0,0,1,1,804.8848182,1,1,29.0
1,0,1,2,1,1150.054765,1,1,42.0
0,0,0,2,1,690.0,1,1,20.7
1,0,1,5,1,7959.300894,1,1,970.0
0,0,0,3,1,2933.333333,1,1,220.0
1,0,1,1,1,650.0,1,0,28.6
0,0,0,2,1,1000.0,1,1,42.0
0,0,0,2,1,1339.915374,1,1,28.5
1,0,0,1,1,630.0422589,1,1,82.0
0,0,1,2,1,1246.105919,1,1,60.0
1,0,0,3,1,2065.787383,1,1,130.0
1,0,0,3,1,1495.016611,1,1,49.5
1,1,1,1,1,488.2246377,0,0,53.9
1,1,1,3,1,1500.508647,0,0,29.5
1,0,0,3,1,1655.172414,1,0,120.0
0,0,0,2,1,1050.286442,1,1,33.0
1,0,1,3,1,1064.837498,1,1,65.2
1,0,1,2,1,1064.112796,1,1,120.0
1,0,1,1,1,550.0,1,1,55.0
1,0,0,3,1,2086.865788,1,1,160.0
0,0,0,3,1,1700.1020059999998,1,1,50.0
1,0,0,2,1,916.0864786,1,1,75.0
1,0,0,2,1,913.0225853,1,1,95.0
0,0,0,3,1,1130.308413,1,1,70.0
1,0,1,1,1,564.844103,1,1,25.0
1,0,0,3,1,1200.14771,1,1,65.0
1,0,1,2,1,1040.070068,1,1,95.0
0,0,0,4,1,1914.48628,1,1,60.0
0,0,0,3,1,1948.717949,1,1,53.2
1,1,0,2,1,967.1179884,0,1,65.0
1,0,1,3,1,1318.031311,1,1,410.0
1,1,1,3,1,2666.666667,0,1,200.0
1,1,1,1,1,585.9375,0,1,36.0
1,0,0,2,1,1423.45757,1,1,67.6
1,0,0,1,1,495.049505,1,1,11.0
1,0,0,4,1,2422.089456,1,1,150.0
1,0,1,2,1,718.0361711,1,1,160.0
1,0,0,3,1,1794.392523,1,1,48.0
0,0,0,3,1,1250.0,1,1,49.0
1,0,1,3,1,1600.0,1,1,200.0
0,0,0,1,1,540.1057228,1,1,23.5
1,1,1,3,1,1665.1031890000002,0,1,71.0
1,0,1,3,1,1828.681424,1,0,76.0
0,1,1,3,1,1726.573536,0,1,110.0
1,0,1,3,1,1630.257581,1,1,200.0
1,0,0,3,1,1723.169133,1,1,92.0
1,0,0,3,1,1515.789474,1,1,180.0
1,1,0,3,1,1150.0,0,1,46.0
1,0,0,2,1,1409.646739,1,1,41.5
1,1,1,3,1,1200.0,0,1,25.8
0,0,0,2,1,1270.325203,1,1,37.5
0,0,0,1,1,595.0413222999999,1,1,36.0
1,0,1,4,1,2766.798419,1,1,210.0
1,0,0,1,1,405.0769646,1,1,15.0
0,0,0,1,1,599.7818975,1,1,16.5
1,0,0,2,1,1250.0,1,1,88.0
1,1,0,1,1,550.0,0,1,22.0
1,0,0,3,1,1185.313674,1,1,41.0
0,0,0,2,1,1078.050884,1,1,75.0
1,0,0,3,1,1884.057971,1,1,130.0
1,0,0,2,1,1150.086256,1,1,60.0
1,0,1,3,1,1854.624487,1,1,76.8
0,0,0,1,1,550.1618123,1,1,17.0
1,0,0,2,1,1395.23695,1,1,58.0
1,0,0,2,1,1070.124638,1,1,85.0
1,0,0,2,1,1122.067324,1,1,99.0
0,1,1,2,1,1000.0,0,1,35.0
1,0,0,2,1,1145.339652,1,1,29.0
1,1,0,2,1,706.0010086,0,1,28.0
1,0,0,2,1,1321.052632,1,1,50.2
0,0,0,3,1,1600.0,1,1,66.0
1,1,0,2,1,581.3315784,0,0,53.0
0,0,0,2,1,650.1182033,1,1,22.0
1,1,0,3,1,1570.954791,0,1,270.0
0,0,0,2,1,1200.0,1,1,60.0
1,0,0,3,1,1632.208923,1,1,120.0
1,0,0,3,1,1380.015334,1,1,54.0
1,0,1,2,1,1375.095493,1,1,72.0
0,0,0,2,1,1220.008133,1,1,60.0
1,0,0,2,1,1120.045951,1,1,78.0
1,1,1,3,1,1480.062685,0,1,85.0
1,0,0,2,1,584.0163934,1,1,39.9
2,0,0,3,1,1376.923077,1,0,53.7
0,0,0,5,1,4152.028106000001,1,1,130.0
2,1,1,3,1,148939.7228,0,0,8920.0
1,0,0,3,1,1486.403777,1,1,170.0
0,0,0,2,1,900.3215434,1,1,14.0
1,0,0,3,1,1120.0,1,1,44.8
1,0,0,3,1,1288.855193,1,1,68.0
0,0,0,1,1,690.0782088999999,1,1,45.0
1,0,1,3,1,1345.755694,1,1,52.0
1,0,1,1,1,710.9322602000001,1,1,53.0
1,0,1,3,1,2143.260011,1,1,570.0
0,0,0,2,1,821.9178082000001,1,1,33.0
0,0,0,2,1,1200.369344,1,1,26.0
1,0,1,3,1,1600.0,1,1,310.0
1,0,1,2,1,1134.716321,1,1,45.4
1,0,0,3,1,1540.154015,1,1,70.0
1,0,0,2,1,1129.943503,1,1,26.0
0,0,0,3,1,1475.288911,1,1,60.0
1,0,0,1,1,650.0206356000001,1,1,63.0
1,0,1,3,1,2070.393375,1,1,90.0
1,1,1,1,1,343.0400976,0,1,22.5
0,0,0,3,1,1083.863975,1,1,80.0
1,0,1,3,1,1932.876472,1,1,110.0
1,0,0,3,1,1500.176491,1,1,85.0
1,1,0,2,1,956.5217391,0,1,110.0
1,0,1,3,1,1890.482399,1,1,58.0
1,0,1,3,1,1484.593838,1,1,53.0
1,1,0,2,1,964.0,0,1,72.3
0,0,0,2,1,660.1218687,1,1,19.5
1,1,1,2,1,1207.0006039999998,0,1,100.0
1,0,0,1,1,625.0,1,1,18.0
0,0,0,2,1,9722.222222,1,1,35.0
1,1,1,2,1,1165.076822,0,1,160.0
0,0,0,2,1,899.820036,1,0,30.0
1,0,0,3,1,2179.598954,1,1,150.0
0,0,0,1,1,632.0779562999999,1,1,24.0
0,0,1,2,1,1090.059694,1,1,42.0
0,0,0,2,1,1080.246914,1,1,35.0
0,0,0,3,1,2500.0,1,1,140.0
1,0,0,3,1,1824.034335,1,1,170.0
0,0,0,3,1,1700.276789,1,1,86.0
0,0,0,2,1,497.9591837,1,1,12.2
1,0,1,2,1,1014.301653,1,1,100.0
0,0,0,3,1,1717.229536,1,1,60.0
0,0,1,2,1,1267.779839,1,1,41.0
1,0,1,2,1,919.0899502999998,1,1,61.0
0,0,1,3,1,1650.269756,1,1,52.0
1,1,1,2,1,1051.524711,0,1,140.0
1,0,0,2,1,1024.182077,1,1,36.0
0,0,0,2,1,1100.0,1,1,88.0
0,0,0,3,1,2750.275028,1,1,150.0
1,0,1,3,1,1625.301999,1,1,74.0
0,0,0,2,1,800.0,1,1,30.0
0,0,0,2,1,1432.033488,1,1,130.0
1,0,1,2,1,1528.050644,1,1,280.0
1,0,1,1,1,419.0419042,1,0,41.9
1,0,0,2,1,1165.126557,1,1,29.0
1,1,1,4,1,2278.571429,0,1,95.7
1,0,0,3,1,1843.537415,1,1,54.2
1,0,1,3,1,1306.6771199999998,1,1,100.0
1,0,0,2,1,1288.014311,1,1,36.0
1,0,0,3,1,1820.020222,1,1,450.0
1,0,0,3,1,1465.273029,1,1,150.0
1,0,0,3,1,1782.178218,1,1,90.0
0,0,0,3,1,1344.743276,1,1,55.0
1,0,0,2,1,698.0306346,1,1,31.9
0,0,0,2,1,883.0022074999999,1,1,52.0
1,0,1,3,1,635.0,1,0,25.4
1,0,1,3,1,1340.159615,1,1,89.0
0,1,0,2,1,1250.0,0,0,30.0
1,0,0,2,1,1150.130348,1,1,75.0
1,1,1,2,1,886.7298944,0,1,230.0
1,1,1,1,1,680.0552545,0,1,64.0
2,0,1,2,1,919.5781147,1,0,27.9
1,1,1,3,1,1718.5238780000002,0,1,190.0
1,0,1,2,1,905.1186017,1,1,43.5
2,1,1,3,1,1609.756098,0,0,66.0
1,0,1,3,1,1830.377444,1,1,80.5
0,0,0,2,1,880.0993994999999,1,1,42.5
0,0,0,3,1,1525.79317,1,1,63.0
1,0,0,4,1,3400.204012,1,1,100.0
1,0,0,1,1,1025.077796,1,1,56.0
0,0,0,3,1,1236.0040720000002,1,1,85.0
1,0,0,3,1,1469.335605,1,1,34.5
1,1,1,1,1,389.6443515,0,1,29.8
1,0,1,3,1,1361.049245,1,1,110.0
1,0,0,3,1,1070.018093,1,1,550.0
1,0,0,3,1,1211.973716,1,1,49.8
1,0,0,3,1,1350.048216,1,1,84.0
0,0,0,2,1,752.0111927,1,1,43.0
1,1,1,1,1,750.0534987999999,0,1,70.1
1,0,1,3,1,2256.06317,1,1,120.0
0,0,0,2,1,1205.37784,1,1,26.0
0,0,0,2,1,796.9397514,1,1,50.0
0,0,0,2,1,1140.065147,1,1,35.0
0,0,0,1,1,317.0289855,1,1,10.5
0,0,0,2,1,949.9136442,1,1,22.0
1,0,0,2,1,1423.636364,1,0,78.3
1,0,0,2,1,869.9686811,1,1,150.0
1,1,0,3,1,1772.3622269999998,0,1,320.0
1,0,0,1,1,669.9384591,1,1,86.0
0,0,0,2,1,1000.0,1,1,29.0
1,0,1,1,1,710.0031556,1,1,45.0
0,0,0,3,1,1575.795777,1,1,50.0
1,0,0,2,1,1177.971925,1,1,120.0
1,0,0,3,1,1784.214945,1,1,170.0
1,0,1,4,1,2090.152938,1,1,77.9
1,0,0,3,1,1378.2608699999998,1,1,63.4
1,0,0,3,1,1595.179015,1,1,90.0
1,1,1,2,1,885.7142857000001,0,0,46.5
0,0,0,3,1,1666.082076,1,1,95.0
1,0,1,4,1,3285.014079,1,1,630.0
1,0,1,2,1,1020.007846,1,1,78.0
0,0,0,3,1,1250.0,1,1,55.0
1,1,1,1,1,472.0161834,0,0,70.0
0,0,1,2,1,820.256776,1,1,23.0
1,0,1,1,1,720.0460829,1,1,50.0
0,0,1,2,1,1019.974501,1,1,72.0
1,1,1,4,1,2763.085182,0,1,350.0
1,0,0,3,1,1285.84287,1,1,100.0
1,0,0,4,1,2900.652647,1,1,120.0
0,0,0,2,1,6456.241033,1,1,45.0
0,0,0,1,1,649.9535747,1,1,35.0
1,1,0,3,1,1625.301999,0,1,74.0
0,1,1,2,1,850.0772798,0,1,44.0
0,0,0,2,1,1045.150502,1,1,25.0
0,0,1,2,1,1150.22656,1,1,33.0
0,0,0,2,1,1254.0640970000002,1,1,81.0
1,0,0,3,1,2100.006614,1,1,1270.0
1,0,0,2,1,1100.046318,1,1,95.0
1,0,1,3,1,1332.149201,1,1,90.0
1,1,0,2,1,1289.62536,0,1,89.5
0,0,0,2,1,1350.135014,1,1,45.0
0,0,1,2,1,880.0433252,1,1,32.5
0,0,0,2,1,1079.913607,1,1,40.0
0,0,1,3,1,1279.863481,1,1,60.0
1,0,0,2,1,457.321174,1,1,170.0
1,1,1,3,1,1884.210526,0,1,71.6
1,0,0,2,1,1600.0,1,1,120.0
0,0,0,2,1,900.090009,1,1,40.0
2,0,0,2,1,1281.553398,1,0,66.0
0,0,0,1,1,702.202362,1,1,22.0
1,1,1,2,1,1093.135111,0,1,75.0
0,0,0,2,1,1098.283931,1,1,35.2
1,0,1,2,1,1750.996256,1,1,290.0
1,0,0,2,1,1109.877913,1,1,20.0
1,1,0,2,1,621.1180124,0,1,16.0
1,0,1,1,1,630.0630062999999,1,1,28.0
1,0,0,2,1,1100.352113,1,1,25.0
1,0,1,1,1,366.3423011,1,0,32.0
1,0,1,3,1,2132.687763,1,1,370.0
0,0,0,3,1,1330.180313,1,1,90.0
1,0,0,3,1,1260.126013,1,1,28.0
1,0,0,2,1,1424.332344,1,1,24.0
0,0,0,2,1,888.0308880000001,1,1,46.0
0,1,0,2,1,983.8369642,0,1,28.0
1,0,0,4,1,3400.3548200000005,1,1,230.0
0,0,0,1,1,565.1105651,1,1,23.0
1,0,0,3,1,1454.898157,1,1,75.0
1,0,1,2,1,1019.965278,1,1,94.0
0,0,0,3,1,1435.956347,1,1,50.0
0,0,0,2,1,1042.011247,1,1,63.0
0,0,0,3,1,1370.16094,1,1,63.0
1,0,0,2,1,1110.0148,1,1,90.0
1,0,0,2,1,1009.18357,1,1,100.0
0,0,0,2,1,1400.367309,1,1,30.5
1,0,0,2,1,1250.0,1,1,180.0
0,0,0,3,1,1410.039481,1,1,75.0
0,0,0,2,1,998.003992,1,1,55.0
1,1,1,2,1,54225.69614,0,0,9990.0
1,0,0,3,1,1300.070274,1,1,37.0
0,0,0,2,1,1299.013712,1,1,54.0
0,0,0,1,1,540.1026195000001,1,1,20.0
0,0,0,1,1,650.0101563999999,1,1,32.0
0,0,0,2,1,900.090009,1,1,40.0
0,0,1,2,1,1250.0,1,1,35.0
1,0,0,2,1,990.0990099,1,1,85.0
0,1,0,2,1,1200.0,0,1,24.0
0,0,0,3,1,1603.354711,1,1,130.0
1,0,0,2,1,1149.330925,1,1,140.0
1,0,1,3,1,2485.659656,1,1,130.0
0,0,0,2,1,750.1071582000001,1,1,35.0
1,0,0,2,1,1400.070004,1,1,160.0
0,0,0,2,1,1099.807534,1,1,40.0
0,1,1,2,1,1380.138014,0,1,92.0
0,0,0,1,1,900.9009009,1,1,7.0
1,0,0,3,1,1385.224274,1,1,63.0
1,0,0,3,1,1820.020222,1,1,450.0
1,0,0,1,1,325.0337299,1,1,26.5
1,1,1,3,1,2026.902524,0,1,110.0
0,0,0,3,1,1664.402174,1,1,49.0
1,0,1,3,1,2060.262683,1,1,160.0
1,0,0,3,1,1721.170396,1,1,90.0
1,0,0,2,1,1200.033104,1,1,290.0
1,1,0,3,1,2600.104004,0,1,450.0
1,0,0,2,1,1476.173415,1,1,41.2
0,0,0,2,1,1070.090958,1,1,60.0
0,0,0,3,1,1200.0,1,1,60.0
1,1,1,1,1,300.3102105,0,0,91.0
1,0,0,2,1,1300.236407,1,1,55.0
1,1,0,1,1,675.0,0,1,27.0
0,0,0,2,1,720.1355549,1,1,25.5
1,0,0,3,1,1183.651805,1,1,44.6
0,0,0,3,1,999.0917348,1,1,55.0
0,0,0,2,1,1275.214468,1,1,55.0
1,1,1,1,1,739.98469,0,1,58.0
1,0,0,2,1,1382.033564,1,1,56.0
1,0,0,3,1,2385.211688,1,1,200.0
1,0,0,2,1,956.0229446,1,1,130.0
1,0,1,3,1,1520.417029,1,1,52.5
0,0,0,1,1,500.0,1,1,18.0
0,0,0,2,1,899.9280058,1,1,75.0
1,0,0,2,1,1150.040118,1,1,43.0
0,0,0,2,1,1171.20954,1,1,55.0
1,0,1,2,1,1295.081967,1,1,79.0
0,1,0,3,1,2622.498275,0,1,190.0
1,0,0,3,1,1873.529412,1,1,63.7
0,0,0,2,1,1060.511541,1,1,17.0
1,0,0,3,1,1954.040957,1,1,250.0
1,1,1,2,1,530.0051291,0,0,31.0
0,0,0,2,1,890.0756564,1,1,40.0
1,0,0,1,1,577.7777778,1,1,130.0
0,0,1,3,1,2104.820038,1,1,100.0
1,0,0,2,1,1180.080245,1,1,100.0
1,0,0,2,1,1100.28293,1,1,35.0
0,0,0,3,1,1275.148767,1,1,45.0
1,0,0,3,1,1350.135014,1,1,30.0
1,1,1,1,1,427.06652750000006,0,0,45.0
1,0,1,2,1,1546.391753,1,1,63.0
1,0,1,1,1,707.2135785,1,1,170.0
0,0,0,2,1,989.0730972,1,1,52.5
1,0,0,2,1,1080.951237,1,1,45.0
1,0,0,2,1,938.4615385,1,1,48.8
1,1,1,2,1,671.0283509,0,1,120.0
1,0,0,3,1,1885.0,1,1,75.4
1,1,1,1,1,649.9682942000001,0,1,82.0
2,1,1,2,1,565.5816951,0,0,35.1
1,1,0,3,1,1259.459459,0,1,46.6
1,0,0,3,1,1022.222222,1,1,23.0
0,0,1,3,1,1805.054152,1,1,120.0
0,0,0,2,1,1000.0,1,1,33.0
1,0,0,2,1,809.9625392,1,1,160.0
1,0,0,3,1,1229.773463,1,1,190.0
1,0,0,1,1,585.0234009,1,1,120.0
0,0,0,3,1,1550.034192,1,1,68.0
0,0,0,3,1,1500.245942,1,1,30.5
0,0,0,2,1,1065.029445,1,1,85.0
0,0,0,2,1,620.1550387999999,1,1,20.0
0,1,1,3,1,1673.767498,0,1,110.0
1,0,0,3,1,1879.699248,1,1,170.0
1,0,0,2,1,850.1118567999999,1,1,38.0
1,1,1,2,1,1124.891837,0,1,39.0
1,1,1,1,1,578.3783784,0,1,21.4
1,0,1,5,1,4092.769441,1,1,120.0
1,0,0,3,1,1492.219143,1,1,420.0
0,0,0,2,1,930.1442673,1,1,24.5
0,0,0,1,1,465.1162791,1,1,12.0
1,0,1,3,1,712.1057986000001,1,1,140.0
1,0,1,2,1,1234.735414,1,1,18.2
1,0,1,2,1,930.0265722,1,1,42.0
1,1,0,3,1,1899.509804,0,1,62.0
1,0,0,2,1,850.0239069,1,1,160.0
1,1,0,1,1,534.0,0,1,26.7
1,0,0,2,1,883.1521739,1,1,32.5
1,0,1,3,1,2092.050209,1,1,170.0
1,0,0,2,1,751.9640853,1,1,33.5
2,1,1,3,1,1316.777963,0,0,63.1
1,0,1,3,1,1687.1165640000002,1,1,110.0
1,0,0,2,1,1025.01025,1,1,25.0
1,0,1,3,1,1580.398162,1,1,51.6
1,1,1,1,1,424.5363281000001,0,0,49.9
1,0,1,1,1,533.1088664,1,1,19.0
0,0,0,2,1,1280.2275960000002,1,1,45.0
1,0,0,3,1,1105.237866,1,1,46.0
1,0,1,3,1,2010.526316,1,1,76.4
1,1,1,2,1,770.0351744,0,0,81.0
1,0,0,2,1,915.1572927,1,1,48.0
0,0,0,2,1,1300.052002,1,1,25.0
1,0,1,2,1,980.3921569,1,0,17.5
1,0,0,2,1,1200.0,1,1,120.0
1,0,0,4,1,15981.24867,1,1,750.0
0,0,0,3,1,1313.054978,1,1,69.5
1,0,0,2,1,950.0391193,1,1,85.0
0,0,0,3,1,1180.124224,1,1,95.0
0,0,0,2,1,746.2686567000001,1,1,11.5
0,0,0,1,1,560.0194789,1,1,46.0
1,0,0,2,1,1004.382761,1,1,110.0
1,0,1,4,1,1544.61203,1,0,340.0
0,0,1,3,1,1209.9213550000002,1,1,60.0
1,0,0,3,1,1617.155915,1,1,92.0
0,0,0,2,1,780.2050825,1,1,17.5
0,0,0,3,1,2449.77952,1,1,200.0
0,0,0,3,1,1310.186702,1,1,80.0
1,0,1,2,1,1080.0579,1,1,97.0
1,0,1,2,1,889.8776418,1,1,32.0
0,0,0,3,1,1440.189766,1,1,85.0
1,0,0,5,1,1677.279964,1,0,590.0
1,0,0,3,1,1440.121273,1,1,57.0
1,0,0,2,1,909.0909091,1,1,54.0
1,1,1,2,1,675.1740139,0,0,29.1
0,0,0,3,1,1475.237092,1,1,70.0
1,0,0,1,1,585.0234009,1,1,60.0
1,0,1,2,1,1295.5605460000002,1,1,150.0
0,0,1,1,1,630.169358,1,1,16.0
1,1,1,1,1,351.9619501,0,0,29.6
0,0,0,1,1,485.0836769,1,1,20.0
1,0,1,2,1,1274.088231,1,1,160.0
0,0,1,2,1,1285.338593,1,1,39.1
1,0,0,2,1,970.1202949,1,1,75.0
0,0,0,2,1,900.0,1,1,45.0
1,0,0,1,1,669.8664441000001,1,1,32.1
1,1,1,1,1,404.5268481,0,0,84.0
1,0,0,2,1,1248.0499220000002,1,1,48.0
1,0,1,3,1,1292.01053,1,1,800.0
1,0,1,3,1,1368.925394,1,1,220.0
1,0,1,2,1,1185.164529,1,1,85.0
1,0,0,3,1,1905.265943,1,1,72.0
1,0,1,2,1,1075.032909,1,1,49.0
1,0,0,2,1,1358.936484,1,1,92.0
1,0,0,3,1,984.1269841,1,1,310.0
1,1,1,2,1,1076.981902,0,1,84.5
1,0,0,2,1,700.0112905,1,1,62.0
0,0,1,4,1,1799.8560120000002,1,1,75.0
1,0,1,3,1,1806.06839,1,1,450.0
1,0,0,4,1,2849.643795,1,1,380.0
0,0,0,1,1,550.2567865,1,1,7.5
1,1,1,2,1,1141.666667,0,0,68.5
0,0,1,3,1,1494.768311,1,1,140.0
1,0,0,2,1,1060.138782,1,1,55.0
1,1,1,3,1,949.893137,0,0,40.0
0,0,0,2,1,831.8345324000001,1,1,18.5
1,0,1,2,1,1073.1916720000002,1,1,200.0
1,0,0,1,1,708.6753676,1,1,120.0
2,1,0,3,1,1449.82831,0,0,38.0
0,0,0,2,1,1156.260324,1,1,35.0
0,1,0,2,1,1060.284762,0,1,35.0
0,0,1,3,1,1520.112254,1,1,65.0
1,1,1,3,1,1150.020125,0,1,400.0
0,0,0,2,1,900.090009,1,1,30.0
1,0,0,2,1,1040.009788,1,1,85.0
1,0,0,3,1,1489.288578,1,1,130.0
1,0,0,3,1,1955.184534,1,1,89.0
1,0,0,3,1,2679.58951,1,1,94.0
1,0,0,1,1,610.035077,1,1,40.0
1,0,1,3,1,1885.211563,1,1,90.0
1,0,0,2,1,1232.156273,1,1,82.0
1,0,0,2,1,1000.0,1,1,48.0
1,0,0,3,1,1240.0537359999998,1,1,240.0
1,1,1,3,1,592.183182,0,0,120.0
0,0,0,3,1,1190.088034,1,1,73.0
0,0,1,2,1,1530.456076,1,1,50.0
1,0,0,3,1,2322.857143,1,1,81.3
0,0,0,2,1,912.1459434,1,1,38.0
1,0,0,3,1,2500.0,1,1,300.0
0,0,0,1,1,660.0660066,1,1,20.0
0,0,0,2,1,1030.21978,1,1,45.0
0,0,0,4,1,2603.123748,1,1,130.0
1,0,0,3,1,1706.9912420000005,1,1,230.0
1,0,0,2,1,1171.600406,1,1,150.0
1,0,1,4,1,1920.076803,1,1,320.0
1,0,0,2,1,970.1202949,1,1,25.0
1,1,1,1,1,351.2910424,0,0,55.1
1,0,1,1,1,675.0675068,1,1,30.0
0,0,1,2,1,1360.294118,1,1,37.0
0,0,0,2,1,1135.0737800000002,1,1,40.0
0,0,0,4,1,1885.014138,1,1,60.0
1,0,0,1,1,650.0691562999999,1,1,47.0
2,1,1,2,1,1216.666667,0,0,43.8
1,0,0,3,1,1660.910518,1,1,52.9
1,0,0,3,1,1710.1032899999998,1,1,250.0
0,0,0,2,1,2700.4570000000003,1,1,65.0
1,0,0,4,1,3499.766682,1,1,450.0
1,0,1,4,1,2250.409165,1,1,110.0
0,0,1,2,1,1030.07144,1,1,62.0
1,0,0,2,1,1030.100334,1,1,77.0
1,1,0,2,1,1227.810651,0,1,41.5
2,1,1,2,1,652.8417819,0,0,68.0
0,0,1,2,1,950.1187648,1,1,36.0
0,0,0,2,1,706.0722211,1,1,35.0
1,1,1,2,1,751.12669,0,1,210.0
1,0,0,2,1,1250.0,1,1,220.0
1,1,0,3,1,1622.649955,0,1,290.0
1,0,1,3,1,1377.884947,1,1,680.0
1,0,0,3,1,1600.0,1,1,600.0
1,1,1,2,1,535.0045858,0,1,140.0
1,0,1,2,1,1295.196978,1,1,72.0
1,0,0,3,1,1208.163265,1,1,59.2
1,0,0,2,1,1145.0,1,1,45.8
1,1,1,2,1,440.5111966,0,0,77.9
0,0,0,3,1,1740.139211,1,1,60.0
0,0,1,2,1,1260.210035,1,1,54.0
0,0,1,2,1,1130.044843,1,1,63.0
1,0,0,1,1,405.0073638,1,1,22.0
0,0,0,2,1,705.0197406000001,1,1,25.0
1,0,0,3,1,1552.10643,1,1,70.0
0,0,0,1,1,589.4283178999999,1,1,46.5
1,0,0,3,1,972.9683997000002,1,1,230.0
0,0,0,2,1,1250.0,1,1,31.0
1,0,1,4,1,2500.0,1,0,200.0
1,0,0,4,1,1700.1020059999998,1,1,150.0
1,0,0,2,1,760.1351351,1,1,36.0
1,1,0,2,1,985.0651414,0,1,31.0
1,1,1,2,1,1273.333333,0,0,38.2
1,0,0,3,1,1922.207146,1,1,170.0
1,1,1,1,1,292.3473775,0,0,17.0
0,0,0,2,1,1250.0,1,1,45.0
0,0,0,2,1,875.0607681,1,1,36.0
1,1,1,1,1,679.0363318,0,0,69.9
0,0,0,2,1,455.0280601,1,1,30.0
1,0,1,2,1,999.000999,1,1,110.0
1,0,0,3,1,1450.2026019999998,1,1,68.0
0,0,0,1,1,591.0683012000001,1,1,27.0
1,1,0,1,1,685.3155567000001,0,1,110.0
1,0,1,1,1,650.0541712,1,1,24.0
1,0,0,3,1,1550.074134,1,1,230.0
1,1,0,2,1,502.0135709,0,1,91.0
1,0,0,3,1,2573.588548,1,1,160.0
1,0,0,3,1,1580.194891,1,1,120.0
1,1,1,1,1,440.0,0,0,55.0
1,0,0,2,1,956.5217391,1,1,110.0
1,0,1,3,1,1771.2550609999998,1,1,70.0
0,1,0,2,1,1193.820225,0,1,34.0
0,0,1,2,1,1376.013905,1,1,95.0
0,0,0,3,1,1356.620634,1,1,33.4
1,0,1,2,1,1084.685486,1,1,48.8
1,0,0,2,1,995.6553222,1,1,110.0
0,0,0,4,1,1313.131313,1,1,52.0
1,0,1,2,1,1334.546557,1,1,220.0
0,0,0,3,1,2200.30349,1,1,87.0
0,0,0,2,1,850.1118567999999,1,1,38.0
0,0,0,2,1,920.0401472,1,1,55.0
1,0,0,2,1,1023.155627,1,1,38.0
0,0,0,2,1,1225.359616,1,1,23.0
1,1,0,3,1,1207.078711,0,1,45.7
1,1,1,2,1,899.9621069,0,1,95.0
1,1,1,3,1,1825.115772,0,1,67.0
0,0,0,2,1,1250.0,1,1,30.0
1,0,0,3,1,1254.0640970000002,1,1,54.0
0,0,0,1,1,608.6666667000001,1,1,91.3
1,1,1,2,1,707.2925585,0,1,190.0
0,1,0,1,1,340.1360544,0,1,7.0
0,0,1,2,1,1255.804137,1,1,59.5
0,0,0,2,1,1980.19802,1,1,70.0
1,0,1,2,1,1116.29795,1,1,110.0
1,1,1,3,1,1638.088289,0,1,44.9
1,0,0,3,1,1544.509969,1,1,110.0
0,0,0,1,1,380.0114003,1,1,40.0
0,0,0,2,1,1085.141903,1,1,52.0
1,0,1,3,1,1895.285477,1,1,80.0
1,1,0,2,1,699.0521327,0,1,59.0
1,0,1,2,1,909.4745727,1,1,43.1
1,1,0,3,1,1563.6105189999998,0,1,110.0
1,0,0,4,1,2765.878877,1,1,74.9
1,0,0,2,1,1161.350263,1,1,150.0
1,0,0,2,1,1390.108282,1,1,95.0
1,0,0,2,1,1220.008133,1,1,210.0
0,1,0,2,1,855.0662676000001,0,1,40.0
1,0,0,2,1,1177.971925,1,1,120.0
0,0,0,2,1,850.1259446,1,1,13.5
1,0,0,2,1,875.0290901000001,1,1,75.2
0,0,0,2,1,1050.080775,1,1,65.0
1,1,1,3,1,831.8708319,0,1,23.7
1,0,0,2,1,1173.295788,1,1,100.0
0,0,0,1,1,900.090009,1,1,30.0
0,1,0,3,1,909.0909091,0,1,45.0
1,0,0,2,1,1170.062538,1,1,58.0
1,0,1,2,1,1164.483261,1,1,120.0
0,0,0,2,1,990.0990099,1,1,43.0
0,0,0,3,1,1764.137264,1,1,36.5
1,0,0,2,1,1150.003594,1,1,320.0
1,0,0,1,1,640.0,1,1,56.0
0,1,0,4,1,1295.143213,0,1,52.0
0,0,0,3,1,1254.275941,1,1,33.0
0,0,1,3,1,1390.268123,1,1,70.0
1,0,0,2,1,1155.115512,1,1,28.0
0,0,0,1,1,505.0505051,1,1,33.0
1,0,0,2,1,867.2676407,1,1,27.9
1,1,0,3,1,1424.444444,0,1,64.1
1,0,0,2,1,1055.081458,1,1,68.0
1,1,1,1,1,450.0121625,0,1,74.0
0,0,0,3,1,1244.002133,1,1,70.0
1,1,0,2,1,902.0501139,0,1,19.8
1,0,0,2,1,1071.811361,1,1,190.0
0,0,0,2,1,999.3943065,1,1,16.5
2,0,0,2,1,1044.932079,1,0,50.0
2,0,0,2,1,686.1198737999999,1,0,17.4
0,0,0,3,1,1300.0,1,1,65.0
1,0,0,3,1,1525.124418,1,1,95.0
0,0,0,3,1,1800.180018,1,1,80.0
1,0,0,4,1,3472.222222,1,1,310.0
1,1,0,4,1,5200.126064,0,1,1650.0
1,1,0,2,1,1009.625093,0,1,150.0
0,0,0,3,1,1149.954002,1,1,50.0
1,0,0,1,1,687.0340593,1,1,47.0
0,0,0,2,1,918.5803758,1,1,13.2
1,1,1,4,1,2277.212692,0,1,150.0
1,0,0,2,1,1120.833333,1,1,80.7
1,0,0,4,1,4300.150505,1,1,800.0
0,0,0,3,1,1600.0,1,1,90.0
1,0,0,3,1,1159.840522,1,1,160.0
1,0,0,3,1,1387.015989,1,1,72.0
1,0,0,2,1,1165.00092,1,1,190.0
1,1,1,2,1,510.0071677,0,1,92.5
1,0,1,3,1,1350.16835,1,1,40.1
1,0,0,3,1,1715.9629710000002,1,1,76.0
0,0,0,1,1,650.0847937000001,1,1,46.0
1,1,1,3,1,1621.008267,0,1,100.0
0,0,0,1,1,375.0375038,1,1,12.5
0,0,0,1,1,574.9191519999999,1,1,16.0
0,0,0,2,1,974.025974,1,1,27.0
0,0,0,1,1,528.0103026,1,1,8.2
1,0,0,3,1,1267.496969,1,1,230.0
0,0,0,2,1,1145.0,1,1,45.8
1,0,0,3,1,1247.030879,1,1,52.5
1,0,0,2,1,1107.01107,1,1,57.0
1,0,0,3,1,1456.364647,1,1,52.4
1,0,0,3,1,1240.03543,1,1,56.0
0,0,0,1,1,545.0733753,1,1,13.0
1,1,1,4,1,194997.8805,0,0,9200.0
0,0,0,2,1,900.4237287999998,1,1,17.0
0,0,0,2,1,799.8511905,1,1,21.5
1,0,0,1,1,600.0292697000001,1,1,82.0
1,0,0,2,1,1294.117647,1,1,110.0
0,0,0,3,1,1666.049611,1,1,90.0
1,1,1,1,1,462.7862595,0,0,87.3
0,0,0,3,1,1400.233372,1,1,36.0
1,0,0,3,1,1345.054523,1,1,280.0
1,0,1,2,1,594.2091616,1,1,110.0
0,0,0,2,1,1080.125687,1,1,55.0
1,0,0,4,1,2525.743151,1,1,520.0
1,0,1,3,1,1625.37556,1,1,330.0
1,0,0,4,1,3233.970754,1,1,230.0
1,1,1,3,1,1339.72278,0,1,260.0
1,0,0,2,1,1040.041602,1,1,80.0
0,0,0,2,1,1050.420168,1,1,20.0
1,1,1,1,1,699.9533364,0,1,90.0
1,0,1,3,1,1373.855121,1,1,330.0
0,0,0,2,1,1436.265709,1,1,24.0
0,0,0,2,1,950.3695882,1,1,18.0
1,0,0,4,1,5092.297899,1,1,720.0
0,0,1,3,1,1300.0,1,1,65.0
1,0,1,2,1,1296.082949,1,1,45.0
1,0,0,1,1,548.0362036,1,1,66.0
1,0,0,2,1,1248.046439,1,1,55.9
1,0,0,3,1,3354.203936,1,1,300.0
1,1,0,3,1,2542.626383,0,1,170.0
1,0,0,2,1,1158.333333,1,1,41.7
0,0,0,4,1,2831.0104530000003,1,1,260.0
1,0,0,1,1,693.0443548,1,1,55.0
1,1,1,3,1,1370.033628,0,1,110.0
1,0,0,2,1,1137.158852,1,1,65.0
0,0,1,3,1,1552.053486,1,1,65.0
1,1,0,3,1,1613.376357,0,1,220.0
1,1,1,2,1,829.0481687000001,0,1,79.0
1,0,0,2,1,976.1388286,1,1,13.5
1,0,0,2,1,1000.0,1,1,85.0
1,0,1,3,1,1551.020408,1,1,190.0
0,0,0,3,1,1800.670017,1,1,43.0
0,0,0,1,1,800.0,1,1,35.0
0,0,0,1,1,599.8588567,1,1,17.0
0,0,0,2,1,560.0672081,1,1,40.0
0,0,0,1,1,660.0660066,1,1,38.0
0,0,0,3,1,1500.0,1,1,60.0
0,0,1,3,1,1320.132013,1,1,80.0
0,0,0,1,1,501.0168238,1,1,27.1
1,1,1,4,1,2032.520325,0,1,150.0
1,0,1,2,1,1100.046318,1,1,95.0
1,1,0,3,1,2300.025556,0,1,90.0
1,1,1,3,1,1610.169492,0,1,64.6
0,0,0,2,1,890.0190718,1,1,28.0
1,0,0,3,1,1463.414634,1,1,120.0
1,0,1,4,1,2544.01821,1,1,760.0
1,0,1,2,1,1045.141205,1,1,47.0
1,0,0,4,1,2512.913584,1,1,180.0
0,0,0,2,1,725.1381215,1,1,21.0
0,0,0,2,1,1000.0,1,1,36.0
1,1,0,3,1,1425.035626,0,1,380.0
1,0,1,3,1,2733.734281,1,1,200.0
1,0,1,2,1,1025.954946,1,1,83.8
1,0,0,1,1,600.0375022999999,1,1,32.0
1,0,0,3,1,1800.0179999999998,1,1,200.0
0,1,1,1,1,726.0406583,0,1,75.0
0,0,0,3,1,1375.0,1,1,110.0
1,1,1,3,1,1620.064803,0,1,270.0
0,0,0,1,1,649.6881497,1,1,12.5
2,1,0,1,1,360.0,0,0,9.0
0,0,1,2,1,645.0312437000001,1,1,32.0
1,1,1,3,1,2499.519323,0,1,130.0
1,0,0,2,1,925.0693802,1,1,40.0
0,0,0,2,1,700.1166861,1,1,30.0
1,1,1,4,1,2176.278564,0,0,100.0
1,1,0,3,1,1099.885938,0,1,67.5
1,0,0,1,1,550.0550055,1,1,30.0
1,1,0,2,1,820.0,0,1,28.7
1,0,0,3,1,1800.0179999999998,1,1,200.0
1,0,0,4,1,2380.952381,1,1,250.0
0,0,0,2,1,1306.103063,1,1,55.0
1,0,0,1,1,690.0878294,1,1,44.0
0,0,0,2,1,700.0424267999999,1,1,33.0
0,0,0,3,1,1700.0,1,1,85.0
1,1,1,2,1,745.594216,0,1,33.0
1,0,0,2,1,850.0510031,1,1,25.0
1,1,1,3,1,1739.226033,0,1,79.1
1,1,1,2,1,860.0095557,0,1,72.0
1,0,1,2,1,950.0351865,1,1,27.0
0,0,0,2,1,1080.40201,1,1,43.0
1,0,0,2,1,862.3428493999999,1,1,190.0
1,0,1,3,1,2269.63232,1,1,150.0
0,0,1,2,1,1208.483393,1,1,60.4
0,0,0,3,1,1338.231435,1,1,51.0
1,0,0,3,1,1602.448686,1,1,44.5
1,0,0,5,1,8542.314967,1,1,1400.0
0,0,0,2,1,1000.0,1,1,45.0
1,0,0,2,1,1049.790042,1,1,35.0
1,1,1,2,1,1050.019091,0,1,110.0
1,0,0,5,1,4960.0,1,1,620.0
1,0,0,1,1,581.0882197999999,1,1,22.0
0,0,0,3,1,1200.0,1,1,27.0
0,0,0,2,1,600.0774293,1,1,31.0
0,0,0,1,1,549.9901787,1,1,28.0
0,0,0,2,1,729.2011932,1,1,22.0
1,0,1,3,1,1749.1691449999998,1,1,100.0
1,1,1,2,1,646.9036553,0,0,51.5
1,0,0,3,1,1262.945188,1,1,150.0
1,0,0,2,1,1120.018863,1,1,95.0
1,0,0,2,1,1100.187266,1,1,47.0
1,0,0,2,1,1104.79798,1,1,140.0
0,0,0,2,1,1100.151745,1,1,29.0
2,1,1,2,1,732.1772639999999,0,0,49.4
1,0,0,3,1,1314.789688,1,1,96.9
0,0,0,3,1,1199.040767,1,1,65.0
1,0,0,1,1,650.0084417,1,1,77.0
0,0,0,4,1,630.0403226,1,1,25.0
0,0,0,1,1,646.7458042999999,1,1,15.8
0,0,0,2,1,928.0263972,1,1,45.0
1,1,1,3,1,135714.2857,0,0,9500.0
0,0,0,2,1,1168.809484,1,1,70.0
1,0,0,2,1,1215.121512,1,1,81.0
1,0,0,3,1,1562.194884,1,1,160.0
0,0,0,1,1,372.0065101,1,1,16.0
0,0,0,2,1,1388.0320789999998,1,1,90.0
1,0,0,1,1,590.4930617,1,1,100.0
0,0,0,3,1,719.9895274,1,1,55.0
1,0,0,3,1,1367.989056,1,1,210.0
1,0,1,3,1,1771.336554,1,1,110.0
2,0,0,2,1,1052.763191,1,0,42.1
1,0,0,1,1,550.0550055,1,1,35.0
1,0,0,3,1,1790.07323,1,1,110.0
1,0,1,3,1,1383.86204,1,1,130.0
1,1,0,3,1,1449.001619,0,1,53.7
0,0,1,1,1,647.9481641,1,1,45.0
0,0,0,2,1,900.0,1,1,2700.0
1,0,1,2,1,1465.036344,1,1,260.0
0,0,0,2,1,615.14802,1,1,16.0
1,1,0,2,1,1235.0035289999998,0,1,70.0
1,0,1,2,1,1129.8684039999998,1,1,85.0
1,1,1,2,1,1323.591698,0,1,250.0
0,0,0,3,1,1129.943503,1,1,70.0
1,0,0,3,1,1415.09434,1,1,60.0
0,0,0,3,1,2153.030805,1,1,65.0
1,0,0,1,1,471.1133152,1,1,19.0
1,0,0,1,1,670.09506,1,1,43.0
1,1,1,4,1,230000.0,0,0,9200.0
0,1,1,2,1,1277.766857,0,1,65.0
1,0,0,3,1,2354.452055,1,1,220.0
1,1,1,2,1,937.9310345,0,1,170.0
0,0,0,3,1,1400.180668,1,1,62.0
0,0,0,3,1,1650.051564,1,1,48.0
1,1,0,2,1,578.460244,0,0,110.0
1,0,0,2,1,2000.0,1,1,63.0
0,0,1,2,1,1140.065147,1,1,49.0
0,0,0,2,1,1229.878821,1,1,68.0
0,0,0,1,1,549.7272346,1,1,13.1
1,1,1,3,1,1094.840564,0,0,240.0
1,0,1,3,1,1280.0,1,1,48.0
0,0,0,2,1,759.9746675,1,1,36.0
1,1,0,2,1,739.3162392999999,0,0,17.3
0,0,0,3,1,1430.030644,1,1,42.0
0,0,1,2,1,1185.034705,1,1,70.0
1,1,1,2,1,1080.065743,0,1,46.0
1,0,0,2,1,1110.195675,1,1,53.9
0,0,1,3,1,1449.932034,1,1,32.0
0,0,0,3,1,1464.026771,1,1,52.5
1,0,0,3,1,1420.238397,1,1,56.0
1,0,0,2,1,1003.667889,1,1,30.1
0,0,0,2,1,850.0137099,1,1,62.0
1,0,1,1,1,750.0,1,1,90.0
1,0,0,2,1,1200.0,1,1,60.0
0,0,0,3,1,1850.317592,1,1,67.0
0,0,0,1,1,322.9278794,1,1,9.0
1,0,0,4,1,1707.544241,1,1,110.0
1,0,1,2,1,975.9271308,1,1,180.0
1,0,0,4,1,3283.156786,1,1,530.0
0,1,1,3,1,1950.118033,0,1,190.0
1,0,0,4,1,2480.510276,1,1,140.0
0,0,0,2,1,1199.637845,1,1,26.5
0,0,0,2,1,960.2194787,1,1,35.0
1,0,0,1,1,625.0,1,1,50.0
1,0,1,3,1,1358.134042,1,1,92.0
0,0,0,3,1,1998.060136,1,1,61.8
1,0,0,2,1,1000.0,1,1,90.0
1,0,0,2,1,1349.634805,1,1,42.5
1,0,0,2,1,933.3582229,1,1,100.0
1,1,1,2,1,661.4485724,0,1,120.0
1,0,1,3,1,1855.079681,1,1,74.5
1,1,1,3,1,1354.81118,0,1,63.5
1,1,1,3,1,2250.512145,0,1,76.9
0,0,1,2,1,1004.823151,1,1,50.0
1,0,0,3,1,1200.0,1,1,72.0
0,0,0,2,1,850.1594049,1,1,24.0
1,0,0,3,1,1560.192024,1,1,84.5
1,0,0,2,1,1076.6278140000002,1,1,230.0
2,0,0,2,1,819.2,1,0,51.2
0,0,0,3,1,1791.0447760000002,1,1,60.0
1,1,1,1,1,669.9403718,0,1,19.1
0,0,0,3,1,1350.135014,1,1,45.0
1,1,1,3,1,1297.968397,0,1,46.0
1,1,1,3,1,1549.076341,0,1,69.6
1,1,1,2,1,1165.110357,0,1,54.9
1,0,0,2,1,1115.075825,1,1,75.0
1,0,1,3,1,2096.320406,1,1,380.0
1,0,1,3,1,1816.790973,1,1,190.0
0,0,0,2,1,758.8774341,1,1,26.5
1,0,0,1,1,750.0394758,1,1,95.0
1,0,0,2,1,1025.043681,1,1,88.0
0,0,0,3,1,1549.780839,1,1,99.0
1,0,0,3,1,1400.0,1,1,280.0
0,0,0,3,1,1629.99185,1,1,80.0
1,0,0,2,1,863.7816359999999,1,1,100.0
0,0,0,1,1,495.049505,1,1,25.0
1,1,1,3,1,1796.2535280000002,0,1,210.0
1,0,0,3,1,1211.971308,1,1,49.0
1,0,1,3,1,1568.154403,1,1,52.0
1,0,1,3,1,1974.038404,1,1,330.0
1,0,0,3,1,1345.1892380000002,1,1,59.0
1,0,0,3,1,2064.80305,1,1,130.0
0,0,0,5,1,1280.136548,1,1,60.0
1,0,1,1,1,656.0603576000001,1,1,40.0
0,0,0,4,1,2350.483155,1,1,90.0
1,0,1,3,1,882.3529412,1,0,300.0
0,0,0,3,1,1733.402669,1,1,100.0
0,0,0,1,1,740.2185407000001,1,1,21.0
2,1,1,2,1,1147.869674,0,0,45.8
1,0,0,2,1,1215.032495,1,1,86.0
0,0,0,2,1,1200.14771,1,1,65.0
1,0,0,2,1,1120.238984,1,1,45.0
1,0,0,2,1,865.2246256000001,1,1,26.0
1,0,0,1,1,585.0058501,1,1,65.0
1,0,0,3,1,1345.163137,1,1,47.0
1,1,1,3,1,1535.151515,0,1,50.66
1,1,1,4,1,2710.0271,0,1,240.0
1,0,0,2,1,1000.0,1,1,100.0
0,0,0,2,1,900.2770082999999,1,1,26.0
0,1,0,3,1,1860.0,0,1,93.0
1,1,1,4,1,3197.1864760000003,0,1,400.0
1,0,0,2,1,1227.370359,1,1,40.0
0,0,0,3,1,2016.129032,1,1,180.0
0,0,1,2,1,1135.040745,1,1,39.0
1,1,1,2,1,880.0234673,0,1,150.0
1,1,1,4,1,2258.037786,0,0,1090.0
0,0,0,2,1,797.8060333999999,1,1,32.0
1,0,0,3,1,1500.0,1,1,84.0
0,0,0,2,1,822.8195283,1,1,30.0
0,0,0,1,1,525.0525053,1,1,35.0
1,0,0,2,1,1879.137305,1,1,88.0
1,0,1,3,1,1497.984774,1,1,66.9
0,0,0,2,1,1235.154394,1,1,52.0
1,0,1,2,1,1127.57732,1,1,140.0
1,0,0,2,1,1222.707424,1,1,28.0
1,0,0,3,1,1815.135437,1,1,130.0
0,0,0,2,1,969.8465879,1,1,55.0
1,0,0,1,1,423.7288136,1,1,14.5
0,0,1,2,1,1437.024514,1,1,34.0
0,0,1,3,1,1549.732319,1,1,110.0
1,0,1,2,1,1369.585066,1,1,270.0
1,0,1,2,1,1278.029511,1,1,110.0
1,0,0,1,1,585.0441442000001,1,1,55.0
0,0,0,3,1,960.1181684,1,1,39.0
0,0,0,2,1,894.0252944,1,1,41.0
1,0,0,3,1,1400.200602,1,1,69.8
1,0,0,4,1,2408.9935760000003,1,1,180.0
1,0,0,2,1,1086.281813,1,1,140.0
1,0,1,1,1,324.04407000000003,1,1,15.0
2,1,1,2,1,616.5658446,0,0,53.0
1,1,1,1,1,550.0292569000001,0,1,47.0
1,0,1,5,1,8511.000468,1,1,4000.0
0,0,0,2,1,1100.0,1,1,22.0
1,0,0,4,1,1797.316384,1,1,50.9
0,0,0,3,1,1620.482904,1,1,100.0
0,0,0,2,1,888.0994671,1,1,25.0
0,0,0,2,1,968.1881051,1,1,42.0
1,0,0,3,1,1800.180018,1,1,160.0
1,0,1,2,1,1370.0,1,1,82.2
0,0,1,3,1,1344.086022,1,1,45.0
0,1,0,2,1,1300.052002,0,1,25.0
0,0,0,2,1,1228.165939,1,1,45.0
1,0,0,3,1,1740.020471,1,1,340.0
1,0,0,4,1,2700.4570000000003,1,1,65.0
0,0,0,3,1,2796.225096,1,1,160.0
0,0,0,1,1,922.9881742,1,1,32.0
1,0,1,4,1,2376.923077,1,0,61.8
1,1,1,3,1,1824.262694,0,1,120.0
1,0,1,4,1,3300.330033,1,0,130.0
1,0,0,2,1,749.8660953,1,1,14.0
0,0,0,3,1,1506.740682,1,1,19.0
0,0,0,3,1,1260.375038,1,1,41.0
1,0,0,3,1,1279.978442,1,1,95.0
1,0,0,2,1,700.0186672,1,1,150.0
0,1,0,2,1,807.9324275,0,1,22.0
0,0,0,2,1,731.5288954,1,1,30.0
0,0,0,2,1,1350.245499,1,1,49.5
1,0,0,4,1,2955.082742,1,1,200.0
2,1,1,2,1,1100.244499,0,0,27.0
1,1,1,2,1,989.8843931,0,1,68.5
1,1,1,4,1,2480.211082,0,1,94.0
0,0,0,1,1,565.0818393999999,1,1,14.5
0,0,1,2,1,766.1204512,1,1,36.0
1,0,0,3,1,1597.402257,1,1,610.0
0,0,0,3,1,1240.03543,1,1,42.0
0,1,0,3,1,1489.018489,0,1,120.0
1,0,1,3,1,1727.704781,1,1,61.8
0,0,0,3,1,1658.163265,1,1,130.0
0,0,0,3,1,1340.123291,1,1,50.0
0,0,0,2,1,950.1689189,1,1,45.0
1,0,0,2,1,949.754902,1,1,15.5
0,0,0,2,1,979.0590155,1,1,36.0
1,0,1,2,1,626.0534552999999,1,1,52.0
0,0,0,2,1,1200.181159,1,1,53.0
0,0,0,1,1,750.085237,1,1,22.0
0,0,0,2,1,1000.0,1,1,29.0
0,0,0,1,1,650.2242152000001,1,1,14.5
0,0,0,1,1,825.3012047999999,1,1,13.7
0,0,0,2,1,600.0461574,1,1,26.0
1,1,1,1,1,543.078056,0,1,29.5
1,1,1,4,1,3510.5315950000004,0,1,140.0
1,0,0,2,1,1268.0164,1,1,300.0
1,0,0,1,1,640.0538993,1,1,38.0
1,0,1,3,1,1423.220974,1,1,34.2
1,0,1,2,1,1166.105209,1,1,45.0
1,1,1,3,1,93863.8826,0,0,9530.0
0,0,1,2,1,1086.125134,1,1,71.0
1,0,0,2,1,1370.175839,1,1,60.0
1,0,0,1,1,680.0518135,1,1,42.0
1,0,0,2,1,1155.462185,1,1,110.0
0,0,0,3,1,1420.185571,1,1,75.0
1,0,0,2,1,1234.144669,1,1,36.0
2,0,0,3,1,2800.0,1,0,33.6
1,0,0,3,1,2350.176263,1,1,160.0
1,0,1,3,1,1855.385388,1,1,73.9
0,0,1,2,1,1600.0,1,1,72.0
1,0,1,2,1,1135.040745,1,1,78.0
0,0,0,2,1,950.269243,1,1,30.0
0,0,0,2,1,1125.0,1,1,27.0
1,1,1,3,1,1610.062893,0,1,64.0
1,1,1,2,1,636.0344047,0,1,84.3
1,0,0,3,1,1683.065769,1,1,130.0
1,0,1,3,1,1700.1020059999998,1,1,100.0
1,0,0,2,1,1216.175129,1,1,80.0
1,0,1,2,1,1076.084841,1,1,55.3
1,1,0,1,1,694.6198535,0,1,27.5
1,0,0,2,1,1225.004504,1,1,68.0
1,0,0,2,1,1150.251618,1,1,32.0
1,0,1,5,1,3311.258278,1,0,410.0
1,1,0,2,1,1064.145347,0,1,28.7
1,0,0,3,1,1299.212598,1,1,49.5
1,1,1,2,1,765.9574468,0,0,180.0
0,0,0,1,1,378.0241935,1,1,30.0
1,0,0,2,1,750.0187505,1,1,100.0
1,0,1,3,1,1292.01053,1,1,800.0
1,0,0,3,1,3244.4489510000003,1,1,320.0
1,1,1,4,1,2350.081037,0,1,87.0
1,0,0,2,1,1150.044924,1,1,64.0
0,0,0,3,1,2000.0,1,1,98.0
0,0,0,2,1,950.1187648,1,1,28.0
0,0,0,3,1,2400.0,1,1,60.0
0,0,0,2,1,850.1594049,1,1,32.0
1,0,1,3,1,1233.594901,1,1,360.0
0,0,0,2,1,1170.103847,1,1,80.0
1,1,0,2,1,1070.205479,0,1,25.0
1,0,1,3,1,1542.020046,1,1,140.0
1,0,0,2,1,1050.530518,1,1,100.0
1,0,1,2,1,1300.031516,1,1,330.0
1,0,0,3,1,1552.393273,1,1,120.0
0,0,0,3,1,1965.246173,1,1,95.0
0,0,0,2,1,927.0216963,1,1,47.0
1,1,1,2,1,765.8797077,0,1,54.5
0,0,0,3,1,1320.132013,1,1,52.0
1,0,1,2,1,823.1558378,1,1,33.7
1,0,0,2,1,981.2638933,1,1,30.9
1,0,0,3,1,1337.086559,1,1,95.0
0,0,0,3,1,2010.050251,1,1,140.0
1,0,0,4,1,2191.780822,1,1,120.0
0,1,0,2,1,965.3199857,0,1,27.0
0,0,0,2,1,1260.104612,1,1,53.0
1,0,1,2,1,819.0327613,1,1,42.0
1,1,1,1,1,430.23686160000005,0,0,46.5
1,0,0,2,1,1000.0,1,1,46.0
1,0,1,2,1,2408.477842,1,0,150.0
1,0,0,3,1,1860.79954,1,1,64.7
1,0,0,2,1,1137.504182,1,1,34.0
1,0,1,3,1,1483.86299,1,1,120.0
0,0,0,2,1,936.0156468,1,1,67.0
1,0,0,2,1,947.4232171,1,1,18.2
1,0,0,3,1,1178.23479,1,1,220.0
1,0,0,1,1,600.0600059999999,1,1,40.0
1,1,1,3,1,2048.9470690000003,0,1,180.0
0,0,0,3,1,1800.504141,1,1,50.0
0,1,0,2,1,650.1677852000001,0,1,15.5
0,0,1,4,1,2190.100745,1,1,100.0
0,0,0,3,1,1314.444282,1,1,180.0
1,0,1,2,1,1233.552632,1,1,300.0
1,1,1,3,1,1328.552557,0,0,70.4
1,0,0,3,1,1480.019734,1,1,90.0
1,0,0,2,1,800.1488649,1,1,21.5
0,0,0,2,1,687.1678056,1,1,36.2
1,0,0,1,1,650.0171057,1,1,95.0
0,0,0,2,1,1150.121065,1,1,47.5
1,0,1,3,1,1378.891051,1,1,56.7
1,0,0,2,1,1004.291062,1,1,110.0
0,0,0,1,1,500.0,1,1,25.0
1,0,0,6,1,5400.016615,1,1,2600.0
0,0,0,2,1,1000.0,1,1,39.9
1,0,0,2,1,1291.382954,1,1,110.0
1,0,0,2,1,1350.078493,1,1,86.0
1,1,1,4,1,2265.219443,0,1,96.0
1,0,0,1,1,700.0622278,1,1,22.5
0,1,1,3,1,1410.177805,0,1,92.0
0,0,0,3,1,1625.1354279999998,1,1,90.0
1,0,0,2,1,1350.186728,1,1,47.0
0,0,1,2,1,995.0248756,1,1,50.0
1,0,0,2,1,902.0260894,1,1,65.0
1,0,0,2,1,1230.091933,1,1,95.0
1,0,0,2,1,1000.0,1,1,87.0
1,0,0,2,1,1136.059877,1,1,85.0
0,0,0,2,1,1429.7497939999998,1,1,52.0
1,1,1,1,1,452.0226584,0,1,79.0
1,0,0,2,1,1085.714286,1,1,30.4
1,0,0,3,1,2475.3758420000004,1,1,95.5
1,0,0,3,1,1995.012469,1,1,40.0
1,1,1,2,1,952.3809524,0,1,26.0
1,0,0,2,1,800.0,1,1,60.0
0,0,1,2,1,1115.114085,1,1,65.0
0,1,0,3,1,452.0909205,0,1,36.0
1,0,0,3,1,1775.065872,1,1,640.0
1,0,0,3,1,1650.165017,1,1,90.0
1,0,0,2,1,1177.226027,1,1,55.0
1,0,1,3,1,1752.683732,1,1,84.9
0,0,0,3,1,1268.157713,1,1,55.0
0,0,0,2,1,775.1937984,1,1,23.0
1,0,0,2,1,1189.169411,1,1,32.5
0,0,0,2,1,1000.0,1,1,44.0
0,0,0,2,1,699.6268657,1,1,45.0
1,0,0,2,1,912.0620202,1,1,120.0
1,0,0,1,1,660.0660066,1,1,52.0
1,0,0,2,1,612.9303107000001,1,1,21.9
0,0,1,3,1,2060.3165120000003,1,1,69.0
0,0,0,3,1,916.0305344,1,1,24.0
1,0,1,3,1,1509.695291,1,1,65.4
0,0,0,2,1,800.0,1,1,22.0
1,1,0,3,1,1349.948079,0,1,65.0
0,0,0,3,1,1900.337838,1,1,90.0
0,0,0,2,1,850.1335924000001,1,1,35.0
1,0,0,6,1,6000.060001,1,1,2000.0
0,0,0,2,1,800.0,1,1,40.0
0,0,0,1,1,1199.760048,1,1,40.0
0,0,0,2,1,825.0825083,1,1,40.0
2,1,1,1,1,380.798523,0,0,16.5
1,1,1,2,1,823.5998802,0,0,27.5
0,0,0,2,1,750.1442585,1,1,26.0
1,0,1,1,1,480.0076801,1,1,100.0
2,0,0,3,1,1463.829787,1,0,34.4
1,0,0,3,1,1661.291899,1,1,170.0
0,0,1,1,1,550.0673552000001,1,1,24.5
1,0,1,3,1,1502.171338,1,1,76.1
1,0,0,3,1,1800.161812,1,1,89.0
1,0,0,1,1,750.0,1,1,24.0
0,0,0,2,1,1200.120012,1,1,40.0
1,0,0,2,1,800.0,1,1,35.0
1,0,0,2,1,963.6363636,1,1,42.4
1,1,1,3,1,1086.890888,0,1,180.0
1,1,0,2,1,1191.913096,0,0,79.0
1,1,0,2,1,1006.567894,0,1,65.9
0,0,0,2,1,999.6722386,1,1,30.5
1,0,0,2,1,1374.061938,1,1,130.0
1,1,1,4,1,2816.901408,0,0,220.0
0,0,0,1,1,665.0430872999999,1,1,35.5
0,0,0,1,1,600.1500375,1,1,8.0
1,1,0,1,1,385.0473287,0,1,24.0
0,0,1,3,1,2700.4570000000003,1,1,65.0
1,0,0,2,1,1105.198526,1,1,54.0
1,0,0,3,1,1895.043732,1,1,130.0
0,0,0,3,1,1738.016831,1,1,95.0
1,0,0,4,1,1757.1967539999998,1,1,340.0
0,0,0,3,1,1500.115393,1,1,65.0
1,1,1,3,1,1150.131694,0,1,26.2
1,0,1,3,1,1300.169587,1,1,46.0
0,0,0,2,1,1230.1255230000002,1,1,73.5
0,1,0,2,1,1155.17555,0,1,63.5
1,1,1,2,1,649.2018636,0,0,170.0
0,1,0,1,1,349.9562555,0,1,12.0
0,0,0,2,1,1205.1343,1,1,50.7
0,0,0,2,1,750.30012,1,1,12.5
0,0,0,3,1,1750.036459,1,1,120.0
1,0,0,3,1,1810.385898,1,1,76.0
1,1,1,2,1,609.127363,0,0,31.9
1,1,1,2,1,94509.45095,0,0,9450.0
1,1,1,2,1,1198.039216,0,0,61.1
0,0,0,2,1,968.6168152,1,1,25.0
0,0,1,2,1,1150.035386,1,1,65.0
1,0,0,3,1,1402.978632,1,1,130.0
1,0,0,3,1,1525.74698,1,1,48.0
0,0,0,3,1,1220.362622,1,1,35.0
0,0,0,3,1,950.1871581,1,1,33.0
1,0,0,1,1,600.0774293,1,1,15.5
0,0,0,2,1,1127.395716,1,1,30.0
0,1,1,3,1,1500.0789519999998,0,1,95.0
0,0,0,2,1,1070.016283,1,1,46.0
0,0,0,2,1,1099.807534,1,1,40.0
0,0,0,3,1,1374.885426,1,1,30.0
0,0,1,3,1,1050.0,1,1,21.0
1,0,1,2,1,1232.0328539999998,1,1,72.0
1,0,0,2,1,1070.090958,1,1,60.0
1,0,0,3,1,1775.147929,1,1,150.0
0,0,0,2,1,775.1937984,1,1,13.0
1,0,0,3,1,1300.0037140000002,1,1,350.0
0,0,0,2,1,900.1956947000001,1,1,23.0
1,0,0,3,1,2200.00704,1,1,1250.0
1,1,1,3,1,1610.570236,0,1,57.9
0,0,0,1,1,500.0,1,1,22.0
1,0,0,2,1,1225.114855,1,1,80.0
1,0,0,3,1,2100.210021,1,1,140.0
0,0,0,2,1,712.0253165,1,1,27.0
1,1,0,5,1,2440.368417,0,1,620.0
1,0,1,3,1,1904.535174,1,1,160.0
0,0,0,1,1,785.0320555,1,1,60.0
0,0,0,2,1,1000.0,1,1,62.0
1,0,0,1,1,565.1105651,1,1,23.0
0,0,0,2,1,1200.087279,1,1,55.0
0,0,0,2,1,1200.120012,1,1,40.0
1,1,1,1,1,679.4117647,0,0,69.3
0,0,0,1,1,350.05834310000006,1,1,12.0
1,0,0,2,1,1061.041069,1,1,85.0
1,0,1,4,1,2878.787879,1,0,190.0
1,0,1,3,1,2113.792496,1,1,120.0
1,1,1,2,1,513.9056832,0,0,51.0
0,0,0,4,1,5000.0,1,1,550.0
1,0,0,2,1,1161.072409,1,1,55.0
0,0,0,2,1,1210.0,1,1,72.6
0,0,0,2,1,1010.10101,1,1,26.0
0,0,0,2,1,1100.28293,1,1,35.0
0,0,0,2,1,1189.591078,1,1,32.0
0,0,0,1,1,570.0532049999999,1,1,22.5
1,1,1,3,1,908.0,0,0,90.8
0,0,0,1,1,500.0,1,1,11.0
1,1,1,2,1,551.5789474,0,0,65.5
1,0,1,1,1,680.1228609,1,1,31.0
1,0,0,3,1,1452.098459,1,1,82.0
1,0,0,3,1,2888.5679370000003,1,1,260.0
0,0,1,2,1,915.2086137,1,1,34.0
1,0,0,3,1,3083.700441,1,1,140.0
1,0,0,2,1,1195.121951,1,1,49.0
1,0,0,3,1,1605.394124,1,1,100.0
1,1,1,2,1,50300.71077,0,0,9200.0
1,0,1,2,1,1248.025276,1,1,31.6
0,0,0,2,1,1042.287076,1,1,35.0
1,1,0,1,1,376.2525997,0,1,19.9
1,0,0,1,1,524.9895002000001,1,1,25.0
1,0,0,2,1,1318.181818,1,1,29.0
1,0,0,1,1,750.0707614,1,1,53.0
0,0,0,1,1,645.0351837000001,1,1,16.5
2,0,0,3,1,1314.285714,1,0,73.6
1,1,1,1,1,650.0127453,0,1,51.0
1,0,1,3,1,2432.432432,1,1,180.0
0,0,0,3,1,1735.3077280000002,1,1,75.0
2,0,0,2,1,1763.357028,1,0,76.9
1,0,1,2,1,877.7598277000001,1,1,32.6
1,0,0,1,1,560.0068924,1,1,130.0
1,0,0,3,1,1566.068515,1,1,48.0
1,0,0,3,1,1877.035051,1,1,98.0
1,0,0,3,1,1395.11709,1,1,140.0
1,0,1,2,1,1278.129395,1,1,72.7
1,1,0,3,1,634.0260655000001,0,1,90.0
0,1,0,2,1,750.0468779,0,1,40.0
1,0,0,3,1,1101.152369,1,1,43.0
0,0,0,3,1,1235.0035289999998,1,1,70.0
1,0,0,3,1,2400.0,1,1,210.0
1,0,1,4,1,3258.721086,1,1,610.0
1,0,0,3,1,1790.243175,1,1,120.0
1,0,1,2,1,1068.12557,1,1,82.0
0,0,1,2,1,1035.001882,1,1,55.0
0,0,0,3,1,1340.070299,1,1,61.0
1,1,1,3,1,1264.93324,0,1,180.0
1,1,0,3,1,1995.305164,0,1,170.0
0,0,0,2,1,1200.0,1,1,72.0
1,1,1,4,1,2090.322581,0,1,81.0
1,0,0,3,1,1808.590806,1,1,48.0
1,0,1,2,1,1100.110011,1,1,60.0
1,0,1,2,1,1234.290844,1,1,110.0
1,0,0,3,1,1260.473588,1,1,69.2
1,0,0,2,1,1033.057851,1,1,95.0
1,0,1,3,1,1306.884481,1,1,33.6
0,0,0,1,1,600.0,1,1,12.0
1,0,1,3,1,1625.37556,1,1,330.0
2,1,1,2,1,754.7760727000001,0,0,24.1
0,0,0,1,1,550.1222494,1,1,18.0
1,0,1,3,1,1160.862355,1,0,42.0
1,0,0,1,1,650.0742942,1,1,35.0
0,0,0,1,1,375.0721293,1,1,13.0
1,0,0,3,1,1460.234681,1,1,56.0
0,0,0,2,1,1084.860174,1,1,45.0
1,0,0,3,1,1619.659313,1,1,58.0
1,1,1,2,1,1000.0,0,1,59.0
1,0,0,4,1,4150.238639,1,1,400.0
1,0,1,4,1,2282.5,1,0,91.3
1,0,1,2,1,769.1301503999999,1,0,58.8
1,1,0,3,1,1308.695652,0,1,60.2
1,0,0,2,1,1100.110011,1,1,100.0
1,0,1,3,1,1850.038089,1,1,680.0
0,0,1,2,1,1100.0,1,1,55.0
1,0,1,3,1,1408.915795,1,1,51.2
1,1,0,3,1,1521.690768,0,1,68.4
1,0,0,3,1,1375.0254630000002,1,1,270.0
1,1,1,3,1,1267.114094,0,1,47.2
0,1,0,2,1,1049.943246,0,0,37.0
0,0,0,1,1,664.9427410000001,1,1,18.0
2,1,0,2,1,720.0,0,0,18.0
1,0,1,1,1,690.0517539,1,1,60.0
1,0,0,4,1,3101.402373,1,1,57.5
1,0,0,2,1,1571.330117,1,1,91.2
1,0,0,3,1,1362.236437,1,1,230.0
1,0,1,4,1,2230.483271,1,1,570.0
1,0,0,2,1,984.0098401,1,1,120.0
1,0,0,2,1,1077.643909,1,1,32.2
1,0,0,3,1,1350.135014,1,1,60.0
0,0,1,3,1,1935.297516,1,1,67.0
0,0,0,1,1,444.0497336,1,1,20.0
1,1,1,2,1,1055.011304,0,1,140.0
1,0,0,4,1,2420.135528,1,1,300.0
1,0,0,3,1,1910.142588,1,1,71.0
1,0,1,1,1,353.0349618,1,1,31.0
1,0,0,2,1,1165.048544,1,1,180.0
1,0,0,2,1,1179.245283,1,1,30.0
0,0,0,2,1,1199.776786,1,1,43.0
0,0,0,1,1,596.0022006,1,1,32.5
0,0,0,3,1,1517.869463,1,1,110.0
0,0,0,2,1,1050.0718470000002,1,1,95.0
0,0,0,2,1,804.7437526000001,1,0,19.0
1,0,0,2,1,1032.14391,1,1,70.0
1,1,1,2,1,1073.435625,0,1,170.0
1,1,1,2,1,1150.159744,0,1,72.0
0,0,0,1,1,666.0706303,1,1,14.9
1,0,0,2,1,1171.444322,1,1,170.0
0,1,1,3,1,1725.312145,0,1,76.0
1,0,0,3,1,1350.074254,1,1,100.0
1,0,1,3,1,1620.22035,1,1,75.0
1,0,1,2,1,1100.203114,1,1,32.5
1,0,0,3,1,1350.337584,1,1,36.0
1,1,1,2,1,513.3909472,0,0,120.0
0,0,1,2,1,820.1523139999999,1,1,28.0
1,0,0,3,1,1651.447445,1,1,170.0
1,1,1,1,1,196.9974866,0,1,29.0
0,0,0,9,1,1313.580968,1,1,180.0
0,0,0,2,1,750.0407631,1,1,46.0
1,0,0,2,1,1195.219124,1,1,57.0
1,0,0,3,1,1320.132013,1,1,36.0
1,0,0,1,1,650.0365646,1,1,80.0
1,0,0,1,1,511.9453925,1,1,22.5
1,0,1,3,1,1571.980143,1,1,85.5
1,0,0,2,1,778.125,1,1,24.9
1,0,0,1,1,615.0386879,1,1,93.0
1,0,0,2,1,1158.460902,1,1,140.0
0,0,0,3,1,1850.13876,1,1,40.0
1,1,1,1,1,649.9602802,0,1,90.0
1,1,0,3,1,1404.099972,0,1,100.0
0,0,0,2,1,1142.857143,1,1,100.0
0,0,0,2,1,500.0,1,1,12.0
0,0,0,2,1,904.2102289,1,1,32.0
1,0,0,2,1,1120.029867,1,1,180.0
1,0,0,2,1,705.0765512,1,1,17.5
1,1,0,3,1,1268.07564,0,1,57.0
1,0,0,3,1,1575.157516,1,1,87.5
0,0,0,3,1,1983.20112,1,1,85.0
0,0,0,3,1,1721.97871,1,1,110.0
1,0,1,2,1,1139.963168,1,1,61.9
0,1,0,3,1,1920.062696,0,1,98.0
0,0,0,1,1,450.1028807,1,1,17.5
0,0,0,4,1,2948.652771,1,1,290.0
0,0,0,2,1,929.8564787,1,1,46.0
1,1,0,3,1,827.2351257,0,1,26.0
0,0,0,2,1,656.6604127999999,1,1,35.0
0,0,0,2,1,1110.617503,1,1,25.0
1,1,1,2,1,1090.012048,0,1,190.0
0,0,0,1,1,861.0792193,1,1,15.0
0,0,1,3,1,1340.206186,1,1,78.0
0,0,0,2,1,900.2057613,1,1,35.0
1,0,1,2,1,1130.014439,1,1,180.0
1,0,1,2,1,953.1752651,1,1,240.0
0,0,0,3,1,1357.027464,1,1,42.0
1,0,1,3,1,1756.0512579999995,1,1,74.0
0,0,0,2,1,1000.0,1,1,45.0
1,0,1,3,1,1403.508772,1,0,120.0
1,0,0,3,1,1177.124546,1,1,360.0
0,0,1,3,1,1375.194603,1,1,53.0
1,0,0,2,1,1047.668937,1,1,100.0
1,0,0,3,1,1413.944417,1,1,58.0
1,0,0,2,1,1190.103351,1,1,38.0
0,0,0,2,1,1204.8658039999998,1,1,62.4
1,0,0,2,1,845.1190065999999,1,1,49.0
2,0,1,2,1,960.0,1,0,43.2
1,0,0,2,1,1050.019091,1,1,110.0
0,0,0,2,1,1185.015291,1,1,62.0
1,0,1,1,1,925.1644737,1,1,45.0
0,0,0,4,1,999.0917348,1,1,22.0
1,0,1,2,1,1067.175916,1,1,47.5
0,0,0,2,1,810.9360518999999,1,1,35.0
0,0,0,2,1,1150.133498,1,1,56.0
0,0,1,2,1,1441.241685,1,1,65.0
0,0,0,2,1,975.0812568,1,1,45.0
2,0,0,1,1,422.15336950000005,1,0,10.9
0,0,0,3,1,1480.263158,1,1,72.0
0,0,0,2,1,785.1934941000001,1,1,28.0
2,0,1,3,1,950.0,1,0,38.0
1,0,0,2,1,1399.884148,1,1,290.0
1,1,1,1,1,447.0020038,0,0,87.0
1,0,0,2,1,1060.164325,1,1,40.0
1,0,1,2,1,968.1881051,1,1,140.0
1,0,1,2,1,844.8175722000001,1,1,320.0
0,0,0,2,1,1700.037779,1,1,45.0
0,0,0,2,1,1500.0,1,1,27.0
0,0,0,1,1,399.920016,1,1,20.0
1,0,1,3,1,2550.2550260000003,1,1,170.0
0,0,0,2,1,1100.034376,1,1,32.0
1,0,0,3,1,3016.591252,1,1,320.0
1,0,1,3,1,1000.0,1,1,37.0
1,1,1,1,1,550.0146671,0,1,75.0
0,0,1,2,1,900.1823153999999,1,1,39.5
1,0,0,2,1,1137.4876359999998,1,1,23.0
1,0,1,2,1,1197.2975279999998,1,1,140.0
1,0,0,2,1,1120.065565,1,1,82.0
1,0,0,2,1,1013.315279,1,1,44.9
1,1,1,2,1,564.9717513999999,0,1,85.0
0,0,0,2,1,1170.874497,1,1,32.0
0,0,1,3,1,1399.906673,1,1,60.0
1,1,1,1,1,427.0132281000001,0,0,92.0
0,0,0,2,1,675.0675068,1,1,15.0
1,0,0,2,1,985.2941176,1,1,26.8
1,0,0,3,1,1592.273558,1,1,61.0
0,0,0,1,1,510.0634133,1,1,18.5
0,0,0,3,1,1011.481684,1,1,37.0
1,0,1,5,1,4888.888889,1,1,440.0
0,0,0,3,1,1948.717949,1,1,190.0
0,1,1,2,1,1379.6875,0,1,88.3
0,0,0,2,1,849.7489377999999,1,1,22.0
1,0,1,2,1,948.0314961,1,1,30.1
1,0,0,3,1,1750.1346260000005,1,1,65.0
1,1,1,2,1,800.5634464,0,0,68.2
1,0,1,2,1,865.0519031,1,1,50.0
0,0,0,3,1,1550.387597,1,1,38.0
1,0,0,2,1,1752.190238,1,1,140.0
1,0,0,3,1,1400.560224,1,1,25.0
0,0,0,3,1,1795.1668579999998,1,1,78.0
1,0,0,3,1,4000.0,1,1,100.0
1,0,0,2,1,969.9769053,1,1,210.0
1,0,1,3,1,1790.227464,1,1,170.0
0,1,1,2,1,1182.108626,0,1,37.0
1,0,0,4,1,4100.461302000001,1,1,240.0
0,0,0,2,1,1125.04018,1,1,35.0
1,1,1,2,1,1260.537304,0,1,160.0
0,0,1,3,1,1415.285079,1,1,35.0
1,0,0,3,1,1690.187069,1,1,51.5
1,1,1,2,1,757.626271,0,0,90.9
0,0,0,3,1,1097.092704,1,1,100.0
0,0,1,3,1,1680.2016239999998,1,1,120.0
1,0,0,3,1,2200.092635,1,1,190.0
1,0,0,3,1,2478.26087,1,1,570.0
0,0,0,2,1,1000.0,1,1,26.0
0,0,0,3,1,1783.237567,1,1,90.0
1,0,0,2,1,940.049663,1,1,26.5
1,0,0,2,1,874.2857142999999,1,1,30.6
0,0,0,2,1,1030.15546,1,1,55.0
1,0,1,3,1,1607.435757,1,1,58.8
1,0,0,3,1,1318.101933,1,1,180.0
1,0,0,3,1,1575.423395,1,1,40.0
1,0,0,3,1,1581.027668,1,1,100.0
0,1,1,2,1,1133.144476,0,1,72.0
0,0,0,2,1,1089.517079,1,1,18.5
1,0,0,3,1,1953.973079,1,1,270.0
1,0,0,2,1,986.4536297,1,1,28.4
1,0,0,2,1,910.0566572,1,1,25.7
1,0,0,2,1,906.25,1,1,29.0
0,0,0,2,1,1454.0769369999998,1,1,79.0
1,1,1,1,1,640.0157542000001,0,1,65.0
1,0,0,1,1,690.0212313999999,1,1,52.0
1,0,0,4,1,1400.017231,1,1,650.0
1,0,0,1,1,650.0458856,1,1,42.5
0,0,1,4,1,2271.788517,1,1,110.0
2,1,1,2,1,600.5495224,0,0,45.9
1,0,1,3,1,1446.879643,1,1,77.9
1,0,0,2,1,734.9914741,1,1,250.0
1,0,1,3,1,1850.270424,1,1,65.0
1,0,0,2,1,1263.335205,1,1,45.0
2,1,1,3,1,145208.4295,0,0,9440.0
1,0,0,3,1,2445.226917,1,1,250.0
0,0,0,3,1,1549.053356,1,1,90.0
0,0,0,2,1,750.0,1,1,21.0
1,0,1,2,1,1236.2849640000002,1,1,160.0
0,0,0,2,1,1195.028681,1,1,75.0
1,0,0,3,1,1910.181483,1,1,62.1
1,0,0,2,1,1300.236407,1,1,55.0
1,0,1,2,1,925.4302103,1,1,24.2
1,0,0,2,1,1049.798116,1,1,39.0
1,0,0,3,1,3702.221333,1,1,370.0
1,0,0,2,1,918.0504928,1,1,68.0
1,0,0,2,1,898.8235294,1,1,38.2
0,0,0,2,1,916.0864786,1,1,50.0
0,0,1,3,1,1365.546218,1,1,26.0
1,0,0,2,1,850.0,1,1,17.0
0,0,1,2,1,1025.197628,1,1,41.5
1,1,1,2,1,859.0081319,0,1,150.0
1,0,1,3,1,1232.009856,1,1,220.0
1,0,0,2,1,1095.092875,1,1,79.0
0,0,0,2,1,840.1551056,1,1,39.0
1,0,0,3,1,1350.129199,1,1,41.8
0,0,0,3,1,1640.19337,1,1,95.0
0,0,0,2,1,1925.925926,1,1,130.0
1,0,0,4,1,4100.299637,1,1,260.0
0,1,0,1,1,700.152207,0,1,23.0
0,0,0,3,1,1150.180743,1,1,35.0
1,0,1,3,1,1998.119417,1,1,170.0
1,0,0,4,1,7268.214856,1,1,410.0
1,1,1,2,1,999.1235758,0,1,57.0
1,1,1,4,1,2170.186716,0,1,70.9
1,0,0,3,1,2745.1411,1,1,250.0
1,0,0,2,1,900.0,1,1,54.0
1,1,1,2,1,579.017841,0,1,160.0
1,0,1,2,1,1085.121775,1,1,45.0
1,0,1,3,1,1040.9437890000002,1,1,180.0
1,0,1,3,1,1774.193548,1,1,110.0
0,0,0,2,1,880.0603470000001,1,1,35.0
0,0,0,2,1,800.0,1,1,50.0
1,0,1,2,1,619.3228737000001,1,1,210.0
0,0,1,2,1,545.0185306,1,1,25.0
1,0,0,2,1,750.0144234,1,1,130.0
0,0,0,3,1,1939.86421,1,1,80.0
1,0,0,2,1,1100.046318,1,1,190.0
0,0,0,1,1,510.02040080000006,1,1,85.0
1,0,1,1,1,750.1172058,1,1,32.0
0,0,0,2,1,800.0,1,1,20.0
1,0,1,3,1,1463.271876,1,1,100.0
0,0,1,2,1,892.8571429,1,1,26.0
1,1,0,5,1,8360.128617,0,1,390.0
0,0,0,2,1,1110.053917,1,1,70.0
2,1,0,2,1,593.4718101,0,0,30.0
2,0,1,3,1,5840.071878,1,0,65.0
0,0,0,3,1,1800.450113,1,1,48.0
1,1,1,1,1,749.9829549,0,1,110.0
1,1,1,2,1,954.8971504,0,0,50.6
0,1,1,2,1,850.1594049,0,1,32.0
1,1,0,1,1,645.1612903,0,1,15.0
2,1,1,2,1,1047.7081380000002,0,0,56.0
0,0,0,3,1,1275.103602,1,1,80.0
0,0,0,3,1,1319.957761,1,1,50.0
0,0,0,1,1,575.1258088,1,1,16.0
1,1,0,3,1,1052.173913,0,1,24.2
1,0,1,3,1,1750.114138,1,1,230.0
1,0,0,3,1,1454.1765300000002,1,1,43.0
0,0,1,1,1,570.0712589,1,1,24.0
0,0,0,2,1,1110.031913,1,1,80.0
0,0,1,2,1,1316.053848,1,1,65.5
1,0,0,2,1,1100.052383,1,1,63.0
1,0,1,3,1,1352.386565,1,1,45.9
0,0,0,3,1,1180.173092,1,1,75.0
0,0,0,2,1,1230.180426,1,1,45.0
1,0,0,2,1,1464.00976,1,1,180.0
1,0,1,2,1,1100.412655,1,1,24.0
1,1,1,1,1,449.0433424,0,1,46.0
0,0,0,2,1,1050.199538,1,1,50.0
2,1,1,1,1,348.69739480000004,0,0,8.7
0,0,0,2,1,1323.001323,1,1,70.0
1,0,0,3,1,2007.894737,1,1,76.3
0,0,0,2,1,900.090009,1,1,20.0
2,1,1,2,1,840.0,0,0,21.0
0,0,0,1,1,476.0711601,1,1,19.0
1,0,0,2,1,1200.056473,1,1,85.0
1,0,0,2,1,976.744186,1,1,210.0
1,1,1,2,1,617.0046481,0,1,150.0
1,1,0,3,1,2337.662338,0,1,180.0
1,0,0,3,1,2350.0,1,1,94.0
1,0,1,2,1,1190.112908,1,1,78.0
0,0,0,3,1,1522.533496,1,1,25.0
0,0,0,2,1,1135.216953,1,1,45.0
1,0,0,3,1,1909.975669,1,1,62.8
0,0,0,3,1,1350.186728,1,1,47.0
0,0,0,1,1,699.6770721,1,1,13.0
1,0,1,3,1,2200.0,1,1,110.0
1,0,0,4,1,2349.016137,1,1,690.0
1,0,0,2,1,920.0,1,1,46.0
0,0,0,2,1,1151.109251,1,1,55.0
1,0,0,2,1,1125.017578,1,1,400.0
1,1,1,3,1,1146.851619,0,1,210.0
1,1,1,4,1,4510.800508,0,0,710.0
1,0,0,3,1,1121.875,1,1,35.9
1,0,1,4,1,5670.5789270000005,1,1,430.0
1,0,0,3,1,1649.746193,1,1,65.0
1,1,1,3,1,879.5481900000001,0,0,190.0
0,0,0,3,1,1800.0,1,1,54.0
1,0,1,2,1,1000.0,1,1,27.5
1,0,1,4,1,2366.100237,1,1,110.0
0,0,0,2,1,1300.070274,1,1,37.0
1,0,1,1,1,650.0465982999999,1,1,27.9
1,0,0,2,1,1100.212089,1,1,41.5
1,0,1,3,1,2498.440424,1,1,80.1
1,1,1,2,1,669.0279418,0,0,85.0
1,0,1,1,1,559.0791637,1,1,23.8
0,0,0,2,1,1060.0706710000002,1,1,45.0
0,0,0,2,1,750.0,1,1,12.0
0,0,0,2,1,1400.070004,1,1,80.0
0,1,1,3,1,1472.537182,0,1,100.0
0,0,0,2,1,830.1051467,1,1,30.0
1,0,0,3,1,1250.0,1,1,42.0
0,0,1,2,1,1000.0,1,1,49.0
0,0,0,2,1,1000.0,1,1,22.0
1,0,1,3,1,1590.2964960000002,1,1,59.0
1,1,1,2,1,1003.333333,0,1,30.1
1,1,1,2,1,1150.0236630000002,0,1,72.9
1,0,0,3,1,1550.137252,1,1,96.0
1,0,0,2,1,750.0,1,1,27.0
1,0,0,1,1,549.0637759,1,1,39.0
1,1,1,3,1,1980.19802,0,1,110.0
1,1,1,3,1,1560.062402,0,1,350.0
1,0,0,2,1,900.1326511,1,1,47.5
1,0,0,3,1,1901.840491,1,1,52.7
0,0,1,2,1,950.1187648,1,1,32.0
1,1,1,2,1,639.0100416,0,1,63.0
1,0,0,2,1,1167.901545,1,1,93.0
0,0,0,1,1,669.1343964,1,1,23.5
0,0,0,1,1,565.0355972,1,1,50.0
1,0,0,3,1,1548.411642,1,1,81.4
1,0,0,2,1,1260.952381,1,1,33.1
1,0,1,2,1,1304.052997,1,1,250.0
1,0,0,1,1,644.1789646000001,1,1,110.0
0,0,0,2,1,1275.103602,1,1,80.0
1,0,0,2,1,832.9679965,1,1,38.0
0,1,1,1,1,600.0,0,1,16.5
0,0,1,3,1,1052.095707,1,1,62.0
1,0,0,3,1,1760.1987989999998,1,1,85.0
1,1,1,3,1,777.9349364,0,0,110.0
0,0,0,3,1,1254.868023,1,1,87.0
2,0,0,3,1,1565.390636,1,0,110.0
1,0,1,3,1,3275.642906,1,1,670.0
1,0,0,2,1,635.6440392999999,1,1,26.5
0,0,0,3,1,2100.210021,1,1,70.0
0,0,0,2,1,761.2456747,1,1,22.0
2,1,0,3,1,1362.530414,0,0,50.4
1,0,1,3,1,1805.054152,1,1,340.0
0,0,0,2,1,1560.062402,1,1,80.0
1,1,1,2,1,899.58159,0,1,21.5
0,0,0,2,1,1150.086256,1,1,80.0
1,0,0,2,1,1352.036505,1,1,80.0
1,0,1,2,1,1031.033598,1,1,40.2
1,0,1,1,1,585.0340136,1,1,21.5
1,0,0,1,1,590.0109769,1,1,21.5
1,0,0,2,1,885.0381964,1,1,190.0
0,0,0,2,1,1120.045951,1,1,39.0
1,0,0,2,1,1125.04018,1,1,140.0
1,1,0,1,1,962.0670698,0,1,35.0
1,0,0,3,1,2883.090673,1,1,400.0
1,0,0,4,1,2977.553825,1,1,130.0
1,0,1,1,1,637.5,1,1,30.6
0,0,1,2,1,844.2056792000001,1,1,22.0
0,0,0,2,1,1059.667427,1,1,32.5
1,0,0,3,1,1742.293701,1,1,91.0
0,0,0,2,1,1081.782778,1,1,50.0
1,0,0,3,1,1045.118532,1,1,41.0
1,0,1,2,1,719.0977216,1,1,190.0
0,0,0,2,1,1099.855282,1,1,38.0
0,0,1,3,1,1435.045317,1,1,76.0
1,0,0,1,1,425.0278707,1,1,61.0
1,0,0,3,1,1525.224873,1,1,78.0
1,0,0,2,1,1219.982021,1,1,95.0
1,0,0,3,1,1309.969377,1,1,77.0
0,0,0,2,1,1113.2437619999998,1,1,29.0
0,0,0,3,1,982.1038848,1,1,45.0
1,0,0,5,1,5450.060238,1,1,1900.0
0,0,0,4,1,4110.813226,1,1,230.0
1,0,0,2,1,1465.048137,1,1,35.0
1,0,0,3,1,1984.126984,1,1,150.0
0,0,0,2,1,1080.246914,1,1,38.5
0,0,0,2,1,1029.821927,1,1,48.0
0,0,0,2,1,900.090009,1,1,40.0
1,0,0,2,1,1103.571429,1,1,61.8
0,0,0,2,1,500.0,1,1,6.5
0,0,0,1,1,577.2331506,1,1,17.9
1,1,0,2,1,1160.247266,0,1,48.8
0,0,0,1,1,650.1547988,1,1,21.0
1,0,0,3,1,1862.425231,1,1,68.5
1,1,1,2,1,635.6886627,0,0,76.2
1,0,0,2,1,1150.103214,1,1,78.0
0,0,0,3,1,1099.868016,1,1,25.0
0,0,0,2,1,1080.1828,1,1,52.0
1,0,1,3,1,1895.107977,1,1,86.0
1,1,1,4,1,2819.2176670000003,0,1,240.0
1,0,0,3,1,2099.958001,1,1,200.0
0,0,0,2,1,735.2941176,1,1,17.5
0,0,0,2,1,1024.89019,1,1,70.0
1,1,0,2,1,1000.0,0,1,110.0
1,0,1,1,1,45285.71429,1,0,6340.0
1,0,0,3,1,2315.789474,1,1,220.0
0,0,1,2,1,1017.146178,1,1,35.0
1,0,0,3,1,2392.344498,1,1,120.0
0,0,0,3,1,1090.055341,1,1,65.0
1,0,0,3,1,1530.24911,1,1,43.0
1,1,0,2,1,1000.0,0,1,130.0
1,1,1,3,1,1348.604614,0,1,83.6
0,0,0,1,1,655.2006552,1,1,16.0
0,0,0,1,1,850.3401361,1,1,20.0
0,0,0,2,1,940.1020682,1,1,35.0
0,0,0,3,1,1228.932584,1,1,70.0
0,0,0,2,1,370.0277521,1,1,32.0
0,0,0,2,1,680.2721088,1,1,14.0
1,0,0,4,1,2749.210875,1,1,270.0
1,0,0,3,1,1700.087184,1,1,39.0
0,1,1,2,1,1283.090222,0,1,95.0
0,0,0,3,1,1390.728477,1,1,21.0
0,0,0,3,1,1685.0777010000002,1,1,90.0
1,0,0,5,1,3693.002846,1,1,1700.0
0,0,0,3,1,1280.150923,1,1,95.0
0,0,0,3,1,1550.087192,1,1,80.0
1,1,0,3,1,1850.024667,0,1,300.0
1,0,0,2,1,1215.64482,1,1,230.0
1,1,1,3,1,2929.6875,0,1,270.0
1,0,1,3,1,1620.029455,1,1,110.0
0,0,0,2,1,800.0,1,1,33.0
1,0,1,5,1,2750.08594,1,1,320.0
1,1,1,3,1,935.2517986,0,0,130.0
0,0,0,2,1,1000.0,1,1,66.0
1,1,0,3,1,1911.175828,0,1,210.0
1,0,0,3,1,1880.141011,1,1,96.0
1,0,0,2,1,1000.0,1,1,15.0
1,1,1,3,1,1610.194034,0,1,55.6
0,0,0,3,1,1011.930124,1,1,47.5
0,0,0,2,1,917.0946442,1,1,50.0
1,0,1,2,1,1083.743842,1,1,55.0
1,0,0,3,1,2349.9921670000003,1,1,150.0
1,1,1,2,1,1016.191315,0,1,150.0
1,0,0,2,1,1190.791215,1,1,45.0
0,0,0,2,1,1081.200353,1,1,49.0
0,0,0,2,1,1200.218221,1,1,22.0
0,0,0,3,1,1500.214316,1,1,70.0
0,0,0,4,1,600.0375022999999,1,1,32.0
0,0,0,1,1,556.1072493,1,1,28.0
0,0,0,3,1,1520.2189119999998,1,1,100.0
0,0,0,1,1,700.0127275,1,1,55.0
1,1,1,1,1,559.7222222,0,1,40.3
1,1,1,2,1,1160.182535,0,1,150.0
0,0,1,2,1,965.2509652999998,1,1,35.0
0,0,0,3,1,1756.2346329999998,1,1,100.0
0,0,0,2,1,986.8421053,1,1,45.0
1,0,0,3,1,1600.0,1,1,150.0
1,1,1,1,1,676.8249467999999,0,1,19.1
0,0,0,2,1,960.0614439,1,1,50.0
0,0,0,4,1,2600.602245,1,1,95.0
1,0,0,2,1,774.1222007,1,1,28.0
2,1,1,2,1,657.760999,0,0,45.3
0,0,0,2,1,1031.17506,1,1,43.0
1,1,1,2,1,685.0262938999999,0,1,99.0
1,0,0,3,1,1943.489311,1,1,130.0
0,0,0,2,1,1050.044683,1,1,47.0
1,1,1,3,1,1588.021779,0,1,140.0
0,0,1,2,1,941.2650602,1,1,25.0
1,0,1,2,1,1083.004564,1,1,140.0
0,0,0,2,1,810.0979652999999,1,1,21.5
0,0,0,2,1,1498.127341,1,1,120.0
1,0,1,3,1,1675.353686,1,1,45.0
0,0,0,2,1,800.0,1,1,19.0
1,0,0,1,1,708.1980518999999,1,1,34.9
1,0,1,3,1,1550.160866,1,1,53.0
1,1,1,2,1,493.1530595,0,0,56.9
1,0,0,2,1,905.1724138,1,1,25.2
1,0,0,2,1,1109.877913,1,1,60.0
1,0,0,4,1,4149.81911,1,1,390.0
1,0,1,1,1,469.858156,1,1,26.5
1,0,0,2,1,781.067848,1,1,67.0
0,0,0,2,1,975.0390016,1,1,25.0
1,0,0,3,1,1320.211234,1,1,55.0
0,0,0,3,1,1175.241577,1,1,45.0
1,0,0,3,1,1555.693839,1,1,25.0
1,0,0,2,1,996.3099631,1,1,43.2
1,0,0,2,1,1139.357687,1,1,160.0
1,0,0,3,1,1350.048216,1,1,350.0
1,0,0,2,1,1149.865849,1,1,30.0
1,0,0,2,1,1148.021495,1,1,94.0
0,0,0,3,1,1530.272788,1,1,69.0
1,0,0,4,1,3000.0545460000003,1,1,1100.0
1,0,0,2,1,1416.4305949999998,1,1,120.0
1,0,1,2,1,1212.488633,1,1,120.0
1,0,1,3,1,1929.26045,1,1,120.0
1,0,0,3,1,1935.099732,1,1,260.0
1,0,1,3,1,1449.6255130000002,1,1,120.0
1,1,0,3,1,1587.896974,0,1,63.5
1,0,0,3,1,950.1187648,1,1,20.0
0,0,0,2,1,1200.192031,1,1,25.0
1,1,1,3,1,821.9898731000001,0,0,250.0
0,0,0,2,1,840.1084011,1,1,31.0
1,0,0,1,1,541.2262156,1,1,12.8
1,0,0,2,1,1100.0,1,1,55.0
1,0,0,1,1,545.0081832999999,1,1,33.3
1,0,0,1,1,600.0282366,1,1,85.0
0,0,0,2,1,1050.2283109999998,1,1,23.0
1,0,1,3,1,1409.677419,1,1,43.7
2,0,0,3,1,1530.343008,1,0,58.0
0,0,1,3,1,900.0,1,1,45.0
1,0,0,1,1,600.0,1,1,78.0
1,1,1,3,1,1405.0325710000002,0,1,110.0
1,0,0,2,1,1200.192031,1,1,50.0
1,0,0,3,1,1725.7462690000002,1,1,37.0
1,1,1,3,1,1500.032609,0,1,230.0
1,0,0,2,1,1095.290252,1,1,100.0
0,0,0,3,1,1377.04918,1,1,42.0
1,1,1,3,1,1600.0,0,1,50.0
0,0,1,1,1,600.0,1,1,18.0
1,0,0,3,1,1620.162016,1,1,72.0
0,0,0,2,1,950.3695882,1,1,18.0
0,0,0,1,1,470.0089526,1,1,21.0
1,0,0,3,1,1983.252534,1,1,90.0
1,0,0,3,1,1472.103636,1,1,100.0
1,1,1,3,1,1313.849041,0,1,98.0
1,0,0,2,1,1250.0,1,1,55.0
1,0,0,3,1,1500.150015,1,1,100.0
0,0,0,2,1,1290.035587,1,1,58.0
1,0,0,3,1,1918.33379,1,1,140.0
0,0,1,1,1,588.9570552,1,1,24.0
0,0,1,3,1,1475.0,1,1,76.7
1,0,0,1,1,768.0491551,1,1,70.0
1,1,1,1,1,453.0248118,0,0,65.0
1,1,1,2,1,631.7774635,0,0,67.0
1,0,0,2,1,978.7783067,1,1,220.0
1,0,0,2,1,1139.298192,1,1,150.0
1,0,0,6,1,4995.004995,1,1,600.0
1,0,1,3,1,1209.904333,1,1,43.0
1,0,0,2,1,1437.859465,1,1,57.5
1,0,0,1,1,570.0279313999999,1,1,100.0
1,0,1,2,1,1265.069207,1,1,85.0
1,0,1,3,1,1889.848812,1,1,70.0
1,0,0,2,1,1150.054765,1,1,63.0
1,0,1,2,1,1385.041551,1,1,55.0
1,0,1,2,1,1286.040241,1,1,62.0
1,0,0,3,1,3199.461143,1,1,380.0
1,0,0,1,1,1195.885126,1,1,27.9
0,0,0,1,1,555.0416281,1,1,18.0
0,0,0,1,1,550.1618123,1,1,17.0
1,0,0,2,1,870.0284091,1,1,49.0
1,0,0,1,1,536.0443623,1,1,29.0
0,0,0,2,1,1005.340873,1,1,32.0
1,0,0,3,1,1280.031508,1,1,65.0
1,0,0,2,1,700.0538502999999,1,1,26.0
1,1,1,2,1,1459.079454,0,1,220.0
0,0,0,2,1,925.0693802,1,1,30.0
1,1,1,3,1,1665.03428,0,1,68.0
1,0,0,2,1,1273.209549,1,1,48.0
2,1,1,2,1,730.0884956,0,0,33.0
0,0,0,2,1,1300.0,1,1,65.0
0,0,1,3,1,1150.086256,1,1,60.0
1,0,0,3,1,1097.148381,1,1,22.7
0,0,0,2,1,720.1646091,1,1,21.0
0,0,0,2,1,1250.0,1,1,42.5
1,0,0,2,1,1320.043103,1,1,98.0
1,0,1,2,1,828.6377196000001,1,1,400.0
0,0,0,2,1,1100.110011,1,1,50.0
1,1,1,2,1,729.9962078,0,1,77.0
1,0,0,3,1,2300.025556,1,1,180.0
1,0,1,2,1,819.990296,1,1,16.9
0,0,1,2,1,1234.076433,1,1,62.0
1,1,1,3,1,1549.977983,0,0,70.4
0,0,0,3,1,1313.513514,1,1,24.3
1,0,0,3,1,1628.11874,1,1,89.4
1,0,0,2,1,1000.0,1,1,35.0
2,1,0,3,1,1007.002334,0,0,30.2
0,0,1,3,1,1288.383079,1,1,60.0
0,0,0,3,1,760.2153944,1,1,24.0
1,0,1,3,1,1571.630062,1,1,78.0
1,0,0,3,1,1650.44435,1,1,39.0
1,0,0,4,1,2000.0,1,1,100.0
0,0,0,2,1,1444.622793,1,1,36.0
0,0,0,2,1,660.2112676,1,1,15.0
1,0,0,4,1,2099.144195,1,1,130.0
1,0,0,3,1,1444.99179,1,1,44.0
1,0,0,2,1,1175.548589,1,1,240.0
1,0,0,2,1,1229.551451,1,1,69.9
1,1,1,1,1,368.3400654,0,0,38.3
1,0,0,3,1,2000.0,1,1,250.0
1,0,1,3,1,1685.866817,1,1,120.0
1,0,0,1,1,645.1612903,1,1,14.0
1,1,1,2,1,67474.77578,0,0,9630.0
0,0,0,2,1,1080.172828,1,1,45.0
1,0,1,2,1,1279.405695,1,1,310.0
1,0,0,3,1,1380.0,1,1,62.1
1,0,0,1,1,615.0061501,1,1,75.0
1,0,0,2,1,873.6167733999999,1,1,30.0
1,0,0,2,1,1116.2790699999998,1,1,120.0
1,0,0,3,1,1330.027051,1,1,59.0
1,0,0,2,1,930.1732926,1,1,36.5
0,0,0,2,1,753.5139835,1,1,52.0
1,0,0,3,1,1751.646743,1,1,71.8
1,1,0,3,1,1193.051459,0,1,36.4
0,0,0,2,1,1300.070274,1,1,37.0
0,1,0,2,1,422.9323308000001,0,1,27.0
1,0,1,4,1,1995.012469,1,1,56.0
1,1,1,2,1,993.75,0,1,47.7
1,0,0,2,1,1287.051482,1,1,66.0
1,0,0,3,1,2500.0,1,1,210.0
1,0,1,2,1,1000.0,1,1,150.0
0,0,0,2,1,1260.288066,1,1,49.0
1,1,1,2,1,992.3664122,0,0,37.7
0,0,1,2,1,945.1035592,1,1,47.0
1,1,0,4,1,3406.1730340000004,0,1,650.0
0,0,0,3,1,1818.181818,1,1,81.0
1,0,0,2,1,760.0170244,1,1,250.0
0,0,0,3,1,2061.116588,1,1,230.0
1,0,0,3,1,1265.501691,1,1,44.9
0,0,0,2,1,1099.118943,1,1,49.9
1,0,0,3,1,1049.032559,1,1,270.0
0,0,1,2,1,1255.049048,1,1,43.5
0,0,1,2,1,1080.080235,1,1,70.0
1,0,0,3,1,1670.92589,1,1,170.0
0,0,0,3,1,2107.089737,1,1,170.0
1,1,0,3,1,1250.902093,0,1,52.0
1,0,1,1,1,700.0127275,1,1,110.0
0,0,0,3,1,1376.848547,1,1,27.0
0,0,0,3,1,975.0152346,1,1,32.0
1,0,1,2,1,1290.005529,1,1,210.0
1,0,0,3,1,1459.6764380000002,1,1,240.0
0,0,0,2,1,1320.132013,1,1,48.0
1,0,0,3,1,3449.975357,1,1,350.0
1,0,0,2,1,980.1919543,1,1,48.0
2,1,1,1,1,663.7396694,0,0,25.7
1,1,1,2,1,1041.1754039999998,0,1,57.4
0,0,0,2,1,756.1869843999999,1,1,16.5
1,0,0,3,1,1549.87634,1,1,94.0
0,0,0,1,1,569.9088146,1,1,22.5
1,0,1,2,1,930.0661778,1,1,52.0
1,0,0,2,1,1050.023596,1,1,89.0
1,0,0,4,1,3499.930001,1,1,500.0
1,0,0,2,1,800.0,1,1,35.0
0,1,0,2,1,960.1181684,0,1,26.0
1,1,0,2,1,1269.930859,0,1,90.0
1,0,0,3,1,1800.180018,1,1,80.0
0,0,0,2,1,1125.04018,1,1,35.0
1,0,0,3,1,1836.180744,1,1,230.0
1,0,0,3,1,2086.890533,1,1,110.0
0,0,1,3,1,1746.253746,1,1,87.4
1,0,1,3,1,1665.638495,1,1,27.0
1,0,1,3,1,1935.483871,1,1,240.0
1,0,0,4,1,3199.913223,1,1,590.0
1,1,1,2,1,1120.036203,0,1,99.0
1,0,0,1,1,613.1628787999999,1,1,25.9
1,0,0,2,1,1241.2547960000002,1,1,55.0
0,0,0,2,1,850.043592,1,1,19.5
1,0,0,2,1,1150.020125,1,1,200.0
1,1,1,1,1,574.0228565,0,1,110.0
1,1,1,2,1,697.0584135,0,1,150.0
0,0,0,3,1,1500.0,1,1,42.0
1,0,0,2,1,1487.5,1,1,35.7
1,0,1,2,1,1211.3306,1,1,130.0
1,0,0,3,1,2105.263158,1,1,120.0
1,1,0,2,1,657.4621959,0,1,160.0
1,0,0,3,1,1915.020946,1,1,160.0
0,0,0,3,1,1607.789855,1,1,35.5
1,0,0,3,1,899.5747465,1,1,220.0
0,0,0,1,1,575.1092708,1,1,25.0
0,0,1,3,1,2470.588235,1,1,420.0
0,0,1,2,1,1181.936041,1,1,54.7
1,0,1,4,1,3369.409843,1,0,330.0
0,0,0,3,1,1230.0123,1,1,90.0
1,0,1,4,1,2238.137869,1,1,100.0
0,0,0,2,1,400.0,1,1,16.0
1,0,0,3,1,1276.302173,1,1,37.0
1,0,0,3,1,1449.66443,1,1,54.0
0,0,0,2,1,860.2150537999999,1,1,28.0
1,0,0,2,1,1000.0,1,1,19.7
1,0,1,2,1,850.0065385,1,1,130.0
0,0,0,2,1,840.0,1,1,42.0
1,0,0,1,1,775.0117426,1,1,99.0
1,1,1,3,1,1826.923077,0,0,190.0
0,1,0,2,1,1105.277701,0,1,40.0
0,0,1,2,1,813.0081301,1,1,17.0
1,1,1,1,1,549.0438001,0,1,44.5
1,1,0,2,1,1251.042535,0,1,120.0
1,1,1,3,1,1663.688459,0,1,270.0
0,0,0,2,1,1000.0,1,1,30.0
0,0,0,3,1,1724.1379309999998,1,1,38.0
1,0,0,2,1,1060.013046,1,1,65.0
0,0,0,2,1,1210.09806,1,1,58.0
1,0,0,3,1,1700.037779,1,1,270.0
0,0,0,3,1,1228.249744,1,1,48.0
0,0,0,1,1,333.0161751,1,1,21.0
1,0,0,2,1,1069.9899300000002,1,1,85.0
1,0,0,4,1,3345.070423,1,1,190.0
1,0,0,3,1,1550.464807,1,1,46.7
1,0,0,1,1,559.9800896,1,1,90.0
1,0,0,3,1,1895.043732,1,1,130.0
0,0,0,3,1,1800.327332,1,1,55.0
0,0,0,2,1,1095.140315,1,1,48.0
0,0,0,3,1,1225.0543369999998,1,1,62.0
1,0,1,3,1,1695.234507,1,1,90.0
1,0,1,2,1,475.035375,1,1,23.5
1,0,0,3,1,2050.861362,1,1,250.0
1,1,1,3,1,1373.372533,0,0,32.7
1,0,0,2,1,786.9884575,1,1,120.0
1,1,1,3,1,1500.245942,0,1,61.0
1,1,0,3,1,1671.277086,0,1,290.0
1,0,0,2,1,1341.906626,1,1,48.0
1,0,0,3,1,1780.1513129999998,1,1,200.0
0,0,0,1,1,700.0014737,1,1,950.0
1,1,1,2,1,820.4791597999999,0,0,100.0
0,0,0,4,1,1816.380449,1,1,55.0
0,0,0,3,1,1552.393273,1,1,48.0
1,1,1,3,1,745.0424929,0,1,26.3
1,0,0,3,1,1596.933887,1,1,150.0
1,0,1,3,1,2610.316967,1,1,210.0
1,0,0,3,1,1470.7684769999998,1,1,120.0
1,0,0,2,1,1258.730159,1,1,79.3
0,0,0,2,1,1050.199538,1,1,50.0
0,0,0,2,1,678.109769,1,1,32.0
0,0,0,3,1,1340.782123,1,1,72.0
1,1,1,1,1,678.4678961,0,1,110.0
0,0,0,3,1,1585.288523,1,1,75.0
1,0,0,2,1,1297.974414,1,1,48.7
1,1,1,2,1,1210.1210119999998,0,0,33.0
1,0,1,3,1,1500.0,1,1,210.0
1,0,0,3,1,1400.0,1,1,35.0
1,0,0,2,1,929.0909091,1,1,51.1
1,0,0,3,1,1316.789061,1,1,52.0
1,0,0,2,1,1249.167222,1,1,75.0
1,0,0,2,1,820.1701094,1,1,27.0
1,0,1,3,1,1220.173536,1,1,45.0
0,0,0,3,1,1447.044335,1,1,47.0
0,0,0,3,1,1645.187826,1,1,120.0
1,0,1,2,1,1346.076188,1,1,100.0
1,0,0,8,1,4600.345026,1,1,400.0
0,0,0,3,1,1275.045537,1,1,49.0
0,0,0,3,1,1774.6759719999998,1,1,89.0
1,1,1,1,1,645.9661768999999,0,1,69.9
1,0,0,2,1,990.0,1,1,59.4
1,1,1,2,1,723.8917482999999,0,1,43.6
0,0,0,2,1,580.0214823,1,1,27.0
1,0,0,3,1,1559.862457,1,1,49.9
1,1,0,3,1,1728.472659,0,1,110.0
0,0,0,3,1,1545.043974,1,1,65.0
1,0,1,3,1,2380.952381,1,1,100.0
0,0,0,2,1,1110.03861,1,1,46.0
1,0,1,3,1,1888.372093,1,0,81.2
1,0,1,3,1,1502.222222,1,1,67.6
1,1,1,3,1,2140.270003,0,1,130.0
0,0,0,1,1,465.03762580000006,1,1,55.0
1,0,1,3,1,1295.207731,1,1,130.0
1,0,0,2,1,1150.042168,1,1,150.0
1,0,0,2,1,1277.139208,1,1,80.0
1,1,1,1,1,365.7357374,0,1,64.3
1,0,0,1,1,700.1166861,1,1,24.0
1,1,1,2,1,685.9235828,0,0,82.4
1,0,1,2,1,1100.28293,1,1,35.0
1,0,0,4,1,2195.389682,1,1,60.0
0,0,0,3,1,1789.976134,1,1,60.0
1,0,0,3,1,1432.664756,1,1,170.0
1,0,0,3,1,1590.271282,1,1,34.0
1,0,1,3,1,1624.69537,1,1,320.0
1,0,0,1,1,753.7688442000001,1,1,24.0
0,0,0,2,1,1406.013411,1,1,65.0
0,1,1,3,1,1662.234043,0,1,75.0
1,0,0,3,1,1589.136088,1,1,110.0
0,0,0,3,1,1551.724138,1,1,36.0
2,0,0,3,1,1256.25,1,0,40.2
0,0,0,3,1,1202.0930560000002,1,1,85.0
1,0,0,2,1,1303.0463109999998,1,1,74.0
0,0,0,2,1,1300.510915,1,1,28.0
1,0,0,2,1,1100.0495019999998,1,1,200.0
1,0,0,3,1,1650.004853,1,1,170.0
1,0,0,3,1,1750.051472,1,1,85.0
1,1,1,3,1,1760.0,0,1,52.8
0,0,0,2,1,850.0303582,1,1,28.0
1,0,0,2,1,1100.110011,1,1,30.0
1,0,1,3,1,1971.553302,1,1,140.0
1,0,0,2,1,1025.5909359999998,1,1,210.0
1,1,1,3,1,901.0919114,0,0,170.0
1,0,0,3,1,1457.226127,1,1,170.0
0,0,0,2,1,800.0,1,1,30.0
1,0,1,2,1,1037.2099050000002,1,1,160.0
0,0,0,2,1,1100.110011,1,1,40.0
0,0,0,1,1,650.0072223,1,1,45.0
1,0,1,2,1,1050.110538,1,1,57.0
1,0,0,3,1,1679.481991,1,1,41.5
0,0,0,5,1,4500.16072,1,1,280.0
0,0,0,3,1,1450.176093,1,1,70.0
0,1,0,3,1,1800.411523,0,1,70.0
1,0,0,3,1,1499.925004,1,1,100.0
1,0,0,3,1,1755.001755,1,1,100.0
1,0,0,2,1,1099.009901,1,1,99.9
0,0,0,1,1,575.1258088,1,1,16.0
0,0,0,2,1,765.8643326,1,1,28.0
1,0,0,1,1,600.0109093,1,1,110.0
0,0,0,2,1,1300.085251,1,1,30.5
1,0,0,3,1,1799.149493,1,1,110.0
0,0,0,2,1,1128.069011,1,1,85.0
1,0,0,4,1,3500.038889,1,1,450.0
1,0,1,3,1,2050.064739,1,1,95.0
1,0,1,3,1,2500.0,1,1,210.0
0,0,0,2,1,980.1095417,1,1,34.0
0,0,0,3,1,1380.2315230000002,1,1,62.0
1,1,1,3,1,1350.0,0,1,56.7
1,0,0,2,1,550.0045834,1,1,120.0
1,0,0,2,1,800.0,1,1,120.0
0,0,0,3,1,1467.889908,1,1,40.0
0,0,0,2,1,712.1057986000001,1,1,28.0
0,0,0,2,1,850.1335924000001,1,1,35.0
1,0,1,2,1,1200.0,1,1,36.0
0,0,0,1,1,450.0450045,1,1,15.0
1,0,1,2,1,1028.002948,1,1,83.7
1,0,0,2,1,1056.910569,1,1,65.0
1,0,0,2,1,1050.135501,1,1,62.0
0,0,1,3,1,1270.258432,1,1,58.0
0,0,0,2,1,1165.106552,1,1,58.5
0,0,1,2,1,1224.081939,1,1,49.0
1,0,0,3,1,1475.288911,1,1,60.0
0,0,1,2,1,950.1689189,1,1,45.0
1,0,0,3,1,1500.0,1,1,150.0
0,1,1,2,1,1080.069124,0,1,75.0
0,0,0,1,1,559.9104143,1,1,20.0
1,0,0,4,1,4259.283907999999,1,1,320.0
1,1,1,2,1,1093.064804,0,1,67.3
0,0,0,2,1,960.0997506,1,1,77.0
1,1,1,2,1,860.1062483999999,0,1,34.0
0,0,1,3,1,1399.435886,1,1,64.5
1,1,0,3,1,1529.411765,0,1,130.0
1,0,0,3,1,1696.352841,1,1,120.0
1,0,0,3,1,1886.244922,1,1,130.0
2,1,0,2,1,871.7399071000001,0,0,24.4
1,1,0,2,1,951.9160361,0,1,39.0
1,1,1,3,1,899.8548621,0,0,31.0
1,0,1,3,1,1211.353269,1,1,23.9
1,0,0,2,1,799.7987927999999,1,1,15.9
1,0,0,3,1,1619.87041,1,1,90.0
0,0,0,2,1,750.1630789,1,1,23.0
1,1,1,3,1,1885.0,0,1,75.4
0,0,0,1,1,415.0943396,1,1,11.0
0,0,0,2,1,926.5175719,1,1,29.0
1,0,0,2,1,1001.053741,1,1,38.0
0,0,0,3,1,1079.969144,1,1,42.0
1,1,1,1,1,688.0240808,0,1,32.0
1,0,0,2,1,1050.052503,1,1,120.0
0,0,0,2,1,1200.300075,1,1,32.0
0,0,0,2,1,925.170068,1,1,34.0
1,0,0,2,1,1195.928753,1,1,18.8
1,0,1,3,1,1416.029453,1,1,100.0
0,0,0,2,1,1425.120773,1,1,59.0
1,0,0,4,1,4200.063001,1,1,1200.0
1,0,1,2,1,960.0731484,1,1,63.0
1,0,1,2,1,1044.003451,1,1,60.5
1,0,0,2,1,1288.185499,1,1,35.0
1,0,1,2,1,1211.827436,1,1,150.0
1,0,0,3,1,1119.104716,1,1,28.0
1,0,1,4,1,2400.096004,1,1,200.0
1,0,1,2,1,1133.982497,1,1,92.0
1,1,1,2,1,845.0704225,0,1,75.0
0,0,0,3,1,1450.326323,1,1,60.0
1,0,1,3,1,1515.31551,1,1,140.0
0,0,1,2,1,1260.047795,1,1,58.0
0,0,0,1,1,652.0605112000001,1,1,25.0
1,1,1,2,1,559.6925294,0,0,69.9
1,0,0,5,1,2928.147759,1,1,390.0
1,0,1,3,1,1749.781277,1,1,120.0
1,0,1,2,1,1008.335574,1,1,150.0
0,0,0,3,1,1900.337838,1,1,45.0
1,0,1,3,1,1578.753228,1,1,42.8
1,0,1,2,1,1480.220068,1,1,56.5
1,0,1,3,1,1625.374353,1,1,59.7
1,1,0,1,1,750.0750075,0,1,50.0
1,0,0,2,1,1372.315036,1,1,230.0
1,0,0,3,1,1400.203666,1,1,55.0
0,0,0,2,1,1150.012778,1,1,45.0
1,0,0,3,1,1300.44843,1,1,29.0
0,0,0,2,1,1395.024413,1,1,60.0
0,0,0,2,1,1121.076233,1,1,45.0
1,0,0,1,1,612.1021336,1,1,35.0
0,0,0,3,1,1159.848165,1,1,55.0
0,0,0,2,1,1211.203634,1,1,16.0
1,0,0,3,1,2710.0271,1,1,220.0
1,0,0,4,1,2459.985225,1,1,99.9
0,0,0,2,1,1205.567984,1,1,48.5
1,0,0,3,1,1458.652374,1,1,76.2
1,1,1,2,1,1041.25,0,1,83.3
1,0,0,3,1,1178.947368,1,1,44.8
1,0,1,1,1,665.0115268999999,1,1,75.0
1,0,0,3,1,1689.5969100000002,1,1,140.0
0,0,0,3,1,2142.857143,1,1,150.0
1,1,0,2,1,750.0,0,1,90.0
1,0,0,1,1,720.9805335,1,1,20.0
1,1,0,3,1,1718.75,0,1,110.0
1,0,0,4,1,2000.0,1,1,55.0
1,0,1,3,1,1304.958844,1,1,130.0
1,0,0,3,1,1500.0,1,1,240.0
1,0,0,3,1,1620.162016,1,1,36.0
1,1,1,2,1,609.8237055,0,1,110.0
1,0,1,3,1,2500.0,1,1,90.0
1,0,0,3,1,1537.410318,1,1,180.0
1,0,1,2,1,1156.1420039999998,1,1,36.8
1,1,1,2,1,687.8642007,0,0,54.3
0,0,1,3,1,1475.216365,1,1,75.0
1,1,1,3,1,769.2307692,0,0,79.9
0,0,0,2,1,1053.042122,1,1,27.0
1,0,0,2,1,700.1448576,1,1,14.5
1,0,0,1,1,650.0458856,1,1,85.0
0,0,0,1,1,700.280112,1,1,15.0
1,0,1,1,1,406.0089322,1,1,50.0
1,0,0,1,1,741.6432696,1,1,140.0
0,0,0,2,1,1000.0,1,1,34.0
0,0,0,2,1,1244.864932,1,1,100.0
0,0,0,1,1,660.0660066,1,1,24.0
0,0,0,2,1,800.0,1,1,31.0
1,0,0,2,1,1170.0468019999998,1,1,75.0
1,0,0,2,1,1250.0,1,1,25.9
1,1,0,2,1,899.3082243999999,0,1,23.4
1,0,0,4,1,2461.538462,1,1,320.0
0,0,0,1,1,450.0,1,1,18.0
1,0,0,3,1,1650.302904,1,1,79.0
1,0,0,3,1,1650.165017,1,1,110.0
1,1,1,2,1,1188.2352939999998,0,1,40.4
1,0,0,1,1,6000.0,1,1,45.0
1,1,0,2,1,954.3982058,0,1,38.3
0,0,0,1,1,373.9871182,1,1,18.0
0,0,0,2,1,810.1851852000001,1,1,35.0
1,0,0,2,1,1090.1162789999998,1,1,45.0
1,0,0,3,1,1440.057602,1,1,120.0
1,1,0,2,1,632.4278437999999,0,1,29.8
0,0,0,2,1,1190.040278,1,1,65.0
0,0,0,3,1,1423.2343,1,1,80.0
0,0,1,2,1,1145.038168,1,1,51.0
1,1,1,2,1,1130.022321,0,1,81.0
1,1,1,1,1,349.9840916,0,1,33.0
0,0,0,1,1,500.0,1,1,33.0
1,0,0,2,1,1110.149942,1,1,77.0
1,0,1,2,1,930.3112314,1,1,27.5
0,0,1,2,1,1410.078595,1,1,61.0
0,1,0,2,1,900.0,0,1,31.5
0,0,0,1,1,400.0,1,1,30.0
1,0,0,2,1,1075.082365,1,1,62.0
1,0,0,2,1,1250.0,1,1,100.0
1,0,0,2,1,1100.046318,1,1,95.0
0,0,0,1,1,519.1434134,1,1,16.0
1,0,0,1,1,650.0171057,1,1,57.0
1,0,0,2,1,1073.033331,1,1,160.0
0,0,0,3,1,1127.214171,1,1,42.0
0,0,0,3,1,1540.120129,1,1,100.0
1,1,0,3,1,1325.069459,0,1,62.0
1,1,1,1,1,322.0110107,0,1,62.0
1,0,0,3,1,1496.68591,1,1,140.0
0,0,0,2,1,1080.159181,1,1,38.0
1,0,0,3,1,1108.29639,1,1,35.0
0,0,1,2,1,1057.216055,1,1,61.9
1,0,1,2,1,1195.135588,1,1,85.5
1,0,1,3,1,1415.177782,1,1,80.0
1,1,1,3,1,1034.040617,0,0,250.0
1,1,1,1,1,715.2223149,0,1,120.0
1,0,0,1,1,700.0145836,1,1,96.0
0,0,0,2,1,801.0986496,1,1,35.0
0,0,0,3,1,1199.904008,1,1,50.0
1,0,1,1,1,618.0932759,1,1,33.0
0,0,0,3,1,1250.0,1,1,37.5
1,0,0,3,1,1424.230915,1,1,75.0
0,0,0,1,1,665.0199506,1,1,35.0
1,1,0,3,1,3000.0,0,1,390.0
1,0,1,2,1,1200.0,1,1,54.0
1,0,0,3,1,1722.158439,1,1,90.0
1,0,0,2,1,1010.037245,1,1,160.0
1,0,0,3,1,1675.041876,1,1,120.0
1,1,1,2,1,911.8214975,0,1,42.5
1,0,1,2,1,1119.104716,1,1,70.0
1,0,1,2,1,934.8370927,1,1,37.3
1,0,0,2,1,830.1776872,1,1,28.5
1,0,1,3,1,1540.178571,1,1,34.5
1,1,1,2,1,1151.126459,0,1,140.0
0,0,0,3,1,1278.409091,1,1,36.0
1,0,1,3,1,1576.044129,1,1,100.0
0,0,0,2,1,650.0742942,1,1,35.0
1,0,1,3,1,2169.854166,1,1,430.0
1,0,0,3,1,1908.67714,1,1,130.0
1,1,0,2,1,1319.924576,0,1,42.0
1,0,1,4,1,2860.718756,1,1,160.0
1,0,1,3,1,1539.942252,1,1,32.0
1,0,1,2,1,1042.83054,1,1,140.0
0,0,0,1,1,737.0554634,1,1,40.0
1,0,0,3,1,1640.360767,1,1,58.2
1,1,1,3,1,1793.397231,0,1,84.2
1,0,0,2,1,965.1368919,1,1,49.0
1,0,1,2,1,896.8328630000001,1,1,28.6
1,0,1,3,1,1542.562971,1,1,83.9
0,0,0,3,1,1500.081526,1,1,92.0
0,0,0,2,1,750.0,1,1,42.0
1,0,0,1,1,641.0256410000001,1,1,45.0
1,0,1,1,1,571.4285714,1,1,100.0
0,0,0,2,1,650.1182033,1,1,16.5
0,0,0,3,1,1428.034573,1,1,38.0
1,0,1,3,1,1445.783133,1,1,96.0
0,0,0,2,1,960.0,1,1,24.0
0,0,0,3,1,1901.140684,1,1,50.0
1,0,0,2,1,1092.020967,1,1,75.0
0,0,0,3,1,909.0909091,1,1,45.0
1,1,1,4,1,6232.255384,0,1,900.0
2,0,0,3,1,1614.832536,1,0,67.5
1,0,0,2,1,1275.1801890000002,1,1,69.0
0,0,1,1,1,508.9058524,1,1,18.0
0,0,0,2,1,1208.053691,1,1,63.0
1,1,0,3,1,1830.161054,0,1,100.0
1,1,1,2,1,966.7812142,0,1,42.2
1,1,1,1,1,624.0358996,0,1,89.0
1,0,1,2,1,1119.444444,1,1,40.3
1,0,1,3,1,2452.984464,1,1,180.0
1,1,1,3,1,1889.872004,0,1,440.0
1,0,0,1,1,600.0176476,1,1,68.0
0,0,0,2,1,1062.134891,1,1,40.0
0,0,0,4,1,3142.0924010000003,1,1,270.0
0,0,0,2,1,849.2731446,1,1,11.1
1,1,1,1,1,353.0286139,0,0,38.0
0,0,0,2,1,1110.1622539999998,1,1,65.0
1,0,0,2,1,938.0863038999998,1,1,95.0
1,0,0,3,1,1480.090814,1,1,84.75
0,0,0,1,1,520.0594354,1,1,35.0
1,0,0,2,1,1025.056948,1,1,90.0
1,0,0,2,1,1149.409116,1,1,81.7
1,0,1,2,1,1194.822436,1,1,72.0
0,0,0,3,1,1529.98776,1,1,200.0
2,0,1,2,1,756.6666667000001,1,0,22.7
1,0,0,2,1,1160.092807,1,1,80.0
2,1,1,4,1,2727.272727,0,0,150.0
0,0,0,2,1,930.13642,1,1,45.0
1,0,0,4,1,3780.068729,1,1,220.0
0,0,0,2,1,750.0604887000001,1,1,31.0
0,0,1,2,1,660.0660066,1,1,32.0
0,0,0,2,1,1213.852196,1,1,34.0
2,1,1,2,1,560.00448,0,0,300.0
0,0,0,2,1,810.0289296,1,1,42.0
1,0,1,3,1,1852.58179,1,1,47.0
0,0,0,3,1,2000.0,1,1,60.0
1,0,1,3,1,1313.333333,1,0,39.4
1,0,0,3,1,1359.434475,1,1,25.0
0,0,0,2,1,1070.154578,1,1,27.0
1,0,0,3,1,1150.180743,1,1,70.0
1,0,0,2,1,1150.012778,1,1,180.0
1,0,0,3,1,1648.255304,1,1,94.0
0,1,0,2,1,807.847663,0,1,28.0
0,0,1,2,1,656.0962274,1,1,24.0
0,0,0,2,1,1180.257511,1,1,33.0
0,0,1,2,1,1050.119332,1,1,22.0
1,0,1,3,1,1805.309735,1,1,51.0
1,1,0,3,1,1100.0,0,0,55.0
1,0,0,2,1,1200.150943,1,1,79.51
0,0,0,2,1,761.0993658,1,1,18.0
1,0,0,1,1,660.0264011,1,1,110.0
0,0,0,3,1,1700.078616,1,1,86.5
1,0,1,3,1,2749.210875,1,1,270.0
1,0,1,3,1,2063.888889,1,1,74.3
1,0,1,3,1,1398.199579,1,1,73.0
1,0,0,3,1,1310.100878,1,1,100.0
0,0,1,2,1,840.1453223999999,1,1,37.0
0,0,0,2,1,1147.342995,1,1,38.0
2,0,1,1,1,649.9011019999999,1,0,23.0
0,0,0,3,1,1340.123291,1,1,50.0
1,1,1,2,1,1064.773736,0,1,48.0
1,0,0,3,1,1213.139231,1,1,65.0
1,0,0,2,1,903.1893875,1,1,32.0
0,0,0,2,1,849.8583569,1,1,30.0
0,0,0,2,1,1200.274348,1,1,35.0
0,0,0,2,1,1000.0,1,1,50.0
1,0,1,2,1,1297.149684,1,1,76.0
0,0,0,2,1,936.3811622000002,1,1,34.0
0,0,0,3,1,1100.110011,1,1,80.0
1,0,1,3,1,1900.23753,1,1,120.0
1,0,0,2,1,712.0058925,1,1,29.0
0,1,0,2,1,1189.7307449999998,0,1,38.0
1,0,0,3,1,1320.086153,1,1,190.0
1,1,1,2,1,556.2766548999999,0,1,150.0
0,0,0,2,1,750.1875468999999,1,1,20.0
1,0,0,2,1,746.0398569,1,1,29.2
2,1,1,2,1,527.9898218999999,0,0,24.9
0,0,0,2,1,1155.115512,1,1,35.0
1,0,1,2,1,1130.028627,1,1,75.0
0,0,1,2,1,900.090009,1,1,40.0
1,0,0,3,1,1360.020529,1,1,53.0
1,0,0,4,1,1468.053871,1,1,230.0
0,0,0,2,1,900.090009,1,1,30.0
0,0,0,2,1,1000.0,1,1,30.0
1,1,0,4,1,2907.801418,0,1,410.0
0,0,0,2,1,830.0863967,1,1,49.0
0,0,0,4,1,1500.0,1,1,90.0
0,0,0,2,1,1185.08942,1,1,55.0
0,0,0,3,1,1200.0,1,1,30.0
0,0,0,2,1,860.0917431,1,1,45.0
1,0,1,2,1,990.4912837000002,1,1,100.0
1,0,0,3,1,1532.329495,1,1,51.9
0,0,0,3,1,1256.499133,1,1,29.0
2,1,1,1,1,527.2727273,0,0,11.6
1,0,0,2,1,1130.00932,1,1,97.0
1,1,1,3,1,2484.234665,0,1,130.0
0,0,0,2,1,2400.960384,1,1,40.0
2,1,1,1,1,343.8914027,0,0,15.2
0,0,1,1,1,364.0145606,1,1,14.0
1,0,0,3,1,2013.007123,1,1,260.0
1,0,0,3,1,1586.042823,1,1,180.0
0,0,0,2,1,675.1227496,1,1,16.5
1,0,0,2,1,850.0,1,1,85.0
1,0,0,1,1,572.0005719999999,1,1,40.0
1,0,0,2,1,1040.118871,1,1,28.0
1,0,1,1,1,660.0660066,1,1,44.0
1,1,0,1,1,492.2724671,0,0,8.6
0,0,0,2,1,850.1563832999999,1,1,29.9
1,1,0,2,1,703.8712921,0,1,140.0
0,0,0,2,1,1200.0,1,1,48.0
0,0,0,2,1,1075.268817,1,1,40.0
1,0,1,1,1,594.0740741000001,1,1,40.1
1,0,1,4,1,1679.865611,1,1,140.0
1,0,0,1,1,440.0067693,1,1,130.0
1,0,0,3,1,1620.264719,1,1,35.5
1,0,0,2,1,871.3775308,1,1,43.9
1,0,0,2,1,1021.409456,1,1,22.9
1,0,0,1,1,550.0705218999999,1,1,39.0
0,0,0,2,1,915.0586831,1,1,46.0
0,0,1,2,1,600.1846722,1,1,13.0
1,0,0,3,1,1274.813331,1,1,70.0
1,0,0,2,1,1194.137869,1,1,66.0
0,0,1,3,1,2150.265621,1,1,85.0
1,0,0,2,1,992.1259843,1,1,25.2
0,0,0,1,1,530.0353357,1,1,12.0
1,0,1,2,1,1015.123265,1,1,49.0
0,0,0,3,1,1250.0,1,1,75.0
0,0,0,3,1,1133.144476,1,1,28.0
0,0,0,2,1,800.0,1,1,55.0
0,1,1,2,1,1000.0,0,1,55.0
1,0,0,2,1,1339.046599,1,1,50.0
1,0,1,3,1,870.0466661,1,1,110.0
0,0,0,2,1,1100.181206,1,1,42.5
1,1,0,4,1,2883.922134,0,1,240.0
1,0,1,2,1,1762.92222,1,1,250.0
1,0,1,3,1,1609.657948,1,1,200.0
1,0,0,2,1,1165.048544,1,1,30.0
1,0,0,3,1,1500.0,1,1,78.0
0,0,1,2,1,1294.03307,1,1,18.0
1,0,0,3,1,1450.0,1,1,81.2
0,0,0,3,1,1423.211282,1,1,110.0
1,0,0,4,1,3200.204813,1,1,250.0
1,1,0,3,1,1450.039547,0,1,220.0
1,0,1,2,1,1428.571429,1,0,40.0
0,0,1,2,1,964.8370497000002,1,1,22.5
1,1,1,2,1,660.0224408,0,0,100.0
1,0,1,2,1,988.2352941,1,0,50.4
1,0,1,1,1,710.0344576,1,1,68.0
1,0,0,3,1,1700.223714,1,1,76.0
1,0,0,3,1,1300.211416,1,1,36.9
1,0,0,3,1,1264.86213,1,1,150.0
1,1,0,1,1,440.0670578,0,1,21.0
0,0,0,2,1,1100.038825,1,1,85.0
2,0,1,3,1,1812.543074,1,0,52.6
0,0,0,2,1,1235.023041,1,1,67.0
1,0,0,3,1,1400.308325,1,1,54.5
1,0,0,1,1,667.0567583,1,1,57.0
0,0,0,3,1,1600.409486,1,1,93.8
0,0,1,3,1,980.0918836,1,1,32.0
2,0,1,1,1,804.9535603999999,1,0,13.0
1,1,0,4,1,3255.8139530000003,0,1,140.0
1,0,0,2,1,1008.130081,1,1,62.0
1,0,0,3,1,1886.465905,1,1,54.5
1,1,1,2,1,455.6664709,0,0,38.8
1,1,1,3,1,2033.209082,0,1,120.0
0,0,0,2,1,850.1335924000001,1,1,35.0
0,0,0,3,1,1058.028432,1,1,45.4
0,0,0,2,1,800.0,1,1,20.0
0,1,0,2,1,1185.344828,0,1,33.0
1,0,0,2,1,960.0808489,1,1,57.0
1,0,1,2,1,913.1156613,1,1,66.0
0,0,0,2,1,900.4237287999998,1,1,17.0
1,0,0,2,1,1054.078827,1,1,46.0
0,0,0,2,1,1027.059056,1,1,52.0
1,0,1,3,1,1575.013348,1,1,59.0
0,0,0,2,1,910.0364015,1,1,35.0
1,0,1,2,1,550.3577325,1,1,140.0
0,0,1,2,1,1157.1675300000002,1,1,67.0
0,0,0,2,1,850.0303582,1,1,28.0
0,0,0,1,1,605.0955414,1,1,38.0
1,1,1,3,1,1076.817558,0,1,31.4
1,1,1,2,1,843.9836026,0,1,140.0
0,0,0,2,1,1087.878788,1,1,35.9
1,0,0,2,1,806.1224490000001,1,1,39.5
1,0,1,3,1,1600.15804,1,1,81.0
1,0,1,3,1,1320.072333,1,1,73.0
0,0,0,2,1,1090.059694,1,1,42.0
1,0,0,3,1,1151.851852,1,1,31.1
1,1,0,2,1,999.6492459,0,1,28.5
1,1,1,4,1,3811.252269,0,1,420.0
0,0,1,3,1,1149.865849,1,1,30.0
0,0,0,2,1,1650.280899,1,1,47.0
1,0,1,2,1,666.6666667000001,1,1,160.0
0,1,1,3,1,1624.117328,0,1,89.7
0,0,0,2,1,830.1215535,1,1,28.0
0,0,0,3,1,1100.0,1,1,55.0
1,1,0,1,1,654.7539672,0,1,49.1
1,0,1,3,1,1306.506402,1,1,150.0
2,0,1,3,1,145892.8571,1,0,8170.0
1,1,1,3,1,1484.162896,0,0,82.0
2,1,1,3,1,1360.0,0,0,61.2
1,0,0,3,1,900.090009,1,1,60.0
0,0,0,2,1,1204.819277,1,1,70.0
0,0,1,2,1,925.0243427,1,1,19.0
1,0,0,3,1,1882.985878,1,1,140.0
1,0,0,3,1,1200.274348,1,1,35.0
1,0,0,2,1,1075.268817,1,1,40.0
1,0,0,3,1,1688.596491,1,1,53.9
1,0,1,5,1,2899.9064550000003,1,1,310.0
1,0,0,3,1,1586.109024,1,1,570.0
0,0,1,3,1,1320.020308,1,1,78.0
1,0,1,4,1,1405.283867,1,1,50.0
1,0,1,2,1,522.8438798000001,1,1,21.4
0,0,0,2,1,1109.09914,1,1,24.5
1,0,0,3,1,1256.055984,1,1,70.0
0,0,0,3,1,1280.0,1,1,48.0
1,0,1,1,1,424.9932182,1,0,47.0
1,0,0,2,1,1070.019394,1,1,160.0
1,0,0,2,1,1028.325699,1,1,110.0
0,0,0,3,1,1672.104405,1,1,82.0
0,0,1,2,1,950.0777336,1,1,55.0
1,0,1,1,1,617.990933,1,1,25.9
0,0,0,2,1,819.9121522999999,1,1,28.0
1,1,1,2,1,74810.84757,0,0,8800.0
0,0,1,2,1,924.7027741,1,1,21.0
0,0,0,6,1,2040.087724,1,1,400.0
1,0,0,4,1,4086.956522,1,0,470.0
1,0,0,1,1,662.2516555999999,1,1,130.0
1,0,0,3,1,1911.483605,1,1,130.0
0,0,0,2,1,1160.092807,1,1,80.0
1,1,0,2,1,1178.606002,0,1,48.7
0,0,0,2,1,1080.108011,1,1,60.0
1,1,1,4,1,2348.717949,0,0,91.6
0,0,0,2,1,1339.013999,1,1,110.0
0,0,0,2,1,1300.264869,1,1,54.0
0,0,1,3,1,1750.036459,1,1,120.0
1,1,1,1,1,715.0640152999999,0,1,52.5
0,0,0,2,1,1400.094922,1,1,59.0
1,0,0,3,1,1825.150575,1,1,200.0
1,1,1,3,1,2014.421959,0,1,86.6
1,1,0,2,1,926.4718268,0,1,110.0
1,0,0,3,1,2032.520325,1,1,70.0
1,0,1,1,1,694.8640482999999,1,1,29.9
1,0,0,3,1,1682.651859,1,1,100.0
0,0,0,3,1,1620.22035,1,1,75.0
1,0,0,2,1,1011.122346,1,1,200.0
1,0,0,1,1,619.9078994,1,1,35.0
1,0,0,2,1,1266.7849,1,1,100.0
1,0,1,2,1,924.1706161,1,1,19.5
1,0,0,3,1,1567.398119,1,1,50.0
0,0,1,1,1,600.0375022999999,1,1,32.0
1,0,0,2,1,147384.6154,1,0,9580.0
0,0,0,2,1,1000.0,1,1,67.9
1,0,0,1,1,711.0623247000001,1,1,58.3
1,0,0,4,1,2600.028889,1,1,900.0
1,0,0,2,1,1160.162724,1,1,77.0
1,0,0,3,1,1569.506726,1,1,49.0
0,1,0,2,1,771.0100231,0,1,30.0
1,0,1,3,1,1184.931507,1,1,86.5
1,0,1,3,1,133117.3405,1,0,9450.0
0,0,0,1,1,615.14802,1,1,16.0
1,0,1,2,1,1157.082749,1,1,66.0
1,0,0,3,1,1732.409382,1,1,130.0
1,0,0,2,1,850.2386635,1,1,28.5
0,0,0,3,1,1280.409731,1,1,30.0
1,0,0,3,1,1500.0,1,1,120.0
1,0,0,1,1,580.0,1,1,29.0
1,1,1,1,1,505.3831539,0,0,39.9
0,0,0,2,1,1050.098447,1,1,48.0
1,0,1,2,1,1032.791118,1,1,120.0
1,0,1,3,1,1396.070321,1,1,40.5
1,0,0,2,1,918.079096,1,1,65.0
0,0,0,3,1,1498.287671,1,1,70.0
1,0,1,3,1,1755.034177,1,1,380.0
1,0,0,4,1,2504.173623,1,1,150.0
1,1,1,3,1,1405.0325710000002,0,1,110.0
1,0,0,1,1,637.2673973999999,1,1,100.0
1,1,1,2,1,505.9065228999999,0,1,19.7
1,1,0,2,1,1048.315603,0,1,47.3
1,0,0,2,1,1160.128225,1,1,76.0
1,0,0,3,1,1830.0122,1,1,360.0
1,0,0,2,1,810.1851852000001,1,1,35.0
1,1,1,3,1,1032.36246,0,0,31.9
0,0,0,1,1,8992.805755,1,1,25.0
1,0,0,4,1,2300.070771,1,1,130.0
0,0,0,2,1,1134.141572,1,1,58.0
0,0,1,2,1,1372.683596,1,1,120.0
1,0,0,3,1,1622.247972,1,1,140.0
0,0,0,3,1,1250.0,1,1,55.0
1,0,0,4,1,2436.738519,1,1,130.0
1,0,0,3,1,1559.1778880000002,1,1,110.0
1,0,0,4,1,3500.028,1,1,1250.0
0,0,0,2,1,1115.053218,1,1,44.0
2,1,1,2,1,1103.996467,0,0,100.0
0,0,0,2,1,712.0662869,1,1,27.5
1,1,0,2,1,492.743236,0,1,110.0
2,1,1,1,1,483.3239118,0,0,34.2
1,0,0,4,1,5043.646945,1,1,520.0
0,0,0,1,1,408.589323,1,1,13.7
1,0,0,2,1,917.9265659,1,1,42.5
0,0,1,3,1,1600.0,1,1,74.0
1,0,0,2,1,1100.145608,1,1,68.0
1,0,0,2,1,1350.186728,1,1,47.0
1,0,0,3,1,1459.059233,1,1,67.0
1,0,1,3,1,1571.574991,1,1,46.0
0,0,0,2,1,736.1601885,1,1,25.0
0,0,1,2,1,1200.0,1,1,42.0
0,1,1,3,1,1585.471317,0,1,110.0
1,0,1,3,1,1500.060002,1,1,250.0
1,0,0,3,1,1570.247934,1,1,95.0
1,1,1,2,1,649.1398896000001,0,1,120.0
1,0,0,3,1,2588.867868,1,1,260.0
1,0,0,3,1,1819.652244,1,1,90.0
1,1,0,2,1,967.9245283,0,1,51.3
1,0,1,3,1,1350.009927,1,1,68.0
1,1,1,4,1,2236.719478,0,1,120.0
1,0,0,2,1,849.0566037999998,1,1,45.0
1,0,0,3,1,1507.3071630000002,1,1,230.0
0,0,0,1,1,500.0,1,1,17.0
0,0,1,2,1,1296.829971,1,1,72.0
2,1,0,2,1,848.0,0,0,21.2
0,0,0,3,1,1450.116009,1,1,75.0
0,0,0,3,1,1100.208147,1,1,37.0
1,0,1,3,1,1139.177811,1,1,23.0
0,0,0,2,1,585.0234009,1,1,30.0
1,0,0,2,1,813.2974127,1,1,320.0
1,0,1,2,1,1031.018682,1,1,58.5
1,0,1,3,1,1460.127293,1,1,78.0
1,0,1,3,1,1615.308151,1,1,130.0
0,0,0,2,1,910.0455023,1,1,52.0
0,0,0,2,1,1200.111638,1,1,43.0
1,0,1,3,1,2912.267929,1,1,320.0
1,0,0,4,1,4290.575529,1,1,290.0
1,0,1,3,1,1751.046821,1,1,230.0
1,1,0,3,1,1194.872909,0,1,55.0
1,0,0,2,1,809.5854922,1,1,100.0
1,0,1,4,1,2124.896706,1,1,180.0
1,0,1,2,1,885.0103937000001,1,1,430.0
0,0,0,2,1,1185.146168,1,1,90.0
0,0,0,2,1,930.2325581,1,1,30.0
1,1,1,2,1,499.6366279,0,0,110.0
0,0,1,3,1,1576.109498,1,1,38.0
1,0,0,3,1,2449.26522,1,1,210.0
1,1,1,2,1,1448.225923,0,1,140.0
1,0,1,3,1,1401.164044,1,1,65.0
0,0,1,2,1,1153.324288,1,1,25.5
0,0,0,1,1,600.0,1,1,33.0
1,1,1,1,1,454.3463296,0,0,72.6
2,0,0,1,1,895.1048950999999,1,0,32.0
1,0,0,2,1,1250.0,1,1,50.0
1,0,0,2,1,1140.021459,1,1,85.0
1,0,0,2,1,1500.150015,1,1,100.0
0,0,0,2,1,1225.02827,1,1,65.0
1,0,1,4,1,2571.428571,1,1,180.0
1,0,0,3,1,1600.0,1,1,250.0
0,0,1,3,1,1829.826167,1,1,100.0
1,1,1,1,1,457.0042902,0,0,98.0
1,0,0,3,1,2300.084336,1,1,300.0
1,0,1,3,1,2033.249611,1,1,170.0
1,0,0,3,1,1851.021959,1,1,950.0
0,0,0,3,1,1665.231123,1,1,58.0
1,1,0,2,1,1122.140699,0,1,78.0
0,0,0,1,1,651.0003176,1,1,20.5
1,1,1,3,1,1489.108911,0,0,75.2
1,0,1,4,1,2189.839572,1,0,81.9
0,0,0,2,1,980.0918836,1,1,32.0
0,0,1,2,1,1195.219124,1,1,51.0
1,1,1,2,1,696.0879855000001,0,1,100.0
1,0,1,1,1,674.8826291,1,1,23.0
0,0,0,2,1,920.0,1,1,46.0
0,0,0,2,1,693.9854594,1,1,21.0
1,0,1,3,1,1605.605021,1,1,110.0
1,0,0,2,1,1139.014684,1,1,83.0
1,0,1,1,1,622.8956228999999,1,1,25.9
1,0,0,3,1,1738.0509,1,1,140.0
1,0,0,3,1,1330.203443,1,1,51.0
1,0,0,4,1,2800.0,1,1,700.0
0,0,0,2,1,730.0602299999999,1,1,40.0
0,0,0,3,1,1615.695326,1,1,84.0
1,0,1,1,1,641.0256410000001,1,1,35.0
1,0,0,2,1,1055.194805,1,1,32.5
1,1,1,2,1,1011.680309,0,1,110.0
0,0,0,2,1,974.025974,1,1,48.0
1,1,0,1,1,760.0,0,1,24.7
1,1,1,2,1,572.4098454,0,0,130.0
0,0,0,3,1,1500.150015,1,1,50.0
1,1,0,3,1,1263.1578949999998,0,1,72.0
0,0,1,2,1,840.0,1,1,42.0
2,0,1,2,1,1100.0,1,0,36.3
1,0,0,3,1,1263.902932,1,1,100.0
1,0,0,2,1,1282.051282,1,1,68.0
1,0,0,1,1,450.0211775,1,1,85.0
0,0,0,3,1,1300.0,1,1,65.0
0,1,0,3,1,1265.182186,0,1,25.0
1,0,0,2,1,883.2059055999999,1,1,33.5
1,1,1,3,1,1620.2680810000002,0,1,220.0
0,0,0,2,1,780.0312012,1,1,20.0
0,0,0,2,1,807.4283407,1,1,20.0
0,0,0,1,1,550.0550055,1,1,25.0
0,0,0,2,1,1000.0,1,1,51.0
1,1,0,2,1,1010.0,0,1,20.2
0,0,1,2,1,1000.0,1,1,55.0
1,0,0,3,1,1687.478907,1,1,150.0
1,0,1,3,1,1645.091694,1,1,61.0
1,0,0,3,1,1451.216789,1,1,65.0
1,1,1,2,1,699.6812562999999,0,1,180.0
0,0,0,3,1,2071.500167,1,1,62.0
1,0,0,3,1,1869.158879,1,0,110.0
1,1,1,1,1,463.0021142,0,0,21.9
1,0,0,4,1,2746.365105,1,1,170.0
2,1,0,2,1,932.2625698,0,0,26.7
1,0,1,5,1,3558.718861,1,1,110.0
1,0,0,2,1,1068.75,1,1,34.2
1,1,1,3,1,642.3394151000001,0,0,25.7
1,1,1,3,1,2995.370791,0,1,330.0
0,0,0,3,1,1450.589302,1,1,32.0
1,0,1,4,1,3193.102898,1,1,800.0
0,0,0,2,1,1200.0,1,1,60.0
0,0,0,3,1,1699.497876,1,1,44.0
1,0,0,3,1,1825.201825,1,1,52.0
1,0,0,1,1,675.0675068,1,1,60.0
0,0,0,2,1,820.2099738,1,1,25.0
1,0,0,3,1,1841.213728,1,1,250.0
1,1,1,1,1,685.0357741,0,1,45.0
1,0,1,3,1,1995.759012,1,1,160.0
1,0,0,3,1,1388.4829,1,1,190.0
1,0,1,3,1,1711.9100019999998,1,1,140.0
1,0,0,2,1,875.0607681,1,1,90.0
1,0,0,3,1,1369.0975130000002,1,1,98.0
1,1,1,2,1,603.5578145,0,0,76.0
0,0,1,3,1,1333.333333,1,1,1.0
1,1,0,2,1,1000.0,0,1,45.0
1,0,0,3,1,1375.24558,1,1,42.0
1,0,0,1,1,635.1292159,1,1,29.0
0,0,0,3,1,1375.24558,1,1,42.0
1,0,0,2,1,933.6465062,1,1,31.8
1,0,0,2,1,900.0452284,1,1,19.9
1,0,1,2,1,1200.252685,1,1,38.0
1,0,0,3,1,2310.030395,1,1,950.0
1,0,1,2,1,1300.21214,1,1,190.0
1,0,0,3,1,1245.210728,1,1,52.0
1,0,0,1,1,610.0536847,1,1,50.0
1,0,0,3,1,2255.588169,1,1,99.9
0,0,0,1,1,540.1755571,1,1,8.0
1,0,0,2,1,960.0,1,1,120.0
1,0,1,3,1,1752.966559,1,1,130.0
1,1,1,2,1,491.5883767,0,0,45.0
0,0,0,2,1,1199.904008,1,1,50.0
1,0,1,3,1,1444.872783,1,1,93.7
1,0,0,2,1,1111.111111,1,1,15.9
1,0,0,2,1,800.0,1,1,95.0
1,0,0,1,1,665.0544135,1,1,55.0
1,0,0,3,1,1699.854298,1,1,70.0
1,0,0,3,1,1602.136182,1,1,120.0
2,1,1,2,1,622.1279603999999,0,0,35.2
1,0,0,1,1,600.0857265,1,1,28.0
0,0,0,2,1,930.3246239,1,1,23.5
1,0,0,3,1,2255.3782100000003,1,1,130.0
1,0,0,3,1,2100.105005,1,1,120.0
1,1,1,2,1,1149.954002,0,1,150.0
0,0,0,2,1,850.0188893,1,1,45.0
1,0,0,3,1,1729.305972,1,1,150.0
1,0,0,1,1,487.5986471,1,1,17.3
1,0,1,1,1,559.9731213,1,1,100.0
1,0,0,2,1,216494.8454,1,1,420.0
1,0,1,3,1,1690.189929,1,1,97.0
1,0,0,3,1,1448.717949,1,1,67.8
0,0,0,2,1,1060.267857,1,1,38.0
1,0,0,4,1,3250.270856,1,1,150.0
0,0,0,2,1,1100.052383,1,1,63.0
1,1,1,2,1,560.758145,0,0,100.0
0,0,0,3,1,1599.803101,1,1,65.0
0,1,0,2,1,687.732342,0,1,18.5
1,0,0,1,1,600.0,1,1,66.0
1,0,0,3,1,1550.8684859999998,1,1,25.0
0,0,0,3,1,1315.0769710000002,1,1,170.0
0,0,0,2,1,1250.0,1,1,65.0
0,1,0,3,1,1414.913958,0,1,74.0
0,0,0,2,1,899.9742864,1,1,35.0
1,0,0,3,1,988.1965413,1,1,36.0
1,0,0,4,1,2829.044861,1,1,210.0
1,0,0,2,1,1033.362858,1,1,70.0
0,0,0,2,1,900.024325,1,1,37.0
1,0,0,2,1,850.0303582,1,1,28.0
1,0,1,1,1,747.3108133999999,1,0,39.6
0,0,0,2,1,1100.046318,1,1,95.0
0,0,0,3,1,1250.0,1,1,50.0
1,1,1,1,1,431.5585543,0,0,64.6
1,0,0,3,1,1800.180018,1,1,160.0
1,0,1,2,1,1150.040118,1,1,43.0
1,0,0,2,1,918.079096,1,1,52.0
0,0,0,1,1,670.2412869,1,1,12.5
1,0,1,2,1,921.069464,1,1,72.0
0,0,0,2,1,1075.268817,1,1,37.0
1,0,0,2,1,1074.883554,1,1,30.0
1,0,1,3,1,1492.132393,1,1,55.0
1,0,1,2,1,1301.960784,1,1,16.6
1,1,1,2,1,985.1736247,0,1,50.5
1,1,0,3,1,1482.213439,0,1,120.0
1,0,1,3,1,1575.203252,1,1,62.0
0,0,0,3,1,1450.139054,1,1,73.0
1,0,0,2,1,1113.888889,1,1,40.1
1,0,1,2,1,963.2683658,1,1,25.7
0,0,0,3,1,1050.199538,1,1,50.0
1,0,0,2,1,949.7206704,1,1,170.0
1,1,1,3,1,1160.811695,0,1,53.2
0,0,0,3,1,2021.276596,1,1,95.0
1,1,1,2,1,919.3993258,0,1,180.0
0,0,0,2,1,1187.119751,1,1,80.0
0,0,0,2,1,1280.199944,1,1,46.1
1,1,1,1,1,781.4285714,0,1,54.7
0,0,0,3,1,1500.0,1,1,390.0
0,0,0,2,1,1065.1090880000002,1,1,62.0
0,0,0,2,1,1300.268097,1,1,48.5
1,1,1,1,1,651.4657980000001,0,1,100.0
1,0,0,2,1,760.9756097999999,1,1,15.6
1,0,0,2,1,1350.048216,1,1,140.0
1,0,1,2,1,1224.489796,1,1,30.0
0,0,0,1,1,296.969697,1,1,4.9
0,0,0,2,1,1200.0,1,1,54.0
1,0,0,2,1,1109.148017,1,1,56.5
1,0,1,2,1,771.0280374,1,1,99.0
1,1,1,2,1,988.8751545,0,1,160.0
0,0,0,2,1,850.3401361,1,1,20.0
1,1,0,2,1,1065.384615,0,1,27.7
1,0,0,2,1,1106.006466,1,1,65.0
1,0,0,3,1,1427.165354,1,1,87.0
1,0,1,3,1,1850.383294,1,1,70.0
2,0,1,3,1,2017.56526,1,0,82.7
0,0,0,2,1,544.032642,1,1,32.0
1,1,1,1,1,675.0675068,0,1,30.0
0,0,0,2,1,1092.194025,1,1,34.0
0,0,0,2,1,979.934671,1,1,42.0
1,0,0,4,1,2625.714286,1,1,91.9
1,0,0,2,1,925.1471825,1,1,55.0
0,0,0,2,1,750.0,1,1,15.0
1,1,1,2,1,1260.0,0,1,81.9
0,0,0,2,1,640.2048656000001,1,1,15.0
1,0,0,1,0,450.0450045,1,1,30.0
1,0,1,2,1,495.378544,1,0,47.7
0,0,0,3,1,1649.560117,1,1,45.0
1,0,1,3,1,1687.40772,1,1,160.0
0,0,0,2,1,1350.256549,1,1,50.0
1,0,0,1,1,225.005181,1,1,76.0
1,0,1,3,1,2016.564638,1,1,280.0
0,0,0,2,1,1200.0,1,1,60.0
1,1,1,2,1,950.444861,0,0,360.0
1,1,1,1,1,700.0622278,0,1,45.0
0,0,0,3,1,1400.098831,1,1,85.0
1,0,0,3,1,1577.079774,1,1,120.0
2,0,1,2,1,500.5347594,1,0,23.4
0,1,0,2,1,990.0990099,0,1,50.0
1,0,0,3,1,2250.056251,1,1,600.0
0,0,0,2,1,800.0,1,1,25.0
0,0,0,2,1,700.0538502999999,1,1,39.0
0,0,0,1,1,800.0,1,1,19.0
1,0,0,4,1,3596.198305,1,1,280.0
0,0,0,3,1,1775.037369,1,1,95.0
1,0,0,2,1,800.0,1,1,29.0
0,0,1,2,1,1299.82669,1,1,45.0
0,0,1,2,1,1171.833387,1,1,110.0
0,0,0,1,1,860.1177002999999,1,1,38.0
1,0,0,2,1,1049.92574,1,1,91.9
0,0,0,3,1,1725.274725,1,1,78.5
1,1,1,2,1,1092.355452,0,1,56.3
1,0,0,2,1,1130.143034,1,1,64.0
0,0,1,3,1,1541.210632,1,1,69.0
0,0,0,4,1,4067.520846,1,1,200.0
1,0,0,2,1,1060.029957,1,1,92.0
1,0,1,2,1,1350.048216,1,1,280.0
0,0,0,3,1,1402.24359,1,1,70.0
1,0,0,2,1,1176.03912,1,1,48.1
1,0,0,3,1,2106.445724,1,1,150.0
1,0,0,2,1,968.9296557,1,1,150.0
0,0,0,3,1,1400.147384,1,1,38.0
1,0,1,3,1,1819.505095,1,1,100.0
0,0,1,2,1,964.6962233,1,1,23.5
0,0,0,2,1,712.0478496000001,1,1,25.0
1,1,1,4,1,2600.004771,0,1,1090.0
0,0,0,3,1,1312.106368,1,1,150.0
0,0,0,2,1,650.1422186000001,1,1,16.0
1,0,1,2,1,1204.819277,1,1,55.0
1,0,0,1,1,449.64028780000007,1,1,12.5
0,0,0,2,1,854.0795929,1,1,47.0
1,0,0,2,1,900.1058947999999,1,1,25.5
0,0,0,3,1,843.8818564999999,1,1,50.0
1,0,0,1,1,585.000585,1,1,50.0
1,0,0,3,1,1750.087504,1,1,150.0
0,0,1,3,1,1375.137514,1,1,50.0
0,0,0,2,1,830.0395257,1,1,21.0
1,1,1,3,1,895.6796627999998,0,0,170.0
0,0,0,2,1,1012.01771,1,1,32.0
0,0,0,3,1,2057.613169,1,1,75.0
1,0,1,4,1,1306.2409289999998,1,1,54.0
1,0,0,2,1,1070.05855,1,1,53.0
1,0,1,3,1,1983.053903,1,1,110.0
0,0,0,2,1,1170.327692,1,1,32.5
0,0,0,3,1,1180.173092,1,1,45.0
1,0,0,2,1,1334.586466,1,1,28.4
1,0,0,1,1,583.1212892000001,1,1,27.5
1,0,0,2,1,980.2431611,1,1,25.8
0,0,0,2,1,1110.053917,1,1,35.0
0,0,1,3,1,1299.9835449999998,1,1,79.0
1,0,0,2,1,1200.171453,1,1,56.0
1,0,0,3,1,2502.085071,1,1,120.0
1,1,1,2,1,984.0288511,0,1,95.5
1,0,0,2,1,984.9790692,1,1,40.0
1,0,0,2,1,1050.0718470000002,1,1,95.0
1,0,0,2,1,970.9594845,1,1,110.0
0,0,0,4,1,2660.575114,1,1,99.0
1,0,0,2,1,899.9550022,1,1,60.0
1,0,1,2,1,950.0285009,1,1,50.0
1,0,0,2,1,950.0059375,1,1,80.0
1,0,0,2,1,1130.0043050000002,1,1,1050.0
1,0,1,3,1,1481.158789,1,1,68.0
1,0,1,2,1,1199.760048,1,1,40.0
0,0,0,3,1,1660.038043,1,1,96.0
1,0,0,3,1,1250.0,1,1,67.0
0,0,0,2,1,600.0,1,1,48.0
0,0,0,1,1,555.0986842,1,1,27.0
1,0,1,2,1,1026.058632,1,1,94.5
1,0,0,1,1,700.0840101,1,1,50.0
1,0,0,3,1,2368.157391,1,1,260.0
1,0,0,2,1,1000.0,1,1,140.0
0,0,0,1,1,675.2954417999999,1,1,12.0
1,1,1,1,1,560.0229753,0,1,39.0
1,0,0,2,1,1000.0,1,1,24.0
1,1,0,1,1,785.0401341,0,1,89.0
2,1,0,1,1,420.2961672,0,0,19.3
0,0,0,2,1,910.1251422,1,1,24.0
1,1,1,2,1,1069.720614,0,1,170.0
1,0,0,4,1,2400.1371510000004,1,1,140.0
1,0,0,2,1,920.1042785,1,1,60.0
1,0,0,3,1,1500.0,1,1,36.0
1,0,1,1,1,690.0172504,1,1,92.0
1,0,0,2,1,1050.047729,1,1,77.0
1,1,1,3,1,954.3990507,0,0,56.3
0,0,1,2,1,1102.088167,1,1,57.0
0,0,0,2,1,1000.0,1,1,35.0
1,0,1,2,1,92383.49415,1,0,9000.0
1,0,1,2,1,1465.087282,1,1,70.5
1,1,1,1,1,600.0,0,0,46.8
0,0,0,2,1,1200.097967,1,1,49.0
0,0,0,1,1,500.0,1,1,11.5
1,1,1,2,1,604.4952465,0,1,110.0
0,0,0,2,1,1025.190393,1,1,35.0
1,0,0,3,1,1345.09042,1,1,90.0
1,0,0,3,1,2400.112946,1,1,170.0
0,0,0,2,1,1300.2022539999998,1,1,45.0
1,0,1,4,1,2771.855011,1,1,130.0
0,0,0,2,1,1010.10101,1,1,77.0
1,0,0,4,1,2833.21015,1,1,230.0
1,0,0,4,1,3800.0,1,1,380.0
0,0,0,1,1,549.8533723999999,1,1,15.0
0,0,0,2,1,1099.5370369999998,1,1,19.0
1,0,0,4,1,3285.758291,1,1,320.0
0,0,0,1,1,419.8152813,1,1,20.0
0,0,0,2,1,1050.539466,1,1,18.5
1,1,0,3,1,1323.23521,0,1,46.3
0,1,0,2,1,1049.868766,0,1,40.0
1,0,1,3,1,1328.983931,1,1,110.0
1,1,1,2,1,1113.924051,0,0,66.0
1,0,1,2,1,1069.028711,1,1,210.0
1,0,0,3,1,1697.07255,1,1,160.0
1,0,0,3,1,1706.72735,1,1,120.0
1,0,0,3,1,2812.939522,1,1,260.0
1,0,0,2,1,925.096986,1,1,31.0
1,0,0,3,1,1674.022219,1,1,110.0
1,1,0,1,1,385.0473287,0,1,24.0
1,1,1,2,1,669.0279418,0,0,85.0
1,1,0,3,1,1118.181818,0,1,36.9
0,1,0,2,1,759.4361073,0,1,16.7
1,1,0,3,1,1571.428571,0,1,110.0
0,1,1,3,1,1204.081633,0,1,29.5
1,0,0,2,1,777.0190723,1,1,33.0
1,0,0,1,1,635.0136772000001,1,1,65.0
1,0,1,4,1,1490.042157,1,1,410.0
0,0,0,3,1,1480.165779,1,1,50.0
1,0,0,2,1,1175.180194,1,1,75.0
0,0,0,2,1,979.8865395,1,1,38.0
1,0,0,2,1,1055.023535,1,1,65.0
0,0,0,3,1,1450.276243,1,1,42.0
1,0,0,3,1,1749.781277,1,1,80.0
0,0,0,1,1,598.0066445,1,1,36.0
1,0,0,1,1,622.6750767999999,1,1,38.5
1,0,0,2,1,808.3333332999999,1,1,38.8
1,0,1,3,1,1513.866232,1,1,46.4
1,1,1,3,1,2081.165453,0,1,620.0
1,1,0,3,1,1234.375,0,1,39.5
1,0,1,3,1,1554.009998,1,1,71.5
1,1,1,2,1,1290.054099,0,1,62.0
0,0,0,2,1,1008.120975,1,1,36.0
1,0,0,2,1,1068.577535,1,1,170.0
1,0,0,3,1,1389.808074,1,1,21.0
1,0,0,2,1,1100.110011,1,1,80.0
0,0,0,2,1,1250.0,1,1,50.0
1,0,0,2,1,1100.070972,1,1,62.0
0,0,0,1,1,402.0549475,1,1,18.0
1,1,1,4,1,2250.118427,0,1,95.0
1,0,1,2,1,1074.91318,1,1,130.0
1,1,1,1,1,525.0205086,0,1,64.0
0,0,1,3,1,1660.8996539999998,1,1,120.0
1,0,0,3,1,1573.831776,1,1,84.2
1,0,0,2,1,1025.810721,1,1,31.0
0,0,0,2,1,800.0,1,1,25.0
1,0,1,3,1,1358.3815029999998,1,1,47.0
1,0,0,1,1,430.0705316,1,1,25.0
1,0,0,3,1,1820.020222,1,1,90.0
1,0,0,4,1,3850.050659000001,1,1,380.0
1,0,1,2,1,1124.236253,1,1,27.6
0,0,0,3,1,1890.148988,1,1,85.0
1,0,1,1,1,420.0076365000001,1,1,22.0
1,0,1,2,1,987.1244635,1,1,46.0
1,0,0,2,1,932.2033898,1,1,110.0
1,0,0,3,1,1036.10675,1,1,33.0
0,0,0,2,1,1650.165017,1,1,120.0
1,0,1,3,1,3163.503164,1,1,190.0
1,0,0,1,1,550.0982318,1,1,19.6
0,0,0,1,1,436.0056259,1,1,31.0
0,0,1,2,1,771.8814611,1,1,11.2
0,0,0,2,1,590.0948367000001,1,1,28.0
0,1,1,2,1,1084.875558,0,1,85.0
0,0,1,1,1,630.1824212,1,1,19.0
0,0,0,1,1,592.1052632,1,1,18.0
1,0,0,4,1,6829.654558,1,1,690.0
1,0,0,3,1,1275.0,1,1,45.9
1,0,0,1,1,624.0249610000001,1,1,52.0
1,1,0,4,1,1625.0,0,1,130.0
1,0,0,2,1,1250.0,1,1,58.0
1,0,0,4,1,2773.969327,1,1,870.0
0,0,0,3,1,1586.602027,1,1,36.0
0,0,0,1,1,750.0914746000001,1,1,41.0
1,0,0,3,1,2454.545455,1,1,270.0
0,0,0,2,1,600.0,1,1,19.8
1,0,0,2,1,1098.297639,1,1,160.0
1,0,0,3,1,1310.902338,1,1,60.0
1,0,0,2,1,1351.351351,1,1,240.0
1,0,0,2,1,988.8888889,1,1,71.2
0,0,0,2,1,1386.001386,1,1,40.0
1,0,0,1,1,575.0025218999999,1,1,57.0
0,0,0,3,1,1283.28521,1,1,40.0
1,1,1,1,1,580.0095344,0,1,73.0
1,0,0,3,1,1524.528302,1,1,80.8
0,0,0,2,1,1171.1711710000002,1,1,65.0
0,0,0,3,1,1284.615385,1,1,33.4
0,0,0,2,1,1104.100946,1,1,35.0
1,0,1,3,1,1534.632932,1,1,37.0
0,0,0,2,1,940.1441554,1,1,30.0
0,0,0,2,1,758.0064431,1,1,80.0
0,0,0,2,1,1234.1869789999998,1,1,40.0
1,0,0,3,1,947.4309474,1,1,31.9
0,0,1,2,1,1189.885969,1,1,48.0
1,0,0,3,1,1500.015,1,1,500.0
1,0,0,2,1,1250.0,1,1,82.0
0,0,0,2,1,1217.03854,1,1,60.0
1,0,0,3,1,969.8825932,1,1,57.0
1,0,0,3,1,1070.2166539999998,1,1,41.0
0,0,0,1,1,487.0489263,1,1,22.0
0,0,0,3,1,1650.038373,1,1,43.0
1,0,0,3,1,1775.0604010000002,1,1,360.0
1,0,0,3,1,1620.029455,1,1,33.0
0,0,0,2,1,711.0057768999999,1,1,48.0
1,0,1,2,1,837.0616251,1,1,58.0
1,0,1,2,1,1080.108011,1,1,36.0
1,0,0,2,1,1430.013459,1,1,170.0
1,0,0,2,1,1148.178861,1,1,180.0
1,0,1,3,1,1349.116873,1,1,35.9
1,1,0,2,1,1161.971831,0,1,99.0
1,0,1,2,1,1197.60479,1,1,100.0
0,0,0,2,1,712.158137,1,1,26.3
1,1,0,2,1,942.0076537999998,0,1,32.0
1,0,1,3,1,1699.91327,1,1,98.0
0,0,0,3,1,1750.10175,1,1,86.0
1,0,0,2,1,1000.0,1,1,38.0
0,0,0,2,1,864.0552994999999,1,1,30.0
1,1,1,3,1,90931.43278,0,0,7400.0
1,0,1,3,1,1600.698487,1,1,55.0
1,1,1,3,1,1966.844619,0,1,210.0
1,0,0,3,1,2449.77952,1,1,150.0
0,0,0,2,1,936.4890175,1,1,55.0
1,0,1,3,1,1501.123596,1,1,66.8
1,0,0,3,1,1380.02415,1,1,80.0
0,1,1,2,1,1064.131669,0,1,75.0
1,0,0,2,1,851.3513514,1,1,31.5
1,0,0,2,1,1160.092807,1,1,110.0
0,0,0,2,1,1200.1297439999998,1,1,74.0
1,0,0,3,1,1377.018044,1,1,290.0
1,0,0,2,1,1250.0,1,1,77.0
0,0,0,3,1,1598.719677,1,1,94.9
1,1,1,1,1,322.0110107,0,1,62.0
0,0,0,3,1,1643.911953,1,1,59.0
1,0,0,1,1,685.0495476,1,1,31.8
1,0,0,2,1,753.0454042,1,1,34.0
0,0,0,4,1,1399.776036,1,1,50.0
1,0,1,4,1,3199.756209,1,1,210.0
1,0,0,2,1,1200.20429,1,1,47.0
0,0,0,3,1,2392.017496,1,1,350.0
0,0,1,2,1,800.0,1,1,35.0
0,0,0,1,1,570.0035625,1,1,32.0
1,0,0,2,1,1115.04657,1,1,85.0
0,0,0,1,1,750.0986972000001,1,1,19.0
1,0,0,4,1,3150.684932,1,1,230.0
0,0,0,2,1,950.0,1,1,19.0
1,0,0,2,1,960.0,1,1,24.0
1,1,1,2,1,1107.624146,0,1,180.0
0,0,0,3,1,1470.155837,1,1,100.0
1,0,0,2,1,1065.088757,1,1,54.0
1,0,1,2,1,926.0378879,1,0,91.9
0,0,0,2,1,1100.296234,1,1,26.0
1,0,1,2,1,1060.0706710000002,1,1,87.0
1,0,0,2,1,905.1724138,1,1,42.0
1,0,0,3,1,1419.4811550000002,1,1,58.0
1,0,0,2,1,1000.0,1,1,72.0
1,0,0,1,1,800.0,1,1,49.0
0,0,0,1,1,620.0396825,1,1,12.5
0,0,0,3,1,1540.238737,1,1,40.0
1,0,0,2,1,1099.706745,1,1,30.0
0,0,0,3,1,1405.975395,1,1,72.0
1,0,0,2,1,1089.056736,1,1,62.0
1,0,1,3,1,1505.154639,1,1,73.0
0,0,0,3,1,1862.428607,1,1,75.0
1,0,1,2,1,592.1364282000001,1,1,25.0
0,0,0,3,1,1450.245426,1,1,65.0
0,0,0,3,1,1125.265393,1,1,26.5
1,0,0,1,1,535.0384967,1,1,41.0
0,0,0,2,1,1300.236407,1,1,55.0
1,0,1,3,1,1763.307985,1,1,37.1
1,0,0,2,1,1040.0,1,1,65.0
0,0,0,2,1,1055.176962,1,1,48.0
1,0,0,2,1,1240.566525,1,1,120.0
1,0,0,3,1,1650.165017,1,1,60.0
1,0,0,3,1,1100.0,1,1,330.0
0,0,0,1,1,595.0167347999999,1,1,16.0
0,0,0,3,1,2600.0,1,1,260.0
0,0,0,3,1,1774.766054,1,1,110.0
1,0,0,2,1,1085.271318,1,1,21.0
1,0,0,3,1,900.0205719,1,1,350.0
1,1,1,3,1,1634.028216,0,1,77.6
1,0,0,2,1,1300.0,1,1,26.0
1,0,1,2,1,585.1186362999999,1,1,25.4
1,0,1,2,1,1395.038515,1,1,230.0
0,0,0,2,1,858.0744809,1,1,50.0
1,1,1,1,1,600.0481,0,1,49.9
1,0,0,3,1,1625.663813,1,1,150.0
1,0,0,3,1,1582.278481,1,1,130.0
1,1,1,1,1,641.0009625,0,1,99.9
1,1,0,2,1,917.7777778,0,1,82.6
0,0,0,2,1,1296.082949,1,1,90.0
1,0,1,4,1,3536.568114,1,1,250.0
1,0,1,3,1,847.4065139,1,1,28.1
1,0,0,2,1,924.4773147,1,1,130.0
1,0,0,3,1,2600.183542,1,1,170.0
0,0,0,3,1,1748.251748,1,1,70.0
1,0,1,2,1,1250.0,1,1,22.0
1,1,0,1,1,600.0705965,0,1,34.0
1,0,1,1,1,470.0592683,1,1,23.0
1,0,0,2,1,929.9442033,1,1,15.0
0,0,0,3,1,2052.655065,1,1,46.0
1,0,0,2,1,1000.0,1,1,79.0
0,0,0,2,1,820.9057327,1,1,60.0
0,0,0,5,1,863.9705882000001,1,1,47.0
0,0,0,4,1,2375.071252,1,1,250.0
0,0,0,2,1,1000.0,1,1,45.0
0,1,0,3,1,2218.278616,0,1,350.0
0,0,0,2,1,980.0226159,1,1,52.0
0,0,0,2,1,1100.478469,1,1,23.0
1,0,0,3,1,2559.181062,1,0,160.0
0,0,0,2,1,1130.099228,1,1,41.0
0,0,0,2,1,1199.873698,1,1,38.0
0,0,0,3,1,1652.173913,1,1,190.0
0,0,0,2,1,1400.0,1,1,21.0
1,1,1,1,1,618.0811808,0,0,33.5
0,0,0,3,1,1300.390117,1,1,40.0
2,1,1,3,1,943.3962264,0,0,28.0
1,0,1,3,1,1252.236136,1,1,210.0
0,0,0,1,1,574.8397082,1,1,26.0
1,0,0,3,1,1481.700993,1,1,100.0
0,0,0,3,1,1550.087192,1,1,80.0
0,0,1,3,1,2849.228334,1,1,72.0
1,1,1,3,1,2916.666667,0,0,280.0
1,0,1,1,1,650.0221597999999,1,1,44.0
0,0,0,4,1,2597.065316,1,1,200.0
1,0,0,2,1,1118.985453,1,1,180.0
1,0,0,2,1,969.6969697,1,1,160.0
1,0,1,2,1,599.9250093999999,1,1,32.0
0,0,0,1,1,499.8809807,1,1,21.0
1,0,0,2,1,1000.0,1,1,67.0
1,0,0,1,1,626.5586035,1,1,20.1
1,1,0,3,1,1250.0,0,1,32.5
0,0,0,3,1,1700.0,1,1,85.0
0,0,1,2,1,750.1071582000001,1,1,35.0
1,1,1,2,1,823.3580341,0,1,130.0
0,0,0,1,1,612.3341594999999,1,1,42.0
0,1,0,3,1,1184.91921,0,1,33.0
1,1,1,3,1,1484.56057,0,1,150.0
1,0,0,7,1,4599.816007,1,1,950.0
1,0,1,2,1,1150.0946279999998,1,1,79.0
1,0,1,3,1,1698.911729,1,1,56.2
0,0,1,2,1,1080.093054,1,1,65.0
1,0,1,3,1,1960.040465,1,1,310.0
1,1,1,1,1,716.0126465,0,1,38.5
1,0,0,2,1,1020.024695,1,1,190.0
0,0,0,2,1,720.0,1,1,27.0
1,0,0,2,1,1378.201447,1,1,120.0
1,0,1,2,1,1230.8114039999998,1,1,44.9
1,0,0,1,1,406.3088686,1,1,110.0
0,0,0,3,1,1450.133175,1,1,49.0
1,1,1,2,1,704.0166,0,0,190.0
1,0,0,3,1,1800.25718,1,1,42.0
0,0,1,2,1,1020.199959,1,1,50.0
1,0,1,2,1,107460.9432,1,0,7360.0
0,0,0,1,1,681.0133479,1,1,25.0
0,0,0,2,1,1000.0,1,1,16.0
1,0,0,2,1,1111.111111,1,1,17.1
1,0,1,2,1,1210.165389,1,1,60.0
1,1,1,2,1,665.0430872999999,0,1,71.0
1,0,1,2,1,1055.06948,1,1,82.0
1,1,1,4,1,2334.899143,0,1,84.5
0,0,0,3,1,1014.051862,1,1,70.0
1,0,0,2,1,1368.925394,1,1,220.0
1,0,1,2,1,1039.861352,1,1,60.0
0,0,0,2,1,943.1892959,1,1,43.0
1,0,0,4,1,3954.132068,1,1,300.0
0,0,0,2,1,1200.0,1,1,45.0
1,0,0,2,1,1337.067706,1,1,54.9
0,0,0,2,1,1348.314607,1,1,48.0
0,0,0,2,1,650.0847937000001,1,1,23.0
1,0,0,3,1,1177.777778,1,1,31.8
0,0,1,2,1,870.0380642000001,1,1,80.0
1,1,1,1,1,415.62118,0,0,64.6
2,0,1,3,1,2066.61804,1,0,170.0
1,0,0,4,1,2014.443177,1,1,53.0
0,0,1,2,1,819.8961465,1,1,30.0
1,0,0,3,1,2052.672347,1,1,53.0
0,0,0,2,1,1390.176089,1,1,120.0
0,0,0,3,1,1100.052383,1,1,42.0
1,0,0,1,1,650.0334576,1,1,68.0
0,0,0,3,1,2018.043685,1,1,85.0
1,0,1,2,1,1060.083284,1,1,89.1
0,0,0,1,1,527.4261603,1,1,20.0
0,0,0,1,1,605.0898736,1,1,34.0
1,1,1,3,1,2232.929839,0,1,190.0
1,0,0,3,1,2040.09434,1,1,51.9
0,0,0,2,1,1296.036289,1,1,120.0
1,1,0,2,1,910.6382979,0,1,42.8
1,0,0,2,1,973.3183014,1,1,25.9
1,0,1,2,1,869.8453607999999,1,1,27.0
0,0,0,2,1,840.8234271,1,1,29.0
0,0,1,3,1,1400.0,1,1,63.0
0,0,0,2,1,900.0195656,1,1,46.0
1,0,1,2,1,1090.068267,1,1,99.0
0,0,0,2,1,975.0390016,1,1,75.0
1,0,0,13,1,10460.25105,1,1,500.0
1,1,1,2,1,992.3664122,0,1,260.0
1,0,1,3,1,1606.640782,1,1,120.0
1,1,1,3,1,660.0500282,0,0,81.8
0,0,0,2,1,730.1587302,1,1,23.0
1,1,0,4,1,2927.525884,0,1,410.0
1,0,0,3,1,1733.501737,1,1,54.9
0,0,1,3,1,2361.460957,1,1,150.0
1,0,1,3,1,2752.752753,1,1,220.0
0,0,1,2,1,1575.866727,1,1,35.0
0,0,0,2,1,1226.993865,1,1,52.0
2,1,1,3,1,1800.0,0,0,180.0
0,1,1,3,1,1660.042086,0,1,71.0
0,0,0,3,1,1780.233272,1,1,58.0
0,0,0,3,1,1585.014409,1,1,110.0
0,0,0,2,1,1070.717131,1,1,43.0
0,0,0,3,1,2028.103723,1,1,280.0
0,0,0,3,1,1400.0,1,1,35.0
0,0,0,2,1,484.3994871,1,1,34.0
2,0,0,3,1,1300.0,1,0,71.5
1,1,1,2,1,1000.0,0,1,100.0
1,0,0,3,1,1707.9419300000002,1,1,80.0
1,0,1,1,1,412.979351,1,0,35.0
0,0,0,2,1,1170.311056,1,1,38.0
1,1,0,2,1,979.9918334,0,1,48.0
1,0,1,3,1,1984.126984,1,1,250.0
1,1,1,2,1,1234.210526,0,1,46.9
0,0,0,3,1,1399.825022,1,1,48.0
1,1,1,2,1,1045.118532,0,1,82.0
1,0,0,1,1,635.0550381,1,1,45.0
0,0,0,2,1,864.1382620999999,1,1,36.0
1,0,0,3,1,1350.059065,1,1,240.0
1,0,1,3,1,1799.0141399999998,1,1,500.0
0,0,0,2,1,777.3109244,1,1,18.5
0,0,1,2,1,1014.084507,1,1,36.0
1,1,0,1,1,846.1538462000001,0,1,55.0
1,0,1,3,1,2100.178515,1,1,200.0
0,0,0,3,1,1377.199694,1,1,72.0
1,1,1,2,1,570.0,0,0,22.8
1,0,1,3,1,1480.165779,1,1,75.0
1,0,0,3,1,1821.103374,1,1,1020.0
1,0,0,4,1,2610.086722,1,1,310.0
0,0,0,2,1,750.0,1,1,21.0
1,0,0,3,1,2072.002072,1,1,160.0
1,0,0,3,1,1690.1968579999998,1,1,85.0
0,0,0,2,1,1225.02827,1,1,65.0
1,0,0,3,1,1100.0,1,1,33.0
0,0,0,4,1,2985.074627,1,1,250.0
1,0,1,3,1,2070.036226,1,1,120.0
1,0,0,3,1,1218.314011,1,1,310.0
0,0,0,1,1,436.0284041000001,1,1,35.0
2,1,1,3,1,1300.0,0,0,39.0
1,0,1,3,1,1475.128645,1,1,43.0
0,0,0,1,1,511.991377,1,1,19.0
1,0,0,1,1,650.0893873,1,1,40.0
1,1,1,2,1,616.1587636,0,1,240.0
0,0,0,1,1,548.5479613,1,1,18.7
1,0,0,2,1,1200.0,1,1,42.0
1,0,0,4,1,4000.0,1,1,3200.0
1,1,0,2,1,1115.866707,0,1,36.5
1,0,0,6,1,2250.0225,1,1,750.0
0,0,0,2,1,1050.098447,1,1,48.0
1,0,1,3,1,1575.2351099999998,1,1,60.3
1,0,0,1,1,629.0507052999999,1,1,33.0
1,0,0,3,1,1377.004033,1,1,280.0
0,0,0,2,1,1000.0,1,1,23.0
1,0,1,3,1,2758.132956,1,1,78.0
0,0,0,3,1,1515.151515,1,1,75.0
0,0,0,3,1,1291.382954,1,1,110.0
1,0,0,3,1,1400.1680199999998,1,1,100.0
1,0,0,3,1,1747.5970539999998,1,1,140.0
0,1,1,2,1,558.121632,0,1,14.5
1,0,1,1,1,690.0782088999999,1,1,45.0
1,1,1,1,1,600.0292697000001,0,1,41.0
1,0,0,2,1,700.0,1,1,70.0
1,0,0,3,1,1429.93327,1,1,75.0
0,0,0,2,1,955.2145318,1,1,30.5
1,0,0,2,1,981.1515621,1,1,38.0
1,0,0,1,1,700.0283795,1,1,74.0
0,0,0,2,1,750.0,1,1,24.0
1,0,0,2,1,1385.041551,1,1,65.0
1,0,0,2,1,1115.04657,1,1,85.0
1,0,0,2,1,1135.0737800000002,1,1,90.0
1,0,0,3,1,1490.2264369999998,1,1,77.0
0,0,1,2,1,700.0259269,1,1,27.0
0,0,0,1,1,700.0350017999999,1,1,40.0
1,0,0,2,1,1351.351351,1,1,240.0
0,0,0,2,1,1213.7559,1,1,36.0
1,0,1,5,1,4250.0,1,1,340.0
0,0,0,1,1,588.0969183999999,1,1,25.0
0,0,0,2,1,1378.122308,1,1,32.0
1,0,0,2,1,987.3104302000002,1,1,31.9
0,0,0,3,1,1404.180629,1,1,88.0
1,0,0,2,1,1176.124669,1,1,40.0
0,0,0,3,1,1175.241577,1,1,45.0
0,0,0,3,1,1650.051564,1,1,48.0
0,0,0,1,1,600.0,1,1,12.0
1,0,0,3,1,2230.0,1,1,66.9
1,0,1,3,1,1423.562412,1,1,60.9
1,1,0,1,1,441.91185020000006,0,0,38.0
0,0,0,2,1,796.0808327999999,1,1,26.0
2,0,0,4,1,2111.324376,1,0,110.0
1,0,1,3,1,2491.177081,1,1,120.0
0,0,0,3,1,1285.189718,1,1,42.0
0,0,0,1,1,575.0130684999999,1,1,22.0
1,0,0,4,1,2502.737369,1,1,160.0
0,0,0,4,1,1792.114695,1,1,75.0
1,1,1,3,1,1499.556949,0,1,220.0
1,0,0,3,1,2064.135643,1,1,280.0
1,0,1,3,1,1670.581327,1,1,56.9
1,1,0,3,1,1379.897785,0,1,40.5
1,0,1,3,1,990.8218607,1,1,190.0
1,0,0,3,1,1750.547046,1,1,48.0
1,0,1,3,1,1338.05513,1,1,69.9
1,1,1,1,1,599.245283,0,1,39.7
1,1,1,3,1,1994.163424,0,1,61.5
0,0,0,2,1,1250.0,1,1,80.0
1,0,0,3,1,1411.7647060000002,1,0,240.0
1,1,1,2,1,1250.718804,0,1,43.5
0,0,0,2,1,850.0510031,1,1,25.0
1,1,0,3,1,760.4562738,0,1,66.0
0,1,0,2,1,1097.560976,0,1,45.0
0,0,0,1,1,650.1422186000001,1,1,16.0
1,0,1,3,1,1333.333333,1,1,160.0
0,0,0,2,1,1176.792556,1,1,86.0
0,0,0,2,1,912.0569479,1,1,61.5
1,0,0,2,1,800.0,1,1,80.0
1,0,1,1,1,580.1569507,1,1,20.7
0,0,0,2,1,1085.069444,1,1,25.0
1,1,1,3,1,1614.850037,0,1,88.3
1,0,1,2,1,812.8429181,1,1,240.0
1,0,0,2,1,985.0651414,1,1,62.0
0,0,0,3,1,1700.1020059999998,1,1,50.0
1,0,0,4,1,3334.299797,1,1,230.0
0,0,0,2,1,950.0542888,1,1,35.0
1,0,0,3,1,1350.048216,1,1,70.0
1,1,0,2,1,805.0120752,0,1,230.0
1,0,0,3,1,1610.046691,1,1,100.0
1,0,0,1,1,540.0328716,1,1,23.0
1,0,0,1,1,575.0236774,1,1,85.0
1,0,0,2,1,1260.173274,1,1,48.0
0,0,0,3,1,1510.269835,1,1,75.0
1,0,1,2,1,1036.975587,1,1,87.5
1,0,1,2,1,1030.721966,1,1,67.1
0,0,0,2,1,975.177305,1,1,27.5
1,0,0,3,1,1384.970505,1,1,54.0
0,0,0,3,1,1334.927276,1,1,67.0
1,0,1,3,1,1611.8633140000002,1,1,300.0
1,0,1,2,1,1210.067764,1,1,100.0
1,0,1,2,1,1332.267519,1,1,150.0
1,0,1,2,1,989.6091044,1,1,20.0
1,1,1,1,1,570.0087694,0,0,39.0
0,0,0,1,1,350.0175009,1,1,10.0
2,0,0,3,1,1350.298624,1,0,52.0
1,0,0,3,1,1750.150875,1,1,58.0
1,0,0,2,1,1140.096618,1,1,59.0
1,0,0,2,1,1195.10009,1,1,120.0
1,0,0,1,1,699.9860003,1,1,300.0
0,0,0,2,1,1159.756451,1,1,40.0
1,1,0,3,1,1250.0,0,1,48.0
1,0,1,2,1,1164.973141,1,1,180.0
1,1,1,2,1,57800.5755,0,0,9240.0
1,0,0,4,1,3200.0,1,1,400.0
1,1,0,2,1,1139.534884,0,1,49.0
1,0,0,5,1,5042.179773,1,1,520.0
1,0,0,1,1,630.00063,1,1,300.0
1,1,1,4,1,3312.883436,0,1,270.0
0,0,0,2,1,871.0801393999999,1,0,25.0
0,0,0,2,1,712.1525385,1,1,31.0
1,1,1,1,1,485.7184283,0,1,33.5
1,0,0,3,1,1418.778894,1,1,89.0
1,0,0,4,1,2575.532442,1,1,260.0
1,0,0,3,1,2230.814991,1,1,150.0
1,1,0,1,1,679.6116505,0,1,30.1
1,0,0,3,1,1725.8116710000002,1,1,160.0
1,0,0,2,1,958.1337221,1,1,46.0
0,0,0,2,1,875.0341810000001,1,1,32.0
1,0,1,2,1,1118.899273,1,1,43.1
1,0,0,3,1,2388.535032,1,1,210.0
1,1,1,3,1,1350.795795,0,1,230.0
0,0,0,2,1,1169.064748,1,1,65.0
1,0,0,3,1,1922.54875,1,1,140.0
0,0,0,7,1,1800.107469,1,1,67.0
0,1,0,3,1,1543.209877,0,1,90.0
0,1,0,3,1,1405.090138,0,1,53.0
1,1,1,3,1,1669.865643,0,1,87.0
0,0,0,2,1,700.1166861,1,1,30.0
1,0,1,3,1,1152.073733,1,1,170.0
1,0,1,2,1,1489.629884,1,1,130.0
0,0,0,3,1,1737.2078329999997,1,1,82.5
1,0,0,3,1,2627.2578,1,1,160.0
1,1,1,2,1,1279.411765,0,1,43.5
1,1,1,4,1,1384.335155,0,0,190.0
1,0,1,2,1,57991.15603,1,0,4590.0
0,0,0,2,1,806.6477503,1,1,19.9
1,0,1,3,1,1508.12065,1,1,130.0
0,0,0,3,1,1485.148515,1,1,60.0
1,0,1,3,1,1895.287958,1,1,90.5
1,0,0,1,1,665.7534247000001,1,1,24.3
1,0,1,3,1,1726.320635,1,1,300.0
1,0,0,1,1,405.0155348,1,1,73.0
0,0,0,3,1,1250.0,1,1,62.0
0,0,0,3,1,1435.195407,1,1,65.0
1,0,0,1,1,650.026001,1,1,75.0
0,0,0,2,1,1450.133175,1,1,98.0
1,0,0,3,1,1689.996586,1,1,99.0
0,0,0,4,1,4000.0,1,1,380.0
1,1,0,1,1,533.0490405,0,1,17.5
0,1,0,2,1,1005.025126,0,1,30.0
1,0,0,2,1,1000.0,1,1,55.0
1,1,1,3,1,1453.128123,0,0,72.7
1,0,1,3,1,1598.990112,1,1,76.0
0,0,0,2,1,1269.2050769999998,1,1,38.0
1,1,0,1,1,743.0701141,0,1,31.9
0,0,0,2,1,949.754902,1,1,31.0
0,0,0,1,1,271.7490425,1,1,14.9
0,0,0,2,1,860.0727754000001,1,1,78.0
0,0,1,3,1,1157.048116,1,1,82.0
0,0,0,2,1,904.2657755,1,1,46.0
0,0,0,2,1,1261.222745,1,1,59.0
1,0,1,3,1,1638.115632,1,1,45.9
1,0,1,2,1,1038.48947,1,1,42.9
0,0,0,2,1,800.0,1,1,21.0
1,1,1,2,1,957.9691055,0,1,160.0
0,0,0,1,1,850.0188893,1,1,45.0
0,1,0,2,1,1100.0,0,1,44.0
1,0,1,3,1,1550.120565,1,1,90.0
1,1,1,2,1,1110.388202,0,0,51.2
1,1,1,2,1,550.8919202999999,0,0,84.0
1,0,1,3,1,1589.371981,1,1,65.8
0,0,0,2,1,1000.0,1,1,65.0
1,0,0,2,1,980.0718719,1,1,90.0
0,0,0,2,1,569.9481865,1,1,16.5
1,1,1,1,1,326.3049488,0,0,60.2
1,0,1,3,1,1849.65035,1,1,52.9
0,0,0,3,1,1705.029838,1,1,100.0
1,0,0,3,1,1400.0,1,1,210.0
1,0,0,3,1,1585.304479,1,1,63.0
1,1,1,2,1,1204.030886,0,1,92.0
1,0,1,2,1,1163.016088,1,1,60.0
0,0,0,1,1,630.0866369,1,1,24.0
1,1,1,3,1,1350.166579,0,1,77.0
0,0,0,2,1,1080.1828,1,1,26.0
0,0,0,2,1,1010.10101,1,1,52.0
0,0,0,3,1,1744.186047,1,1,60.0
0,0,0,4,1,562.5,1,1,36.0
1,0,0,2,1,1150.180743,1,1,70.0
0,0,0,2,1,850.0137099,1,1,31.0
1,0,1,2,1,719.3717277000001,1,1,68.7
1,0,0,5,1,4098.360656,1,1,250.0
0,0,0,2,1,1130.125928,1,1,70.0
1,0,0,2,1,1030.131342,1,1,80.0
1,1,0,1,1,369.5228822,0,1,75.9
1,1,1,2,1,1044.998934,0,1,49.0
1,0,1,1,1,471.3781408,1,1,68.1
1,1,1,2,1,653.2532008999999,0,0,100.0
0,0,1,3,1,1625.320787,1,1,76.0
1,0,0,2,1,750.0163047,1,1,230.0
1,0,0,2,1,1060.10929,1,1,48.5
1,0,0,1,1,709.9391481,1,1,56.0
2,1,1,2,1,1126.190476,0,0,47.3
0,0,0,3,1,1680.096005,1,1,98.0
0,0,0,3,1,2250.58784,1,1,67.0
1,0,0,4,1,1878.094588,1,1,110.0
1,1,0,3,1,1050.0,0,0,210.0
0,0,0,2,1,1156.169111,1,1,67.0
0,0,1,2,1,1150.121065,1,1,38.0
0,0,0,2,1,825.1473477000001,1,1,42.0
1,0,0,4,1,2200.0,1,1,110.0
1,0,0,3,1,2064.135643,1,1,280.0
0,0,0,2,1,690.1311249,1,1,20.0
1,1,1,1,1,619.000628,0,1,69.0
1,0,0,2,1,830.1578661,1,1,30.5
0,0,0,1,1,365.0659927,1,1,13.0
1,0,0,3,1,1733.3333329999998,1,1,130.0
1,0,1,2,1,1192.072716,1,1,160.0
0,1,0,2,1,1200.0,0,1,36.0
0,0,0,2,1,1150.086256,1,1,60.0
0,0,0,3,1,1335.311573,1,1,45.0
1,0,0,3,1,2063.357204,1,1,170.0
1,1,0,1,0,196.9420818,0,1,38.9
0,0,1,2,1,1156.905278,1,1,80.0
1,0,0,4,1,1954.697022,1,1,170.0
1,0,0,2,1,1205.908954,1,1,80.0
0,0,0,2,1,911.1617312,1,1,40.0
1,0,0,2,1,728.5818369,1,1,170.0
0,0,1,2,1,1170.246874,1,1,36.5
0,0,0,3,1,1280.367695,1,1,39.0
0,1,1,2,1,1000.0,0,1,40.0
1,1,0,2,1,823.8507055,0,1,18.1
0,0,0,3,1,1965.188097,1,1,70.0
0,0,0,5,1,4601.226994,1,1,150.0
1,0,1,2,1,1127.094765,1,1,76.0
1,0,1,2,1,975.0152346,1,1,64.0
1,0,0,1,1,1380.175659,1,1,55.0
1,0,0,2,1,1021.624383,1,1,180.0
0,0,0,1,1,410.0041,1,1,10.0
0,1,1,2,1,950.1797637,0,1,37.0
0,0,0,1,1,1000.0,1,1,28.0
1,0,0,5,1,4588.659456,1,1,140.0
1,1,0,3,1,1486.084842,0,1,55.0
1,0,1,2,1,1149.602824,1,1,52.1
0,0,1,2,1,1017.369727,1,1,41.0
1,1,1,3,1,1354.916067,0,1,56.5
1,0,1,3,1,1930.261519,1,1,310.0
1,0,0,2,1,1250.0,1,1,62.0
1,0,0,2,1,1141.552511,1,1,120.0
1,0,0,2,1,850.1335924000001,1,1,35.0
0,1,0,3,1,1034.958602,0,1,45.0
0,0,0,3,1,1549.333333,1,1,58.1
1,0,0,2,1,625.9328807,1,1,130.0
1,0,0,3,1,1350.074254,1,1,100.0
1,0,0,3,1,1880.020509,1,1,220.0
0,0,0,2,1,1200.0,1,1,45.0
1,0,0,1,1,750.1071582000001,1,1,17.5
1,1,1,3,1,1675.722047,0,1,58.6
1,0,1,3,1,1378.043179,1,1,300.0
1,0,0,2,1,858.0534445000001,1,1,70.0
1,1,1,3,1,1623.404255,0,1,76.3
1,0,0,3,1,1100.173712,1,1,38.0
0,0,0,2,1,1487.462813,1,1,35.0
0,0,0,2,1,1324.913323,1,1,53.5
0,0,0,2,1,614.0550375,1,1,27.0
2,1,1,2,1,924.150988,0,0,78.1
0,0,0,2,1,950.1797637,1,1,37.0
0,0,0,2,1,1189.846642,1,1,22.5
1,1,1,3,1,1689.569723,0,1,150.0
1,0,1,1,1,500.0,1,1,27.0
1,1,1,3,1,1687.010023,0,1,340.0
1,0,0,2,1,1250.0,1,1,41.0
1,0,0,1,1,542.5030255,1,1,130.0
1,1,1,3,1,1046.9096029999998,0,1,260.0
1,0,0,1,1,700.0785135,1,1,53.5
0,0,0,2,1,818.1074447999999,1,1,30.0
1,1,1,2,1,1016.191315,0,1,150.0
0,0,0,2,1,710.1355712999999,1,1,22.0
1,1,1,2,1,1119.938493,0,1,43.7
1,0,0,3,1,1868.829337,1,1,53.0
1,0,0,3,1,1497.222222,1,1,53.9
1,0,1,2,1,759.0890931,1,1,57.0
0,0,0,3,1,1435.26655,1,1,49.0
0,0,0,2,1,1150.086256,1,1,20.0
1,1,0,3,1,1676.197284,0,1,93.8
1,0,0,1,1,775.0269107,1,1,36.0
0,0,0,2,1,1050.105011,1,1,35.0
1,0,0,2,1,1258.574036,1,1,200.0
0,0,0,2,1,1200.0,1,1,30.0
1,0,0,1,1,720.2095155000001,1,1,16.5
0,0,0,3,1,1800.180018,1,1,80.0
0,0,0,3,1,1149.425287,1,1,18.0
1,0,1,3,1,1289.98968,1,1,75.0
1,0,0,3,1,1250.0,1,1,310.0
0,0,0,3,1,1346.1538460000002,1,1,70.0
1,0,0,4,1,2424.242424,1,1,120.0
0,0,0,1,1,760.0,1,1,57.0
1,1,0,2,1,1199.19042,0,1,71.1
1,0,0,3,1,2233.980012,1,1,190.0
1,0,0,4,1,3931.137319,1,1,580.0
2,1,1,1,1,409.632572,0,0,33.0
1,0,0,2,1,700.280112,1,1,15.0
1,0,0,2,1,1170.194459,1,1,68.0
1,0,0,3,1,1480.300615,1,1,65.0
1,1,1,3,1,1450.292398,0,1,62.0
2,1,0,2,1,1189.510679,0,0,44.0
0,0,0,3,1,1601.097896,1,1,70.0
1,0,1,4,1,2630.976893,1,1,230.0
0,0,0,3,1,1000.0,1,1,36.0
1,1,0,1,1,501.156515,0,1,13.0
1,0,1,4,1,2733.4851940000003,1,1,180.0
0,0,0,6,1,2799.736495,1,1,85.0
0,1,1,2,1,950.0206526,0,1,46.0
0,0,0,2,1,1100.016923,1,1,65.0
1,0,1,3,1,1941.747573,1,1,110.0
1,1,1,3,1,884.8195737,0,0,230.0
0,0,0,1,1,500.0,1,1,10.0
1,0,0,5,1,5000.0,1,1,200.0
1,0,0,4,1,2539.0886010000004,1,1,190.0
1,0,0,4,1,3160.806006,1,1,240.0
0,0,1,2,1,950.0,1,1,38.0
1,0,0,4,1,2574.959945,1,1,450.0
0,0,0,2,1,1434.514417,1,1,100.0
1,0,0,2,1,1100.052383,1,1,21.0
0,0,0,1,1,546.875,1,1,10.5
0,0,1,3,1,1074.691026,1,1,20.0
1,0,0,1,1,500.0,1,1,150.0
1,1,0,3,1,1350.074254,0,1,100.0
0,0,1,1,1,585.0585058999999,1,1,32.5
1,0,0,3,1,1305.104408,1,1,90.0
1,1,1,3,1,1500.0,0,0,69.0
0,0,0,2,1,1400.233372,1,1,60.0
1,0,0,1,1,614.0934446,1,1,120.0
1,0,1,1,1,500.0,1,1,13.0
0,0,0,3,1,980.0918836,1,1,32.0
1,1,1,4,1,3764.705882,0,0,960.0
1,1,1,2,1,1050.0,0,1,48.3
0,0,0,2,1,1265.1265130000002,1,1,46.0
1,0,0,2,1,1115.1379980000002,1,1,80.0
1,0,0,2,1,959.9638602,1,1,170.0
1,1,0,4,1,2301.656495,0,1,660.0
0,0,1,1,1,408.0118694,1,1,22.0
1,0,1,2,1,1150.086256,1,1,60.0
1,1,1,2,1,1373.913043,0,0,63.2
1,0,0,2,1,1186.083289,1,1,90.0
0,0,0,3,1,1350.063532,1,1,85.0
1,1,0,2,1,1158.655182,0,1,41.7
1,0,0,2,1,1350.048216,1,1,70.0
1,0,1,3,1,1900.029231,1,1,650.0
1,0,0,4,1,3052.503053,1,1,250.0
1,1,1,1,1,400.0,0,0,24.0
1,0,0,3,1,1686.874012,1,1,160.0
0,0,0,3,1,1545.117429,1,1,150.0
1,0,0,2,1,850.4606662,1,1,12.0
1,0,0,3,1,1574.80315,1,1,30.0
1,1,1,3,1,1560.14513,0,1,55.9
0,0,0,3,1,1050.105011,1,1,35.0
1,0,0,3,1,1588.677065,1,1,110.0
1,0,1,4,1,2631.578947,1,1,230.0
1,1,1,4,1,2138.271605,0,1,86.6
0,0,0,3,1,1400.0,1,1,35.0
1,0,1,2,1,1246.231156,1,1,62.0
0,0,1,3,1,2393.031492,1,1,250.0
0,0,0,3,1,1175.406872,1,1,26.0
0,0,0,2,1,881.0136607000001,1,1,44.5
0,0,0,3,1,1150.012778,1,1,45.0
1,0,0,4,1,2036.141512,1,1,160.0
0,0,0,2,1,825.1561106,1,1,37.0
1,0,0,2,1,669.8764915,1,1,32.0
0,0,0,2,1,1250.0,1,1,30.0
1,0,0,2,1,1264.658542,1,1,110.0
0,0,0,2,1,1000.0,1,1,47.0
0,0,0,2,1,610.1281269,1,1,20.0
1,0,0,2,1,1000.0,1,1,72.0
0,0,0,3,1,1694.915254,1,1,90.0
1,0,0,1,1,508.0313784,1,1,68.0
0,0,0,3,1,1685.122773,1,1,70.0
1,0,0,3,1,1989.719781,1,1,120.0
1,0,1,1,1,760.0434311,1,1,28.0
1,0,0,3,1,1719.804207,1,1,130.0
1,0,0,2,1,919.3993258,1,1,150.0
0,0,0,2,1,900.0,1,1,31.5
1,0,1,4,1,2857.142857,1,1,170.0
1,0,0,2,1,1044.1226,1,1,62.0
1,0,0,3,1,1259.974801,1,1,90.0
0,0,0,2,1,1163.112711,1,1,42.0
1,1,1,2,1,583.0009205,0,0,190.0
1,0,0,2,1,890.1061279999999,1,1,26.0
1,1,1,2,1,829.6405711,0,0,33.7
1,0,0,3,1,1553.277415,1,1,150.0
0,0,0,2,1,950.0285009,1,1,50.0
1,1,0,3,1,1829.914283,0,1,190.0
1,0,1,3,1,1639.3442619999998,1,1,100.0
1,0,0,2,1,1150.159744,1,1,54.0
0,0,0,2,1,999.6227839,1,1,26.5
1,0,0,1,1,680.0832755,1,1,49.0
1,0,0,3,1,1300.2022539999998,1,1,45.0
0,0,0,3,1,1076.040172,1,1,45.0
1,0,0,3,1,1537.232981,1,1,77.0
1,0,0,2,1,960.0548603,1,1,56.0
1,0,0,2,1,982.239942,1,1,27.1
1,0,0,4,1,2787.132737,1,1,240.0
1,0,0,3,1,1585.550807,1,1,230.0
2,0,0,2,1,910.9756098,1,0,74.7
1,0,0,2,1,1074.972437,1,1,39.0
1,0,0,3,1,1597.237211,1,1,74.0
0,0,0,2,1,1223.362273,1,1,31.0
0,0,0,3,1,1600.365798,1,1,35.0
0,0,0,1,1,575.1533742,1,1,15.0
0,0,0,2,1,1200.0,1,1,27.0
2,0,0,2,1,1315.0,1,0,26.3
1,0,0,3,1,1600.0,1,1,78.0
0,0,0,2,1,800.0,1,1,30.0
0,0,0,3,1,1355.01355,1,1,55.0
1,0,0,4,1,2624.425907,1,1,280.0
0,1,0,2,1,596.0982659,0,1,16.5
1,0,1,2,1,1372.212693,1,1,80.0
0,0,0,2,1,1556.0165980000002,1,1,90.0
1,0,1,2,1,1165.660998,1,1,170.0
0,0,0,2,1,684.9315068,1,1,26.0
0,0,0,2,1,1243.118451,1,1,70.0
0,0,0,3,1,1400.258509,1,1,65.0
1,0,0,1,1,690.0012545,1,1,55.0
1,1,1,2,1,796.6666667000001,0,1,23.9
1,1,0,3,1,1366.136035,0,1,47.2
0,0,0,2,1,1000.0,1,1,45.0
2,1,1,3,1,977.7163586,0,0,56.6
1,0,0,2,1,1050.241272,1,1,37.0
1,1,1,2,1,1094.152626,0,1,55.2
0,0,0,3,1,1107.113202,1,1,40.0
1,0,0,3,1,1250.0,1,1,30.0
0,0,0,3,1,1700.0,1,1,85.0
2,0,1,2,1,1197.5,1,0,47.9
1,0,0,3,1,1824.921585,1,1,320.0
1,0,0,3,1,1739.3376219999998,1,1,73.0
1,0,1,2,1,1060.0706710000002,1,1,81.0
0,0,0,1,1,448.2173175,1,1,13.2
1,1,1,3,1,617.4745292,0,0,60.0
0,0,0,3,1,1300.0,1,1,65.0
1,0,1,2,1,1225.074938,1,1,94.0
0,0,1,2,1,888.0994671,1,1,25.0
0,0,1,2,1,1425.081433,1,1,35.0
1,0,1,2,1,888.9192793,1,1,260.0
1,1,1,1,1,849.9906594,0,1,91.0
1,0,0,1,1,418.0213655,1,1,18.0
0,0,1,2,1,900.0620732000001,1,1,29.0
1,0,0,2,1,1195.652174,1,1,110.0
0,0,0,2,1,1200.030001,1,1,160.0
1,0,0,3,1,1801.456497,1,1,47.0
0,0,0,2,1,1049.868766,1,1,60.0
1,0,1,1,1,658.9473684,1,1,31.3
0,0,0,2,1,847.9366874,1,1,30.0
1,0,0,3,1,1814.196242,1,1,86.9
1,0,0,2,1,648.0093961,1,1,160.0
0,0,0,1,1,54.99945001,1,1,35.0
1,1,0,2,1,1005.025126,0,1,34.0
1,0,0,1,1,745.0050796,1,1,66.0
1,0,1,2,1,1019.969938,1,1,95.0
0,0,0,2,1,940.2283412,1,1,28.0
0,0,0,3,1,1314.108414,1,1,72.0
1,1,1,1,1,680.0077715,0,0,70.0
1,0,0,2,1,1175.088132,1,1,80.0
0,0,0,2,1,1192.078446,1,1,62.0
1,0,0,2,1,890.2077151000001,1,1,30.0
1,0,1,2,1,1346.181097,1,1,95.0
0,0,0,3,1,1350.435624,1,1,27.9
0,0,0,2,1,1065.162907,1,1,68.0
0,0,1,3,1,1718.58217,1,1,48.0
0,0,0,2,1,850.0877075,1,1,63.0
1,0,1,2,1,1050.052503,1,1,90.0
2,1,1,2,1,1084.615385,0,0,42.3
1,0,0,1,1,665.0901567000001,1,1,22.5
0,0,0,2,1,720.0620361,1,1,65.0
1,0,0,2,1,749.2085825,1,1,21.3
0,0,0,3,1,1065.2463380000002,1,1,40.0
1,0,0,3,1,1969.254224,1,1,310.0
0,0,0,2,1,1230.0123,1,1,30.0
0,0,0,2,1,1049.723757,1,1,38.0
0,0,1,3,1,1486.013986,1,1,34.0
1,0,0,2,1,1250.0,1,1,27.9
0,0,1,2,1,1090.342679,1,1,21.0
1,0,0,3,1,1350.2285,1,1,65.0
1,0,0,2,1,1157.109797,1,1,90.0
1,1,0,3,1,2180.376611,0,1,110.0
1,0,1,4,1,2020.930233,1,0,86.9
1,0,0,3,1,2412.545235,1,1,80.0
1,1,1,1,1,322.5123127,0,0,60.9
1,1,1,2,1,650.0,0,1,130.0
1,0,0,2,1,1067.101877,1,1,170.0
0,0,0,2,1,1005.356407,1,1,48.8
0,0,0,3,1,1259.731069,1,1,35.6
2,1,1,2,1,829.0322581,0,0,25.7
0,0,0,2,1,1070.009172,1,1,70.0
0,0,0,2,1,1009.174312,1,1,44.0
0,0,0,3,1,1700.6802719999998,1,1,40.0
1,0,0,3,1,1500.0,1,1,45.0
1,0,1,3,1,1695.2417649999998,1,1,88.0
0,0,0,3,1,2256.06317,1,1,120.0
0,0,0,3,1,1450.039547,1,1,55.0
1,0,1,3,1,1853.129621,1,1,75.2
0,0,0,3,1,1638.576779,1,1,140.0
1,0,0,2,1,1150.086256,1,1,40.0
0,0,1,2,1,1090.066767,1,1,80.0
1,1,1,2,1,1334.986173,0,1,140.0
2,1,0,3,1,1448.979592,0,0,35.5
1,0,1,2,1,1199.949476,1,1,190.0
1,0,1,2,1,1244.997777,1,1,140.0
1,0,1,2,1,973.0250482,1,1,50.5
1,0,0,3,1,1434.375,1,1,45.9
1,0,0,4,1,3774.534474,1,1,300.0
0,0,0,3,1,1531.213192,1,1,52.0
1,1,1,3,1,1590.974834,0,1,110.0
1,0,0,3,1,1480.974541,1,1,54.1
1,0,0,3,1,1545.064378,1,1,270.0
1,1,0,2,1,956.5217391,0,1,110.0
1,0,1,3,1,1597.6567699999998,1,1,120.0
0,0,0,7,1,600.0905797,1,1,26.5
1,0,0,3,1,147913.1886,1,0,8860.0
1,0,1,3,1,1863.459258,1,1,110.0
0,0,0,1,1,557.0409982000001,1,1,12.5
1,0,0,3,1,1301.78421,1,1,170.0
1,0,0,2,1,985.1138354,1,1,45.0
0,0,0,2,1,1261.171797,1,1,63.5
1,1,1,1,1,250.6544867,0,0,45.0
1,0,1,2,1,1126.549005,1,1,120.0
1,1,1,4,1,2494.387628,0,1,100.0
1,0,0,3,1,1176.124669,1,1,40.0
1,0,1,3,1,1829.473684,1,1,86.9
1,0,1,3,1,884.8382957999999,1,1,200.0
2,1,1,1,1,350.2129673,0,0,7.4
1,1,1,3,1,990.4827527,0,1,230.0
1,0,0,2,1,985.2216749,1,1,40.0
0,0,0,3,1,1246.231156,1,1,62.0
1,0,0,3,1,1680.0079059999998,1,1,340.0
1,0,0,3,1,1700.1020059999998,1,1,150.0
1,0,0,3,1,1573.200074,1,1,85.0
1,0,0,3,1,1433.785193,1,1,110.0
1,0,0,2,1,1134.081512,1,1,96.0
1,0,1,3,1,991.1348494,1,1,180.0
0,0,0,2,1,800.0,1,1,70.0
0,0,0,2,1,1200.120012,1,1,40.0
1,0,0,4,1,1718.8037129999998,1,1,100.0
0,0,0,2,1,1170.194459,1,1,68.0
0,0,0,3,1,850.0303582,1,1,42.0
1,0,1,3,1,2000.0,1,1,102.0
0,0,0,1,1,850.0510031,1,1,25.0
1,0,0,3,1,1750.087504,1,1,300.0
0,0,0,2,1,945.1795841,1,1,40.0
1,0,1,1,1,35891.45025,1,0,8610.0
0,0,0,2,1,821.9567691000001,1,1,28.9
0,0,0,2,1,1135.0737800000002,1,1,50.0
1,0,0,3,1,1668.613382,1,1,100.0
1,0,0,2,1,1000.0,1,1,47.8
1,0,1,4,1,2724.088727,1,1,210.0
1,0,1,3,1,1086.56284,1,0,300.0
0,0,0,2,1,1180.092355,1,1,46.0
1,0,0,2,1,991.9121013,1,1,130.0
0,0,1,2,1,965.0495566,1,1,37.0
0,0,0,3,1,1930.200819,1,1,99.0
1,1,0,2,1,1250.0,0,1,45.0
1,0,0,2,1,911.7647059,1,1,77.5
1,0,1,2,1,890.1515152000001,1,1,47.0
0,0,0,2,1,2250.432776,1,1,39.0
1,0,0,1,1,675.024108,1,1,42.0
1,1,1,2,1,513.6586505,0,1,110.0
1,0,0,2,1,1020.007846,1,1,52.0
1,0,0,8,1,6600.0066,1,1,2000.0
1,0,1,2,1,968.9922481,1,1,100.0
1,0,1,1,1,546.5985057,1,1,13.9
1,0,0,3,1,1650.064169,1,1,270.0
0,1,0,2,1,1000.0,0,1,29.5
0,0,0,3,1,1500.0,1,1,90.0
1,0,0,2,1,1223.404255,1,1,230.0
1,0,1,4,1,3850.160801,1,1,850.0
1,0,0,2,1,1075.088191,1,1,64.0
1,0,1,2,1,1195.652174,1,1,110.0
1,1,1,2,1,1070.090958,0,1,60.0
0,0,0,1,1,1303.4168140000002,1,1,140.0
0,0,0,3,1,1168.184161,1,1,68.0
1,1,1,1,1,685.0488097,0,1,40.0
1,0,1,2,1,1380.248834,1,1,71.0
1,0,0,3,1,1350.135014,1,1,75.0
1,0,1,3,1,2061.698228,1,1,270.0
0,0,0,2,1,1085.031001,1,1,24.5
0,0,0,2,1,1100.196464,1,1,28.0
0,0,1,2,1,531.6635161,1,1,22.5
1,0,0,2,1,1518.75,1,1,48.6
1,0,0,2,1,1273.180183,1,1,46.0
0,0,0,2,1,1000.0,1,1,25.0
1,0,0,2,1,1290.010481,1,1,800.0
1,1,1,2,1,749.3352671,0,1,31.0
0,0,1,3,1,1230.031949,1,1,38.5
1,1,1,1,1,408.3059498,0,0,58.4
0,0,0,2,1,1006.289308,1,1,40.0
1,1,1,3,1,2015.173068,0,1,85.0
0,0,1,2,1,659.9450046000001,1,1,36.0
1,0,0,3,1,1553.51872,1,1,100.0
0,0,1,3,1,1511.030523,1,1,50.0
1,0,0,2,1,980.0427655,1,1,55.0
1,1,1,1,1,433.2392094,0,0,53.7
0,0,1,2,1,1000.0,1,1,30.0
1,0,0,4,1,3800.114003,1,1,1200.0
0,0,0,1,1,624.0249610000001,1,1,12.0
0,0,0,2,1,1755.1104690000002,1,1,85.0
1,0,0,2,1,900.090009,1,1,80.0
1,1,1,2,1,1280.2275960000002,0,1,36.0
0,0,0,2,1,700.1166861,1,1,24.0
1,0,0,2,1,1300.075586,1,1,86.0
1,0,0,4,1,3750.0,1,1,1800.0
1,0,1,3,1,1404.030393,1,1,85.0
0,0,0,2,1,883.0548926000001,1,1,37.0
0,0,0,2,1,766.0577490000001,1,1,26.0
1,0,0,3,1,2550.0255,1,1,850.0
0,0,0,1,1,365.185636,1,1,6.0
1,0,0,3,1,1664.007294,1,1,73.0
0,0,0,2,1,950.0146156,1,1,65.0
1,0,1,3,1,1232.162459,1,1,44.9
1,1,1,3,1,777.9349364,0,0,110.0
1,0,0,3,1,1830.0,1,1,73.2
1,1,0,2,1,680.1645049,0,1,21.5
0,0,0,3,1,1598.818122,1,1,48.7
1,0,0,2,1,1209.964413,1,1,85.0
0,0,0,1,1,523.1037489,1,1,24.0
0,0,0,2,1,850.0323206,1,1,26.3
0,0,0,2,1,1070.205479,1,1,50.0
1,1,1,1,1,400.0,0,0,24.0
0,0,0,1,1,710.1449275,1,1,24.5
1,0,0,2,1,1500.019737,1,1,380.0
1,1,1,3,1,1095.023726,0,1,270.0
2,1,1,2,1,787.2340426,0,0,18.5
1,0,1,4,1,2622.377622,1,1,180.0
1,0,1,1,1,719.7802197999999,1,0,65.5
0,0,0,2,1,1220.362622,1,1,35.0
1,1,1,1,1,251.7341687,0,1,45.0
2,1,1,2,1,929.9895507,0,0,35.6
0,0,0,2,1,1270.168211,1,1,37.0
1,1,0,1,1,600.0375022999999,0,1,32.0
1,0,0,2,1,1099.903939,1,1,22.9
0,0,0,2,1,874.7949699,1,1,32.0
1,1,1,2,1,1099.016854,0,1,62.6
0,0,0,1,1,679.9830003999999,1,1,16.0
1,0,0,3,1,1803.551609,1,1,130.0
2,0,0,3,1,888.0308880000001,1,0,23.0
1,0,0,2,1,1275.009808,1,1,65.0
0,0,0,2,1,1850.605653,1,1,27.5
1,0,0,3,1,1887.927792,1,1,50.2
1,1,1,2,1,1000.0,0,1,33.0
1,1,1,2,1,489.0126896,0,0,79.0
1,0,1,3,1,2857.142857,1,1,120.0
1,0,1,3,1,1709.2391300000002,1,1,62.9
0,0,0,2,1,850.0510031,1,1,25.0
0,0,0,2,1,960.1536246,1,1,40.0
1,1,1,2,1,620.6896552000001,0,0,72.0
1,0,0,3,1,1506.906656,1,1,72.0
1,0,0,3,1,2036.400662,1,1,160.0
0,0,0,2,1,900.2057613,1,1,35.0
0,0,1,3,1,1965.704726,1,1,47.0
0,1,0,1,1,500.0,0,1,15.0
0,0,0,2,1,712.0605251000001,1,1,32.0
0,0,0,1,1,680.2721088,1,1,12.0
0,0,0,2,1,700.0350017999999,1,1,20.0
1,0,0,2,1,1150.012778,1,1,180.0
1,0,1,3,1,1996.007984,1,1,150.0
1,1,0,2,1,679.9069601,0,1,38.0
1,1,0,2,1,727.2149889,0,1,22.9
1,0,1,2,1,1079.710145,1,1,44.7
1,0,0,2,1,1001.078084,1,1,65.0
1,0,0,3,1,919.8879552,1,0,82.1
1,0,1,1,1,603.0032848,1,1,25.7
1,0,1,2,1,1229.13039,1,1,120.0
1,0,1,2,1,1070.009172,1,1,70.0
1,1,1,3,1,2011.060835,0,1,200.0
0,0,1,2,1,1032.169276,1,1,120.0
1,1,1,2,1,476.3990801,0,0,87.0
0,0,0,4,1,1399.688958,1,1,36.0
0,0,0,2,1,633.000422,1,1,45.0
1,0,1,3,1,2180.566182,1,1,57.0
0,1,0,2,1,1088.0,0,1,40.8
0,0,0,1,1,700.152207,1,1,23.0
0,0,0,2,1,1308.00269,1,1,38.9
1,0,0,2,1,1200.0,1,1,30.0
1,1,1,2,1,502.3283464,0,0,50.7
1,1,1,1,1,640.0787789,0,1,39.0
1,0,0,1,1,597.3645681,1,1,20.4
1,0,0,3,1,1350.0,1,1,27.0
1,0,0,3,1,1809.805857,1,1,110.0
1,0,1,3,1,1750.087504,1,1,200.0
1,0,1,3,1,1800.2195390000002,1,1,82.0
0,0,0,1,1,484.8484848000001,1,1,12.0
1,0,0,3,1,1668.662675,1,1,41.8
1,0,0,3,1,1174.958693,1,1,64.0
0,0,0,2,1,900.0,1,1,45.0
0,0,0,2,1,1246.882793,1,1,40.0
0,0,0,2,1,900.0,1,1,36.0
0,0,0,3,1,1715.296198,1,1,97.0
0,0,0,2,1,1136.363636,1,1,29.0
1,1,1,1,1,836.6762177999999,0,1,29.2
0,0,0,3,1,1100.16044,1,1,48.0
1,0,0,3,1,1848.387097,1,1,57.3
0,0,0,2,1,909.9772506,1,1,28.0
1,0,1,3,1,1295.031787,1,1,55.0
1,0,1,3,1,1877.22921,1,1,100.0
1,1,1,3,1,1595.320394,0,1,120.0
1,0,0,2,1,1295.196978,1,1,72.0
0,0,0,2,1,810.0445525,1,1,40.0
1,0,1,5,1,6224.988884,1,1,420.0
1,0,0,2,1,1100.0,1,1,42.9
1,0,1,3,1,2290.122341,1,1,380.0
1,0,1,2,1,750.0421372000001,1,1,89.0
1,1,0,2,1,1065.178798,0,1,42.0
0,0,0,1,1,600.240096,1,1,10.0
0,0,0,2,1,790.0334245,1,1,26.0
0,0,0,3,1,1428.061407,1,1,120.0
1,1,1,2,1,73485.00101,0,0,7300.0
1,0,0,1,1,500.0,1,1,35.0
1,0,0,3,1,1888.162672,1,0,130.0
1,0,0,2,1,710.0881489,1,1,29.0
0,0,0,2,1,1147.052076,1,1,50.0
1,0,0,2,1,850.0137099,1,1,31.0
0,0,0,2,1,540.025413,1,1,17.0
0,0,0,2,1,1150.378651,1,1,31.9
1,0,1,1,1,676.0309472,1,1,90.0
1,0,0,2,1,1035.1597359999998,1,1,58.0
1,0,0,2,1,1312.0,1,1,65.6
0,0,0,3,1,1250.0,1,1,66.0
1,1,1,3,1,1571.919887,0,1,77.7
1,0,0,2,1,984.1884479,1,1,30.5
1,0,0,3,1,1700.060716,1,1,140.0
0,0,0,3,1,1099.958752,1,1,80.0
0,0,0,2,1,855.0788736999999,1,1,58.0
1,0,1,3,1,1706.484642,1,1,60.0
1,0,1,3,1,1355.08346,1,1,89.3
0,0,0,2,1,1274.190041,1,1,58.6
0,0,0,2,1,1250.0,1,1,47.5
0,0,0,3,1,1066.235864,1,1,33.0
0,0,0,3,1,1672.240803,1,1,45.0
0,0,0,3,1,1800.5540170000002,1,1,52.0
0,0,0,1,1,758.4363515,1,1,22.7
1,0,0,3,1,1175.04359,1,1,310.0
1,1,0,2,1,568.0204487000001,0,1,120.0
1,0,0,3,1,1719.6904559999998,1,1,120.0
1,0,0,3,1,1496.259352,1,1,48.0
1,0,1,4,1,3142.857143,1,0,220.0
0,0,0,1,1,640.1137980000001,1,1,27.0
1,0,0,2,1,815.0701798,1,1,33.1
1,0,1,2,1,1153.046062,1,1,38.8
1,0,0,5,1,4067.79661,1,1,120.0
1,0,0,3,1,2400.0,1,1,150.0
0,0,0,2,1,950.0542888,1,1,70.0
1,0,0,2,1,1089.146654,1,1,200.0
1,0,0,2,1,928.0742459,1,1,48.0
2,0,1,2,1,1011.363636,1,0,44.5
0,0,0,3,1,1666.666667,1,1,65.0
1,0,0,3,1,1360.081605,1,1,40.0
1,0,0,2,1,1021.212121,1,1,33.7
1,0,0,3,1,1200.162734,1,1,29.5
1,0,1,1,1,758.9534236000001,1,0,40.9
1,0,0,2,1,1025.0,1,1,20.5
1,0,1,3,1,1600.331675,1,1,57.9
0,0,0,3,1,1799.924214,1,1,95.0
1,0,0,2,1,1250.0,1,1,160.0
1,0,0,3,1,1478.1966,1,1,200.0
1,0,0,3,1,1167.112697,1,1,78.5
1,0,0,3,1,1398.996236,1,1,66.9
1,0,1,3,1,900.0090001,1,1,200.0
1,0,0,3,1,1311.769991,1,1,73.0
0,0,0,2,1,1326.040113,1,1,80.0
1,0,0,2,1,1222.857143,1,1,42.8
0,0,0,3,1,1475.1552800000002,1,1,95.0
1,0,0,1,1,615.0691952999999,1,1,48.0
0,0,0,3,1,2450.006622,1,1,370.0
1,0,0,2,1,1300.169587,1,1,46.0
1,0,1,2,1,833.3333332999999,1,0,17.5
1,1,1,2,1,917.884629,0,1,130.0
0,1,0,2,1,750.1071582000001,0,1,35.0
0,0,0,2,1,820.1278842999999,1,1,29.5
1,0,0,3,1,1677.084921,1,1,110.0
1,1,1,2,1,530.2378905,0,0,55.5
1,0,0,2,1,1304.347826,1,1,34.5
1,0,1,2,1,1275.016139,1,1,39.5
1,0,0,3,1,1118.518519,1,1,30.2
1,0,1,2,1,1410.360727,1,1,52.0
1,0,1,3,1,1733.3333329999998,1,1,130.0
2,1,1,3,1,1321.132399,0,0,46.2
0,0,1,1,1,715.0368034,1,1,34.0
1,0,0,3,1,1825.780906,1,1,41.5
1,0,0,3,1,1406.013411,1,1,130.0
1,0,0,4,1,3596.230159,1,1,290.0
1,0,0,2,1,1261.9254119999998,1,1,29.1
0,0,0,3,1,1335.250616,1,1,65.0
1,0,1,2,1,978.0961565,1,1,71.0
0,0,0,2,1,1083.361458,1,1,32.1
1,0,0,2,1,1001.001001,1,1,90.0
0,0,0,3,1,1850.328947,1,1,45.0
1,0,1,3,1,2106.149958,1,1,100.0
1,1,1,3,1,2250.0,0,1,76.5
2,0,0,2,1,992.8571429,1,0,27.8
0,0,0,3,1,1561.048132,1,1,84.0
0,0,0,1,1,699.8880178999999,1,1,25.0
1,0,0,3,1,1489.028213,1,1,95.0
0,0,0,2,1,849.8991645,1,1,59.0
1,0,1,2,1,1250.0,1,1,100.0
1,0,0,2,1,1260.210035,1,1,54.0
1,0,0,3,1,1400.826446,1,1,67.8
0,0,0,2,1,1350.256549,1,1,50.0
1,0,0,2,1,1210.136674,1,1,85.0
0,0,0,2,1,1260.063003,1,1,36.0
2,0,0,2,1,1280.0,1,0,60.8
1,0,0,2,1,833.6112037,1,1,50.0
1,0,0,3,1,1122.10568,1,1,56.7
1,0,1,3,1,1550.207039,1,1,59.9
1,1,0,2,1,1199.887069,0,1,85.0
1,0,0,1,1,645.0667057999999,1,1,44.0
0,0,0,4,1,1919.385797,1,1,130.0
0,0,0,2,1,1170.160897,1,1,48.0
1,0,1,2,1,710.0031556,1,0,45.0
0,0,0,3,1,1765.225066,1,1,40.0
0,0,0,1,1,740.1315789,1,1,27.0
0,0,0,2,1,700.0656312000001,1,1,32.0
1,1,0,2,1,1005.405405,0,1,37.2
0,0,0,2,1,1065.224517,1,1,32.5
0,0,1,3,1,1920.083031,1,1,37.0
1,0,0,4,1,1790.4034379999998,1,1,150.0
1,0,0,3,1,2199.837907,1,1,190.0
0,0,0,1,1,296.0039467,1,1,18.0
0,0,0,2,1,1038.062284,1,1,57.0
1,0,0,2,1,1280.081925,1,1,100.0
0,0,0,2,1,749.9414107999999,1,1,32.0
0,0,0,3,1,2032.895953,1,1,110.0
1,0,0,3,1,1352.221507,1,1,63.0
1,0,0,3,1,1655.172414,1,1,120.0
1,0,0,4,1,2152.85253,1,1,200.0
1,0,1,2,1,1026.045777,1,1,78.0
0,0,0,2,1,1468.141333,1,1,150.0
0,0,0,2,1,978.2608696,1,1,31.5
0,0,0,2,1,883.0869649,1,1,46.0
1,1,1,3,1,3033.485008,0,1,260.0
1,0,0,1,1,650.0290192000001,1,1,56.0
0,0,1,1,1,584.9663644,1,1,40.0
0,0,0,3,1,1500.0,1,1,90.0
0,0,0,2,1,1100.0,1,1,22.0
1,0,0,4,1,3400.0,1,1,340.0
1,0,1,3,1,2454.3379,1,1,430.0
0,0,0,2,1,1100.038825,1,1,85.0
0,0,0,2,1,1300.390117,1,1,30.0
1,1,0,2,1,975.4716981,0,1,51.7
0,0,0,3,1,1500.0,1,1,36.0
0,0,0,2,1,594.0940066000001,1,1,34.0
1,0,0,3,1,1125.311721,1,1,36.1
1,0,0,2,1,1203.27701,1,1,47.0
0,0,0,3,1,1410.039481,1,1,25.0
0,0,0,2,1,1050.105011,1,1,35.0
1,0,0,2,1,647.3190204,1,1,240.0
1,0,0,2,1,1070.090958,1,1,100.0
0,0,0,3,1,1600.0,1,1,60.0
1,0,0,3,1,1470.02551,1,1,46.1
1,0,0,3,1,1199.887069,1,1,85.0
0,0,0,3,1,1530.077552,1,1,73.0
0,1,1,3,1,1755.1557699999998,0,1,80.0
1,1,1,2,1,49689.75433,0,0,9850.0
0,0,0,2,1,969.6458685,1,1,23.0
2,1,1,2,1,831.8708319,0,0,23.7
0,0,0,2,1,1020.176831,1,1,45.0
1,0,0,3,1,1350.032531,1,1,41.5
1,1,1,2,1,829.9472638,0,1,96.0
0,0,0,2,1,1100.0,1,1,55.0
0,0,1,3,1,1524.74783,1,1,130.0
1,0,0,2,1,895.6171925000001,1,1,42.3
0,0,0,5,1,3291.639236,1,1,150.0
1,1,1,1,1,426.6756257,0,1,25.4
0,0,0,2,1,1082.055906,1,1,48.0
0,0,0,1,1,523.0125523,1,1,12.5
0,0,0,3,1,2017.693621,1,1,130.0
1,0,1,2,1,905.0772627,1,1,41.0
1,0,1,2,1,995.0248756,1,1,32.0
1,0,0,1,1,610.0156051,1,1,43.0
0,0,0,3,1,1399.253731,1,1,60.0
1,0,0,2,1,1246.692149,1,1,42.4
0,0,0,3,1,1472.134595,1,1,70.0
0,0,0,3,1,1800.1469510000002,1,1,49.0
1,0,1,3,1,758.7050839999999,1,0,68.2
1,0,1,3,1,1555.241365,1,1,77.0
1,0,0,1,1,530.0788955,1,1,21.5
1,0,1,2,1,900.090009,1,1,50.0
0,0,0,2,1,74.00098668,1,1,39.0
0,0,0,1,1,591.9854281,1,1,26.0
1,0,0,3,1,1150.251618,1,1,48.0
1,0,0,1,1,430.0335426,1,1,50.0
1,0,0,2,1,1000.0,1,1,45.0
0,0,0,3,1,1400.124456,1,1,45.0
1,0,0,4,1,3347.158553,1,1,460.0
1,1,0,3,1,1709.206928,0,1,150.0
0,0,0,1,1,529.8793053,1,1,18.0
1,0,0,3,1,1425.030979,1,1,57.5
0,0,0,2,1,1195.219124,1,1,45.0
1,0,0,3,1,1771.336554,1,1,77.0
1,1,1,3,1,2214.103841,0,1,200.0
1,0,0,4,1,2800.0,1,1,280.0
0,0,0,2,1,1100.070972,1,1,31.0
1,1,1,2,1,952.9743797,0,1,260.0
1,0,1,2,1,730.7998937000001,1,1,110.0
0,0,0,2,1,1000.0,1,1,24.5
1,1,1,2,1,521.0252092000001,0,0,99.0
1,0,1,1,1,574.2574257,1,0,31.9
0,0,0,4,1,2400.0,1,1,90.0
1,0,1,3,1,1829.965688,1,1,96.0
1,0,0,2,1,1112.251882,1,1,130.0
1,0,0,2,1,1250.0,1,1,67.0
1,0,0,2,1,1345.442314,1,1,80.0
1,0,0,1,1,1500.375094,1,1,40.0
0,0,0,2,1,900.090009,1,1,30.0
1,1,0,1,1,404.0237467,0,1,49.0
1,0,0,2,1,1079.913607,1,1,85.0
1,0,0,1,1,680.1319043999999,1,1,33.0
1,0,1,2,1,1567.987958,1,1,62.5
1,1,1,2,1,1288.870704,0,1,63.0
1,0,1,3,1,1665.001665,1,1,100.0
0,0,0,2,1,797.6071785,1,1,16.0
1,0,0,4,1,2359.72732,1,1,180.0
0,0,0,3,1,1566.24286,1,1,85.0
0,0,0,1,1,387.4856487,1,1,27.0
1,0,0,2,1,1029.126214,1,1,79.5
1,1,1,2,1,1099.201345,0,1,52.3
1,0,0,2,1,910.1941748,1,1,37.5
0,0,0,1,1,550.1222494,1,1,18.0
1,0,0,2,1,1354.285714,1,1,47.4
0,0,0,3,1,2555.677254,1,1,70.0
0,0,0,2,1,1296.111665,1,1,65.0
1,1,1,1,1,583.0223881000001,0,1,75.0
1,0,0,1,1,610.0040667000001,1,1,120.0
0,0,0,1,1,1100.535396,1,1,18.5
1,0,0,4,1,2799.768295,1,1,290.0
1,0,0,3,1,1750.031819,1,1,550.0
0,0,0,1,1,675.1493119,1,1,26.0
0,0,0,2,1,1000.0,1,1,35.0
1,0,0,1,1,550.0550055,1,1,25.0
1,1,1,3,1,2561.756633,0,1,140.0
0,0,0,2,1,1098.158473,1,1,65.0
0,0,0,2,1,1130.156338,1,1,60.0
1,1,1,4,1,2485.0,0,1,99.4
2,1,1,2,1,924.8210024,0,0,31.0
1,1,1,2,1,1019.881229,0,1,79.0
1,1,1,3,1,1609.788954,0,1,71.7
1,0,0,2,1,1176.156108,1,1,88.0
1,0,0,2,1,1020.929045,1,1,200.0
1,0,0,2,1,1260.352899,1,1,35.0
0,0,0,2,1,900.0473708999999,1,1,19.0
1,1,1,3,1,1399.864529,0,1,62.0
1,0,0,2,1,1200.300075,1,1,16.0
1,0,0,2,1,1100.065189,1,1,67.5
1,0,0,2,1,1080.150282,1,1,69.0
0,0,0,2,1,1889.020071,1,1,32.0
1,0,0,3,1,1720.113036,1,1,140.0
0,0,0,2,1,1270.110076,1,1,45.0
0,0,1,2,1,950.269243,1,1,30.0
0,0,0,2,1,750.0340924999999,1,1,55.0
0,0,0,2,1,940.0179051,1,1,52.5
1,0,0,3,1,1586.042823,1,1,180.0
0,0,0,2,1,1237.930181,1,1,50.0
1,0,1,3,1,1950.268162,1,1,240.0
0,0,0,4,1,2095.557418,1,1,100.0
1,1,1,2,1,562.7218422999999,0,0,65.0
1,0,1,4,1,2549.019608,1,1,130.0
0,0,0,2,1,650.2242152000001,1,1,14.5
0,0,0,2,1,800.0,1,1,75.0
1,0,0,2,1,922.8597796,1,1,170.0
1,0,0,3,1,1352.112676,1,1,120.0
1,0,1,2,1,979.9291617,1,1,58.1
0,0,0,3,1,1065.189604,1,1,25.0
1,1,1,3,1,71499.17628,0,0,8680.0
1,0,0,1,1,423.9963915,1,1,94.0
1,0,0,2,1,915.0805271,1,1,75.0
1,1,1,2,1,1123.688002,0,1,54.6
1,0,0,3,1,1707.577375,1,1,48.0
0,0,0,3,1,1439.884809,1,1,120.0
1,1,1,3,1,1554.243084,0,1,100.0
1,0,1,3,1,1818.181818,1,0,100.0
1,0,0,3,1,1500.150015,1,1,50.0
0,0,0,3,1,1600.0,1,1,50.0
1,0,0,3,1,67500.67501,1,0,7500.0
0,0,0,3,1,1350.2285,1,1,65.0
1,0,1,1,1,673.81317,1,1,26.4
0,0,0,2,1,1700.1020059999998,1,1,150.0
1,1,0,4,1,2568.956193,0,0,190.0
1,0,0,3,1,1861.504095,1,1,100.0
2,0,1,3,1,1680.672269,1,0,130.0
1,0,0,2,1,1400.025455,1,1,110.0
1,1,1,3,1,1491.083471,0,1,99.5
1,0,1,3,1,2223.280927,1,1,140.0
1,1,0,2,1,791.7656374,0,1,130.0
1,1,0,1,1,704.9758177,0,1,86.0
1,0,0,1,1,680.0752424,1,1,47.0
0,0,0,3,1,1301.405518,1,1,25.0
1,0,0,1,1,650.1677852000001,1,1,15.5
1,0,1,1,1,740.0791119,1,1,58.0
1,1,1,2,1,700.0,0,0,140.0
1,0,1,2,1,1437.504492,1,1,200.0
1,0,0,3,1,1396.061269,1,1,31.9
0,0,0,3,1,1500.0789519999998,1,1,95.0
1,0,0,3,1,1400.187735,1,1,89.5
0,0,0,3,1,1349.877284,1,1,99.0
0,0,0,1,1,540.0914001,1,1,13.0
1,0,0,2,1,1175.088132,1,1,60.0
1,0,1,2,1,986.6798224,1,1,160.0
0,0,0,1,1,550.017188,1,1,16.0
1,0,0,3,1,1851.851852,1,1,150.0
1,1,0,2,1,951.4285714,0,0,33.3
1,1,1,3,1,1800.0,0,1,79.2
1,0,0,2,1,1070.090958,1,1,100.0
0,0,0,3,1,1200.082764,1,1,58.0
1,0,0,2,1,810.1598422999999,1,1,37.0
0,0,0,2,1,1259.181532,1,1,60.0
1,1,0,3,1,1200.0,0,1,27.0
1,1,1,3,1,1406.025825,0,1,98.0
0,0,1,3,1,1369.863014,1,1,62.0
1,0,0,3,1,1751.219512,1,1,71.8
1,1,1,2,1,665.0446067,0,1,82.0
1,1,1,2,1,527.4957141,0,1,120.0
0,0,0,3,1,1400.0,1,1,72.8
0,0,1,2,1,1224.828732,1,1,59.0
1,0,0,1,1,673.9863029,1,1,62.0
1,0,1,1,1,658.0789695000001,1,1,47.0
0,0,0,2,1,1100.046318,1,1,47.5
1,0,0,3,1,2010.723861,1,0,75.0
1,0,0,3,1,2050.300711,1,1,75.0
1,0,1,3,1,1040.983923,1,1,270.0
1,1,1,2,1,921.0996073,0,1,25.8
0,1,0,2,1,1000.0,0,1,400.0
1,0,1,4,1,3187.182359,1,1,370.0
1,0,1,1,1,627.0226537000001,1,1,62.0
0,0,0,3,1,1279.681501,1,1,90.0
0,0,0,2,1,1000.0,1,1,42.0
0,0,0,2,1,1140.114011,1,1,38.0
0,0,0,2,1,907.1117562,1,1,50.0
0,0,0,2,1,1100.110011,1,1,30.0
1,0,1,2,1,1170.068027,1,1,43.0
1,0,1,4,1,2500.0,1,1,210.0
1,1,1,1,1,400.0840513,0,0,95.2
1,0,1,1,1,748.3261126,1,1,38.0
1,0,0,2,1,980.1252382,1,1,36.0
1,0,1,3,1,1405.13014,1,1,74.5
1,0,0,3,1,1200.012,1,1,400.0
1,0,0,2,1,1100.608572,1,1,170.0
1,1,0,2,1,940.8450704,0,1,33.4
1,1,0,3,1,1560.390098,0,1,62.4
1,0,0,3,1,1665.3656,1,1,64.0
1,0,1,2,1,1155.115512,1,1,77.0
0,0,0,2,1,1100.21526,1,1,46.0
0,0,0,3,1,1595.150742,1,1,100.0
0,0,0,3,1,1611.111111,1,1,58.0
0,0,0,2,1,1035.031847,1,1,26.0
0,1,0,2,1,982.1753365,0,1,54.0
1,0,1,2,1,640.0,1,0,96.0
1,0,0,3,1,1363.388475,1,1,300.0
1,1,1,4,1,1801.801802,0,0,100.0
1,0,1,3,1,1520.499593,1,1,280.0
0,0,1,2,1,1205.545509,1,1,40.0
1,1,1,4,1,3236.554022,0,1,340.0
1,0,1,4,1,2215.1277010000003,1,1,45.1
0,0,0,2,1,957.0210545,1,1,55.0
0,0,0,3,1,1070.205479,1,1,50.0
1,1,1,2,1,740.0359446,0,1,70.0
0,0,0,2,1,975.2133279,1,1,24.0
0,0,0,3,1,1580.403003,1,1,40.0
1,0,1,3,1,1695.030172,1,1,500.0
1,0,1,2,1,1095.0371710000002,1,1,54.5
0,0,0,2,1,1000.0,1,1,34.5
1,1,1,3,1,1085.7026529999998,0,0,160.0
1,0,0,2,1,1163.805644,1,1,240.0
1,0,0,3,1,1068.577535,1,1,170.0
1,0,0,1,1,600.0,1,1,34.8
1,0,0,2,1,1440.057602,1,1,120.0
1,0,0,3,1,1299.207483,1,1,100.0
0,0,0,2,1,1100.16044,1,1,48.0
1,0,0,1,1,457.14285710000007,1,1,100.0
1,0,1,2,1,1085.126286,1,1,58.0
1,0,1,3,1,1687.194196,1,1,100.0
0,0,0,3,1,2199.661591,1,1,78.0
1,0,1,2,1,1041.636016,1,0,70.8
1,0,0,3,1,2240.1433690000003,1,0,450.0
0,0,0,3,1,1168.923735,1,1,49.2
1,0,0,4,1,4332.073093999999,1,0,550.0
1,0,0,4,1,2100.25203,1,1,75.0
1,0,1,4,1,4100.361222,1,1,420.0
1,1,1,1,1,325.9191492,0,0,57.0
1,0,0,3,1,1851.851852,1,1,120.0
1,0,1,3,1,2432.432432,1,1,180.0
0,0,0,2,1,950.3239741,1,1,22.0
0,0,0,1,1,625.0,1,1,24.0
1,0,0,2,1,1110.042182,1,1,150.0
1,0,1,3,1,2680.311891,1,1,110.0
1,0,0,2,1,850.0258704,1,1,230.0
1,0,1,2,1,1172.457898,1,1,110.0
1,0,0,2,1,956.5217391,1,1,110.0
0,0,0,2,1,1400.233372,1,1,60.0
0,0,0,1,1,529.8481102,1,1,15.0
1,1,1,2,1,1062.840441,0,1,160.0
0,0,0,3,1,1699.39577,1,1,45.0
1,0,0,3,1,1123.809524,1,1,47.2
0,0,0,3,1,999.7183892,1,1,35.5
1,0,0,3,1,1500.009375,1,1,800.0
0,0,1,1,1,500.0,1,1,12.0
0,0,0,2,1,1365.125592,1,1,75.0
1,0,0,2,1,1488.12005,1,1,35.7
0,0,0,2,1,1164.040115,1,1,65.0
1,0,0,3,1,1595.159516,1,1,87.0
0,0,0,3,1,2700.4570000000003,1,1,130.0
1,0,0,3,1,820.0258956,1,1,190.0
1,0,0,1,1,616.1032028,1,1,27.7
1,0,0,2,1,1050.06105,1,1,86.0
1,0,1,4,1,2178.533475,1,1,410.0
0,0,0,2,1,1030.110935,1,1,65.0
1,1,0,2,1,760.9860665,0,1,21.3
1,0,0,4,1,2470.406588,1,1,96.0
1,0,0,2,1,814.000814,1,1,40.0
1,0,0,2,1,1185.009628,1,1,80.0
1,1,0,2,1,743.75,0,1,23.8
1,0,1,3,1,1865.057597,1,1,68.0
0,0,0,2,1,746.2686567000001,1,1,19.0
1,1,1,2,1,1521.179499,0,1,65.0
1,0,0,2,1,1100.16044,1,1,48.0
1,0,0,1,1,700.0443066,1,1,79.0
1,1,1,3,1,1178.9749470000002,0,1,72.0
0,0,0,1,1,675.6756757,1,1,14.0
1,0,0,2,1,1175.213675,1,1,33.0
1,0,0,2,1,1241.114747,1,1,110.0
1,1,1,2,1,1273.333333,0,1,38.2
1,0,1,2,1,904.3478261,1,1,130.0
1,0,1,3,1,2333.333333,1,0,350.0
1,0,0,4,1,2814.258912,1,1,120.0
0,0,0,1,1,549.9276411000001,1,1,19.0
1,0,0,3,1,1355.980588,1,1,95.0
1,0,1,2,1,1138.996139,1,1,47.2
1,0,0,5,1,3825.022602000001,1,1,550.0
1,0,1,2,1,1257.861635,1,1,110.0
1,0,0,2,1,1135.169224,1,1,54.0
0,0,0,1,1,600.0,1,1,18.0
0,0,0,2,1,975.2020061,1,1,35.0
1,0,0,4,1,4599.715256,1,1,420.0
1,0,0,1,1,649.7341996,1,1,11.0
1,0,0,2,1,1246.882793,1,1,200.0
1,0,0,2,1,848.985725,1,1,22.6
1,0,0,2,1,787.6923077,1,1,320.0
1,1,1,2,1,1250.0,0,1,45.0
0,0,0,1,1,665.0544135,1,1,22.0
0,0,0,2,1,1049.868766,1,1,28.0
0,0,0,2,1,9677.419355,1,1,15.0
0,0,0,1,1,611.995104,1,1,15.0
0,1,0,3,1,1036.26943,0,1,38.0
1,0,0,3,1,1500.159591,1,1,94.0
1,1,0,1,1,947.5970676,0,1,34.9
1,0,0,4,1,4200.096925,1,1,780.0
1,0,1,3,1,2200.0,1,1,110.0
1,1,0,2,1,963.3333332999998,0,1,28.9
0,0,0,1,1,500.0,1,1,15.0
1,0,0,3,1,1800.2117899999998,1,1,51.0
1,0,1,3,1,2407.407407,1,0,130.0
1,1,1,1,1,637.389448,0,1,20.9
1,0,1,2,1,948.9302968,1,1,55.0
2,1,1,3,1,1408.9870529999998,0,0,74.0
1,0,1,3,1,1263.2821720000002,1,1,42.8
1,1,1,2,1,899.1869919,0,0,55.3
1,0,0,3,1,1300.0037140000002,1,1,350.0
1,0,0,2,1,886.8421053,1,1,33.7
0,0,0,2,1,1199.0903449999998,1,1,58.0
1,0,1,2,1,1019.989047,1,1,74.5
0,0,0,3,1,1508.333333,1,1,90.5
1,1,1,3,1,936.329588,0,0,150.0
1,0,0,3,1,1420.144199,1,1,65.0
1,1,0,1,1,586.5500602999999,0,1,38.9
0,0,0,2,1,800.0,1,1,45.0
0,0,0,2,1,1080.033232,1,1,39.0
1,1,1,3,1,1745.4545449999998,0,1,76.8
1,0,1,3,1,1585.211446,1,1,62.6
1,0,0,3,1,2534.685165,1,1,190.0
0,0,0,3,1,1201.7917619999998,1,1,110.0
1,0,0,3,1,1291.745432,1,1,82.0
0,0,0,2,1,1100.478469,1,1,23.0
0,0,0,1,1,315.0201613,1,1,12.5
1,0,1,4,1,4259.259259,1,1,230.0
1,1,1,2,1,993.6036763,0,1,160.0
0,0,1,3,1,1684.836472,1,1,85.0
1,0,1,3,1,1725.077175,1,1,190.0
1,0,0,4,1,2399.725746,1,1,140.0
1,0,0,2,1,1075.027996,1,1,48.0
1,0,1,2,1,1249.063203,1,1,150.0
0,0,0,2,1,749.8715973,1,1,29.2
0,0,0,2,1,1133.97732,1,1,27.0
0,0,0,3,1,1456.25,1,0,46.6
0,0,0,2,1,1056.0901199999998,1,1,45.0
1,1,1,1,1,495.1762998,0,0,58.0
1,0,0,3,1,1400.195376,1,1,86.0
0,1,0,2,1,1219.8841109999998,0,1,80.0
1,1,1,3,1,1030.972121,0,0,240.0
1,1,1,3,1,138317.1414,0,0,8400.0
1,0,1,3,1,2720.0,1,1,340.0
1,0,0,2,1,1111.111111,1,1,100.0
0,0,0,1,1,650.1182033,1,1,11.0
1,0,1,3,1,1250.0,1,1,75.0
1,1,0,4,1,1276.744186,0,1,54.9
1,1,1,1,1,421.47923,0,0,62.4
0,0,0,2,1,1046.0251050000002,1,1,25.0
1,0,1,2,1,1360.435339,1,1,170.0
1,0,0,2,1,882.8586032,1,1,190.0
0,0,0,3,1,2055.387278,1,1,95.0
0,0,0,2,1,650.0,1,1,13.0
1,0,0,4,1,2342.606149,1,1,160.0
0,1,0,2,1,850.0,0,1,37.4
1,1,0,2,1,800.0,0,1,37.0
1,0,0,2,1,1040.118871,1,1,35.0
1,0,1,3,1,2099.497946,1,1,230.0
0,0,0,3,1,1904.761905,1,1,100.0
0,0,1,3,1,1345.119139,1,1,70.0
1,0,0,1,1,644.028103,1,1,55.0
2,0,1,3,1,1306.25,1,0,41.8
1,0,0,3,1,1599.702381,1,1,43.0
1,1,0,2,1,1043.296818,0,1,140.0
1,0,0,2,1,849.9932001,1,1,62.5
1,0,0,3,1,1250.0,1,1,55.0
1,0,1,3,1,1500.364166,1,1,41.2
0,0,0,2,1,998.003992,1,1,40.0
0,0,0,2,1,918.0327869,1,1,42.0
0,0,0,1,1,499.6690933,1,1,15.1
0,0,0,2,1,1144.0,1,1,57.2
1,1,1,2,1,638.4510184999999,0,0,88.7
0,1,1,2,1,1380.198749,0,1,75.0
1,0,1,3,1,2657.101103,1,1,200.0
0,0,0,2,1,800.0,1,1,42.0
0,1,1,3,1,1400.0,0,1,77.0
0,0,1,3,1,1495.016611,1,1,90.0
1,0,0,2,1,1300.0,1,1,130.0
0,0,0,3,1,1649.917504,1,1,110.0
0,0,0,1,1,700.280112,1,1,5.0
0,0,0,2,1,800.0,1,1,15.0
1,0,0,3,1,1240.1352869999998,1,1,55.0
0,0,0,3,1,1747.5970539999998,1,1,140.0
2,1,1,2,1,1274.285714,0,0,66.9
1,1,1,3,1,704.8044168,0,0,120.0
0,0,0,1,1,639.9250819,1,1,41.0
1,0,1,2,1,932.0905459,1,1,56.0
1,0,0,1,1,595.0019833,1,1,75.0
0,0,0,1,1,762.9616785000001,1,1,44.0
0,0,0,2,1,930.2325581,1,1,30.0
0,1,1,3,1,1684.956947,0,1,99.8
1,0,0,2,1,1210.235131,1,1,35.0
1,0,1,2,1,1299.929095,1,0,110.0
1,0,1,1,1,630.0403226,1,1,75.0
0,0,0,3,1,1400.098831,1,1,85.0
1,0,0,3,1,1900.108578,1,1,280.0
0,0,0,2,1,2500.0,1,1,98.6
1,0,0,3,1,1564.129301,1,1,90.0
1,0,0,3,1,1739.1304350000005,1,1,120.0
1,0,0,2,1,918.4763261,1,1,25.8
1,0,0,3,1,1365.41471,1,1,34.9
1,0,0,2,1,1200.056473,1,1,85.0
0,0,0,2,1,870.0191404,1,1,50.0
1,0,0,1,1,640.0,1,1,56.0
0,0,0,3,1,1269.035533,1,1,55.0
1,0,1,2,1,875.0754375,1,1,43.5
1,0,0,2,1,995.7870548,1,1,26.0
0,0,0,3,1,1464.00976,1,1,72.0
0,1,0,1,1,350.0269251,0,1,13.0
0,0,0,2,1,1010.10101,1,1,46.0
0,0,0,2,1,1280.175567,1,1,70.0
2,0,1,3,1,1229.268293,1,0,50.4
0,0,0,3,1,1494.023904,1,1,120.0
0,0,1,2,1,1310.1983,1,1,74.0
0,0,0,2,1,700.1647446000001,1,1,17.0
1,0,0,3,1,1484.143103,1,1,95.0
1,0,0,3,1,1097.881552,1,1,71.0
1,0,1,3,1,1789.6678969999998,1,1,67.9
0,0,0,2,1,930.0359332,1,1,44.0
1,1,1,3,1,1794.7462879999998,0,1,110.0
0,1,1,4,1,2300.661834,0,1,73.0
1,1,1,2,1,746.0766658,0,1,58.0
1,0,0,3,1,1459.770115,1,1,63.5
1,0,0,3,1,1848.966137,1,1,61.7
0,0,1,4,1,1640.080881,1,1,73.0
1,0,0,3,1,1635.1989210000002,1,1,97.0
1,0,1,3,1,1655.115341,1,1,160.0
0,0,0,2,1,1300.178775,1,1,80.0
1,0,1,3,1,1470.047777,1,1,280.0
1,0,1,3,1,2102.631579,1,1,79.9
1,0,0,2,1,1440.189766,1,1,85.0
1,0,0,2,1,620.1132381,1,1,23.0
0,0,0,2,1,1039.046265,1,1,95.0
0,0,0,2,1,70063.69427,1,1,330.0
1,0,1,3,1,1436.406372,1,1,220.0
0,0,0,2,1,1281.287247,1,1,43.0
0,0,0,3,1,1170.331718,1,1,31.4
0,0,0,3,1,1434.891785,1,1,120.0
0,0,1,2,1,1263.066202,1,1,58.0
1,0,0,3,1,1760.0,1,1,110.0
1,0,1,3,1,2400.0,1,1,90.0
0,0,0,2,1,1019.757808,1,1,32.0
0,0,0,2,1,1150.064923,1,1,62.0
1,1,1,3,1,1639.393939,0,1,54.1
0,0,0,3,1,1637.07632,1,1,71.0
0,0,0,2,1,1600.0,1,1,80.0
0,0,0,1,1,601.1500261,1,1,23.0
1,0,0,2,1,1250.0,1,1,65.0
0,0,0,2,1,850.2289078,1,1,26.0
1,1,0,2,1,17429.1939,0,1,80.0
0,0,0,2,1,1200.0,1,1,48.0
0,0,0,2,1,1464.9331619999998,1,1,80.0
0,0,0,1,1,775.073632,1,1,50.0
1,1,1,1,1,358.3770639,0,1,140.0
1,1,1,3,1,137536.25400000002,0,0,9010.0
1,0,0,2,1,1150.054765,1,1,63.0
0,0,0,2,1,1050.044683,1,1,47.0
0,0,0,2,1,890.2791145,1,1,18.5
0,0,0,2,1,1014.198783,1,1,45.0
0,0,0,2,1,750.0,1,1,81.0
0,0,0,2,1,950.1187648,1,1,16.0
1,0,0,2,1,1599.919904,1,1,79.9
1,1,0,2,1,1050.135501,0,1,62.0
1,0,0,2,1,1205.479452,1,1,66.0
1,1,1,2,1,58520.45035,0,0,9200.0
1,1,1,1,1,650.0541712,0,1,54.0
2,1,1,1,1,750.0,0,0,30.0
0,1,0,3,1,1505.721743,0,1,75.0
0,0,0,1,1,625.0,1,1,26.5
1,0,0,3,1,2150.537634,1,1,80.0
2,1,1,2,1,657.760999,0,0,45.3
0,0,0,3,1,1499.892865,1,1,70.0
0,0,0,3,1,1124.054772,1,1,55.0
1,0,0,2,1,979.7941289,1,1,25.7
1,1,1,2,1,1274.475727,0,1,110.0
0,0,0,3,1,870.1326952,1,1,40.0
0,0,0,2,1,950.1613482,1,1,26.5
0,0,0,2,1,860.0797147,1,1,41.0
0,0,0,3,1,1917.91331,1,1,50.0
1,0,1,3,1,2212.634141,1,1,200.0
1,0,1,2,1,763.0675315000001,1,1,220.0
1,1,1,3,1,1684.38783,0,0,160.0
0,0,0,4,1,2010.050251,1,1,60.0
1,0,0,2,1,1293.103448,1,1,120.0
1,0,0,2,1,1150.086256,1,1,80.0
0,0,1,2,1,1245.01992,1,1,50.0
0,0,1,3,1,1867.612293,1,1,63.2
0,0,0,2,1,840.3361345000001,1,1,20.0
1,1,1,2,1,728.9898132000001,0,0,68.7
0,0,0,2,1,1150.218542,1,1,50.0
1,0,1,2,1,1285.163501,1,1,90.0
0,0,1,1,1,475.0593824,1,1,20.0
0,0,0,3,1,1082.004556,1,1,57.0
1,0,0,2,1,835.0730689,1,1,24.0
1,0,0,3,1,2371.409486,1,1,71.0
1,0,0,3,1,1930.501931,1,1,70.0
0,0,0,2,1,797.9468035,1,1,17.1
1,0,0,2,1,1160.050752,1,1,64.0
1,0,0,1,1,550.0045834,1,1,60.0
1,0,0,3,1,1672.727273,1,1,230.0
1,0,1,2,1,1245.08519,1,1,95.0
0,0,0,1,1,400.0,1,1,12.0
1,1,1,3,1,2020.547945,0,1,70.8
1,0,0,3,1,1318.154584,1,1,110.0
1,0,1,3,1,1663.028791,1,1,320.0
0,0,0,3,1,1166.407465,1,1,120.0
2,1,1,2,1,573.6224029,0,0,12.7
1,0,0,2,1,1049.348489,1,1,75.7
1,0,1,4,1,2244.436062,1,1,59.5
1,0,1,2,1,944.6693657,1,1,21.0
1,0,0,3,1,1349.872309,1,1,37.0
1,0,0,3,1,1677.170868,1,1,47.9
1,0,1,3,1,1256.281407,1,1,42.5
1,0,0,2,1,714.2857142999999,1,1,180.0
1,0,1,2,1,980.0822004,1,1,31.0
2,1,1,2,1,1090.0,0,0,65.4
1,0,0,3,1,1734.605377,1,1,60.0
0,0,0,1,1,520.1204489,1,1,19.0
1,0,0,1,1,580.0282176,1,1,37.0
1,0,1,3,1,1659.3152699999998,1,1,79.0
1,0,0,2,1,1100.009167,1,1,240.0
1,0,1,3,1,1705.1326210000002,1,1,99.0
0,0,1,2,1,12755.10204,1,1,25.0
1,1,0,3,1,1913.091008,0,1,140.0
1,0,0,2,1,1024.9051960000002,1,1,100.0
1,0,0,2,1,800.0,1,1,26.0
1,0,1,2,1,1025.930101,1,1,91.0
0,0,0,4,1,2240.0597350000003,1,1,120.0
1,1,0,2,1,550.9730635,0,1,85.5
0,0,0,2,1,1165.1816310000002,1,1,51.0
0,0,0,4,1,2610.656224,1,1,220.0
0,0,1,1,1,630.0114547999999,1,1,27.5
1,0,0,2,1,1030.21978,1,1,45.0
0,0,0,2,1,800.0,1,1,50.0
1,0,1,2,1,772.5700831,1,0,210.0
1,0,0,3,1,1114.94558,1,1,42.0
1,0,0,2,1,977.0889488,1,1,58.0
0,0,0,3,1,1600.180302,1,1,71.0
1,0,0,3,1,1625.239006,1,1,68.0
1,1,1,3,1,849.2089118999999,0,1,26.3
1,0,0,2,1,1296.036289,1,1,120.0
1,0,1,2,1,2564.1025640000003,1,1,58.0
0,0,1,2,1,1085.069444,1,1,50.0
0,0,0,2,1,784.9293564,1,1,30.0
0,0,0,2,1,950.1187648,1,1,36.0
1,0,0,2,1,1060.028585,1,1,89.0
1,0,0,2,1,1209.882832,1,1,95.0
0,0,0,2,1,830.1051467,1,1,45.0
1,0,1,2,1,792.0792079,1,1,24.0
1,0,0,1,1,516.6356685,1,1,25.0
1,1,0,3,1,1256.366723,0,1,37.0
1,0,1,2,1,1254.285714,1,1,43.9
2,1,1,3,1,877.7364725,0,0,85.0
0,0,0,1,1,224.9718785,1,1,8.0
1,1,1,2,1,951.112802,0,1,50.0
1,0,0,3,1,2395.315827,1,1,270.0
1,0,0,4,1,3159.003159,1,1,180.0
0,0,0,3,1,1953.506544,1,1,100.0
1,0,0,3,1,1500.0,1,1,90.0
1,0,1,4,1,2409.316022,1,1,180.0
0,0,0,3,1,1300.108342,1,1,60.0
1,0,0,2,1,1174.844506,1,1,85.0
1,0,1,3,1,1809.681798,1,1,120.0
1,1,1,2,1,1281.578947,0,1,48.7
1,0,0,3,1,3498.098859,1,1,690.0
0,0,0,2,1,700.0259269,1,1,27.0
0,1,0,3,1,1450.353291,0,1,39.0
1,0,0,1,1,695.0477844999999,1,1,48.0
1,0,0,3,1,1649.031194,1,1,120.0
0,1,0,3,1,1927.811975,0,1,68.9
1,0,1,3,1,1883.146067,1,1,83.8
0,0,0,2,1,1000.0,1,1,38.0
0,0,1,2,1,550.381033,1,1,6.5
1,0,0,2,1,1129.8684039999998,1,1,85.0
1,0,0,2,1,1050.06105,1,1,86.0
1,0,0,1,1,350.0102944,1,1,85.0
0,0,0,2,1,950.1689189,1,1,45.0
0,0,0,3,1,1874.023946,1,1,72.0
1,0,0,1,1,559.9800896,1,1,90.0
0,0,0,2,1,870.0696055999999,1,1,45.0
1,1,1,3,1,1800.0,0,1,360.0
1,1,1,3,1,1888.235294,0,0,64.2
1,0,1,2,1,1179.887457,1,1,65.0
1,0,0,3,1,1785.714286,1,1,110.0
1,1,1,2,1,957.0887674,0,1,91.0
1,0,0,2,1,933.0985915,1,1,53.0
1,0,0,3,1,1915.144372,1,1,130.0
1,0,0,2,1,1110.213969,1,1,55.0
1,0,1,2,1,949.9333714,1,1,49.9
0,0,0,1,1,800.0,1,1,25.0
1,1,1,2,1,978.0297661,0,1,69.0
1,0,0,3,1,1690.1968579999998,1,1,170.0
0,0,0,3,1,1500.110302,1,1,68.0
1,0,0,3,1,1390.176089,1,1,45.0
1,0,0,3,1,1825.624233,1,1,44.6
0,0,0,3,1,1454.5454550000002,1,1,40.0
1,1,1,4,1,2684.351808,0,1,170.0
0,1,1,3,1,1850.13876,0,1,100.0
1,1,1,4,1,1950.0,0,0,93.6
0,0,0,2,1,1097.0873789999998,1,1,33.9
1,0,0,2,1,806.1153578999999,1,1,290.0
1,0,0,3,1,1389.662643,1,1,44.9
1,0,0,3,1,2248.201439,1,1,250.0
1,0,1,2,1,1239.933529,1,1,97.0
1,1,1,2,1,1200.030001,0,1,160.0
0,0,0,2,1,1350.174216,1,1,31.0
1,1,1,1,1,310.2453102,0,1,12.9
1,0,0,3,1,2081.362346,1,1,110.0
1,0,1,2,1,1292.466765,1,1,140.0
0,1,1,2,1,950.1187648,0,1,32.0
1,0,0,1,1,632.1112516,1,1,100.0
0,1,0,2,1,892.8571429,0,1,34.0
1,0,0,1,1,623.3909526000001,1,1,33.9
0,0,0,2,1,962.9941127,1,1,22.9
0,0,0,2,1,998.9002933,1,1,54.5
1,0,1,3,1,1631.986944,1,1,120.0
1,0,0,3,1,1234.375,1,1,39.5
1,0,0,2,1,1200.056473,1,1,85.0
0,0,0,1,1,565.0426921,1,1,22.5
1,1,1,1,1,620.0177147999999,0,1,42.0
1,1,1,2,1,570.1425356000001,0,0,22.8
0,0,0,3,1,1723.147616,1,1,120.0
1,0,0,2,1,1110.031913,1,1,160.0
0,0,0,3,1,1750.087504,1,1,100.0
1,1,1,3,1,2161.917976,0,1,670.0
0,0,0,3,1,1199.940003,1,1,160.0
1,0,0,3,1,1910.219675,1,1,160.0
1,0,0,2,1,1071.428571,1,1,24.9
1,0,0,3,1,1165.101775,1,1,170.0
0,1,0,2,1,768.0491551,0,1,25.0
0,0,0,3,1,1200.0,1,1,49.5
1,1,1,3,1,763.0311412000001,0,0,160.0
0,0,0,2,1,1000.0,1,1,42.0
1,0,0,3,1,2000.0,1,1,260.0
1,0,1,1,1,45302.48118,1,0,6500.0
1,0,1,4,1,2624.8085760000004,1,1,85.7
1,0,1,2,1,1008.902077,1,1,68.0
1,0,0,3,1,1823.092505,1,1,81.0
0,0,0,6,1,4175.878163,1,1,170.0
1,0,0,3,1,1673.076923,1,1,43.5
0,0,0,2,1,1125.0,1,1,69.3
1,1,1,2,1,950.0059375,0,1,160.0
1,0,0,3,1,1747.126437,1,1,38.0
1,0,1,3,1,1563.014149,1,1,47.5
0,0,0,3,1,1300.187227,1,1,62.5
1,0,0,2,1,1240.694789,1,1,100.0
1,0,0,2,1,850.0158881000001,1,1,53.5
1,1,0,1,1,547.4006116,0,1,17.9
0,0,0,3,1,1375.0,1,1,44.0
1,0,1,3,1,1542.993407,1,1,110.0
1,0,1,5,1,2900.177753,1,1,310.0
0,0,0,3,1,1250.0,1,1,70.0
1,0,0,3,1,1300.284437,1,1,32.0
0,0,0,3,1,1400.273224,1,1,41.0
0,0,0,3,1,1200.192031,1,1,50.0
0,0,0,2,1,1124.925992,1,1,38.0
0,0,1,2,1,1226.907347,1,1,87.0
1,0,0,1,1,620.0758681,1,1,42.5
1,1,1,2,1,991.7121201,0,1,140.0
0,0,1,1,1,600.0578369,1,1,41.5
1,0,1,3,1,1587.743733,1,1,57.0
0,0,0,3,1,1527.128997,1,1,85.0
1,0,0,2,1,900.0,1,1,90.0
0,0,0,3,1,1476.098558,1,1,130.0
0,0,0,1,1,55.0,1,1,16.5
1,0,0,1,1,649.9327656,1,1,14.5
0,0,0,3,1,1200.0,1,1,27.0
0,0,0,3,1,1400.414938,1,1,27.0
0,0,1,2,1,1040.025213,1,1,66.0
0,0,0,3,1,1265.218429,1,1,53.0
1,0,0,3,1,1200.0,1,1,54.0
1,0,0,2,1,1290.119572,1,1,82.0
0,0,0,3,1,1415.09434,1,0,45.0
1,1,1,1,1,363.6160215,0,0,130.0
1,1,1,2,1,1280.811986,0,1,53.0
1,1,1,3,1,775.1537387999999,0,0,150.0
1,0,0,3,1,1765.138514,1,1,72.0
0,0,0,2,1,750.1875468999999,1,1,20.0
0,0,0,3,1,1300.052002,1,1,25.0
0,0,0,2,1,1037.207771,1,1,31.5
0,0,0,3,1,1300.178775,1,1,80.0
0,0,0,2,1,1300.0,1,1,65.0
1,0,0,2,1,800.0,1,1,60.0
1,0,0,2,1,820.1523139999999,1,1,42.0
1,0,1,3,1,1440.92219,1,0,100.0
1,0,0,1,1,695.0809655,1,1,45.5
1,1,1,2,1,1120.259481,0,1,44.9
0,0,0,2,1,1171.188757,1,1,60.0
1,0,1,2,1,1135.040745,1,1,39.0
1,0,0,1,1,609.9960645,1,1,15.5
1,0,0,2,1,900.090009,1,1,30.0
0,0,0,2,1,750.1172058,1,1,32.0
0,0,0,2,1,1200.0,1,1,32.1
2,1,1,2,1,960.5613356,0,0,39.7
1,1,1,2,1,1036.184211,0,1,50.4
1,0,0,2,1,1264.367816,1,1,26.4
1,0,0,2,1,950.1187648,1,1,40.0
0,1,1,2,1,70.88386956,0,1,48.8
1,0,0,4,1,2200.362413,1,1,85.0
1,0,0,2,1,765.8189476,1,1,240.0
0,0,0,2,1,1060.284762,1,1,35.0
0,0,1,1,1,450.0818331,1,1,22.0
1,1,1,3,1,898.3876306,0,0,190.0
1,0,0,3,1,1739.595878,1,1,130.0
2,1,1,2,1,1150.0,0,0,36.8
0,0,0,3,1,2007.083825,1,1,85.0
1,0,0,3,1,1322.024935,1,1,650.0
1,0,1,2,1,1020.029674,1,1,55.0
0,0,1,1,1,630.1197227000001,1,1,20.0
1,0,0,2,1,650.0,1,1,29.9
0,0,0,2,1,950.04597,1,1,31.0
1,0,1,2,1,1025.140347,1,1,42.0
1,0,0,3,1,1401.050788,1,1,40.0
1,0,1,4,1,2120.093011,1,1,310.0
1,0,1,3,1,1827.2,1,1,57.1
1,0,0,1,1,600.1121705,1,1,10.7
1,0,0,3,1,1460.071514,1,1,49.0
1,0,0,2,1,948.1132075,1,1,20.1
1,0,0,1,1,583.4924676,1,1,110.0
0,0,0,3,1,1620.070357,1,1,87.5
1,0,0,3,1,1611.495333,1,1,240.0
0,0,0,3,1,1350.024546,1,1,55.0
1,0,0,2,1,939.2140657,1,1,250.0
1,0,0,2,1,1100.0,1,1,110.0
0,0,0,2,1,1053.0498710000002,1,1,53.0
1,0,1,3,1,1059.73025,1,0,27.5
1,0,0,2,1,965.0058408,1,1,190.0
1,0,0,3,1,1500.093756,1,1,80.0
1,1,0,3,1,1209.880995,0,0,67.1
1,0,0,2,1,848.8651043,1,1,46.0
0,1,0,2,1,1450.039547,0,1,55.0
1,0,1,2,1,1371.087928,1,1,230.0
0,0,0,2,1,1075.99193,1,1,48.0
0,1,0,3,1,1328.253707,0,1,64.5
0,0,0,2,1,1099.887767,1,1,49.0
1,0,0,2,1,1240.1352869999998,1,1,99.0
1,0,0,4,1,4000.0,1,1,600.0
0,0,0,2,1,890.0316456,1,1,45.0
1,0,1,3,1,1844.361398,1,1,83.9
1,0,0,3,1,1480.165779,1,1,75.0
1,0,1,2,1,1155.0577529999998,1,1,66.0
1,1,0,1,1,317.0174994,0,1,50.0
1,0,0,3,1,2339.963229,1,1,140.0
1,0,0,3,1,1534.919417,1,1,120.0
1,0,0,3,1,1739.1304350000005,1,0,120.0
1,0,1,3,1,1400.560224,1,1,30.0
1,0,0,3,1,1650.165017,1,1,85.0
1,0,0,3,1,1850.328947,1,1,90.0
1,0,0,2,1,1125.054089,1,1,26.0
1,0,1,2,1,1005.025126,1,1,80.0
1,1,0,3,1,2113.888889,0,1,76.1
1,0,0,2,1,1145.117635,1,1,110.0
1,0,0,2,1,1048.071548,1,1,75.0
0,0,0,2,1,699.0434142999999,1,1,38.0
1,0,0,1,1,729.181858,1,1,50.0
1,0,0,2,1,931.2432097,1,1,120.0
1,0,0,3,1,2162.941601,1,1,150.0
1,0,0,2,1,1107.419712,1,1,130.0
0,0,0,2,1,1000.0,1,1,50.0
1,1,1,1,1,399.5157385,0,0,33.0
1,1,1,2,1,971.2065814,0,1,170.0
1,1,1,1,1,402.8461959,0,0,73.6
1,0,0,3,1,1131.418625,1,1,13.0
0,0,0,2,1,1147.227533,1,1,48.0
1,0,0,3,1,1778.907243,1,1,140.0
1,0,0,1,1,800.0,1,1,110.0
0,0,0,2,1,1204.159825,1,1,66.0
0,0,0,3,1,1196.537678,1,1,23.5
0,1,1,3,1,1150.159744,0,1,36.0
0,0,0,4,1,1000.0,1,1,67.0
1,1,1,1,1,570.0200277,0,0,37.0
1,0,0,3,1,1857.142857,1,1,65.0
1,0,0,2,1,929.3394777,1,1,24.2
1,0,1,3,1,1585.144928,1,1,52.5
1,1,1,1,1,557.0685812999999,0,1,45.0
0,0,1,2,1,949.9333714,1,1,49.9
1,0,0,3,1,1967.82035,1,1,170.0
1,0,1,1,1,496.5622613,1,1,13.0
0,0,0,3,1,1055.07491,1,1,50.0
0,0,0,2,1,1057.082452,1,1,85.0
0,0,0,2,1,790.02079,1,1,38.0
1,0,0,2,1,1894.428658,1,1,220.0
0,0,0,2,1,1180.134404,1,1,72.0
0,0,1,2,1,1500.0,1,1,45.0
1,0,0,3,1,1300.052002,1,1,50.0
0,0,1,2,1,1035.0584310000002,1,1,31.0
1,0,0,2,1,1189.74359,1,1,580.0
1,1,1,2,1,1020.408163,0,0,36.0
0,0,0,2,1,1000.0,1,1,25.0
1,1,1,3,1,1422.296591,0,1,68.0
0,0,0,2,1,1259.974801,1,1,30.0
1,0,0,2,1,1044.932079,1,1,150.0
0,0,0,2,1,1172.861783,1,1,65.0
1,0,0,3,1,1280.0,1,1,32.0
1,0,0,3,1,1365.187713,1,1,60.0
0,0,0,2,1,1020.06689,1,1,61.0
0,0,0,3,1,1750.18423,1,1,95.0
0,0,0,3,1,1180.138054,1,1,53.0
0,0,0,1,1,450.0450045,1,1,20.0
0,0,0,2,1,1500.087214,1,1,86.0
1,0,1,3,1,1740.391588,1,1,72.0
0,0,0,2,1,800.0,1,1,27.0
1,1,1,3,1,1353.271028,0,0,72.4
0,0,0,2,1,700.0,1,1,28.0
1,0,1,3,1,1949.75628,1,1,52.0
1,0,0,5,1,5250.032813000001,1,1,800.0
1,0,0,3,1,3500.0,1,1,350.0
1,0,0,3,1,1626.961069,1,1,140.0
0,0,0,1,1,774.2257742,1,1,15.5
1,0,1,2,1,1220.095694,1,1,51.0
1,0,0,1,1,720.0912591,1,1,50.5
1,0,0,2,1,1040.118871,1,1,56.0
1,0,0,1,1,660.0660066,1,1,46.0
1,0,0,3,1,2163.650669,1,1,110.0
1,0,0,2,1,1015.884743,1,1,55.0
2,1,1,2,1,3266.563945,0,0,42.4
0,0,0,2,1,674.8939452000001,1,1,35.0
1,0,0,3,1,1560.25825,1,1,87.0
1,0,0,2,1,911.0233829,1,1,150.0
1,0,0,3,1,1500.150015,1,1,100.0
0,0,0,1,1,403.0474318,1,1,16.4
0,0,0,3,1,1700.198356,1,1,60.0
0,0,1,2,1,1180.004291,1,1,55.0
0,0,0,2,1,1160.081054,1,1,22.9
0,0,0,2,1,1109.989909,1,1,55.0
1,0,0,3,1,1747.368421,1,1,49.8
0,0,0,3,1,1466.0151039999998,1,1,66.0
0,0,1,1,1,719.9895274,1,1,55.0
1,0,0,3,1,1532.889018,1,1,52.9
1,1,1,2,1,50302.36394,0,0,9150.0
0,0,0,3,1,1200.0,1,1,45.0
0,0,1,3,1,2250.409165,1,1,55.0
1,1,1,3,1,1750.547046,0,1,120.0
0,0,0,2,1,1273.113065,1,1,42.0
0,0,0,2,1,875.0857927000001,1,1,51.0
0,0,1,3,1,1917.057903,1,1,98.0
1,1,1,3,1,83228.35307000001,0,0,9910.0
1,0,1,3,1,1580.388935,1,1,57.7
1,0,0,2,1,1100.0,1,1,220.0
1,1,1,2,1,890.0373241000001,0,1,31.0
0,0,0,2,1,858.1235697999999,1,1,45.0
0,0,0,3,1,1079.913607,1,1,45.0
0,0,0,2,1,952.5807805,1,1,22.7
1,1,1,2,1,906.2661833,0,0,70.0
0,0,0,2,1,1004.217714,1,1,50.0
0,0,0,2,1,885.6011669,1,1,42.5
0,0,1,4,1,3164.556962,1,1,160.0
0,0,0,3,1,1935.221023,1,1,95.0
0,0,0,2,1,700.280112,1,1,15.0
1,0,0,3,1,1514.881483,1,1,170.0
1,0,0,3,1,1500.115393,1,1,130.0
1,0,0,2,1,1261.083744,1,1,64.0
1,0,0,2,1,1100.0,1,1,55.0
0,0,0,3,1,1280.91087,1,1,72.0
1,0,1,2,1,1345.111423,1,1,67.0
2,1,0,2,1,810.7692308,0,0,52.7
1,1,1,3,1,2015.258385,0,1,140.0
1,0,0,3,1,1520.112254,1,1,130.0
1,0,0,3,1,1560.999039,1,1,130.0
1,0,0,3,1,1063.264221,1,1,20.0
0,0,0,3,1,1284.026708,1,1,75.0
0,0,0,2,1,890.3133902999999,1,1,25.0
0,0,0,3,1,2108.157654,1,1,230.0
1,0,0,4,1,3000.0,1,1,75.0
1,0,0,3,1,1610.110803,1,1,93.0
0,0,0,2,1,1097.132826,1,1,75.0
1,0,1,3,1,2480.442664,1,1,130.0
1,0,0,2,1,1100.012644,1,1,87.0
1,1,1,3,1,1084.925562,0,1,180.0
2,1,1,2,1,1149.253731,0,0,77.0
1,0,0,2,1,1355.180485,1,1,110.0
0,0,0,3,1,2435.0649350000003,1,1,150.0
1,1,1,1,1,700.0259269,0,1,81.0
1,1,1,2,1,968.054211,0,1,60.0
1,1,1,4,1,3572.704537,0,1,200.0
0,0,0,1,1,900.9009009,1,1,5.0
1,1,1,4,1,3294.117647,0,1,280.0
1,0,0,4,1,3600.036,1,1,2000.0
1,0,0,3,1,2050.708427,1,1,55.0
2,0,1,2,1,1200.0,1,0,18.9
1,0,1,3,1,2246.273229,1,1,110.0
1,1,0,2,1,1020.061204,0,1,150.0
1,0,0,2,1,1246.882793,1,1,200.0
1,0,1,3,1,1250.893495,1,1,70.0
1,0,0,3,1,1670.0360380000002,1,1,190.0
1,0,0,2,1,776.2167197000001,1,1,100.0
0,0,0,2,1,1049.868766,1,1,36.0
0,0,0,3,1,1250.0,1,1,65.0
1,0,0,2,1,1050.006563,1,1,80.0
0,0,0,2,1,1299.967501,1,1,40.0
0,0,0,3,1,1296.043656,1,1,76.0
1,0,0,3,1,1577.73953,1,1,110.0
0,0,0,2,1,1130.116066,1,1,37.0
0,0,0,3,1,1862.019575,1,1,78.0
0,0,0,3,1,1465.028355,1,1,62.0
1,0,0,3,1,1597.402257,1,1,610.0
1,0,1,1,1,650.0881144,1,1,33.2
1,0,1,2,1,861.7459723,1,1,23.0
1,0,0,3,1,1512.287335,1,1,120.0
1,0,0,2,1,1321.003963,1,1,230.0
0,0,1,3,1,1289.906482,1,1,40.0
1,0,0,3,1,2129.719264,1,1,110.0
1,1,1,4,1,2375.0,0,1,190.0
1,0,0,2,1,700.0391083,1,1,17.9
0,0,0,2,1,1012.861736,1,1,31.5
1,0,1,2,1,1173.938564,1,1,360.0
1,1,0,2,1,868.4210526,0,1,33.0
1,0,0,3,1,1497.142857,1,1,52.4
1,1,1,3,1,1349.854996,0,1,51.2
1,0,0,2,1,1092.12386,1,1,85.0
0,0,0,3,1,2250.929732,1,1,230.0
0,0,0,3,1,1650.165017,1,1,85.0
0,0,0,2,1,91.000091,1,1,30.0
1,0,1,3,1,1690.2476,1,1,66.9
1,0,1,2,1,1609.010459,1,1,380.0
1,0,0,3,1,1300.148588,1,1,35.0
1,0,1,2,1,618.907628,1,1,120.0
1,0,1,3,1,1590.255456,1,1,94.0
1,0,1,2,1,961.3769941,1,1,22.9
1,0,1,3,1,1192.2196800000002,1,0,52.1
0,0,0,3,1,1760.046935,1,1,60.0
1,0,0,2,1,1234.003656,1,1,54.0
0,0,0,2,1,1070.090958,1,1,60.0
0,1,0,2,1,1090.188305,0,1,55.0
0,0,0,2,1,712.1057986000001,1,1,28.0
1,0,1,2,1,1000.0,1,1,27.0
0,0,0,1,1,540.0,1,0,13.5
0,0,0,2,1,845.1404425000001,1,1,34.0
0,0,0,2,1,975.0812568,1,1,45.0
1,1,0,3,1,1844.111138,0,1,150.0
1,0,0,2,1,1299.92056,1,1,180.0
0,0,0,2,1,749.85003,1,1,25.0
1,1,1,2,1,1226.158038,0,1,90.0
1,0,0,2,1,1338.199513,1,1,27.5
0,1,1,3,1,1424.979044,0,1,85.0
1,1,1,2,1,649.9228905,0,1,59.0
0,0,0,2,1,1088.92922,1,1,30.0
0,0,0,1,1,550.0402468,1,1,20.5
0,0,0,3,1,1710.665259,1,1,81.0
0,0,0,1,1,613.1207847999999,1,1,20.0
0,0,0,1,1,499.0583804,1,1,37.1
0,0,0,3,1,254545454.5,1,1,28000.0
0,0,0,3,1,1322.001889,1,1,70.0
1,0,1,2,1,1262.556952,1,1,230.0
1,0,0,3,1,1879.993733,1,1,120.0
1,1,1,3,1,1475.409836,0,1,45.0
1,1,1,2,1,730.0020562999999,0,1,71.0
0,0,0,2,1,875.0994431,1,1,33.0
0,0,0,2,1,850.1335924000001,1,1,35.0
1,0,0,3,1,1459.034792,1,1,65.0
1,0,0,1,1,600.0600059999999,1,1,20.0
1,0,0,2,1,980.0490025,1,1,28.0
0,0,0,2,1,1140.161195,1,1,58.0
0,0,0,2,1,980.0490025,1,1,140.0
0,0,0,2,1,1100.244499,1,1,36.0
1,0,1,3,1,1391.176471,1,1,47.3
1,1,0,3,1,1665.1031890000002,0,1,71.0
0,0,1,3,1,1350.016464,1,1,41.0
1,0,0,2,1,1022.114849,1,1,110.0
0,0,0,2,1,1350.337584,1,1,36.0
0,0,0,2,1,976.1388286,1,1,45.0
1,1,1,3,1,1556.958741,0,0,180.0
0,0,0,3,1,1199.637845,1,1,26.5
1,0,1,3,1,2169.197397,1,1,420.0
1,0,0,3,1,1350.174216,1,1,93.0
1,1,0,3,1,2340.425532,0,1,330.0
1,0,0,1,1,500.0,1,1,77.5
1,0,0,2,1,1299.811869,1,1,76.0
0,0,0,2,1,1200.0,1,1,30.0
1,0,0,2,1,1065.088757,1,1,90.0
0,0,1,3,1,1554.135728,1,1,90.0
0,0,0,3,1,1486.199575,1,1,70.0
0,0,0,2,1,1147.227533,1,1,54.0
1,1,1,3,1,2635.277583,0,1,150.0
1,0,0,2,1,1200.0,1,1,20.1
0,0,0,1,1,500.0,1,1,21.0
0,0,0,8,1,3938.461538000001,1,1,320.0
1,1,1,3,1,1064.875491,0,0,32.5
1,1,1,1,1,585.0234009,0,1,15.0
1,0,0,1,1,640.0,1,1,56.0
1,0,0,3,1,1275.045537,1,1,35.0
1,0,1,3,1,1049.032559,1,1,270.0
1,0,0,2,1,680.0,1,1,170.0
1,0,1,5,1,2870.492927,1,1,1800.0
1,1,0,3,1,1765.7816739999998,0,1,280.0
0,0,0,2,1,360.0230415,1,1,25.0
0,0,0,2,1,1100.352113,1,1,25.0
1,1,1,2,1,856.0178052000001,0,1,150.0
0,0,1,3,1,1447.701773,1,1,120.0
0,0,0,2,1,850.0303582,1,1,42.0
1,0,0,3,1,1760.0,1,1,220.0
2,1,1,2,1,492.7929038,0,0,120.0
1,1,1,2,1,640.1566501,0,1,170.0
1,0,0,3,1,1580.162878,1,1,130.0
0,0,0,3,1,1256.018422,1,1,60.0
0,0,1,2,1,1015.056674,1,1,60.0
0,0,0,3,1,960.1181684,1,1,26.0
1,0,1,3,1,1312.9625210000002,1,1,330.0
1,0,0,1,1,545.082898,1,1,24.0
0,0,1,4,1,2240.606687,1,1,65.0
0,0,0,3,1,1300.236407,1,1,55.0
0,0,0,2,1,1024.868124,1,1,68.0
1,0,1,3,1,1390.205371,1,1,44.0
1,0,0,3,1,950.036706,1,1,220.0
1,0,0,2,1,1100.038825,1,1,170.0
0,0,0,2,1,975.0812568,1,1,63.0
1,1,1,2,1,1094.992051,0,1,55.1
1,1,1,2,1,1171.06567,0,1,130.0
1,1,1,3,1,1747.9970870000002,0,1,120.0
2,1,0,2,1,1110.0,0,0,66.6
1,0,0,1,1,738.0679022,1,1,45.0
2,0,0,2,1,1050.2283109999998,1,0,23.0
1,1,1,3,1,1990.166237,0,1,85.0
1,0,0,2,1,1065.162907,1,1,68.0
0,0,0,2,1,782.122905,1,1,28.0
1,0,0,3,1,1434.255742,1,1,79.3
1,0,1,2,1,1374.200872,1,1,230.0
1,1,0,2,1,1138.6374460000002,0,1,23.9
1,0,0,2,1,1070.205479,1,1,50.0
1,0,0,3,1,1289.285714,1,1,36.1
0,1,0,3,1,1450.151057,0,1,96.0
1,0,0,1,1,693.0243127,1,1,61.0
1,1,0,1,1,660.0153492000001,0,1,43.0
0,0,1,2,1,940.5339806,1,1,15.5
1,0,0,2,1,1215.242019,1,1,59.0
1,0,1,2,1,1141.91461,1,1,180.0
1,0,1,3,1,1247.972045,1,1,200.0
0,0,0,2,1,800.0,1,1,40.0
0,0,0,3,1,1830.065359,1,1,56.0
1,0,0,3,1,2335.9288100000003,1,1,210.0
1,0,1,2,1,1325.130147,1,1,56.0
0,0,0,2,1,600.0,1,1,15.0
1,0,0,3,1,1500.288517,1,1,52.0
1,1,0,2,1,1200.056875,0,1,84.4
0,0,0,3,1,1790.227464,1,1,85.0
1,0,1,2,1,1326.071513,1,1,56.0
1,0,0,3,1,1675.206937,1,1,85.0
1,0,0,3,1,2196.193265,1,1,210.0
1,0,0,3,1,1680.0448010000002,1,1,90.0
1,1,0,2,1,1215.12605,0,1,72.3
1,1,1,3,1,844.515342,0,0,180.0
1,0,1,3,1,1700.356718,1,1,71.5
1,0,0,2,1,955.0561798,1,1,51.0
1,0,0,1,1,409.0471607,1,1,17.0
1,0,0,3,1,880.2816901000001,1,1,25.0
1,0,1,2,1,60725.97215,1,0,7980.0
1,0,0,2,1,1612.903226,1,1,120.0
0,0,1,2,1,1172.148355,1,1,67.0
1,0,0,1,1,594.3536404,1,1,100.0
1,0,0,3,1,1392.857143,1,1,39.0
1,0,0,1,1,665.0446067,1,1,82.0
0,0,0,2,1,600.0342877,1,1,35.0
0,0,0,3,1,994.2196532,1,1,43.0
1,0,1,3,1,2050.0205,1,1,150.0
0,0,0,3,1,1451.16819,1,1,100.0
0,0,0,2,1,1100.110011,1,1,40.0
1,0,1,4,1,2577.082375,1,1,560.0
1,0,0,2,1,909.0909091,1,1,75.0
0,0,0,2,1,1070.038911,1,1,55.0
0,1,0,3,1,1498.249125,0,1,59.9
0,0,1,1,1,450.0310366000001,1,1,14.5
0,0,0,2,1,1334.85377,1,1,99.5
0,0,0,4,1,2799.552072,1,1,150.0
0,1,0,3,1,2280.0,0,0,74.1
1,0,0,1,1,618.987112,1,1,34.1
0,0,0,2,1,1395.224041,1,1,52.0
1,1,1,3,1,1474.542458,0,1,170.0
0,0,0,3,1,1367.144432,1,1,62.0
0,0,0,2,1,1450.245426,1,1,65.0
0,0,1,3,1,2325.218477,1,1,74.5
0,0,0,3,1,1344.923733,1,1,82.0
1,0,1,4,1,1840.168244,1,1,70.0
0,0,0,2,1,950.2515372,1,1,17.0
1,0,1,3,1,745.123822,1,1,34.0
1,0,0,2,1,1338.825953,1,1,52.0
1,0,0,1,1,697.7777778,1,1,15.7
1,1,1,3,1,1779.393173,0,1,56.3
0,0,0,2,1,1349.849135,1,1,85.0
1,0,0,2,1,1299.929095,1,1,55.0
0,0,0,2,1,1439.645626,1,1,130.0
1,1,1,4,1,1384.335155,0,0,190.0
1,0,0,2,1,619.6377502,1,1,6.5
0,0,0,1,1,659.6818005,1,1,17.0
1,0,0,2,1,789.1527369,1,1,110.0
0,0,0,1,1,630.0630062999999,1,1,35.0
0,0,0,3,1,1850.007115,1,1,130.0
1,0,0,2,1,1059.883413,1,1,160.0
1,0,0,2,1,1360.0,1,1,61.2
1,0,1,2,1,822.2222222,1,1,22.2
0,0,0,3,1,1311.045559,1,1,160.0
0,0,0,3,1,1449.275362,1,1,25.0
1,0,0,3,1,3650.137741,1,1,530.0
0,0,0,3,1,3376.097232,1,1,50.0
1,1,1,1,1,423.990397,0,0,98.9
1,0,0,3,1,1759.1339649999998,1,1,130.0
0,0,1,2,1,1240.234375,1,1,50.8
1,1,1,3,1,1067.4157300000002,0,0,39.9
1,0,1,2,1,1100.323625,1,1,34.0
1,0,1,4,1,2135.12723,1,1,73.0
2,1,0,3,1,1244.0,0,0,31.1
1,0,0,3,1,1824.921585,1,1,320.0
1,0,0,2,1,1154.956689,1,1,36.0
1,0,0,3,1,1339.130435,1,1,61.6
0,0,1,2,1,983.1767533,1,1,45.0
0,0,0,2,1,1100.244499,1,1,36.0
0,0,1,1,1,590.0202293,1,1,35.0
1,0,1,3,1,1892.042293,1,1,170.0
1,0,0,1,1,559.5084088,1,1,17.3
1,0,0,2,1,810.3214124,1,1,17.9
0,0,0,3,1,1548.369416,1,1,56.5
1,0,0,4,1,3070.0364440000003,1,1,1550.0
1,0,0,2,1,955.0186229,1,1,200.0
0,0,0,1,1,749.7116493999999,1,1,19.5
1,0,0,3,1,1391.546356,1,1,400.0
1,0,0,1,1,700.0538502999999,1,1,52.0
0,0,0,3,1,1365.068253,1,1,39.0
1,1,1,3,1,644.6850393999999,0,1,26.2
0,0,0,3,1,1400.233372,1,1,60.0
1,0,0,3,1,1752.444198,1,1,380.0
0,0,1,2,1,849.1023775,1,1,17.5
0,0,0,3,1,1846.094054,1,1,95.0
1,0,0,3,1,1500.0,1,1,33.0
1,0,1,2,1,657.0756675,1,1,47.5
1,0,1,3,1,1950.144141,1,1,230.0
1,0,0,2,1,870.4385671,1,1,26.0
0,0,0,2,1,909.9181074,1,1,20.0
1,1,1,2,1,1184.249482,0,1,120.0
1,0,1,4,1,4405.286344,1,1,110.0
0,0,0,1,1,916.0683337000002,1,1,37.0
1,0,0,2,1,1170.128846,1,1,89.0
0,0,0,2,1,1000.0,1,1,55.0
1,1,1,3,1,1724.678583,0,1,110.0
0,0,0,2,1,1325.205407,1,1,50.0
1,0,0,2,1,1030.888473,1,1,270.0
0,0,0,3,1,1764.217518,1,1,85.0
0,0,0,3,1,1591.966691,1,1,65.0
0,0,0,2,1,900.2770082999999,1,1,19.5
1,0,0,2,1,1094.833429,1,1,210.0
0,0,0,2,1,1265.155509,1,1,24.0
0,0,0,2,1,795.0530035,1,1,18.0
1,1,1,2,1,880.195599,0,1,36.0
1,0,0,2,1,809.9453758,1,1,43.0
0,0,0,3,1,1860.622463,1,1,55.0
1,0,1,2,1,955.6076796,1,1,110.0
1,1,1,3,1,723.5570284,0,1,26.2
1,1,1,2,1,865.0519031,0,1,130.0
1,1,1,3,1,1336.8421050000002,0,0,50.8
1,0,0,3,1,2857.142857,1,0,350.0
1,0,1,3,1,1725.0842940000002,1,1,220.0
0,0,0,3,1,1449.695564,1,1,50.0
0,0,0,2,1,1000.0,1,1,90.0
1,0,0,3,1,1396.843135,1,1,100.0
1,0,1,3,1,1974.038404,1,1,330.0
1,1,1,3,1,1114.285714,0,1,31.2
1,1,1,4,1,1854.240568,0,0,230.0
1,0,1,4,1,1656.067833,1,1,250.0
1,0,1,2,1,1098.901099,1,1,100.0
1,0,0,2,1,904.9773756,1,1,38.0
0,0,0,2,1,8752.73523,1,1,40.0
0,0,0,3,1,1200.0,1,1,24.0
0,0,0,3,1,2294.197031,1,1,85.0
1,0,0,2,1,948.6040609,1,1,29.9
1,1,1,1,1,680.0151114,0,1,36.0
1,0,1,3,1,1632.940574,1,1,510.0
1,1,0,2,1,1172.180255,0,1,45.0
1,0,0,2,1,1125.967628,1,1,160.0
0,0,0,3,1,1550.120565,1,1,90.0
1,0,0,3,1,1100.28293,1,1,35.0
1,0,1,2,1,1200.025264,1,1,190.0
1,1,1,3,1,1158.185009,0,1,46.2
0,0,0,2,1,900.0473708999999,1,1,38.0
1,0,0,3,1,1414.200321,1,1,97.0
1,0,0,3,1,1888.574127,1,1,60.0
1,0,1,3,1,1588.08933,1,1,51.2
1,0,0,4,1,2580.867171,1,1,75.0
1,1,1,2,1,876.4400271,0,1,38.8
0,0,0,3,1,1200.0,1,1,90.0
0,0,0,2,1,644.0927494,1,1,35.0
0,0,0,2,1,723.0851633999999,1,1,27.0
1,0,0,2,1,1156.069364,1,1,80.0
1,0,1,2,1,881.9100882000001,1,1,82.0
1,0,0,2,1,900.0715966,1,1,88.0
1,0,1,2,1,1440.023753,1,1,97.0
0,0,0,2,1,1320.0,1,1,39.6
0,0,0,5,1,10791.36691,1,1,45.0
0,0,0,2,1,1289.134438,1,1,70.0
1,0,1,2,1,909.9437148,1,1,58.2
0,1,0,2,1,1284.796574,0,1,60.0
1,1,0,3,1,1360.869565,0,1,62.6
1,0,0,3,1,1100.070972,1,1,31.0
0,0,0,1,1,1000.0,1,1,250.0
1,0,0,2,1,900.0,1,1,18.0
0,0,0,1,1,550.0,1,1,22.0
1,0,1,4,1,3594.2735299999995,1,1,590.0
0,0,0,2,1,784.4212836,1,1,28.6
1,0,0,3,1,2079.002079,1,1,270.0
0,0,0,3,1,1925.025329,1,1,95.0
1,0,0,3,1,1793.75,1,1,86.1
1,0,0,2,1,1000.0,1,1,45.0
1,1,0,2,1,1050.175029,0,1,36.0
0,0,0,2,1,925.0834092,1,1,30.5
1,0,0,3,1,3344.481605,1,1,300.0
1,0,0,1,1,400.0,1,1,22.0
1,0,0,3,1,1785.714286,1,1,98.0
1,0,0,2,1,950.1187648,1,1,20.0
0,0,0,3,1,1657.153379,1,1,90.0
0,0,0,4,1,1679.966401,1,1,120.0
1,0,0,3,1,1250.0,1,1,700.0
1,1,0,3,1,1480.306635,0,1,56.0
0,0,0,3,1,1310.833208,1,1,87.0
1,1,0,2,1,1309.243257,0,1,100.0
0,0,1,3,1,850.3401361,1,1,80.0
0,0,0,3,1,1425.081433,1,1,70.0
0,1,0,3,1,1300.052002,0,1,50.0
1,0,1,2,1,1015.228426,1,1,32.0
1,1,1,2,1,990.7120743,0,1,57.6
0,0,0,3,1,1437.371663,1,1,49.0
1,0,0,3,1,1955.371521,1,1,85.0
1,0,0,3,1,1209.909737,1,1,63.0
1,1,0,2,1,740.0,0,0,22.2
1,0,0,2,1,1049.868766,1,1,68.0
1,0,1,2,1,1190.23603,1,1,59.0
0,0,0,3,1,1750.2917149999998,1,1,90.0
0,0,0,2,1,1200.0,1,1,42.0
0,0,0,3,1,1166.105209,1,1,45.0
1,0,1,4,1,2541.589649,1,1,110.0
1,1,1,2,1,742.7258806,0,0,67.9
1,0,0,3,1,1350.088275,1,1,130.0
0,0,0,3,1,1230.228471,1,1,35.0
1,0,0,2,1,1100.016923,1,1,65.0
0,0,1,3,1,1958.041958,1,1,70.0
1,0,0,3,1,1840.101523,1,1,58.0
1,1,1,2,1,873.6608792000002,0,1,47.3
1,0,0,2,1,1100.0,1,1,66.0
0,0,0,1,1,750.3410641,1,1,11.0
1,0,1,3,1,1763.103061,1,1,110.0
0,0,0,2,1,1350.438893,1,1,40.0
1,0,0,2,1,831.0249307,1,1,33.0
0,0,0,3,1,1156.069364,1,1,40.0
1,1,1,3,1,2026.529108,0,1,110.0
0,0,0,4,1,3410.518758,1,1,190.0
1,0,1,5,1,9000.090001,1,1,2000.0
1,0,0,2,1,1101.564221,1,1,150.0
1,1,1,2,1,822.2454776000001,0,1,110.0
1,0,0,2,1,839.5378691,1,1,32.7
1,0,1,3,1,1175.092066,1,1,35.1
1,0,0,3,1,1930.109711,1,1,95.0
1,0,0,3,1,1215.066829,1,1,200.0
1,0,1,3,1,1477.272727,1,1,39.0
1,0,0,3,1,1280.150923,1,1,95.0
0,0,0,3,1,1809.954751,1,1,92.0
1,0,0,4,1,2666.666667,1,1,120.0
1,0,0,3,1,1754.385965,1,1,65.0
0,0,0,2,1,780.0312012,1,1,45.0
1,0,0,3,1,1991.003613,1,1,270.0
0,0,0,2,1,1580.570547,1,1,41.0
0,0,0,4,1,1349.983125,1,1,40.0
0,0,0,3,1,1429.199648,1,1,65.0
1,0,1,2,1,61348.02421,1,0,9020.0
1,0,0,1,1,620.0055112000001,1,1,45.0
1,1,1,3,1,955.0396709,0,0,130.0
1,0,0,2,1,1290.137615,1,1,67.5
1,0,0,1,1,620.0177147999999,1,1,56.0
1,0,0,2,1,1328.125,1,1,42.5
0,0,0,3,1,1534.090909,1,1,45.9
1,0,0,2,1,912.0583717,1,1,95.0
1,0,0,2,1,1161.068045,1,1,67.4
0,1,0,4,1,2325.180847,0,1,270.0
1,0,1,2,1,1043.980453,1,1,47.0
1,0,0,3,1,1418.955794,1,1,78.0
0,0,0,2,1,1100.151745,1,1,29.0
2,0,0,3,1,1346.666667,1,0,60.6
1,1,1,2,1,1353.039134,0,1,130.0
1,1,1,1,1,700.0538502999999,0,1,78.0
1,0,0,3,1,1500.0,1,1,60.0
1,1,1,2,1,817.0228047999999,0,1,91.0
0,0,0,3,1,1781.806815,1,1,57.0
1,0,0,2,1,1110.406091,1,1,140.0
1,0,0,2,1,1125.895599,1,1,88.0
1,0,1,2,1,800.0,1,1,24.4
0,0,0,1,1,580.0464037,1,1,15.0
1,0,0,2,1,1091.791347,1,1,270.0
1,0,0,2,1,900.0,1,1,23.4
1,0,0,3,1,1857.416007,1,1,68.0
1,0,0,2,1,750.0750075,1,1,25.0
2,1,1,3,1,1600.0,0,0,60.0
1,0,1,2,1,766.0167131000001,1,1,33.0
1,0,0,2,1,696.969697,1,1,230.0
1,0,0,3,1,1253.213368,1,1,39.0
1,0,0,2,1,1142.0151039999998,1,1,62.0
1,0,1,4,1,2371.695179,1,1,91.5
1,1,0,3,1,1585.795609,0,1,58.5
1,0,1,3,1,1622.405713,1,1,72.7
1,0,0,3,1,2019.068985,1,1,360.0
0,0,0,2,1,1054.097056,1,1,53.0
1,0,0,2,1,1075.017527,1,1,92.0
1,1,1,2,1,896.2103107,0,1,52.5
1,1,1,2,1,1155.094095,0,1,89.0
1,0,0,1,1,595.0297515,1,1,34.0
1,0,0,3,1,1864.207221,1,1,95.0
1,0,0,2,1,1200.082764,1,1,58.0
1,0,0,1,1,625.0,1,1,29.0
2,1,1,2,1,1097.774444,0,0,43.9
1,0,0,3,1,1387.484197,1,1,43.9
0,0,0,2,1,746.0459563999999,1,1,25.0
0,0,0,1,1,49.00009188,1,1,16.0
1,0,0,2,1,1149.095088,1,1,120.0
1,0,1,2,1,976.8203179,1,1,370.0
1,0,1,2,1,1041.219407,1,1,48.5
1,1,0,1,1,684.7183318,0,1,110.0
1,0,0,3,1,1220.063263,1,1,54.0
1,0,0,2,1,843.4256055,1,1,19.5
0,0,0,3,1,1500.0,1,1,60.0
1,0,1,1,1,676.0411033,1,1,50.0
1,0,0,3,1,2117.852249,1,1,170.0
1,0,1,3,1,1859.861592,1,0,43.0
1,0,1,2,1,592.020592,1,1,23.0
0,0,0,3,1,1500.0789519999998,1,1,95.0
1,0,1,3,1,919.8362691,1,1,200.0
1,0,0,3,1,2000.0,1,1,130.0
1,0,1,3,1,1595.084776,1,1,270.0
1,0,0,2,1,1115.133961,1,1,77.0
1,1,1,2,1,988.4057971,0,1,34.1
1,0,0,3,1,1266.244585,1,1,38.0
0,0,0,1,1,607.0640177,1,1,33.0
1,1,1,3,1,1404.02347,0,1,67.0
1,0,0,3,1,3115.264798,1,1,270.0
0,0,0,3,1,1293.033781,1,1,80.0
1,0,1,1,1,670.8782915,1,1,120.0
1,0,1,3,1,1431.005111,1,1,210.0
1,1,0,2,1,1040.118871,0,1,35.0
0,0,0,2,1,895.0770761,1,1,36.0
1,0,0,2,1,860.1103537999999,1,1,53.0
0,0,0,2,1,695.0013365,1,1,26.0
1,1,0,2,1,1026.086957,0,1,47.2
1,0,0,3,1,1529.090909,1,1,84.1
1,0,0,1,1,694.1001487000001,1,1,42.0
1,0,0,3,1,1393.75,1,1,89.2
0,0,0,3,1,1760.2190489999998,1,1,90.0
0,0,0,2,1,1125.04018,1,1,35.0
2,0,1,2,1,749.7656982000001,1,0,16.0
1,0,0,3,1,1622.768693,1,1,130.0
1,0,0,3,1,2070.0207,1,1,690.0
0,0,0,2,1,900.2520706,1,1,25.0
1,0,0,3,1,2016.129032,1,1,140.0
0,0,0,2,1,929.8721426,1,1,24.0
1,0,0,3,1,1279.166667,1,1,30.7
0,1,0,3,1,1709.0620030000002,0,1,64.5
1,1,0,2,1,1008.14378,0,1,35.9
0,0,0,1,1,330.0765778,1,1,12.5
1,0,1,3,1,1423.69727,1,1,45.9
0,0,0,2,1,800.0,1,1,25.0
0,0,0,4,1,1475.304682,1,1,46.0
0,0,0,2,1,608.8897909,1,1,30.0
0,0,0,2,1,1099.868016,1,1,25.0
0,0,0,3,1,1310.25958,1,1,53.0
1,0,1,3,1,1293.0,1,0,38.79
1,0,0,2,1,1272.264631,1,1,110.0
1,0,0,4,1,3887.908604,1,1,1300.0
1,1,0,3,1,1436.8421050000002,0,0,54.6
1,0,0,3,1,1534.751151,1,1,70.0
2,1,1,2,1,986.0,0,0,49.3
1,0,0,3,1,1399.906673,1,1,60.0
1,0,0,2,1,1365.092631,1,1,98.0
1,0,0,2,1,1150.180743,1,1,70.0
1,0,1,2,1,1466.862248,1,1,110.0
0,0,1,2,1,1250.0,1,1,58.0
0,0,0,2,1,780.2340702,1,1,24.0
1,0,0,3,1,1383.535923,1,1,420.0
1,0,0,2,1,1100.025582,1,1,43.0
1,0,0,2,1,1150.05145,1,1,190.0
0,1,1,2,1,1215.0,0,1,72.9
0,0,0,2,1,1122.099658,1,1,59.0
0,0,0,2,1,650.0541712,1,1,42.0
0,0,1,2,1,855.1225127,1,1,52.0
0,0,0,3,1,1740.038281,1,1,100.0
0,0,0,2,1,1000.0,1,1,42.0
1,0,1,3,1,1778.8089710000002,1,1,92.0
1,0,0,1,1,630.0452845,1,1,32.0
1,0,1,1,1,610.1104009,1,1,21.0
0,0,0,2,1,716.0909857,1,1,34.0
1,1,0,3,1,1827.777778,0,1,65.8
0,0,0,2,1,800.0,1,1,65.0
0,0,0,2,1,1397.89965,1,1,59.9
1,0,0,1,1,900.1211701999999,1,1,52.0
0,0,1,1,1,693.0576765,1,1,59.0
0,0,0,1,1,707.2691552,1,1,18.0
1,0,0,1,1,669.8297516,1,1,24.0
0,0,0,3,1,2840.404758,1,1,160.0
1,0,0,3,1,1550.114497,1,1,88.0
0,0,0,2,1,1141.288645,1,1,39.5
0,0,0,3,1,1280.0,1,1,48.0
1,1,1,2,1,766.2144499,0,0,170.0
1,0,0,2,1,850.043592,1,1,19.5
1,1,1,1,1,471.6517034,0,0,76.7
1,0,1,2,1,1235.669664,1,1,180.0
0,0,0,1,1,625.0,1,1,9.0
1,1,1,3,1,70713.02298,0,0,8400.0
1,0,1,3,1,2462.620932,1,1,140.0
1,0,1,4,1,3443.187408,1,1,210.0
1,0,0,2,1,902.0217729,1,1,58.0
2,1,0,3,1,1285.0,0,0,51.4
1,0,0,3,1,1600.333983,1,1,57.5
1,1,0,3,1,1883.36737,0,1,83.0
0,0,0,3,1,2600.671141,1,1,62.0
1,1,1,3,1,3018.01377,0,1,320.0
1,1,0,3,1,1308.571429,0,1,45.8
1,0,0,3,1,1515.151515,1,1,150.0
1,0,0,2,1,1018.722467,1,1,37.0
1,0,0,2,1,1250.0,1,1,37.9
1,0,1,2,1,1200.0,1,1,42.0
1,0,1,3,1,1145.076172,1,1,230.0
1,1,1,1,1,454.9751832,0,0,77.0
0,0,0,3,1,1754.129513,1,1,120.0
1,0,1,3,1,1554.198142,1,1,430.0
0,0,0,1,1,600.0,1,1,12.0
1,1,1,2,1,890.3662373,0,1,150.0
1,0,1,3,1,1580.409865,1,1,45.5
1,1,0,4,1,2352.9411760000003,0,1,160.0
0,0,0,3,1,1515.151515,1,1,85.0
1,1,1,3,1,1091.803279,0,1,33.3
1,1,0,3,1,1519.666269,0,1,51.0
1,0,0,2,1,1174.084748,1,1,110.0
0,0,1,2,1,1150.306748,1,1,30.0
1,0,0,3,1,1056.338028,1,1,31.5
1,0,0,3,1,187500000.0,1,1,30000.0
0,0,0,4,1,2475.247525,1,1,230.0
0,0,0,3,1,919.9632015,1,1,30.0
0,0,0,3,1,3248.730964,1,1,160.0
1,1,1,2,1,764.5348837,0,1,26.3
1,0,0,2,1,1027.657388,1,1,230.0
1,0,0,3,1,1491.22807,1,1,170.0
0,0,0,3,1,1250.0,1,1,46.0
1,0,0,3,1,1000.0,1,1,20.0
1,1,1,3,1,1625.200642,0,1,81.0
1,1,1,2,1,903.4783918,0,1,120.0
0,0,1,2,1,919.9451948,1,1,47.0
0,0,0,3,1,765.0076501,1,1,85.0
1,0,1,2,1,924.0924092,1,1,28.0
1,0,0,6,1,5500.146671,1,1,1500.0
1,0,0,4,1,2155.0131760000004,1,1,1750.0
1,0,1,2,1,1305.158484,1,1,42.0
1,0,0,3,1,1392.111369,1,1,120.0
1,0,0,3,1,1220.149904,1,1,70.0
0,0,0,3,1,1674.786845,1,1,110.0
0,1,0,2,1,899.9742864,0,1,35.0
0,0,0,2,1,1337.223438,1,1,55.0
1,1,0,3,1,2912.517781,0,1,81.9
0,0,0,3,1,1250.0,1,1,55.0
1,0,0,2,1,1237.623762,1,1,200.0
1,1,0,1,1,708.8888889,0,1,31.9
0,0,1,3,1,1460.564752,1,1,30.0
0,0,1,3,1,1180.173092,1,1,45.0
1,0,0,2,1,1126.7777199999998,1,1,370.0
1,0,1,3,1,1579.20311,1,1,65.0
1,0,0,1,1,660.0660066,1,1,56.0
1,0,0,2,1,1174.148267,1,1,80.3
0,0,0,3,1,1315.020456,1,1,45.0
0,0,0,2,1,900.1636661,1,1,33.0
1,0,0,4,1,2070.393375,1,1,120.0
1,0,1,2,1,1050.030883,1,1,85.0
0,0,0,3,1,1539.965779,1,1,63.0
1,0,0,3,1,2202.296681,1,1,140.0
1,0,0,2,1,1024.983985,1,1,48.0
0,0,1,1,1,550.0550055,1,1,25.0
0,0,0,3,1,1714.285714,1,1,120.0
1,0,0,1,1,700.0,1,1,49.0
0,0,0,3,1,1886.001676,1,1,180.0
1,1,1,4,1,1961.168857,0,0,100.0
1,1,1,4,1,2250.512145,0,1,76.9
0,0,0,3,1,1050.080775,1,1,39.0
1,0,0,3,1,1509.153884,1,1,61.0
1,0,0,1,1,692.940667,1,1,32.0
1,0,1,2,1,805.8667096,1,1,100.0
1,1,1,4,1,2382.654277,0,1,100.0
1,0,0,2,1,1055.115924,1,1,76.0
1,0,0,3,1,2355.844739,1,1,210.0
0,0,0,4,1,4000.0,1,1,180.0
1,1,1,2,1,1260.151218,0,1,45.0
1,0,1,3,1,1621.176471,1,1,68.9
0,0,0,2,1,697.1809638999999,1,1,23.0
1,0,1,3,1,1840.15517,1,1,370.0
0,0,0,3,1,1475.237092,1,1,70.0
0,0,0,3,1,1550.169109,1,1,110.0
1,1,0,2,1,1151.22166,0,1,52.3
1,0,1,3,1,1525.0583800000002,1,1,84.9
1,0,0,3,1,1532.287486,1,1,42.0
1,0,0,2,1,1111.111111,1,1,18.0
2,1,1,1,1,409.8791382,0,0,7.8
1,0,0,1,1,660.0249066,1,1,53.0
0,0,0,4,1,2977.801841,1,1,110.0
1,0,0,2,1,918.1818182,1,1,30.3
1,1,1,2,1,1217.517478,0,1,92.3
1,0,1,3,1,645.0809465,1,1,25.9
1,0,0,5,1,4136.231629,1,1,470.0
1,0,0,2,1,517.6519308000001,1,1,100.0
1,0,0,1,1,590.0151286,1,1,39.0
1,1,1,3,1,1750.2917149999998,0,1,120.0
1,0,0,1,1,600.0184621000001,1,1,65.0
2,1,1,2,1,596.8367651000001,0,0,20.0
0,0,0,3,1,1650.4854369999998,1,1,170.0
0,0,1,2,1,1380.0,1,1,96.6
1,1,1,2,1,451.2805084,0,0,120.0
1,0,1,2,1,1060.304838,1,0,32.0
0,0,0,2,1,1100.13471,1,1,49.0
1,0,1,3,1,2021.095181,1,1,320.0
1,0,0,2,1,1239.157373,1,1,50.0
0,1,1,3,1,1380.042463,0,1,26.0
0,0,0,2,1,1111.111111,1,1,44.0
0,0,1,2,1,965.1844192,1,1,28.0
1,1,1,3,1,832.1985172,0,0,220.0
1,0,0,2,1,1084.953941,1,1,53.0
1,0,0,2,1,976.8637532,1,1,19.0
1,0,0,3,1,3224.128965,1,1,620.0
1,0,0,2,1,1125.017578,1,1,80.0
0,0,0,3,1,1639.3442619999998,1,1,51.0
1,0,1,3,1,1428.571429,1,1,42.2
1,0,0,4,1,2400.045177,1,1,850.0
1,0,0,3,1,1845.01845,1,1,80.0
1,0,0,3,1,1610.777566,1,1,220.0
0,0,0,2,1,794.4073721,1,1,100.0
0,0,0,2,1,2007.024586,1,1,120.0
1,0,0,2,1,1000.0,1,1,45.0
0,0,0,1,1,800.0,1,1,24.0
1,1,1,2,1,882.1334057,0,1,130.0
0,0,0,3,1,1260.504202,1,1,30.0
1,1,1,3,1,1593.149457,0,1,160.0
0,0,0,3,1,1169.993118,1,1,85.0
1,0,0,2,1,986.6828087,1,1,32.6
1,0,0,2,1,1000.0,1,1,60.0
2,0,0,3,1,1264.231499,1,0,53.3
0,0,0,2,1,1320.064988,1,1,32.5
1,0,1,1,1,720.0221544999999,1,1,130.0
1,0,0,2,1,1050.068483,1,1,69.0
0,0,1,2,1,1072.041166,1,1,50.0
0,0,1,2,1,800.0,1,1,50.0
1,1,0,2,1,1047.566676,0,1,38.1
1,0,0,5,1,5000.0,1,1,380.0
1,1,1,2,1,545.2292441000001,0,0,52.8
1,0,0,2,1,1250.0,1,1,68.0
1,0,0,3,1,1078.2608699999998,1,1,49.6
0,0,0,3,1,1600.0,1,1,80.0
0,0,0,3,1,1870.32419,1,1,52.5
0,0,0,2,1,1000.0,1,1,35.0
1,0,0,2,1,888.4615385,1,1,23.1
1,1,1,3,1,1395.2046300000002,0,1,67.5
1,0,0,2,1,1083.694565,1,1,32.5
0,0,0,2,1,1099.585062,1,1,26.5
0,0,1,3,1,1750.171585,1,1,51.0
1,0,1,3,1,1521.179499,1,1,130.0
1,0,0,2,1,1334.1419039999998,1,1,110.0
1,0,0,3,1,1754.470759,1,1,72.6
1,0,0,2,1,820.0197936000001,1,1,58.0
0,0,0,2,1,725.0580046,1,1,75.0
0,0,0,1,1,730.2231237000001,1,1,18.0
1,0,1,2,1,1416.179855,1,1,80.0
0,1,1,2,1,920.1324991,0,1,50.0
1,0,0,2,1,722.9832572,1,1,38.0
1,0,1,3,1,1065.298876,1,1,270.0
1,0,1,3,1,1356.36779,1,1,47.5
1,0,0,2,1,850.1177086000001,1,1,32.5
1,1,1,2,1,623.8303182,0,0,120.0
1,1,0,1,1,290.00918360000003,0,1,60.0
1,0,0,1,1,604.3405676,1,0,36.2
1,1,0,2,1,1150.146382,0,1,55.0
1,0,0,3,1,1895.444818,1,1,62.0
1,1,1,2,1,918.0488402,0,1,150.0
0,0,0,2,1,820.2099738,1,1,25.0
0,0,0,1,1,620.0177147999999,1,1,14.0
0,1,1,3,1,1649.970536,0,1,84.0
0,0,0,2,1,1159.885796,1,1,65.0
0,1,0,2,1,1149.865849,0,1,60.0
1,1,1,2,1,729.1666667000001,0,1,19.6
1,0,0,2,1,800.0,1,1,98.0
0,0,1,2,1,1010.10101,1,1,32.0
0,0,1,2,1,1073.103987,1,1,54.9
0,0,0,3,1,1646.303583,1,1,79.5
0,0,0,3,1,1327.3432710000002,1,1,65.0
1,0,0,1,1,1066.85633,1,1,120.0
0,0,0,2,1,3350.515464,1,1,130.0
0,0,1,4,1,3518.5760119999995,1,1,340.0
1,0,0,2,1,1109.33925,1,1,160.0
1,0,0,2,1,950.0285009,1,1,100.0
0,0,0,3,1,1500.258665,1,1,58.0
0,0,0,2,1,1086.012163,1,1,50.0
1,0,1,2,1,1000.0,1,1,140.0
1,0,1,1,1,480.0,1,1,150.0
0,0,0,2,1,1017.939091,1,1,24.4
0,0,0,2,1,950.0542888,1,1,70.0
0,0,0,3,1,1725.3439030000002,1,1,74.0
0,0,0,3,1,2200.430519,1,1,92.0
1,0,1,4,1,3142.857143,1,1,220.0
0,0,0,2,1,950.0662837,1,1,43.0
1,1,0,2,1,2155.805977,0,1,440.0
1,0,1,1,1,614.0165149000001,1,1,58.0
1,0,0,3,1,1728.472659,1,1,55.0
0,0,0,2,1,750.0797957000001,1,1,23.5
1,0,0,3,1,1620.111732,1,1,87.0
0,0,0,2,1,1199.616123,1,1,25.0
0,0,0,3,1,1741.071429,1,1,78.0
1,1,1,2,1,887.862914,0,1,100.0
1,1,1,3,1,1541.128877,0,1,80.0
0,0,0,1,1,375.0375038,1,1,12.5
0,0,0,2,1,1050.175029,1,1,45.0
0,0,0,2,1,838.0291865,1,1,58.0
0,0,0,1,1,600.0,1,1,15.0
1,1,1,2,1,889.200561,0,0,31.7
1,0,1,3,1,1514.233798,1,0,100.0
1,0,0,3,1,1300.178775,1,1,80.0
0,0,1,2,1,1260.300533,1,1,26.0
1,1,0,3,1,1749.883341,0,1,75.0
1,0,0,3,1,2055.498458,1,1,100.0
1,0,0,3,1,1753.924406,1,1,200.0
0,1,0,3,1,1188.237648,0,1,59.4
1,0,1,4,1,3195.052821,1,1,620.0
0,0,0,3,1,1200.120012,1,1,40.0
0,0,1,3,1,1800.0,1,1,49.5
1,0,0,3,1,1220.053239,1,1,110.0
1,0,1,3,1,1369.141654,1,1,78.0
0,0,0,3,1,1500.535906,1,1,28.0
1,0,1,2,1,1002.171371,1,1,120.0
0,0,0,2,1,1146.000458,1,1,50.0
1,0,0,2,1,1443.488943,1,1,47.0
0,0,0,3,1,1600.0,1,1,72.0
1,0,0,4,1,2580.389043,1,1,130.0
1,1,1,3,1,1609.822647,0,1,59.0
1,0,1,3,1,1428.279943,1,1,70.0
0,1,0,3,1,1117.647059,0,1,39.9
1,0,0,3,1,1290.084777,1,1,70.0
1,0,0,2,1,956.120881,1,1,56.0
0,0,0,1,1,850.2884907,1,1,28.0
1,0,0,3,1,1250.0,1,1,35.0
0,0,0,3,1,1356.132075,1,1,46.0
1,1,1,2,1,1008.517228,0,0,52.1
1,0,1,2,1,1130.85622,1,1,63.0
1,0,0,3,1,1350.040079,1,1,320.0
1,1,0,2,1,1000.0,0,1,44.0
0,0,0,2,1,1065.035123,1,1,47.0
1,0,0,3,1,1217.235189,1,1,33.9
1,0,1,3,1,1300.052002,1,1,50.0
0,0,0,1,1,494.9494949,1,1,24.5
1,1,1,3,1,1556.262264,0,1,230.0
1,0,0,2,1,1063.1100800000002,1,1,110.0
1,0,0,3,1,1675.242312,1,1,140.0
1,0,0,2,1,1465.072668,1,1,250.0
1,0,0,2,1,1329.787234,1,1,80.0
1,0,0,3,1,1625.239006,1,1,85.0
0,0,0,2,1,1300.0,1,1,45.5
0,0,0,1,1,464.0,1,1,14.5
0,0,0,3,1,1650.165017,1,1,80.0
0,0,0,1,1,569.9629524000001,1,1,20.0
1,1,1,3,1,1840.388155,0,1,110.0
1,1,0,3,1,1138.088012,0,1,75.0
1,0,1,3,1,1605.941985,1,1,320.0
1,0,1,3,1,1661.957786,1,1,100.0
0,0,0,3,1,1365.001365,1,1,50.0
0,1,0,2,1,721.8390805,0,1,31.4
0,0,0,2,1,638.0602967,1,1,40.0
0,0,1,3,1,1300.2022539999998,1,1,45.0
1,0,1,1,1,620.0432588,1,1,43.0
0,1,0,3,1,1876.407305,0,1,75.0
1,0,1,3,1,1835.102897,1,1,140.0
0,0,0,2,1,699.844479,1,1,27.0
0,0,0,2,1,695.1340616,1,1,35.0
0,0,0,3,1,871.9240457000001,1,1,45.0
1,0,0,1,1,579.9672489,1,1,85.0
1,0,1,2,1,1050.052503,1,1,90.0
1,1,0,3,1,1347.507112,0,1,180.0
1,1,1,3,1,2526.16384,0,1,140.0
0,0,0,1,1,425.1144539,1,1,6.5
1,1,1,1,1,353.72691289999995,0,0,42.9
1,0,1,2,1,1377.7555109999998,1,1,110.0
1,1,1,3,1,1054.119548,0,1,26.1
0,0,0,2,1,1225.114855,1,1,48.0
1,0,0,3,1,1750.0560920000005,1,1,78.0
1,0,0,3,1,1400.157027,1,1,53.5
1,0,1,2,1,476.3967085,1,0,110.0
1,0,0,2,1,1248.2853220000002,1,1,45.5
0,0,1,3,1,1685.0974199999998,1,1,160.0
1,0,0,2,1,1085.176085,1,1,53.0
1,0,1,4,1,4500.4500450000005,1,1,200.0
1,0,1,2,1,911.0021023,1,1,130.0
1,0,0,3,1,2100.25203,1,1,150.0
1,0,1,3,1,1600.0,1,1,180.0
0,0,0,1,1,555.0416281,1,1,36.0
1,0,0,2,1,1264.227642,1,1,31.1
1,0,0,3,1,1288.627936,1,1,41.7
0,0,0,3,1,1474.840949,1,1,51.0
1,0,1,4,1,2211.554021,1,1,820.0
1,0,0,4,1,2950.163313,1,1,280.0
1,0,1,3,1,2400.0,1,0,98.4
0,0,0,3,1,968.0324178,1,1,43.0
1,0,0,3,1,1767.007447,1,1,140.0
0,0,0,3,1,1000.0,1,1,34.0
0,0,1,3,1,1400.289715,1,1,58.0
1,0,1,2,1,954.8839247000002,1,1,65.4
0,1,0,4,1,773.9938080000001,0,1,60.0
1,0,0,2,1,1210.165389,1,1,60.0
0,0,0,3,1,1489.995743,1,1,35.0
0,0,0,3,1,1350.135014,1,1,45.0
1,1,1,4,1,2470.007057,0,1,210.0
1,0,0,3,1,2010.050251,1,1,160.0
1,1,1,4,1,1716.4926329999998,0,0,240.0
1,0,1,3,1,1400.0518539999998,1,1,54.0
1,0,0,1,1,625.0,1,1,65.0
0,0,0,2,1,1199.940003,1,1,80.0
1,0,0,2,1,1050.006563,1,1,160.0
1,1,0,3,1,1092.0,0,1,54.6
1,0,1,3,1,1844.222091,1,1,94.0
1,0,0,4,1,3111.96451,1,1,470.0
1,0,0,2,1,1068.577535,1,1,170.0
0,0,0,3,1,2600.0,1,1,65.0
1,0,1,3,1,1705.131686,1,1,62.8
1,1,1,2,1,1164.486382,0,1,54.3
0,0,0,1,1,350.09548060000003,1,1,5.5
1,1,0,3,1,2560.124127,0,1,330.0
1,1,1,2,1,1290.159373,0,1,51.0
1,0,1,3,1,1855.28757,1,1,110.0
1,0,0,3,1,1231.135822,1,1,93.0
0,0,0,2,1,1000.0,1,1,45.0
0,0,0,3,1,1098.354382,1,1,28.7
0,1,1,2,1,1100.244499,0,1,45.0
1,0,0,2,1,1116.830797,1,1,49.9
1,0,0,3,1,1521.15024,1,1,73.0
0,0,0,1,1,600.0,1,1,12.0
1,0,1,3,1,1880.141011,1,1,80.0
1,0,0,2,1,1100.070972,1,1,62.0
0,0,1,3,1,1800.3064350000002,1,1,70.5
2,0,1,3,1,77615.50473,1,0,8450.0
1,0,1,2,1,959.8411297,1,1,43.5
0,0,0,2,1,600.0960154,1,1,25.0
1,0,0,3,1,1920.122888,1,1,100.0
1,0,1,2,1,1200.0,1,1,150.0
0,0,0,2,1,630.0114547999999,1,1,22.0
1,0,0,3,1,2152.5679760000003,1,1,57.0
1,0,1,1,1,509.30327310000007,1,1,150.0
0,0,0,3,1,1409.820126,1,1,58.0
1,0,1,3,1,1781.472684,1,1,120.0
0,0,0,2,1,935.2731591,1,1,31.5
0,0,0,2,1,1325.145443,1,1,61.5
1,0,1,2,1,489.5416110000001,1,0,110.0
1,0,1,2,1,1278.480435,1,1,280.0
1,0,1,3,1,1791.151711,1,1,100.0
1,1,1,3,1,1183.664556,0,1,54.2
0,0,0,3,1,1575.230853,1,1,58.0
1,0,0,2,1,965.1474531,1,1,18.0
1,1,1,2,1,1399.847289,0,1,110.0
1,1,0,1,1,503.6807438999999,0,1,13.0
1,0,0,3,1,1950.014625,1,1,600.0
1,0,0,3,1,1335.113485,1,1,140.0
0,0,0,2,1,1125.061145,1,1,69.0
1,1,1,2,1,1040.081177,0,1,82.0
1,0,0,3,1,1400.258509,1,1,65.0
1,1,0,2,1,1339.013999,0,1,110.0
1,0,0,3,1,1559.819061,1,1,100.0
0,0,0,3,1,1150.180743,1,1,70.0
1,0,0,5,1,2700.348432,1,1,93.0
1,0,0,2,1,1200.0,1,1,42.0
1,0,0,2,1,1100.13471,1,1,49.0
0,0,0,2,1,1339.046599,1,1,75.0
0,0,0,1,1,465.1162791,1,1,15.0
1,1,1,3,1,1380.103508,0,1,72.0
1,0,1,1,1,689.5293687999999,1,1,56.7
1,1,1,4,1,2084.108671,0,1,56.0
0,0,0,2,1,1000.0,1,1,48.0
0,0,0,3,1,1413.588691,1,1,31.0
1,0,0,3,1,1306.076093,1,1,92.0
0,0,0,1,1,599.880024,1,1,20.0
1,1,1,3,1,1155.015198,0,1,190.0
0,0,0,2,1,1221.299463,1,1,25.0
1,0,0,2,1,860.0377002999999,1,1,73.0
1,0,0,3,1,1960.049938,1,1,47.1
0,0,0,2,1,900.2520706,1,1,25.0
0,0,0,3,1,2000.0,1,1,70.0
1,0,0,4,1,2950.701691,1,1,82.0
1,0,0,5,1,2983.219391,1,1,240.0
1,0,0,3,1,1750.338134,1,1,220.0
0,1,0,2,1,977.1986971,0,1,48.0
1,1,1,2,1,540.0328716,0,1,23.0
1,0,0,3,1,1168.07611,1,1,44.2
1,0,0,2,1,1225.1565480000002,1,1,90.0
1,0,1,3,1,1505.174036,1,1,80.0
1,0,0,1,1,380.016214,1,1,75.0
0,0,1,1,1,650.2554575,1,1,14.0
0,0,0,2,1,1150.133498,1,1,56.0
0,1,0,3,1,1400.233372,0,1,72.0
1,0,0,3,1,1312.06046,1,1,250.0
0,0,0,3,1,1500.0,1,1,48.0
0,0,0,2,1,1110.03861,1,1,23.0
1,0,0,1,1,650.026001,1,1,100.0
1,0,1,1,1,600.0600059999999,1,1,20.0
1,0,0,3,1,1812.953238,1,1,72.5
1,1,0,2,1,858.2907232000001,0,1,23.5
1,1,1,4,1,3469.052401,0,1,190.0
1,1,1,3,1,861.7758597999999,0,1,65.9
1,0,1,2,1,1080.175303,1,1,41.9
0,0,0,2,1,1054.1447050000002,1,1,44.0
1,1,1,2,1,920.568122,0,1,140.0
0,0,0,3,1,998.8014383,1,1,25.0
1,1,0,2,1,950.3342884,0,1,19.9
1,0,1,1,1,688.0349052,1,1,41.0
0,0,1,2,1,1072.041166,1,1,50.0
0,0,0,2,1,1150.1138130000002,1,1,96.0
0,0,0,2,1,1000.0,1,1,50.0
1,1,1,2,1,1101.928375,0,1,100.0
1,0,1,2,1,1313.62525,1,1,59.1
1,0,1,2,1,1258.581236,1,1,110.0
1,0,1,3,1,1590.214067,1,1,52.0
1,0,0,2,1,1350.0,1,1,54.0
0,0,0,2,1,1600.0,1,1,40.0
1,0,0,2,1,1338.055884,1,1,34.0
1,0,0,2,1,1000.0,1,1,90.0
0,0,1,2,1,990.0990099,1,1,45.0
1,0,1,2,1,768.7379885,1,1,120.0
0,0,0,2,1,950.209046,1,1,25.0
1,0,0,3,1,2008.032129,1,0,75.0
1,0,0,3,1,1503.436426,1,1,70.0
1,1,0,2,1,825.0371267,0,1,150.0
0,0,0,3,1,1600.0,1,1,70.0
1,0,1,2,1,1307.8112,1,1,110.0
1,0,1,1,1,650.0397984,1,1,49.0
1,0,1,2,1,1075.076151,1,1,120.0
1,1,0,1,1,580.0,0,0,75.4
2,0,1,2,1,834.6813329,1,0,25.8
0,0,0,2,1,910.2053325,1,1,29.7
0,0,0,3,1,1550.169109,1,1,55.0
1,0,0,3,1,2109.8901100000003,1,1,480.0
0,0,0,2,1,950.1689189,1,1,45.0
0,0,0,2,1,1132.5574789999998,1,1,39.9
0,0,0,3,1,1269.047619,1,1,53.3
0,1,1,2,1,984.1574652,0,1,41.0
1,0,0,2,1,1150.828248,1,1,66.0
1,0,1,2,1,1049.180328,1,1,32.0
1,0,1,3,1,1820.250284,1,1,80.0
1,0,0,3,1,1233.183857,1,1,33.0
1,0,1,2,1,900.0,1,1,360.0
1,0,1,2,1,1035.014314,1,1,47.0
1,1,0,1,1,615.0691952999999,0,1,36.0
1,0,1,3,1,2056.137331,1,1,430.0
0,0,0,2,1,650.0956022999999,1,1,17.0
1,0,0,2,1,832.2698774,1,1,150.0
1,0,0,2,1,1017.060367,1,1,62.0
0,1,0,3,1,925.0693802,0,1,40.0
1,0,0,2,1,641.9772901,1,1,160.0
0,0,1,2,1,1245.01992,1,1,100.0
1,0,0,1,1,510.0136833000001,1,1,82.0
2,1,1,2,1,1531.073446,0,0,54.2
2,0,1,2,1,897.9591837000002,1,0,22.0
1,0,1,2,1,1118.864852,1,1,48.1
1,0,0,3,1,1350.024546,1,1,110.0
1,0,0,3,1,1714.985708,1,1,210.0
0,0,0,2,1,754.8309178999999,1,1,25.0
1,0,1,2,1,1249.917769,1,1,190.0
1,0,0,2,1,610.8108107999999,1,0,22.6
1,0,0,3,1,1461.063413,1,1,97.0
1,1,1,3,1,1202.983399,0,1,150.0
0,0,0,2,1,1250.0,1,1,65.0
1,1,1,4,1,2430.379747,0,1,96.0
1,0,0,2,1,1010.10101,1,1,80.0
1,0,0,3,1,1549.950683,1,1,110.0
1,0,1,3,1,1445.652174,1,1,66.5
1,0,0,2,1,850.2289078,1,1,26.0
1,0,0,3,1,1415.285079,1,1,70.0
0,0,0,2,1,2600.104004,1,1,50.0
0,0,0,2,1,950.0239502,1,1,59.5
1,0,1,3,1,1157.072606,1,1,80.0
1,1,1,3,1,2548.283262,0,1,190.0
1,1,0,2,1,1171.646163,0,1,240.0
0,0,0,2,1,973.1543624,1,1,58.0
1,0,0,3,1,1992.204417,1,1,92.0
1,1,1,2,1,650.0,0,0,39.0
1,1,1,3,1,1020.906387,0,0,230.0
1,0,1,2,1,790.0178916,1,1,340.0
1,0,1,2,1,475.0103263,1,1,23.0
1,0,0,2,1,1250.0,1,1,65.0
0,0,1,2,1,1385.18024,1,1,83.0
1,0,0,2,1,825.1676122,1,1,32.0
0,0,0,2,1,900.090009,1,1,40.0
0,0,1,2,1,1017.087063,1,1,75.0
0,0,0,1,1,500.0,1,1,50.0
0,0,0,2,1,1250.0,1,1,32.0
1,1,1,3,1,1649.970536,0,1,140.0
0,0,0,2,1,1300.148588,1,1,35.0
0,0,0,2,1,1075.268817,1,1,37.0
1,0,0,3,1,2012.882448,1,1,150.0
0,0,0,3,1,1725.3439030000002,1,1,74.0
0,0,0,2,1,943.1092181,1,1,31.0
0,0,0,2,1,1269.751693,1,1,45.0
1,0,0,2,1,861.1241583999999,1,1,55.0
1,1,1,3,1,907.65588,0,0,92.0
1,0,0,2,1,1040.101699,1,1,90.0
0,0,0,2,1,830.0506472,1,1,29.5
1,0,1,4,1,2266.009852,1,1,230.0
0,0,0,2,1,986.1932939,1,1,40.0
0,0,0,2,1,1120.0,1,1,42.0
1,1,1,3,1,930.8320206,0,1,130.0
0,0,0,2,1,1288.217108,1,1,75.0
1,0,0,3,1,1350.0,1,1,37.8
0,0,0,2,1,1440.144014,1,1,48.0
1,1,1,1,1,450.0,0,0,54.0
0,0,1,3,1,1500.0,1,1,57.6
1,0,1,2,1,1100.058514,1,1,94.0
1,1,1,2,1,759.7597598,0,0,75.9
1,0,0,1,1,689.2585382999999,1,1,77.9
0,0,0,1,1,649.9133449,1,1,15.0
1,1,0,2,1,603.9638794,0,0,51.5
0,0,0,2,1,1095.17601,1,1,42.0
1,0,1,1,1,422.7287138,1,0,120.0
0,0,0,2,1,1098.807496,1,1,38.7
1,0,0,1,1,800.0,1,1,55.0
1,1,1,1,1,402.7472527,0,0,73.3
0,0,0,1,1,495.2380952,1,1,5.2
1,0,0,2,1,1318.181818,1,1,58.0
1,0,0,3,1,1285.077367,1,1,49.0
1,0,0,3,1,1200.0,1,1,60.0
1,0,0,2,1,979.0550414,1,1,20.1
0,0,0,2,1,955.2656104,1,1,20.5
1,0,0,2,1,1250.0,1,1,52.0
1,1,0,4,1,2220.063827,0,1,160.0
1,0,0,1,1,590.1044031,1,1,26.0
1,0,0,2,1,1536.657808,1,1,98.3
1,0,1,2,1,1123.974373,1,1,100.0
1,0,0,3,1,1290.000416,1,1,310.0
0,0,0,3,1,1575.375667,1,1,65.0
0,0,0,2,1,1260.311641,1,1,27.5
1,0,0,1,1,680.9669731,1,1,100.0
1,0,1,3,1,91469.6814,1,0,8900.0
0,0,0,2,1,593.9123979,1,1,16.0
1,0,0,2,1,1010.10101,1,1,85.0
1,0,0,1,1,630.1197227000001,1,1,30.0
1,0,0,2,1,650.0,1,1,23.4
1,0,1,2,1,1047.120419,1,1,88.0
1,1,1,1,1,651.8904824,0,1,30.0
0,0,0,2,1,1100.110011,1,1,60.0
1,0,1,3,1,1990.049751,1,1,180.0
1,1,0,5,1,4175.0647850000005,0,1,290.0
1,0,1,4,1,2625.9250420000003,1,1,220.0
0,0,0,3,1,2400.1371510000004,1,1,140.0
1,0,0,3,1,1895.477931,1,1,70.0
1,0,0,3,1,1499.863649,1,1,55.0
1,1,1,3,1,634.3046638,0,0,89.9
0,0,0,1,1,300.0428633,1,1,7.0
0,0,0,2,1,843.9545298,1,1,24.5
1,0,0,2,1,954.7738693,1,1,28.5
1,1,1,3,1,1524.390244,0,0,35.0
2,1,0,2,1,992.6470588,0,0,64.8
1,0,0,3,1,1880.170469,1,1,150.0
1,1,1,3,1,1575.0,0,1,69.3
1,0,0,2,1,1204.819277,1,1,160.0
1,0,0,1,1,358.0123156,1,1,100.0
1,0,1,3,1,2451.904942,1,1,130.0
0,0,1,3,1,1300.236407,1,1,33.0
1,0,0,2,1,955.0290135,1,1,39.5
1,0,0,2,1,1200.087279,1,1,110.0
1,0,0,3,1,1660.172793,1,1,98.0
1,1,0,2,1,1191.789216,0,0,77.8
1,0,1,3,1,1703.9106149999998,1,1,54.9
1,0,0,4,1,2960.039467,1,1,180.0
2,1,1,2,1,1323.076923,0,0,51.6
1,0,0,2,1,1290.084777,1,1,35.0
1,0,0,2,1,1000.0,1,1,33.0
1,0,0,2,1,820.1892744,1,1,26.0
1,0,1,3,1,1940.109658,1,1,92.0
1,0,1,2,1,1125.118612,1,1,83.0
0,0,0,2,1,872.0296490000001,1,1,40.0
0,0,0,2,1,828.1110116,1,1,18.5
1,0,0,2,1,1099.954359,1,1,24.1
1,0,0,2,1,955.0938338,1,1,57.0
0,0,1,2,1,989.8904802,1,1,47.0
1,0,0,4,1,2983.870968,1,1,370.0
1,1,0,3,1,1750.18423,0,1,95.0
0,0,0,1,1,513.0836326,1,1,30.0
1,1,1,3,1,1705.069124,0,1,62.9
1,0,0,1,1,550.2063274000001,1,1,12.0
0,0,0,2,1,1012.009176,1,1,75.0
0,0,0,3,1,1185.214946,1,1,59.0
1,0,0,2,1,1000.0,1,1,95.0
1,0,0,4,1,1399.160504,1,1,490.0
0,1,0,2,1,850.0991782,0,1,30.0
1,0,0,2,1,650.026001,1,1,150.0
1,0,1,3,1,1646.84355,1,1,90.0
0,0,0,2,1,860.0,1,1,43.0
1,0,0,3,1,1590.151321,1,1,62.0
1,0,0,1,1,679.7706797999999,1,1,33.2
0,0,0,2,1,1455.074573,1,1,120.0
1,0,1,3,1,1875.779496,1,1,75.2
0,0,0,1,1,750.0,1,1,15.0
1,0,1,2,1,1345.017322,1,1,66.0
0,0,0,3,1,1700.1020059999998,1,1,50.0
0,0,0,4,1,2304.147465,1,1,120.0
1,0,1,2,1,1399.176955,1,1,85.0
1,1,1,2,1,1160.934552,0,1,160.0
0,0,0,2,1,1355.01355,1,1,120.0
1,0,1,1,1,610.0316313,1,1,27.0
1,0,0,2,1,900.0163639,1,1,55.0
1,0,0,3,1,1410.033233,1,1,89.1
0,0,0,2,1,1075.05864,1,1,55.0
1,0,0,3,1,1510.003775,1,1,80.0
1,0,0,2,1,1050.213325,1,1,32.0
1,1,1,3,1,2548.160228,0,1,250.0
1,1,1,1,1,567.8571429,0,1,15.9
1,0,0,3,1,1445.270988,1,1,68.0
1,1,1,3,1,830.3093671,0,1,270.0
1,1,1,1,1,307.9637501,0,0,76.8
1,0,0,2,1,1050.057537,1,1,73.0
1,1,0,2,1,780.0,0,1,31.2
1,0,1,2,1,1174.724867,1,1,190.0
0,0,0,1,1,600.1091107000001,1,1,22.0
1,0,1,3,1,1712.838844,1,1,230.0
1,0,0,2,1,917.9589795,1,1,36.7
0,0,0,1,1,695.611578,1,1,14.9
2,0,0,3,1,1600.162042,1,1,79.0
1,0,1,2,1,1049.868766,1,1,60.0
1,0,0,2,1,1067.104453,1,1,52.0
0,0,0,3,1,1200.0,1,1,48.0
0,0,0,2,1,1172.103927,1,1,60.0
0,0,0,2,1,1170.154185,1,1,85.0
0,0,0,2,1,732.0362165,1,1,38.0
1,1,1,2,1,720.8691622,0,1,140.0
0,0,0,2,1,1000.0,1,0,35.0
1,0,0,2,1,1000.0,1,1,34.0
1,1,1,1,1,872.7450024,0,1,53.7
1,0,0,4,1,2272.440348,1,1,360.0
1,0,0,3,1,1735.0479690000002,1,1,85.0
2,1,1,1,1,600.0,0,0,18.0
0,0,1,1,1,659.8482349,1,1,20.0
1,1,1,2,1,543.9216753,0,1,100.0
0,0,0,2,1,999.6722386,1,1,30.5
1,0,0,2,1,980.0423682,1,1,87.9
1,0,0,3,1,2000.0,1,1,110.0
1,0,0,2,1,810.0240476,1,1,64.0
1,0,1,2,1,1133.333333,1,1,40.8
1,1,1,2,1,1099.958752,0,1,160.0
1,0,1,3,1,1728.011059,1,1,500.0
1,0,0,1,0,350.00807710000004,1,1,65.0
1,1,1,2,1,485.3542234,0,0,57.0
1,1,1,3,1,1575.100806,0,1,62.5
1,0,1,3,1,1503.179803,1,1,78.0
1,1,1,2,1,503.3432392,0,0,54.2
1,0,0,2,1,1033.30902,1,1,85.0
0,0,0,2,1,1000.0,1,1,44.0
1,0,1,3,1,1263.823065,1,1,120.0
1,1,1,2,1,1900.137232,0,1,180.0
0,0,0,2,1,1030.15546,1,1,55.0
2,1,1,3,1,1047.711154,0,0,32.5
1,1,0,3,1,1403.225806,0,1,87.0
1,0,0,3,1,2185.651839,1,1,170.0
1,0,1,2,1,1078.317901,1,1,55.9
0,0,0,2,1,900.1285898,1,1,21.0
1,0,1,3,1,1418.115279,1,1,93.0
0,0,0,2,1,1100.16044,1,1,48.0
1,0,1,2,1,1150.121065,1,1,38.0
0,0,0,2,1,1100.110011,1,1,40.0
0,0,0,3,1,2000.0,1,1,80.0
0,1,0,3,1,1200.0,0,1,42.0
1,1,1,2,1,995.0248756,0,1,62.0
1,1,1,3,1,1549.966615,0,1,69.64
1,0,0,2,1,1350.063532,1,1,85.0
0,0,0,3,1,1400.295421,1,1,47.4
2,0,1,2,1,998.8971167,1,0,63.4
1,1,1,2,1,1051.051051,0,1,56.0
1,0,1,2,1,660.0224408,1,1,100.0
0,0,1,3,1,1450.245426,1,1,65.0
1,1,0,1,1,505.0505051,0,1,20.0
1,0,0,3,1,1460.047783,1,1,55.0
0,0,0,1,1,730.2231237000001,1,1,18.0
1,0,1,3,1,1390.6542060000002,1,0,37.2
0,0,0,1,1,484.8484848000001,1,1,12.0
2,1,1,1,1,416.4300587,0,0,110.0
0,0,0,5,1,1500.0789519999998,1,1,190.0
0,0,0,1,1,900.0,1,1,13.5
0,0,0,2,1,1050.080775,1,1,78.0
1,0,0,2,1,1150.747986,1,1,130.0
1,0,0,3,1,1440.015258,1,1,75.5
1,0,0,3,1,1403.2625859999998,1,1,240.0
1,0,1,3,1,1750.0,1,1,87.5
0,0,0,2,1,1152.141802,1,1,78.0
0,1,0,2,1,1295.221081,0,1,58.0
1,1,1,3,1,2450.627072,0,1,170.0
0,1,0,2,1,800.1488649,0,1,21.5
1,0,1,2,1,1035.263669,1,1,32.0
1,1,1,2,1,843.6876822,0,1,110.0
1,0,0,3,1,1249.056604,1,1,66.2
1,1,0,4,1,5449.888277,0,1,1000.0
0,0,0,2,1,1055.194805,1,1,26.0
1,0,0,3,1,1400.055448,1,1,50.5
1,0,0,1,1,448.199853,1,1,12.2
1,0,0,3,1,1674.914351,1,1,88.0
1,0,0,4,1,4310.344828,1,1,360.0
0,0,0,3,1,1746.2165309999998,1,1,45.0
1,0,1,2,1,1050.328228,1,1,33.6
1,1,0,3,1,995.9893048,0,1,14.9
1,0,0,3,1,67500.67501,1,0,7500.0
2,1,1,3,1,1492.537313,0,0,100.0
1,0,0,3,1,1050.0,1,1,42.0
1,0,0,2,1,833.8983051,1,1,24.6
0,0,0,2,1,761.0350076000001,1,1,30.0
0,0,0,3,1,2181.241325,1,1,110.0
1,0,1,3,1,1580.146873,1,1,62.4
1,0,1,3,1,1730.1038059999998,1,1,200.0
0,0,0,2,1,1240.265359,1,1,43.0
1,1,0,2,1,1000.0,0,1,28.5
1,0,0,2,1,1400.032308,1,1,260.0
1,0,0,3,1,1795.332136,1,1,100.0
1,0,0,2,1,1380.002509,1,1,110.0
1,0,0,4,1,2284.61187,1,1,450.0
2,0,0,2,1,948.0,1,0,23.7
1,0,0,4,1,5300.0,1,1,1060.0
1,0,1,2,1,1051.267814,1,1,56.8
0,1,0,3,1,1590.457256,0,1,48.0
1,0,1,2,1,965.3270292,1,1,24.5
2,1,1,3,1,1754.9842600000002,0,0,66.9
1,0,1,5,1,3499.952273,1,1,1100.0
0,0,0,2,1,906.2661833,1,1,17.5
1,0,0,3,1,1250.0,1,1,34.0
0,0,0,2,1,907.2058061,1,1,35.0
0,0,0,3,1,1040.118871,1,1,49.0
1,0,0,4,1,3087.341898,1,1,310.0
1,0,1,6,1,10780.2183,1,1,800.0
0,1,1,3,1,1765.002521,0,1,35.0
0,0,0,2,1,769.8229407,1,1,30.0
1,0,0,2,1,955.1424186,1,1,56.0
1,0,0,2,1,1162.340178,1,1,210.0
1,0,0,3,1,2029.215624,1,1,63.9
0,0,0,3,1,1280.2275960000002,1,1,36.0
1,0,0,2,1,700.2188183999999,1,1,16.0
1,0,0,4,1,2549.519514,1,1,130.0
0,0,0,2,1,1118.6819890000002,1,1,110.0
1,0,1,3,1,1475.008738,1,1,42.2
1,1,1,3,1,1692.047377,0,1,210.0
0,0,0,3,1,720.0164575,1,1,35.0
0,1,1,3,1,2425.015954,0,1,190.0
1,0,0,3,1,2211.9815670000003,1,1,120.0
1,1,0,4,1,2250.0,0,1,67.5
1,0,0,3,1,1550.087192,1,1,80.0
1,0,1,1,1,637.5,1,1,30.6
1,0,1,2,1,1213.040182,1,1,160.0
1,0,1,3,1,1068.319,1,1,200.0
1,1,1,2,1,782.3784304,0,0,65.0
1,1,0,2,1,1358.203549,0,1,75.0
1,0,0,3,1,1600.0,1,1,52.0
1,1,0,3,1,1379.500621,0,1,300.0
1,0,1,2,1,1327.345309,1,1,39.9
1,1,0,2,1,709.375,0,1,22.7
1,0,0,2,1,771.0557533,1,1,26.0
0,0,1,2,1,859.9931200999999,1,1,50.0
0,0,0,2,1,1205.0984939999998,1,1,52.0
1,0,1,3,1,1213.872832,1,0,420.0
1,0,0,4,1,4975.124378,1,1,450.0
1,0,1,3,1,1799.972308,1,1,390.0
0,0,0,2,1,1130.059585,1,1,55.0
1,0,1,3,1,1483.136936,1,1,73.0
0,0,0,2,1,791.1392405,1,1,35.0
2,1,1,3,1,1754.385965,0,0,100.0
0,0,0,3,1,1100.352113,1,1,25.0
1,0,0,2,1,507.6142132,1,0,29.0
1,0,0,3,1,1876.172608,1,1,160.0
1,0,0,2,1,1110.084965,1,1,60.1
0,1,1,3,1,1773.723553,0,1,140.0
1,0,0,3,1,675.0067501,1,0,75.0
1,1,1,2,1,900.1406470000001,0,1,25.6
1,0,1,3,1,2000.444543,1,1,360.0
1,1,1,3,1,1614.583333,0,1,77.5
1,0,0,4,1,2238.137869,1,1,100.0
1,0,0,3,1,1240.0,1,1,62.0
1,0,1,2,1,962.2222222,1,1,43.3
0,0,1,3,1,1358.30712,1,1,47.5
1,0,0,2,1,1110.340042,1,1,32.0
1,0,0,2,1,1225.02827,1,1,65.0
1,0,0,4,1,2500.0,1,1,300.0
1,0,0,2,1,1049.723757,1,1,19.0
0,0,1,1,1,506.3829787,1,1,11.9
0,0,0,3,1,1256.077796,1,1,62.0
1,0,1,3,1,2090.106828,1,1,180.0
1,0,0,3,1,2083.263331,1,1,620.0
0,0,0,2,1,1095.156972,1,1,45.0
0,0,0,1,1,672.2418784,1,1,20.9
1,0,0,2,1,1050.0,1,1,210.0
0,0,0,3,1,2122.015915,1,1,48.0
0,0,0,3,1,2000.0,1,1,85.0
2,0,0,3,1,1298.040214,1,0,51.0
2,1,1,1,1,343.8914027,0,0,15.2
1,0,0,4,1,3984.313725,1,1,1270.0
0,0,0,4,1,200.0,1,1,40.0
1,0,0,3,1,1133.0337960000002,1,1,58.0
0,0,0,2,1,860.0917431,1,1,30.0
1,0,0,3,1,1150.086256,1,1,60.0
1,1,1,2,1,1200.030001,0,1,160.0
1,1,0,2,1,860.3174603,0,1,54.2
1,0,1,4,1,2254.791432,1,0,140.0
1,0,0,3,1,923.9940387,1,1,31.0
0,0,0,3,1,1850.016518,1,1,56.0
1,0,0,3,1,1350.308642,1,1,35.0
1,0,0,2,1,1334.289813,1,1,27.9
0,0,0,2,1,1619.433198,1,1,20.0
1,0,0,2,1,1161.061349,1,1,68.7
1,1,1,1,1,720.0378967,0,1,76.0
1,0,0,4,1,3260.160835,1,1,150.0
2,1,1,3,1,148828.8288,0,0,8260.0
1,0,0,3,1,1764.9135190000002,1,1,200.0
2,1,1,3,1,1481.481481,0,0,100.0
1,0,0,2,1,820.0754469,1,1,50.0
0,0,0,2,1,1230.186894,1,1,52.0
1,0,0,2,1,1044.008995,1,1,130.0
1,0,0,2,1,1150.035386,1,1,65.0
1,1,0,3,1,1825.37268,0,1,60.0
1,1,1,3,1,873.1717966,0,0,120.0
2,1,1,2,1,649.0478041,0,0,83.5
1,0,0,2,1,1180.03181,1,1,230.0
1,0,0,2,1,790.4761905,1,1,33.2
1,0,0,3,1,1445.141662,1,1,76.0
1,0,1,3,1,1625.094482,1,1,64.5
0,0,0,2,1,1204.045593,1,1,75.0
1,0,1,2,1,1171.1371359999998,1,1,62.0
2,1,0,3,1,971.4285714,0,0,34.0
0,0,0,2,1,1069.047619,1,1,44.9
0,0,0,2,1,1220.188575,1,1,22.0
1,0,0,2,1,834.2857142999999,1,1,29.2
1,0,0,3,1,1410.146174,1,1,82.0
1,0,0,3,1,1637.660485,1,1,57.4
1,0,0,3,1,1686.874012,1,1,160.0
1,0,0,4,1,2838.328792,1,1,250.0
1,0,0,3,1,1073.1916720000002,1,1,200.0
0,0,1,2,1,1082.251082,1,1,40.0
0,0,0,2,1,1200.135227,1,1,35.5
1,1,1,2,1,10541.47465,0,1,91.5
1,0,1,3,1,1664.305949,1,1,47.0
0,0,0,2,1,1254.045307,1,1,62.0
1,0,0,2,1,1100.009167,1,1,120.0
1,1,1,2,1,707.1380921,0,0,53.0
1,1,1,2,1,957.090445,0,1,60.0
1,1,0,3,1,1450.0,0,1,46.4
1,0,1,2,1,1150.020721,1,1,55.5
0,0,0,3,1,1362.271993,1,1,59.0
1,0,0,2,1,1110.095338,1,1,85.0
0,0,1,2,1,1045.178692,1,1,31.0
1,1,1,2,1,950.0998004,0,1,23.8
1,0,0,1,1,670.0278625,1,1,50.5
1,0,1,3,1,1818.482394,1,1,220.0
0,0,0,2,1,1000.0,1,1,25.0
1,1,0,3,1,985.2216749,0,1,26.0
1,0,1,3,1,1367.61488,1,1,100.0
1,0,0,2,1,850.3401361,1,1,15.0
1,0,0,4,1,2141.491396,1,1,56.0
1,0,1,3,1,1400.0,1,0,72.8
0,0,0,3,1,1450.0,1,1,87.0
1,0,0,2,1,1161.369193,1,1,19.0
0,0,0,3,1,1331.1640289999998,1,1,90.0
0,0,0,2,1,750.0986972000001,1,1,38.0
1,0,1,3,1,1804.966096,1,1,370.0
0,0,0,2,1,1204.04765,1,1,94.0
0,0,0,2,1,755.1553877,1,1,26.0
1,0,0,1,1,550.0354862,1,1,62.0
1,0,1,2,1,1095.322676,1,1,37.0
0,0,0,2,1,1120.042166,1,1,85.0
1,0,1,3,1,1663.46769,1,1,52.0
1,1,0,2,1,1000.0,0,1,36.0
0,0,1,2,1,780.2340702,1,1,18.0
0,0,0,4,1,2856.201252,1,1,260.0
1,0,0,1,1,500.0,1,1,21.3
1,0,0,1,1,721.8913554,1,1,40.0
1,0,0,3,1,1471.361009,1,1,140.0
0,0,0,2,1,1100.110011,1,1,70.0
0,0,0,2,1,1200.274348,1,1,35.0
1,0,0,3,1,2180.232558,1,1,180.0
1,0,0,3,1,2039.72088,1,1,76.0
0,0,0,3,1,1180.124224,1,1,57.0
0,0,0,1,1,701.2622721,1,1,20.0
1,0,0,2,1,972.1608484,1,1,44.0
1,0,0,2,1,1224.204267,1,1,35.0
1,0,0,3,1,1150.020125,1,1,400.0
1,0,0,1,1,725.966682,1,1,95.0
2,1,1,2,1,805.1784022999999,0,0,25.5
1,1,1,2,1,1094.420601,0,1,51.0
1,1,1,2,1,594.0510035,0,0,140.0
1,0,0,3,1,1265.111049,1,1,90.0
0,1,1,2,1,807.9719903,0,1,30.0
0,0,1,3,1,1350.0,1,1,27.0
1,0,1,3,1,1695.269987,1,1,81.0
1,0,0,2,1,900.0423549000001,1,1,85.0
1,0,0,3,1,1619.87041,1,1,180.0
0,0,0,2,1,1178.054527,1,1,35.0
1,1,1,1,1,468.0187207,0,1,72.0
1,0,0,3,1,1449.975834,1,1,210.0
1,0,0,2,1,1092.028194,1,1,110.0
0,0,0,2,1,1195.355191,1,1,35.0
1,1,1,2,1,826.3974972,0,1,140.0
1,1,1,4,1,2456.93307,0,1,87.0
1,0,0,3,1,1294.915254,1,1,38.2
0,0,1,3,1,1875.0,1,1,51.0
0,0,0,3,1,1539.82825,1,1,52.0
1,1,1,1,1,724.1501416,0,1,40.9
0,0,0,3,1,1575.091575,1,1,86.0
0,0,0,3,1,1440.092166,1,1,50.0
0,1,0,2,1,899.7429306,0,1,28.0
1,0,0,3,1,1500.272777,1,1,55.0
0,0,0,4,1,2319.464371,1,1,97.0
1,0,0,3,1,2284.232621,1,1,370.0
1,0,0,2,1,1248.275862,1,1,36.2
1,1,0,3,1,1529.902643,0,1,110.0
1,0,0,3,1,1641.0096119999998,1,1,210.0
0,0,0,1,1,599.9250093999999,1,1,32.0
1,0,0,5,1,5261.640479,1,1,730.0
1,0,0,2,1,1298.701299,1,1,52.0
1,1,1,1,1,625.0,0,1,29.4
1,0,0,4,1,1210.0369380000002,1,1,190.0
0,0,0,1,1,732.6304407,1,1,27.1
1,0,0,3,1,1265.822785,1,1,210.0
1,0,0,3,1,1650.1094460000002,1,1,98.0
0,0,0,2,1,1200.0,1,1,15.0
1,0,0,2,1,720.3918932,1,1,150.0
1,1,0,3,1,2185.593298,0,1,240.0
1,1,1,2,1,655.0392757000001,0,1,49.2
1,0,1,3,1,1479.8598949999998,1,1,84.5
1,1,1,3,1,1666.666667,0,0,140.0
0,0,0,2,1,995.0248756,1,1,32.0
1,0,0,3,1,3844.208397,1,1,380.0
1,1,1,1,1,617.0150987000001,0,1,85.0
1,0,1,2,1,1057.753332,1,1,100.0
0,0,0,3,1,1400.437637,1,1,32.0
0,1,0,2,1,1250.0,0,1,42.0
1,0,1,3,1,2521.273243,1,1,160.0
1,0,0,4,1,2200.236267,1,1,74.5
0,0,0,2,1,1742.015761,1,1,42.0
1,1,1,2,1,1119.512195,0,0,45.9
1,0,0,3,1,1518.178186,1,1,190.0
0,1,0,3,1,1650.520273,0,1,46.0
1,1,0,2,1,927.7504105,0,1,33.9
1,0,1,2,1,1150.2838359999998,1,1,38.5
1,0,0,2,1,1045.057392,1,1,61.0
1,0,0,3,1,1735.015773,1,1,99.0
0,0,0,3,1,1645.303233,1,1,86.0
1,1,1,3,1,1557.197592,0,1,56.9
0,0,0,4,1,2059.378754,1,1,120.0
2,1,1,2,1,407.7253219,0,0,24.7
0,0,0,3,1,1300.191205,1,1,34.0
1,0,1,3,1,1564.812857,1,1,74.0
0,1,1,4,1,2219.263205,0,1,50.0
1,0,1,4,1,3132.53012,1,1,130.0
0,0,0,2,1,785.0834151,1,1,40.0
1,0,0,3,1,1850.220264,1,1,42.0
0,0,0,2,1,592.0496194,1,1,42.0
1,0,1,3,1,1980.0,1,1,79.2
1,0,0,3,1,1584.847313,1,1,82.0
1,0,0,3,1,2225.886232,1,1,270.0
1,0,0,3,1,1480.228378,1,1,70.0
0,0,0,3,1,1225.073164,1,1,180.0
0,0,0,1,1,647.0181902,1,1,28.1
1,1,1,3,1,909.5318943,0,0,150.0
0,0,0,1,1,550.0982318,1,1,28.0
1,0,0,4,1,2360.346184,1,1,90.0
0,0,0,2,1,664.0507093,1,1,22.0
0,0,0,3,1,1278.15945,1,1,80.0
0,0,0,2,1,1075.037626,1,1,50.0
0,0,1,2,1,1025.125628,1,1,51.0
1,0,0,3,1,1260.005929,1,1,85.0
1,0,1,3,1,1303.538175,1,1,140.0
2,1,1,2,1,1000.0,0,0,33.0
1,0,0,3,1,1350.048216,1,1,210.0
1,0,0,2,1,1125.015801,1,1,89.0
0,1,1,2,1,1173.269852,0,1,69.0
1,0,0,5,1,1677.279964,1,0,590.0
1,1,1,3,1,1931.09197,0,1,69.5
1,0,0,2,1,1098.666667,1,1,41.2
1,0,0,6,1,3000.0,1,1,900.0
1,0,0,2,1,1225.769669,1,1,430.0
1,0,0,2,1,1044.129236,1,1,53.0
1,0,0,3,1,1265.148488,1,1,95.0
0,0,1,3,1,996.8669895,1,1,35.0
1,0,1,2,1,1013.824885,1,1,33.0
0,0,1,3,1,1664.201183,1,1,90.0
1,1,1,3,1,1715.492214,0,1,130.0
1,1,0,3,1,2100.25203,0,1,75.0
1,1,1,3,1,758.8692848,0,1,240.0
0,0,0,2,1,1100.101626,1,1,43.3
0,0,0,2,1,927.1277582,1,1,50.0
1,1,1,2,1,850.0380614000001,0,0,67.0
1,0,0,2,1,1270.098635,1,1,94.0
1,0,0,4,1,2325.581395,1,1,100.0
1,0,0,3,1,1924.383065,1,1,85.0
0,0,0,3,1,1423.7855949999998,1,1,85.0
1,0,1,1,1,645.0423885,1,1,35.0
1,0,0,3,1,1450.039547,1,1,55.0
1,0,0,3,1,1315.032465,1,1,320.0
0,0,0,2,1,1017.055234,1,1,65.0
1,0,0,2,1,515.1983514,1,1,130.0
1,0,0,2,1,870.213824,1,1,35.0
1,0,1,3,1,1380.28169,1,1,53.9
1,0,0,3,1,1529.902643,1,1,110.0
0,0,0,3,1,1599.409449,1,1,32.5
1,0,0,2,1,1000.0,1,1,100.0
0,0,0,1,1,580.0464037,1,1,30.0
1,1,1,2,1,899.8054475,0,1,37.0
1,1,1,1,1,580.0464037,0,1,45.0
0,0,0,2,1,1063.007344,1,1,55.0
0,0,0,3,1,1160.092807,1,1,35.0
1,1,1,6,1,3280.182232,0,1,360.0
1,1,1,3,1,82138.49061000001,0,0,7390.0
1,0,0,2,1,889.0469417000002,1,1,100.0
0,0,0,3,1,1794.974073,1,1,90.0
1,0,0,2,1,1090.094574,1,1,21.9
1,0,0,1,1,575.4614548999999,1,1,21.2
1,0,1,1,1,610.0660905,1,1,24.0
0,0,0,1,1,740.0,1,1,18.5
0,0,0,2,1,820.1202843,1,1,45.0
1,0,0,2,1,1280.091708,1,1,67.0
2,1,1,1,1,654.8255937999999,0,0,30.6
1,1,1,2,1,701.0418506,0,1,39.7
1,1,0,3,1,1924.097665,0,1,290.0
1,0,0,3,1,1725.163593,1,1,58.0
1,0,0,2,1,930.2325581,1,1,22.0
1,0,0,2,1,1167.542323,1,1,220.0
1,0,1,1,1,645.0012404,1,1,52.0
1,0,1,2,1,986.9565217,1,1,45.4
0,0,0,2,1,850.0510031,1,1,25.0
1,0,0,3,1,1110.143666,1,1,51.0
1,0,1,3,1,1595.644828,1,1,170.0
1,0,0,3,1,1660.280971,1,1,65.0
1,1,0,3,1,1459.380574,0,1,180.0
1,0,1,4,1,2799.865606,1,1,500.0
1,0,1,4,1,2845.528455,1,0,140.0
1,0,0,2,1,1234.132581,1,0,35.0
1,0,0,1,1,800.0,1,1,26.4
0,0,0,3,1,1920.076803,1,1,160.0
1,0,1,3,1,2548.939641,1,1,250.0
0,0,0,3,1,2221.100454,1,1,220.0
1,0,0,1,1,699.1673552,1,1,110.0
1,0,0,3,1,1700.017709,1,1,480.0
1,0,0,2,1,1155.042203,1,1,26.0
0,0,0,1,1,1065.2463380000002,1,1,8.0
0,0,0,2,1,1025.115325,1,1,60.0
1,0,0,2,1,980.031851,1,1,240.0
1,0,1,3,1,1733.102253,1,1,250.0
1,0,0,2,1,947.8672986,1,1,170.0
0,0,0,3,1,1074.413052,1,1,27.0
1,0,0,2,1,1140.114011,1,1,76.0
1,0,0,3,1,1458.837772,1,1,48.2
1,0,0,4,1,1890.034364,1,1,88.0
1,0,0,2,1,918.1050312,1,1,50.0
0,0,0,2,1,840.0537634,1,1,25.0
2,1,1,3,1,1391.428571,0,0,48.7
0,0,0,3,1,1100.0,1,1,66.0
1,0,0,4,1,2663.760746,1,1,440.0
0,0,0,2,1,950.2515372,1,1,34.0
0,0,0,2,1,1450.209475,1,1,45.0
1,1,1,2,1,677.0833332999999,0,0,65.0
1,0,0,3,1,2341.076895,1,1,130.0
1,0,1,1,1,414.0786749,1,1,14.0
0,0,0,3,1,1377.065598,1,1,55.0
1,0,1,3,1,3304.347826,1,1,19.0
1,0,0,4,1,2650.299902,1,1,190.0
1,0,0,2,1,1162.855549,1,1,41.7
1,0,0,2,1,858.0523803,1,1,59.3
1,1,1,2,1,677.0153296,0,1,140.0
1,1,0,3,1,1334.782609,0,1,61.4
0,0,0,2,1,950.1187648,1,1,24.0
0,0,0,2,1,1107.05913,1,1,42.5
1,0,0,2,1,931.5411066,1,1,29.8
2,1,1,3,1,1500.0,0,0,30.0
1,0,0,2,1,926.1674928,1,1,35.5
1,0,1,2,1,1202.086641,1,1,53.0
1,0,1,3,1,2620.373403,1,1,160.0
1,0,1,1,1,744.0839229,1,1,61.0
0,0,0,2,1,1300.390117,1,1,30.0
1,0,1,2,1,890.052356,1,1,42.5
1,0,1,6,1,3900.011143,1,1,2100.0
1,0,0,3,1,1861.356932,1,1,63.1
1,0,1,3,1,1474.820144,1,1,45.1
1,0,0,1,1,650.026001,1,1,50.0
1,1,1,2,1,1049.333333,0,1,78.7
1,0,0,3,1,1782.077393,1,1,140.0
1,0,1,2,1,854.5454545,1,1,23.5
0,0,0,1,1,600.0857265,1,1,14.0
0,0,0,2,1,1200.087279,1,1,55.0
1,0,0,1,1,650.0691562999999,1,1,47.0
1,0,1,3,1,1789.473684,1,1,68.0
1,0,0,2,1,1240.149851,1,1,96.0
1,0,0,3,1,3117.820807,1,1,190.0
1,0,1,2,1,2562.929062,1,1,56.0
1,0,1,3,1,3454.8944340000003,1,1,360.0
1,1,1,2,1,464.7249191000001,0,0,35.9
1,0,0,2,1,1063.1100800000002,1,1,110.0
1,1,0,2,1,1175.1538890000002,0,1,42.0
0,1,1,2,1,750.0,0,1,60.0
1,0,0,3,1,3000.01875,1,1,1600.0
1,0,0,1,1,655.0308008,1,1,31.9
1,0,1,3,1,1611.170784,1,1,120.0
0,0,0,3,1,1500.093756,1,1,80.0
0,0,1,2,1,1000.0,1,1,26.0
0,0,0,3,1,1500.203832,1,1,73.6
1,0,0,1,1,699.9351912000001,1,1,54.0
1,1,1,1,1,489.9387577,0,1,28.0
1,1,1,2,1,828.7063893,0,1,100.0
0,0,0,2,1,850.2772643,1,1,23.0
1,0,0,2,1,950.0542888,1,1,70.0
1,1,1,3,1,1622.187336,0,1,62.0
1,1,0,2,1,607.3656894,0,1,110.0
1,0,0,2,1,820.1701094,1,1,27.0
1,1,1,2,1,1269.990593,0,1,40.5
1,1,1,4,1,2080.3328530000003,0,0,130.0
1,0,0,2,1,950.1689189,1,1,45.0
1,1,0,2,1,1050.06105,0,1,43.0
0,0,0,4,1,3000.0,1,1,96.0
1,0,0,3,1,1265.365148,1,1,35.0
1,0,0,3,1,1765.063907,1,1,87.0
1,0,0,2,1,1060.111836,1,1,91.0
0,0,0,2,1,1234.060058,1,1,150.0
1,0,1,3,1,1625.1354279999998,1,1,75.0
1,1,1,2,1,813.0081301,0,1,320.0
0,0,0,3,1,2317.497103,1,1,160.0
1,0,1,2,1,643.9150032000001,1,1,200.0
0,0,1,3,1,2015.237159,1,1,82.0
1,0,1,3,1,1000.0,1,1,42.5
0,0,0,3,1,1659.125189,1,1,55.0
1,0,1,3,1,1300.027858,1,1,140.0
1,1,1,3,1,2828.2828280000003,0,1,280.0
1,0,0,1,1,550.1618123,1,1,17.0
0,0,0,3,1,1445.02145,1,1,64.0
1,0,0,3,1,1185.185185,1,1,240.0
1,0,0,3,1,1300.0,1,1,26.0
1,0,0,3,1,1724.952741,1,1,73.0
0,0,0,3,1,1050.0,1,1,42.0
1,1,1,2,1,850.0380614000001,0,0,67.0
1,0,0,2,1,996.1040329,1,1,94.6
1,0,0,1,1,666.6666667000001,1,1,100.0
0,0,0,3,1,1604.857948,1,1,74.0
1,0,1,3,1,1740.200387,1,1,99.0
0,0,1,2,1,1480.191554,1,1,68.0
1,0,0,3,1,1479.13365,1,1,140.0
0,0,0,1,1,550.0431406,1,1,25.5
0,0,1,2,1,1133.884298,1,1,34.3
1,0,0,4,1,2288.091524,1,1,220.0
1,1,0,3,1,1270.078446,0,1,34.0
1,0,1,2,1,680.0176805,1,1,200.0
1,0,0,3,1,1466.083151,1,1,67.0
0,0,0,2,1,1287.128713,1,1,52.0
1,0,0,3,1,1260.210035,1,1,54.0
0,0,0,2,1,874.9756950999999,1,1,45.0
1,0,0,3,1,1250.0,1,1,60.0
0,0,0,1,1,460.0200736000001,1,1,27.5
0,0,0,2,1,1013.451262,1,1,110.0
1,0,0,3,1,1462.140992,1,1,140.0
1,0,1,3,1,1206.987824,1,1,22.8
0,0,0,1,1,490.1960784,1,1,10.0
0,0,0,3,1,1676.094699,1,1,80.0
0,0,1,2,1,1000.0,1,1,17.0
1,0,1,2,1,1126.797905,1,1,170.0
1,0,1,2,1,889.7569444000001,1,1,41.0
1,0,0,3,1,1000.0,1,1,27.0
1,0,1,3,1,1400.0,1,1,49.0
1,0,1,2,1,1063.3213859999998,1,1,26.7
0,0,0,2,1,1227.253491,1,1,58.0
0,0,0,2,1,860.1177002999999,1,1,57.0
0,0,0,1,1,625.0,1,1,19.0
0,0,1,3,1,1450.209475,1,1,90.0
1,1,1,1,1,625.0,0,1,26.9
1,0,0,3,1,1300.108342,1,1,60.0
1,1,1,2,1,977.1759615,0,1,140.0
1,0,0,2,1,956.0550151,1,1,57.0
1,1,1,2,1,1245.056394,0,1,170.0
1,0,0,2,1,1342.281879,1,0,100.0
0,0,1,3,1,1265.022138,1,1,40.0
1,0,0,2,1,1157.85411,1,1,30.0
1,1,1,2,1,1200.213847,0,1,44.9
0,0,0,2,1,1099.830795,1,1,52.0
1,0,0,3,1,2803.738318,1,1,240.0
0,0,0,2,1,800.0,1,1,22.0
1,0,0,2,1,1160.196341,1,1,26.0
0,0,0,3,1,1460.11396,1,1,41.0
1,1,1,1,1,427.7159966,0,0,130.0
0,0,1,2,1,680.0,1,1,68.0
1,0,0,3,1,1696.277118,1,1,190.0
1,0,1,2,1,1200.0,1,1,60.0
1,0,0,1,1,711.0057768999999,1,1,48.0
0,1,0,3,1,1510.067114,0,1,45.0
0,0,0,2,1,1000.0,1,1,29.5
0,0,0,3,1,1236.15761,1,1,48.0
1,1,1,3,1,1954.761905,0,1,82.1
0,1,0,3,1,1893.222264,0,1,100.0
0,0,0,2,1,719.9424046,1,1,20.0
1,0,1,2,1,586.4644016,1,1,150.0
1,0,0,2,1,1139.04709,1,1,82.0
0,0,0,2,1,874.2857142999999,1,1,30.6
1,0,0,1,1,650.1182033,1,1,22.0
1,1,0,2,1,1160.513527,0,1,160.0
1,0,0,4,1,3965.217391,1,1,570.0
1,0,1,2,1,1125.137212,1,1,82.0
0,0,0,2,1,600.0774293,1,1,15.5
1,0,1,3,1,2454.3379,1,1,430.0
0,0,0,3,1,1500.0,1,1,60.0
1,0,0,1,1,375.0,1,1,90.0
0,0,0,3,1,1796.407186,1,1,150.0
0,0,0,2,1,1099.680738,1,1,31.0
1,0,1,2,1,1212.121212,1,1,46.0
1,0,1,2,1,1056.0381539999998,1,1,62.0
0,0,0,1,1,450.0818331,1,1,22.0
1,0,1,2,1,1185.6003449999998,1,1,110.0
0,0,0,3,1,1700.037779,1,1,90.0
0,0,0,2,1,898.0144403999999,1,1,19.9
1,0,0,3,1,1794.258373,1,1,75.0
1,0,0,1,1,619.0800471,1,1,100.0
1,0,0,2,1,1230.0123,1,1,30.0
0,0,0,3,1,1070.038911,1,1,44.0
1,0,0,3,1,1200.0,1,1,60.0
0,0,0,2,1,820.0,1,1,41.0
1,0,0,1,1,630.0029647000001,1,1,85.0
1,0,0,3,1,1694.031796,1,1,130.0
1,1,0,2,1,1055.987248,0,1,53.0
1,0,0,3,1,1845.574388,1,1,49.0
1,0,0,2,1,713.7990331,1,1,220.0
0,0,0,1,1,601.0016694,1,1,36.0
0,0,0,3,1,1085.236265,1,1,48.0
1,0,0,1,1,623.4242494,1,1,27.2
1,0,0,3,1,1083.032491,1,1,60.0
0,0,0,3,1,1494.768311,1,1,80.0
1,0,0,4,1,3168.027294,1,1,260.0
0,0,0,3,1,1420.047733,1,1,59.5
1,1,1,2,1,1015.037594,0,1,54.0
1,0,0,2,1,1000.0,1,1,80.0
1,1,1,1,1,644.0369753,0,1,42.5
1,0,1,2,1,618.907628,1,1,120.0
0,0,0,3,1,1707.317073,1,1,70.0
0,0,0,3,1,823.0452675,1,1,40.0
1,1,1,2,1,828.6148322,0,1,120.0
1,0,0,2,1,1100.151745,1,1,58.0
0,0,0,3,1,1000.0,1,1,41.0
0,0,0,3,1,1270.065267,1,1,72.0
1,1,1,2,1,50582.66103,0,0,7900.0
0,0,0,2,1,900.0163639,1,1,55.0
1,0,0,2,1,1077.586207,1,1,240.0
0,0,0,2,1,1150.012778,1,1,45.0
1,1,1,3,1,1020.906387,0,0,230.0
1,1,1,3,1,1748.863239,0,1,150.0
1,1,1,2,1,503.3432392,0,0,54.2
1,0,0,3,1,1801.152738,1,1,150.0
0,0,0,1,1,700.152207,1,1,23.0
1,0,0,2,1,2166.064982,1,1,180.0
1,0,1,3,1,1345.1543869999998,1,1,88.0
1,1,0,1,1,425.0190307,0,1,67.0
0,0,0,2,1,8723.404255,1,1,41.0
1,0,0,1,1,560.0149337,1,1,60.0
1,0,0,2,1,1000.0,1,1,47.0
0,0,0,1,1,625.0,1,1,20.0
1,0,1,4,1,6141.183919,1,1,970.0
0,0,0,2,1,1183.151917,1,1,75.0
1,0,1,3,1,1780.104712,1,1,85.0
1,0,0,5,1,4200.019765,1,1,1700.0
1,0,1,2,1,1123.333333,1,1,33.7
1,0,0,2,1,940.0705053,1,1,40.0
1,1,0,3,1,1000.0,0,1,30.0
0,0,1,2,1,750.0,1,1,22.8
1,0,1,2,1,950.0886749,1,1,37.5
1,0,0,2,1,825.8602711,1,1,39.6
1,1,1,2,1,434.9876223,0,1,36.9
1,0,0,2,1,1143.0946689999998,1,1,110.0
1,0,0,2,1,906.1383566,1,1,27.9
1,1,0,2,1,1052.307692,0,1,34.2
0,0,1,2,1,950.0113097,1,1,42.0
0,0,0,3,1,1170.212766,1,1,33.0
1,0,0,3,1,1350.078493,1,1,43.0
1,0,1,3,1,2017.032721,1,1,180.0
1,0,1,2,1,1160.128225,1,1,76.0
1,1,0,3,1,1613.531273,0,1,66.3
1,0,0,2,1,935.1325758,1,1,39.5
0,0,0,2,1,1000.0,1,1,35.0
1,0,1,2,1,1230.0123,1,1,250.0
1,0,0,3,1,1909.892262,1,1,39.0
1,0,0,1,1,309.9573809,1,1,8.0
1,0,0,3,1,1780.063291,1,1,90.0
0,0,0,6,1,3200.0,1,1,80.0
0,0,0,2,1,1209.302326,1,1,52.0
0,0,0,2,1,792.1140644,1,1,45.0
1,1,1,2,1,1075.170006,0,1,58.5
0,0,0,1,1,398.1797497,1,1,7.0
0,0,0,3,1,1880.242985,1,1,130.0
1,0,1,4,1,4398.826979,1,1,330.0
1,0,0,1,1,618.0469716,1,1,25.0
0,0,0,2,1,899.0053558000001,1,1,47.0
1,0,0,2,1,1071.046055,1,1,60.0
0,0,0,1,1,600.0648719,1,1,18.5
1,0,0,1,1,636.0078278,1,1,52.0
1,0,0,3,1,1440.819243,1,0,60.5
0,0,0,3,1,1150.054765,1,1,42.0
0,0,0,3,1,1659.7164300000002,1,1,59.7
1,0,0,1,1,339.2857143,1,1,9.5
1,0,1,2,1,913.7983552,1,1,30.0
0,1,1,2,1,794.7976879,0,1,22.0
1,0,0,3,1,1896.964856,1,1,95.0
1,0,0,3,1,1450.176093,1,1,70.0
1,0,0,2,1,949.754902,1,1,31.0
0,0,0,3,1,1666.025887,1,1,130.0
0,0,1,3,1,1700.1545600000002,1,1,55.0
0,0,0,2,1,925.0693802,1,1,30.0
0,0,0,2,1,1350.135014,1,1,60.0
0,0,0,2,1,1054.969461,1,1,57.0
0,0,0,2,1,807.3196986,1,1,30.0
1,0,0,1,1,625.0,1,1,43.0
1,0,0,3,1,1689.655172,1,1,53.9
1,0,0,2,1,1000.0,1,1,500.0
1,0,0,3,1,1179.025752,1,1,190.0
1,0,1,3,1,1649.892757,1,1,100.0
0,0,0,3,1,1250.0,1,1,50.0
1,0,0,3,1,1358.152912,1,1,170.0
0,0,0,2,1,1114.9653119999998,1,1,45.0
1,0,1,2,1,1124.137931,1,1,32.6
1,0,0,3,1,1664.239651,1,1,160.0
0,0,0,2,1,1245.274628,1,1,56.0
1,0,0,3,1,2700.270027,1,1,150.0
0,0,0,3,1,1225.204201,1,1,42.0
1,0,1,4,1,1746.023432,1,1,1000.0
1,1,1,3,1,1671.595731,0,1,260.0
1,0,0,2,1,866.6666667000002,1,1,130.0
1,0,0,3,1,1546.391753,1,1,51.0
1,1,1,3,1,1843.204719,0,1,150.0
1,1,1,2,1,800.0,0,1,150.0
0,0,0,2,1,970.0044769,1,1,65.0
1,1,1,3,1,1344.250275,0,0,110.0
1,0,0,2,1,614.0106056,1,1,22.0
1,1,1,2,1,726.7720307,0,1,60.7
1,0,0,2,1,1250.0,1,1,70.0
1,0,0,2,1,650.0072223,1,1,180.0
0,0,0,2,1,980.0078401,1,1,25.0
1,0,0,2,1,1125.082727,1,1,85.0
1,0,0,1,1,638.4615385,1,1,24.9
1,1,1,3,1,1691.3869370000002,0,1,260.0
1,1,1,2,1,1050.153902,0,1,58.0
1,0,0,2,1,1230.138391,1,1,48.0
1,0,0,3,1,1533.166458,1,1,98.0
1,0,0,3,1,1741.75569,1,1,150.0
1,0,1,3,1,3706.34355,1,1,260.0
1,0,1,2,1,591.9395466,1,1,23.5
0,0,0,3,1,1799.775028,1,1,32.0
1,0,1,2,1,1043.131294,1,1,54.9
0,0,0,3,1,1654.70852,1,1,36.9
1,0,0,1,1,635.0550381,1,1,45.0
0,0,0,3,1,1428.262281,1,1,66.0
0,0,0,2,1,800.0,1,1,32.0
1,0,1,2,1,1112.522686,1,1,61.3
1,0,1,2,1,1029.442042,1,1,200.0
1,0,1,4,1,2090.492554,1,1,73.0
1,0,1,3,1,1462.056841,1,1,49.9
1,0,0,2,1,1160.092807,1,1,75.0
0,0,0,4,1,1532.912534,1,1,68.0
1,0,0,5,1,3625.290023,1,1,250.0
1,0,0,2,1,749.6940024,1,1,24.5
1,0,1,3,1,1380.145278,1,1,57.0
1,0,0,2,1,1260.005929,1,1,85.0
1,0,1,3,1,1274.813331,1,0,140.0
1,0,0,4,1,2800.33604,1,1,200.0
0,0,0,3,1,1200.0,1,1,24.0
1,0,1,3,1,1469.004015,1,1,300.0
0,0,0,1,1,431.54761900000005,1,1,8.7
1,0,0,2,1,1330.180313,1,1,90.0
1,0,1,2,1,1200.107875,1,1,89.0
1,0,1,2,1,1421.052632,1,1,81.0
1,0,0,2,1,1296.018032,1,1,69.0
1,0,0,2,1,1066.666667,1,1,160.0
1,0,0,3,1,1622.971286,1,1,91.0
0,0,0,2,1,1200.082764,1,1,58.0
1,0,1,3,1,1294.117647,1,1,110.0
1,0,0,3,1,1400.0,1,1,56.0
1,0,0,2,1,1519.525908,1,1,100.0
2,0,0,4,1,4307.692308,1,0,560.0
1,0,1,2,1,1063.183475,1,1,140.0
0,0,0,1,1,550.017188,1,1,32.0
2,0,1,2,1,752.8011204,1,0,21.5
1,0,1,3,1,1980.079203,1,1,330.0
1,0,1,2,1,910.2787456,1,1,20.9
1,0,1,3,1,957.9854934,1,1,140.0
1,0,0,4,1,4009.970738,1,1,370.0
0,0,0,3,1,1656.804734,1,1,42.0
1,1,1,1,1,700.0577367000001,0,1,48.5
1,0,0,1,1,550.0045834,1,1,60.0
0,0,0,1,1,549.8059507999999,1,1,8.5
0,0,1,3,1,1620.482904,1,1,100.0
1,0,1,2,1,929.0540541,1,1,71.5
1,0,0,2,1,680.0,1,1,170.0
1,0,1,3,1,1850.220264,1,1,42.0
0,0,0,2,1,1200.075005,1,1,64.0
1,0,0,2,1,753.3193132,1,1,240.0
1,0,0,3,1,2137.259558,1,1,90.0
2,1,1,2,1,1000.0,0,0,32.0
1,0,0,2,1,953.1703274,1,1,46.0
1,0,0,2,1,1134.9979970000002,1,1,170.0
0,0,0,2,1,900.090009,1,1,60.0
0,0,0,2,1,1296.036289,1,1,120.0
1,0,1,3,1,1608.680675,1,1,46.7
0,0,1,2,1,1304.844234,1,1,80.0
1,0,0,2,1,900.1058947999999,1,1,25.5
1,0,0,2,1,974.9303621,1,1,84.0
0,1,0,2,1,744.9714428,0,1,30.0
1,0,0,3,1,1701.837985,1,1,75.0
1,0,0,2,1,1395.186606,1,1,80.0
0,0,1,4,1,2584.236159,1,1,260.0
1,0,1,3,1,1580.066849,1,1,52.0
1,0,1,2,1,1289.2470130000002,1,1,46.4
1,1,1,3,1,1409.495549,0,1,47.5
1,0,0,3,1,1760.082023,1,1,51.5
0,0,0,1,1,560.0416775,1,1,21.5
1,0,0,1,1,550.0278103999999,1,1,89.0
1,0,0,2,1,1450.245426,1,1,65.0
0,0,1,2,1,600.0600059999999,1,1,20.0
1,1,1,2,1,850.0,0,1,170.0
1,0,1,2,1,1105.146827,1,1,70.0
0,0,0,3,1,1115.004779,1,1,35.0
1,0,0,3,1,1908.665105,1,1,65.2
0,0,0,3,1,1800.0,1,1,57.6
1,0,0,3,1,2575.7130260000004,1,1,87.6
1,0,0,3,1,1900.337838,1,1,90.0
0,0,0,2,1,674.8357308,1,1,38.0
0,0,0,2,1,1000.0,1,1,70.0
1,0,0,3,1,1724.1379309999998,1,1,130.0
1,0,1,3,1,1350.135014,1,1,75.0
1,0,0,2,1,1156.186613,1,1,57.0
0,0,0,1,1,490.0759618,1,1,20.0
1,0,1,3,1,1136.363636,1,0,100.0
0,0,0,2,1,1200.0,1,1,33.0
0,0,0,1,1,700.1166861,1,1,24.0
1,0,0,3,1,1726.47258,1,1,51.0
2,1,1,3,1,839.2973324999999,0,0,64.5
1,0,0,2,1,1242.015614,1,1,35.0
1,0,0,3,1,2240.1433690000003,1,1,450.0
1,0,0,2,1,1310.043668,1,1,75.0
1,0,0,1,1,685.0459482000001,1,1,41.0
0,0,1,3,1,1505.32654,1,1,65.0
1,0,0,2,1,1015.046573,1,1,85.0
1,0,0,2,1,1260.636621,1,1,160.0
0,0,0,2,1,1650.4854369999998,1,1,34.0
1,0,0,1,1,520.0,1,1,39.0
1,0,1,3,1,1553.852703,1,1,73.0
1,1,1,1,1,463.6068614,0,0,100.0
1,1,0,3,1,1935.015722,0,1,240.0
1,0,0,4,1,3559.3220340000003,1,1,420.0
1,1,1,2,1,891.5834522,0,1,100.0
0,0,0,3,1,1474.193548,1,1,45.7
1,0,0,1,1,587.4630784,1,1,17.9
1,0,1,2,1,1172.208014,1,1,55.0
1,0,1,1,1,747.1264368,1,1,15.6
1,0,0,3,1,3417.4553100000003,1,0,390.0
1,0,0,1,1,763.0939993,1,1,44.0
1,1,0,2,1,862.8954937999999,0,1,54.0
1,0,0,3,1,1783.21233,1,1,140.0
0,0,0,2,1,1060.180854,1,1,34.0
1,0,1,1,1,675.9294029,1,1,36.0
1,0,0,3,1,1700.198356,1,1,60.0
2,1,1,3,1,1269.990593,0,0,27.0
1,0,0,2,1,1020.176831,1,1,45.0
1,1,1,3,1,999.2254067,0,1,25.8
0,0,0,1,1,555.1252258999999,1,1,21.5
1,0,1,3,1,886.9572929999999,1,1,200.0
1,0,0,4,1,2852.128126,1,1,130.0
1,1,0,3,1,1250.0,0,1,130.0
1,0,0,3,1,1680.2263879999998,1,1,95.0
1,1,0,2,1,889.4736842,0,1,33.8
1,0,1,3,1,1720.1631489999995,1,1,97.0
1,0,1,2,1,1067.140952,1,1,48.0
0,0,0,2,1,1210.165389,1,1,60.0
1,0,0,4,1,4040.40404,1,0,400.0
1,0,1,3,1,1744.5414850000002,1,0,79.9
1,0,0,3,1,1750.18423,1,1,95.0
1,1,1,2,1,1225.004504,0,1,68.0
1,0,0,2,1,1100.141044,1,1,78.0
1,0,1,2,1,1018.14059,1,1,44.9
1,0,1,3,1,1595.041699,1,1,350.0
0,0,0,1,1,560.0497822000001,1,1,18.0
1,0,1,2,1,1095.088819,1,1,52.4
1,0,1,3,1,1479.394153,1,0,42.0
0,0,0,2,1,1170.242407,1,1,42.0
1,0,0,3,1,1500.110302,1,1,68.0
0,0,0,2,1,1100.352113,1,1,25.0
0,0,1,2,1,875.8233716,1,1,35.9
0,0,0,2,1,1047.120419,1,1,30.0
0,0,0,4,1,2888.888889,1,1,130.0
1,0,0,4,1,3180.071552,1,1,240.0
1,0,0,2,1,1127.219417,1,1,69.2
1,1,1,3,1,997.0089731,0,0,110.0
1,0,0,3,1,1655.359566,1,1,61.0
0,0,0,3,1,1600.0,1,1,100.0
0,0,1,1,1,657.1899463999999,1,1,31.9
1,0,0,2,1,1145.155113,1,1,29.9
1,0,1,3,1,2666.666667,1,1,200.0
1,0,0,2,1,950.0577738,1,1,74.0
1,0,0,3,1,1300.108342,1,1,48.0
0,0,0,2,1,736.0581919,1,1,42.5
0,0,0,2,1,1184.475806,1,1,23.5
1,0,0,1,1,650.0413662999999,1,1,55.0
1,0,0,2,1,711.8927973,1,1,34.0
0,0,0,3,1,1290.084777,1,1,70.0
0,0,0,2,1,1010.10101,1,1,32.0
0,1,1,2,1,804.0809268999999,0,1,46.5
1,0,0,1,1,625.0,1,1,97.0
0,0,1,2,1,930.1405106,1,1,47.0
1,0,0,3,1,1576.182137,1,1,45.0
1,0,0,2,1,1160.003093,1,1,450.0
1,0,0,3,1,1165.740931,1,1,170.0
1,0,0,3,1,1252.435291,1,1,180.0
1,0,0,3,1,1659.622429,1,1,58.9
1,0,0,2,1,1050.080775,1,1,65.0
0,0,0,3,1,2297.090352,1,1,240.0
1,0,0,4,1,3584.229391,1,1,290.0
1,0,0,2,1,1300.108342,1,1,48.0
1,1,1,2,1,656.3833279,0,0,140.0
1,1,1,3,1,923.1468849,0,1,20.3
1,0,1,3,1,745.049505,1,1,30.1
1,0,0,3,1,1585.048498,1,1,67.0
0,0,0,8,1,4049.988429,1,1,350.0
1,0,0,4,1,1824.817518,1,1,110.0
1,0,0,3,1,1689.76647,1,1,89.0
1,1,1,3,1,1048.327138,0,1,28.2
0,0,0,1,1,400.0,1,1,22.0
1,1,1,3,1,1263.051533,0,1,75.0
0,0,1,3,1,1481.578947,1,1,56.3
1,0,0,3,1,2199.951112,1,1,180.0
0,0,0,2,1,1359.81217,1,1,69.5
1,0,1,2,1,1099.96541,1,1,63.6
0,0,0,1,1,550.0261917,1,1,42.0
1,0,0,3,1,1425.008906,1,1,40.0
1,0,1,3,1,946.862099,1,1,250.0
0,0,0,3,1,1224.115067,1,1,120.0
1,0,0,3,1,1449.875725,1,1,140.0
1,0,0,2,1,1226.012793,1,1,230.0
0,0,1,3,1,3100.28472,1,1,98.0
0,0,0,2,1,1080.351114,1,1,16.0
1,1,0,1,1,510.00392310000007,0,1,13.0
1,0,0,1,1,670.0655499,1,1,46.0
1,1,1,2,1,1140.114011,0,1,76.0
0,0,0,2,1,1200.0,1,1,90.0
1,0,1,3,1,2324.5984780000003,1,1,110.0
0,0,0,2,1,1041.09589,1,1,38.0
0,0,0,3,1,1900.23753,1,1,88.0
1,0,0,1,1,730.1490721,1,1,24.0
0,0,0,2,1,800.0,1,1,15.0
1,0,0,3,1,2011.397922,1,1,120.0
1,1,1,3,1,903.5178723,0,0,95.8
1,0,0,2,1,928.3410461,1,1,66.2
1,0,0,2,1,1226.635514,1,1,210.0
1,0,1,2,1,613.8613861,1,1,31.0
1,0,0,3,1,1460.09085,1,1,45.0
1,1,0,2,1,773.6842105000001,0,1,29.4
0,0,0,3,1,1250.0,1,1,26.0
1,0,0,3,1,1699.544765,1,1,56.0
1,0,1,3,1,1893.603547,1,1,89.7
0,0,0,2,1,1019.824628,1,1,53.5
1,0,0,3,1,2077.477698,1,1,170.0
1,0,0,3,1,1877.581675,1,1,150.0
0,0,0,2,1,850.1335924000001,1,1,35.0
1,0,0,2,1,1068.577535,1,1,170.0
0,1,0,1,1,449.6325119,0,1,10.4
0,0,0,3,1,1474.201474,1,1,60.0
0,0,0,2,1,1250.0,1,1,30.0
1,1,1,3,1,2350.176263,0,1,120.0
1,0,0,1,1,550.0550055,1,1,45.0
1,1,1,2,1,580.7966076,0,0,76.7
1,0,0,2,1,1480.129765,1,1,73.0
0,0,0,2,1,975.6097561,1,1,12.0
1,0,0,1,1,649.9759267999999,1,1,54.0
1,0,0,3,1,1170.606665,1,1,41.1
0,0,0,1,1,500.0,1,1,18.0
0,0,0,3,1,1575.230853,1,1,58.0
2,0,0,3,1,1774.622893,1,0,100.0
1,0,1,5,1,6640.316206,1,1,840.0
1,1,0,3,1,1381.014682,0,1,95.0
1,0,1,3,1,1565.836299,1,1,110.0
1,0,0,3,1,851.3575701999999,1,1,18.5
0,0,0,2,1,626.8081003,1,1,26.0
0,0,0,3,1,1100.244499,1,1,27.0
1,0,0,3,1,1936.108422,1,1,140.0
0,0,0,1,1,825.0355619,1,1,29.0
1,0,0,2,1,1097.996157,1,1,80.0
0,0,0,2,1,1290.194522,1,1,65.0
1,0,0,3,1,1714.77565,1,1,60.0
0,0,0,3,1,1100.244499,1,1,45.0
1,0,0,3,1,1555.002666,1,1,87.5
2,1,0,3,1,1049.230769,0,0,34.1
1,0,0,3,1,1659.407666,1,1,38.1
1,0,0,2,1,1090.512541,1,1,100.0
0,0,0,1,1,650.1095690000001,1,1,17.8
1,1,1,2,1,1167.0313640000002,0,1,160.0
1,0,0,3,1,1750.0,1,1,56.0
0,0,0,4,1,2090.106828,1,1,270.0
1,0,0,3,1,1683.277962,1,1,76.0
1,1,1,4,1,1767.760468,0,1,800.0
1,1,0,3,1,1346.194171,0,1,64.2
0,0,0,1,1,80.0,1,1,24.0
1,0,0,3,1,2200.220022,1,1,140.0
1,0,1,3,1,2800.0,1,1,210.0
0,0,0,2,1,430.597771,1,1,17.0
1,0,0,3,1,1534.285714,1,1,53.7
0,0,0,2,1,860.0095557,1,1,18.0
1,0,0,1,1,630.0204757,1,1,40.0
1,0,1,3,1,2192.18122,1,1,120.0
2,0,0,3,1,3301.056338,1,0,75.0
1,0,0,2,1,1234.300563,1,1,28.5
0,0,0,4,1,1440.032915,1,1,70.0
1,1,0,3,1,1230.1715769999998,0,1,38.0
1,0,1,2,1,1345.990366,1,1,95.0
0,0,0,3,1,1664.7081859999998,1,1,85.0
1,1,1,2,1,1091.093631,0,1,86.0
1,1,0,2,1,857.1428571,0,1,120.0
1,0,0,3,1,1445.270988,1,1,68.0
1,0,0,2,1,935.0163628,1,1,140.0
1,0,0,1,1,450.0070314,1,1,64.0
0,0,0,2,1,449.9775011,1,1,30.0
1,0,0,3,1,1280.081925,1,1,100.0
1,0,1,2,1,976.1454457,1,1,160.0
1,0,1,1,1,537.6845377000001,1,1,34.6
1,0,0,6,1,6000.0,1,1,6000.0
1,0,0,3,1,1877.581675,1,1,150.0
0,1,0,2,1,1170.212766,0,1,33.0
1,0,0,5,1,4815.022871,1,1,600.0
0,0,0,2,1,711.0127982000001,1,1,45.0
1,0,0,3,1,2461.538462,1,1,160.0
1,0,0,2,1,1190.121988,1,1,80.0
1,0,1,3,1,1804.511278,1,1,48.0
1,0,0,3,1,1350.135014,1,1,60.0
0,0,0,3,1,1238.53211,1,1,24.3
1,1,1,4,1,1960.784314,0,0,100.0
1,0,1,3,1,1152.941176,1,1,39.2
0,0,0,2,1,1155.963303,1,1,63.0
0,0,0,3,1,1400.203666,1,1,55.0
1,0,0,3,1,1828.822238,1,1,100.0
0,0,0,3,1,1750.0,1,1,70.0
1,0,1,3,1,1300.0,1,1,75.4
1,0,0,3,1,1910.509273,1,1,64.9
1,0,1,2,1,1149.905917,1,1,55.0
0,0,0,3,1,999.8591748,1,1,71.0
1,0,1,3,1,1850.556439,1,1,58.2
1,0,0,2,1,846.2867012,1,1,24.5
1,1,1,3,1,1272.589218,0,1,83.8
1,0,0,3,1,1464.919044,1,1,76.0
0,0,0,3,1,1549.755302,1,1,95.0
1,0,0,3,1,1709.741551,1,1,43.0
1,1,1,2,1,864.0055296,0,1,150.0
0,0,0,2,1,955.4140127,1,1,12.0
1,0,0,3,1,1700.3188100000002,1,1,80.0
2,0,1,1,1,491.9210054,1,0,27.4
1,0,0,3,1,1514.004542,1,1,80.0
1,1,1,2,1,1389.210465,0,1,60.0
1,0,0,2,1,1150.035386,1,1,65.0
1,1,1,1,1,599.2127132,0,1,41.1
0,0,0,3,1,1370.0,1,1,68.5
1,1,1,4,1,144868.3942,0,0,7100.0
1,0,0,3,1,1267.1059300000002,1,1,75.0
1,0,1,2,1,1150.0,1,0,46.0
0,0,1,2,1,1150.070126,1,1,41.0
0,0,0,3,1,1390.190565,1,1,89.0
1,0,0,2,1,1476.01476,1,1,68.0
0,0,0,3,1,1719.255663,1,1,85.0
0,0,1,2,1,1137.068431,1,1,55.0
0,0,0,3,1,2200.0,1,1,110.0
1,1,1,2,1,1035.196687,0,1,140.0
0,0,1,2,1,1175.141243,1,1,52.0
0,0,0,4,1,2050.580998,1,1,60.0
0,0,0,2,1,882.0935019,1,1,60.0
1,0,0,2,1,1048.102383,1,1,95.0
1,0,0,3,1,1600.134748,1,1,95.0
1,0,1,3,1,2195.095835,1,1,410.0
1,0,0,3,1,1573.564123,1,0,100.0
1,0,0,2,1,1085.77633,1,1,100.0
1,0,0,2,1,850.0,1,1,27.2
0,0,0,2,1,1100.110011,1,1,40.0
1,0,0,1,1,659.9229287,1,1,41.1
1,0,0,2,1,1199.82548,1,1,55.0
1,0,1,3,1,1853.24826,1,1,63.9
1,0,0,2,1,1150.0,1,1,64.4
1,0,0,2,1,1215.158158,1,1,38.8
1,0,0,3,1,1815.293851,1,1,160.0
1,0,0,3,1,1500.197394,1,1,38.0
1,0,0,2,1,1351.019406,1,1,110.0
1,1,1,2,1,641.5490493,0,0,110.0
0,0,0,2,1,1200.0,1,1,36.9
1,1,0,2,1,1244.444444,0,1,19.6
0,1,0,2,1,1000.0,0,1,28.0
0,0,0,2,1,750.1071582000001,1,1,35.0
0,0,0,4,1,3938.461538000001,1,1,320.0
1,0,0,3,1,1748.93617,1,1,82.2
0,0,0,3,1,1375.079331,1,1,65.0
1,1,1,3,1,1510.204082,0,1,62.9
1,1,1,3,1,1058.730159,0,1,66.7
0,0,0,1,1,649.9133449,1,1,15.0
1,0,1,3,1,1888.930865,1,1,150.0
1,0,0,2,1,929.0802106,1,1,150.0
1,0,0,2,1,1121.771218,1,1,45.6
0,0,1,2,1,940.4444444,1,1,52.9
0,0,0,4,1,2210.188971,1,1,200.0
1,0,0,2,1,939.7247271,1,1,39.6
1,1,1,3,1,1269.681742,0,1,37.9
1,0,1,2,1,1030.0044779999998,1,1,92.0
1,0,0,2,1,1079.616507,1,1,25.9
1,1,0,2,1,900.0163639,0,1,55.0
1,0,1,3,1,1450.116009,1,1,150.0
1,1,1,1,1,874.0564163999999,0,1,44.0
0,0,0,2,1,1195.002716,1,1,110.0
1,0,0,2,1,1074.883554,1,1,60.0
1,0,1,2,1,942.0496717,1,1,33.0
1,1,1,2,1,593.1471349999999,0,1,20.6
1,0,0,3,1,1750.164078,1,1,160.0
0,0,0,3,1,1030.21978,1,1,30.0
0,0,0,2,1,1060.108131,1,1,100.0
1,0,0,3,1,1280.133001,1,1,77.0
0,1,1,2,1,1368.106028,0,1,96.0
0,0,0,4,1,1975.1693,1,1,70.0
1,0,1,2,1,1100.292113,1,1,33.9
1,0,0,2,1,970.3196347,1,1,25.5
1,1,1,4,1,3043.478261,0,1,140.0
0,0,0,2,1,750.0,1,1,33.0
1,0,0,2,1,1066.666667,1,1,160.0
1,0,0,1,1,397.4835573,1,1,13.9
1,0,1,2,1,930.2325581,1,1,36.0
1,1,1,2,1,1075.006108,0,1,44.0
1,0,0,2,1,1000.0,1,1,54.0
1,0,0,2,1,585.0091408,1,1,32.0
1,1,1,4,1,2250.027439,0,0,410.0
1,0,1,3,1,1846.621768,1,1,170.0
1,0,0,2,1,930.0162752999998,1,1,80.0
0,0,1,1,1,475.0271444,1,1,17.5
1,0,1,2,1,1116.0431199999998,1,1,88.0
1,0,0,3,1,1379.43719,1,1,150.0
1,1,1,3,1,1680.107527,0,1,50.0
0,0,1,2,1,552.0794994,1,1,30.0
1,0,0,4,1,5157.894737,1,1,490.0
1,0,0,5,1,5480.202768,1,1,800.0
1,0,0,2,1,1202.9780560000002,1,1,30.7
1,0,1,4,1,2699.96625,1,1,240.0
1,0,0,2,1,950.0,1,1,95.0
1,0,1,2,1,1068.03375,1,1,200.0
1,0,0,4,1,2517.532818,1,1,140.0
1,1,1,1,1,369.5966576,0,0,69.0
1,0,0,3,1,2423.263328,1,1,120.0
1,1,1,4,1,3157.894737,0,0,150.0
1,1,1,3,1,1978.518937,0,1,280.0
1,1,1,3,1,1021.461998,0,0,63.3
0,0,1,1,1,629.0785696,1,1,24.1
0,0,0,3,1,1252.019386,1,1,62.0
1,0,1,2,1,985.0011193,1,1,44.0
1,0,0,2,1,947.4017744,1,1,29.9
0,0,0,2,1,1250.0,1,1,55.0
1,0,1,3,1,1575.3458380000002,1,1,320.0
0,0,0,3,1,1704.918033,1,1,52.0
0,0,0,3,1,1600.0,1,1,100.0
0,0,0,2,1,1215.201061,1,1,55.0
1,0,1,2,1,849.7011102,1,1,19.9
1,1,1,3,1,1530.10279,0,1,52.1
0,1,1,2,1,1074.91318,0,1,65.0
0,0,0,1,1,719.0106413999999,1,1,25.0
1,0,0,1,1,585.3772757,1,1,200.0
0,0,0,2,1,950.1187648,1,1,32.0
0,0,0,2,1,795.0116912999999,1,1,51.0
1,0,0,3,1,1550.434002,1,1,51.8
0,0,0,1,1,652.173913,1,1,19.8
1,0,0,2,1,1223.309609,1,1,27.5
1,0,1,3,1,1851.50898,1,1,100.0
0,0,0,2,1,1250.0,1,1,30.0
0,0,0,1,1,525.0525053,1,1,35.0
0,0,0,3,1,1150.054765,1,1,63.0
1,0,0,2,1,737.2214941000001,1,1,180.0
1,0,1,3,1,2677.913905,1,1,400.0
0,0,0,1,1,1000.0,1,1,13.5
0,0,0,2,1,1300.309598,1,1,42.0
1,0,1,3,1,1976.744186,1,1,170.0
0,1,1,3,1,1638.672675,0,1,80.0
1,0,0,1,1,653.8704915,1,1,31.0
1,0,0,2,1,987.1071716,1,1,24.5
1,0,0,3,1,1183.127572,1,1,46.0
1,0,1,3,1,1480.165779,1,1,100.0
1,0,0,3,1,1450.116009,1,1,50.0
1,0,0,3,1,1598.894591,1,1,81.0
2,1,1,3,1,891.1434055,0,0,130.0
1,0,0,1,1,714.2857142999999,1,1,100.0
0,0,0,2,1,1080.043202,1,1,90.0
1,0,0,3,1,1506.642926,1,1,110.0
0,0,0,2,1,150.0068185,1,1,22.0
0,1,0,2,1,600.0705965,0,1,17.0
0,0,0,3,1,1849.710983,1,1,80.0
1,0,0,2,1,1000.0,1,1,160.0
1,0,0,2,1,1035.062751,1,1,80.0
0,0,0,2,1,1220.198986,1,1,65.0
1,1,1,1,1,390.0293255,0,0,39.9
1,0,1,2,1,1035.001882,1,1,55.0
1,0,0,3,1,1662.049861,1,1,120.0
0,0,0,2,1,916.2303665,1,1,35.0
0,0,1,2,1,1034.870641,1,1,46.0
0,0,0,2,1,467.9730915,1,1,32.0
1,0,0,3,1,1000.0,1,1,25.0
1,0,0,1,1,630.0114547999999,1,1,55.0
1,0,0,3,1,1353.271534,1,1,200.0
0,0,0,2,1,785.1013328,1,1,43.0
0,0,0,2,1,1172.180255,1,1,45.0
1,0,0,3,1,1550.151976,1,1,51.0
1,0,1,3,1,1524.348422,1,1,88.9
1,0,0,4,1,2361.739815,1,1,120.0
1,0,1,2,1,1020.130577,1,1,75.0
1,0,0,3,1,2087.347463,1,1,130.0
1,1,0,2,1,1037.790698,0,1,35.7
1,0,0,2,1,1299.234136,1,1,47.5
1,0,0,2,1,675.8713913,1,1,140.0
1,0,1,3,1,2797.097067,1,1,370.0
0,0,0,2,1,500.0,1,1,15.0
1,1,1,3,1,776.5314927000001,0,0,180.0
1,0,0,3,1,2630.949534,1,1,110.0
1,0,0,3,1,1515.016487,1,1,170.0
1,0,0,2,1,655.0933507999999,1,1,20.0
0,0,0,2,1,1343.090033,1,1,72.5
0,0,0,2,1,1050.098447,1,1,48.0
1,0,0,2,1,960.0384015,1,1,160.0
0,0,0,2,1,1008.064516,1,1,50.0
2,0,0,4,1,242500.0,1,0,9700.0
1,0,0,4,1,2650.027705,1,1,1100.0
1,0,0,2,1,986.8421053,1,1,150.0
0,0,0,2,1,1062.02209,1,1,50.0
1,0,1,3,1,1890.3199,1,1,45.5
1,0,0,3,1,1385.041551,1,1,110.0
1,0,0,2,1,1004.722194,1,1,100.0
0,0,0,2,1,849.8583569,1,1,36.0
0,0,0,3,1,1500.375094,1,1,40.0
0,0,0,2,1,1120.186698,1,1,48.0
0,0,0,2,1,775.1937984,1,1,26.0
0,0,0,2,1,900.1956947000001,1,1,23.0
1,0,0,5,1,4903.964038,1,1,480.0
2,0,0,1,1,700.1647446000001,1,0,17.0
1,0,1,2,1,953.2888465,1,1,100.0
0,0,0,3,1,1165.311653,1,1,43.0
0,0,0,2,1,754.0444201,1,1,55.0
1,0,0,3,1,1520.064856,1,1,150.0
0,0,0,2,1,1017.332329,1,1,27.0
0,0,0,1,1,680.0870510999999,1,1,25.0
0,0,0,2,1,1260.104612,1,1,79.5
1,0,0,3,1,2200.220022,1,1,140.0
1,0,0,2,1,960.0357223,1,1,86.0
0,0,0,3,1,1180.124224,1,1,57.0
0,0,0,3,1,2150.065818,1,1,98.0
1,1,1,3,1,1582.078218,0,1,250.0
1,0,0,3,1,1268.2244859999998,1,1,63.5
1,0,1,2,1,1350.390903,1,1,38.0
0,0,0,2,1,904.159132,1,1,45.0
1,0,0,2,1,999.1435912,1,1,35.0
2,1,1,2,1,974.48618,0,0,27.5
0,0,0,2,1,1168.571429,1,1,40.9
0,0,0,2,1,1000.0,1,1,35.0
1,1,1,3,1,1186.131387,0,1,130.0
1,0,0,3,1,1749.611198,1,1,45.0
0,0,1,3,1,1450.073421,1,1,79.0
0,0,0,3,1,1675.117711,1,1,92.5
1,0,1,2,1,1257.142857,1,1,110.0
1,0,1,2,1,1180.080245,1,1,150.0
0,0,0,3,1,1850.424056,1,1,72.0
1,0,1,2,1,976.0742769,1,1,82.0
0,0,0,2,1,1115.401115,1,1,26.0
0,1,0,3,1,1449.695564,0,1,50.0
0,0,0,2,1,600.0,1,1,45.0
1,0,1,3,1,1895.229983,1,1,89.0
1,1,0,4,1,1660.377358,0,0,220.0
1,0,0,3,1,1568.545436,1,1,150.0
0,0,0,2,1,744.047619,1,1,50.0
1,0,1,1,1,618.6204763,1,1,120.0
0,0,0,3,1,1584.367573,1,1,60.0
2,1,0,2,1,1041.837572,0,0,25.4
1,0,0,3,1,1525.010167,1,1,300.0
0,0,0,1,1,450.0818331,1,1,11.0
0,0,0,2,1,4500.0,1,1,27.0
1,0,0,3,1,1800.180018,1,1,100.0
1,1,1,2,1,569.9608611000001,0,1,23.3
1,0,1,2,1,121518.9873,1,0,9600.0
0,0,0,3,1,1100.208147,1,1,37.0
1,0,1,2,1,1195.054945,1,1,87.0
1,1,0,2,1,863.1578947,0,1,32.8
0,0,0,3,1,1775.0258,1,1,86.0
1,0,0,2,1,1285.160039,1,1,53.0
1,1,0,2,1,566.1501787999999,0,1,19.0
1,0,0,2,1,576.0230409,1,1,48.0
1,0,1,3,1,2500.0,1,1,230.0
1,0,0,1,1,500.0,1,1,35.0
1,0,0,3,1,3059.394451,1,1,290.0
1,0,0,2,1,1100.0,1,1,38.5
1,0,1,2,1,1195.457262,1,1,100.0
1,1,0,1,1,665.0199506,0,1,35.0
1,0,1,2,1,983.4591873,1,1,54.7
0,0,0,2,1,899.6851101999999,1,1,20.0
0,0,0,3,1,1500.288517,1,1,52.0
0,0,0,2,1,1252.824504,1,1,49.9
0,0,0,3,1,1300.0,1,1,65.0
1,1,1,2,1,619.0034045,0,1,120.0
0,0,0,3,1,1080.172828,1,1,45.0
0,1,1,2,1,596.0982659,0,1,16.5
1,0,0,2,1,975.1176866,1,1,29.0
1,0,0,3,1,2472.952087,1,1,160.0
1,0,0,4,1,2115.384615,1,1,110.0
1,1,0,1,1,613.9534884,0,1,66.0
1,1,1,4,1,2572.898799,0,1,180.0
1,0,0,1,1,670.0441248999999,1,1,41.0
0,0,0,2,1,1050.052503,1,1,60.0
1,0,0,2,1,1370.431894,1,1,33.0
0,0,0,2,1,1149.0532449999998,1,1,71.0
2,1,1,1,1,421.5229215,0,0,21.7
1,0,1,1,1,693.1484937000001,1,1,26.0
1,1,1,1,1,330.0043422,0,1,76.0
1,1,1,2,1,1230.996492,0,1,200.0
1,0,0,2,1,1221.958782,1,1,67.0
0,0,0,2,1,1155.172414,1,1,33.5
0,0,0,2,1,1189.908621,1,1,59.9
1,1,1,2,1,1066.098081,0,1,70.0
1,0,0,2,1,824.5877061000001,1,1,49.5
1,0,0,3,1,1398.98192,1,1,79.7
1,1,1,4,1,1692.307692,0,0,220.0
1,0,0,4,1,3000.063159,1,1,950.0
0,0,0,2,1,970.1629141,1,1,53.0
1,0,0,3,1,1192.748092,1,1,100.0
1,0,1,4,1,1656.067833,1,1,250.0
0,1,0,2,1,1007.194245,0,1,28.0
1,1,1,3,1,1825.922422,0,1,57.9
1,1,0,2,1,736.8110816000001,0,1,25.0
1,1,1,1,1,720.0837916,0,1,55.0
1,0,0,2,1,1171.450088,1,1,140.0
1,1,1,2,1,600.0303812999999,0,1,79.0
0,0,0,3,1,1436.130008,1,1,57.0
2,1,1,2,1,892.3076923,0,0,34.8
0,0,0,1,1,635.1132686000001,1,1,31.4
1,1,0,3,1,1986.049215,0,1,410.0
1,0,0,3,1,1517.660044,1,1,110.0
0,0,0,3,1,1299.85229,1,1,44.0
0,0,0,3,1,1494.159196,1,1,110.0
1,0,0,2,1,1110.213969,1,1,55.0
0,0,0,2,1,800.0,1,1,13.0
1,0,0,3,1,1550.0,1,1,46.5
1,1,1,3,1,1115.760112,0,0,120.0
0,0,0,3,1,1800.0,1,1,90.0
0,0,0,3,1,1760.1206940000002,1,1,140.0
1,0,0,1,1,449.4382022,1,1,16.0
1,1,1,3,1,1979.530123,0,1,85.1
1,0,0,2,1,1100.029334,1,1,75.0
0,1,0,2,1,1112.162802,0,1,70.5
1,0,1,3,1,1393.229167,1,1,42.8
1,0,1,2,1,1431.209603,1,1,62.0
1,0,1,3,1,1714.032954,1,1,310.0
1,0,0,2,1,1370.16094,1,1,63.0
1,0,0,4,1,2333.333333,1,0,210.0
0,0,0,3,1,1661.979033,1,1,65.0
0,0,0,2,1,1355.052616,1,1,94.0
0,0,0,2,1,799.1475759,1,1,30.0
1,0,0,2,1,878.6243252999999,1,1,140.0
1,0,0,1,1,575.0350631,1,1,82.0
0,0,0,1,1,579.920261,1,1,32.0
0,0,1,3,1,1407.129456,1,1,75.0
1,0,0,2,1,1115.103457,1,1,90.0
1,0,0,2,1,1200.201715,1,1,23.8
0,0,0,3,1,1248.297776,1,1,110.0
0,0,0,2,1,750.0,1,1,24.0
1,0,0,2,1,911.6324298,1,1,150.0
1,0,0,4,1,2272.440348,1,1,360.0
2,0,1,2,1,1011.71875,1,0,25.9
1,0,0,1,1,620.0055112000001,1,1,45.0
1,0,1,3,1,1793.283339,1,1,110.0
1,0,0,1,1,685.0488097,1,1,40.0
0,0,0,2,1,1018.038936,1,1,57.0
0,0,0,3,1,1781.825381,1,1,90.0
1,1,0,2,1,1100.110011,0,1,80.0
0,0,1,2,1,850.19056,1,1,29.0
1,0,0,3,1,1250.0,1,1,59.0
1,0,0,2,1,750.0,1,1,11.7
1,0,1,3,1,1813.817018,1,1,68.0
0,0,0,2,1,1150.180743,1,1,35.0
0,0,0,3,1,1200.068575,1,1,70.0
1,0,0,2,1,1280.0,1,1,48.0
2,1,1,1,1,435.413643,0,0,30.0
1,1,1,2,1,991.5518008,0,0,44.6
0,0,1,3,1,1673.398731,1,1,58.0
1,0,0,3,1,1349.877284,1,1,99.0
1,0,0,1,1,364.0187672,1,1,45.0
2,1,1,1,1,483.9305504,0,0,26.2
1,0,1,3,1,1563.779879,1,1,210.0
1,0,1,4,1,2563.163676,1,1,280.0
0,0,1,2,1,845.1957295,1,1,19.0
1,0,1,2,1,1071.136549,1,1,65.5
1,1,1,2,1,1044.088176,0,1,52.1
1,1,0,2,1,1100.0,0,1,220.0
0,0,0,2,1,950.1689189,1,1,45.0
1,0,1,2,1,1085.0744550000002,1,1,94.0
1,0,0,3,1,1750.18423,1,1,95.0
1,0,0,2,1,1150.0473550000002,1,1,85.0
0,0,0,3,1,1472.885517,1,1,66.0
1,0,1,2,1,1163.590205,1,1,220.0
0,0,0,2,1,644.9721489,1,1,22.0
1,1,1,2,1,916.8403107,0,1,48.4
1,0,0,2,1,1188.146491,1,1,170.0
0,0,0,2,1,1281.13879,1,1,90.0
1,0,0,2,1,855.0330354,1,1,66.0
1,0,0,3,1,1826.21814,1,1,690.0
1,0,0,3,1,1574.645538,1,1,94.4
1,1,1,3,1,915.6111705,0,1,180.0
1,1,1,4,1,1864.035088,0,1,170.0
1,0,1,3,1,1945.020747,1,1,150.0
1,0,0,2,1,1157.943492,1,1,100.0
0,0,0,1,1,300.0,1,1,9.0
1,0,1,4,1,3085.150144,1,1,300.0
1,0,0,3,1,1850.294365,1,1,110.0
1,0,0,3,1,1655.119323,1,1,86.0
1,0,1,3,1,1430.472389,1,1,43.0
0,0,0,2,1,1150.146382,1,1,55.0
0,0,0,3,1,1400.180668,1,1,93.0
2,1,1,2,1,865.7175837000001,0,0,22.5
0,0,1,2,1,1030.135301,1,1,33.5
1,0,0,4,1,2000.0,1,1,350.0
1,0,0,3,1,1426.013658,1,1,900.0
1,1,0,1,1,408.997955,0,1,70.0
0,0,0,3,1,1599.01599,1,1,65.0
1,0,0,2,1,600.117096,1,1,20.5
0,0,0,3,1,2032.176122,1,1,72.0
1,0,0,2,1,925.008259,1,1,140.0
0,0,0,2,1,995.1269556,1,1,38.8
0,0,1,2,1,740.0555042000001,1,1,24.0
0,0,0,2,1,860.0301011,1,1,40.0
1,0,1,2,1,1082.113304,1,1,51.0
0,0,0,2,1,1039.02439,1,1,42.6
1,1,1,3,1,2173.913043,0,1,100.0
1,0,1,2,1,1310.200419,1,1,43.8
0,0,0,3,1,1365.103003,1,1,55.0
1,1,1,4,1,1500.890359,0,0,59.0
1,0,0,3,1,1629.99185,1,1,140.0
1,0,0,3,1,1459.703947,1,1,71.0
1,0,0,2,1,1239.815799,1,1,140.0
1,1,1,2,1,1105.060858,0,1,69.0
1,0,0,3,1,1197.952218,1,1,35.1
0,0,1,2,1,1049.790042,1,1,35.0
0,0,0,2,1,1190.0714039999998,1,1,35.0
1,0,0,3,1,1522.224477,1,1,75.0
1,1,1,3,1,3947.820117,0,1,230.0
1,0,1,2,1,1122.019635,1,1,120.0
0,0,1,3,1,1575.299307,1,1,75.0
1,0,0,3,1,1995.114007,1,1,49.0
0,0,0,4,1,1819.284415,1,1,120.0
1,0,0,2,1,784.0062721,1,1,40.0
1,0,0,3,1,1410.934744,1,1,120.0
1,0,0,2,1,750.0986972000001,1,1,38.0
1,0,1,2,1,935.1256575,1,1,48.0
0,0,1,2,1,1095.100865,1,1,95.0
0,0,0,3,1,2030.573248,1,1,79.7
1,0,0,2,1,743.0730478999999,1,1,29.5
1,0,1,4,1,3980.288097,1,1,210.0
1,0,0,3,1,1916.273585,1,1,130.0
1,0,1,3,1,1719.931691,1,1,70.5
0,0,0,3,1,1920.529801,1,1,290.0
1,0,1,2,1,915.0915092,1,1,30.5
1,0,1,2,1,1026.023692,1,1,110.0
1,0,0,2,1,1340.033501,1,1,88.0
0,0,0,2,1,609.9627245,1,1,18.0
1,0,0,3,1,2194.586686,1,1,120.0
1,0,0,3,1,1470.7684769999998,1,1,120.0
1,0,1,3,1,1981.287837,1,1,72.0
0,0,0,3,1,1275.045537,1,1,70.0
1,1,0,3,1,1649.9835,0,1,150.0
1,0,1,2,1,1090.884298,1,1,160.0
0,0,0,1,1,1000.0,1,1,14.0
1,0,0,3,1,1500.093756,1,1,160.0
1,0,0,3,1,1476.101218,1,1,63.0
1,0,0,2,1,1205.844801,1,1,85.0
1,0,0,1,1,692.8571429,1,1,19.4
1,0,0,2,1,1293.422025,1,1,35.0
0,0,1,3,1,1540.0,1,1,53.9
1,1,0,3,1,1500.0,0,1,60.0
0,0,0,2,1,1532.296087,1,1,65.0
1,0,1,3,1,1869.965478,1,1,65.0
1,0,1,3,1,2100.375857,1,1,95.0
1,0,1,2,1,1020.126827,1,1,74.0
1,0,1,2,1,1004.155125,1,1,58.0
0,0,0,2,1,850.0188893,1,1,45.0
1,0,0,3,1,1476.559616,1,1,120.0
0,0,0,2,1,1050.286442,1,1,33.0
0,1,0,2,1,1025.115325,0,1,80.0
1,0,0,1,1,629.9212597999999,1,1,44.0
1,1,1,2,1,860.0552134,0,1,81.0
1,0,0,3,1,1906.214258,1,1,150.0
1,0,1,2,1,1438.398999,1,1,230.0
0,0,0,1,1,584.9268841,1,1,26.0
1,1,0,2,1,997.7979631,0,1,72.5
2,0,1,4,1,1195.177718,1,0,57.5
1,0,0,2,1,915.7368219,1,1,23.8
0,0,1,2,1,1216.075931,1,1,82.0
0,0,0,2,1,1100.110011,1,1,40.0
2,1,1,2,1,757.2489815,0,0,63.2
1,0,1,3,1,1295.955255,1,1,190.0
1,0,0,1,1,800.0,1,1,32.0
1,0,0,2,1,550.012791,1,1,21.5
0,0,0,2,1,1200.14771,1,1,65.0
1,1,1,2,1,983.8998211,0,1,55.0
0,0,0,2,1,736.0,1,1,23.0
1,1,1,2,1,461.4792975,0,0,36.0
1,0,1,3,1,1733.7956789999998,1,1,130.0
0,0,0,2,1,850.0772798,1,1,33.0
1,0,1,2,1,1058.695652,1,1,48.7
1,0,0,2,1,969.6969697,1,1,160.0
0,0,1,2,1,940.0,1,1,32.9
1,0,0,1,1,570.0101131,1,1,62.0
1,1,1,1,1,578.3086841,0,0,30.5
0,0,1,2,1,1200.0,1,1,60.0
1,0,0,1,1,620.00124,1,1,100.0
0,0,0,2,1,1200.138145,1,1,69.5
0,0,0,3,1,1680.310211,1,1,78.0
0,0,1,2,1,925.2405625,1,1,25.0
1,1,1,3,1,1600.0,0,0,160.0
0,0,0,3,1,1350.0,1,1,54.0
1,0,0,2,1,1131.150632,1,1,180.0
0,0,0,1,1,570.0234716,1,1,51.0
1,0,1,2,1,1183.338593,1,1,150.0
1,1,0,4,1,3622.796583,0,1,670.0
1,0,0,3,1,3454.060989,1,1,350.0
0,0,0,1,1,407.0131497,1,1,26.0
1,0,0,2,1,1175.184477,1,1,43.0
0,0,0,3,1,1360.355358,1,1,49.0
0,1,1,2,1,894.4195994999999,0,1,92.0
0,0,0,3,1,1337.1734210000002,1,1,65.0
1,0,0,2,1,1032.03324,1,1,77.0
1,0,0,1,1,587.0307167000001,1,1,17.2
0,0,0,3,1,1590.330789,1,1,75.0
2,1,0,4,1,2183.803458,0,0,120.0
1,0,1,2,1,959.6860507,1,1,26.9
0,0,1,4,1,1734.513274,1,1,49.0
2,1,0,3,1,680.0162634999999,0,0,66.9
0,0,0,3,1,1280.081925,1,1,50.0
0,0,0,2,1,1045.031351,1,1,55.0
1,1,0,2,1,761.0959782000001,0,1,47.5
1,0,1,3,1,1700.0297510000005,1,1,400.0
0,1,0,2,1,1049.790042,0,1,35.0
1,0,0,4,1,3650.227125,1,1,450.0
1,0,0,2,1,747.6869217,1,0,29.9
0,0,0,1,1,824.9852681,1,1,42.0
0,0,0,2,1,1070.110701,1,1,58.0
0,0,0,1,1,492.9807378,1,1,15.1
1,0,0,2,1,760.0102015,1,1,29.8
1,0,0,3,1,1840.025977,1,1,170.0
0,0,0,2,1,859.9738269,1,1,46.0
1,0,0,4,1,2250.58784,1,1,67.0
1,0,0,2,1,1536.255633,1,1,75.0
1,1,0,4,1,1469.032789,0,0,250.0
1,0,0,3,1,2053.196454,1,1,220.0
1,0,0,2,1,1020.040802,1,1,170.0
1,0,0,3,1,1971.287765,1,1,92.0
1,0,0,3,1,1420.21721,1,1,51.0
0,0,0,2,1,1060.284762,1,1,35.0
1,0,0,2,1,1020.408163,1,1,25.0
1,1,1,3,1,1700.0,0,1,170.0
1,1,1,1,1,541.2926391,0,0,60.3
1,0,1,2,1,1130.247578,1,1,42.0
0,0,0,2,1,925.0243427,1,1,38.0
0,0,0,2,1,900.4237287999998,1,1,17.0
1,0,1,3,1,1650.041251,1,1,220.0
0,0,0,2,1,841.1214953,1,1,45.0
1,1,0,2,1,750.0,0,1,15.0
1,0,1,3,1,2619.047619,1,1,110.0
1,0,0,3,1,2341.920375,1,1,120.0
0,0,0,2,1,750.2420136,1,1,15.5
1,0,0,3,1,1769.62677,1,1,110.0
0,0,0,2,1,463.0299523,1,1,32.0
1,1,1,2,1,1248.387097,0,1,38.7
1,0,0,2,1,755.0154597999999,1,1,210.0
1,0,0,4,1,1099.937146,1,1,70.0
1,1,1,2,1,1026.079521,0,1,72.0
0,0,0,3,1,6711.409395999999,1,1,260.0
1,1,1,4,1,229832.9356,0,0,9630.0
0,0,0,2,1,979.9118079,1,1,40.0
1,0,1,3,1,1281.011145,1,1,600.0
1,0,1,2,1,1324.981932,1,1,110.0
1,0,1,1,1,648.7695749,1,1,14.5
1,0,0,3,1,1101.055807,1,1,36.5
0,0,0,2,1,1100.151745,1,1,58.0
1,0,0,2,1,1320.132013,1,1,36.0
0,0,0,2,1,1076.275152,1,1,46.0
0,0,0,2,1,823.0452675,1,1,20.0
1,0,1,3,1,1723.1166870000002,1,1,320.0
1,1,0,3,1,1420.087787,0,1,55.0
1,0,0,2,1,1010.010991,1,1,340.0
1,0,0,3,1,1500.0,1,1,84.0
1,0,0,3,1,1787.924632,1,1,130.0
0,0,0,3,1,1400.233372,1,1,72.0
1,0,0,3,1,1478.725878,1,1,63.6
1,1,1,3,1,1328.150308,0,1,82.0
1,0,0,4,1,3850.050659000001,1,1,380.0
0,0,1,2,1,1050.213325,1,1,32.0
1,0,0,2,1,950.2515372,1,1,34.0
1,1,1,2,1,966.8562463,0,0,49.3
0,0,0,2,1,1120.056003,1,1,64.0
1,0,1,2,1,1138.952164,1,1,55.0
1,0,0,2,1,1030.060963,1,1,49.0
0,1,0,2,1,829.8755187,0,1,28.0
2,1,1,3,1,931.3988895,0,0,260.0
0,0,0,1,1,450.0450045,1,1,20.0
1,0,0,2,1,954.2185581,1,1,54.4
1,0,0,2,1,1064.5848119999998,1,1,120.0
0,0,0,1,1,635.0757206000001,1,1,13.0
1,1,1,1,1,690.0212313999999,0,1,52.0
0,0,0,2,1,899.9357189,1,1,42.0
1,1,1,4,1,2866.325024,0,0,330.0
0,0,0,3,1,1240.1352869999998,1,1,55.0
1,1,1,3,1,1369.25589,0,0,58.7
0,0,0,1,1,561.1455107999999,1,1,14.5
1,1,1,2,1,475.1722499,0,0,100.0
1,0,1,2,1,1040.098536,1,1,76.0
1,0,0,4,1,2012.072435,1,1,250.0
1,0,0,2,1,1057.697393,1,1,200.0
1,0,0,3,1,1845.01845,1,1,230.0
0,0,0,3,1,1380.065717,1,1,63.0
1,0,1,3,1,1881.04622,1,1,210.0
0,0,0,17,1,11000.34376,1,1,320.0
0,0,0,2,1,1290.322581,1,1,50.0
1,0,0,3,1,714.8984843999999,1,1,25.0
1,1,0,2,1,959.9232061,0,1,40.0
1,0,0,2,1,1349.948079,1,1,65.0
1,0,1,3,1,2000.0,1,1,270.0
1,0,0,3,1,1563.166122,1,1,110.0
1,1,1,1,1,600.035823,0,1,33.5
1,1,1,2,1,1286.046512,0,0,55.3
1,0,0,2,1,1200.14771,1,1,65.0
1,0,0,3,1,1706.7759,1,1,100.0
0,0,0,2,1,820.0754469,1,1,50.0
1,0,0,2,1,1130.085384,1,1,45.0
0,0,0,3,1,1600.0,1,1,80.0
1,1,1,2,1,1025.145068,0,1,53.0
1,0,0,2,1,1199.616123,1,1,25.0
0,0,0,3,1,1718.560453,1,1,170.0
0,0,0,1,1,500.0,1,1,35.0
0,0,0,3,1,1264.222503,1,1,70.0
1,0,0,2,1,860.0770218,1,1,33.5
1,1,0,1,1,749.9353504,0,1,29.0
1,0,0,4,1,3301.168106,1,1,65.0
0,0,0,2,1,976.0178472,1,1,70.0
1,0,1,2,1,1162.718204,1,1,37.3
0,0,0,2,1,1000.0,1,1,18.0
0,0,0,2,1,1210.084034,1,1,72.0
1,0,0,4,1,4623.513871,1,1,210.0
1,0,1,4,1,3107.07457,1,1,130.0
0,0,0,2,1,750.0,1,1,30.0
1,0,0,2,1,1200.1010609999998,1,1,95.0
0,0,0,2,1,1190.031153,1,1,95.5
1,0,0,1,1,535.0242741999999,1,1,54.0
1,1,1,3,1,1775.037369,0,1,190.0
0,0,1,2,1,2010.424423,1,1,27.0
1,1,1,2,1,475.0154226,0,0,77.0
1,0,1,1,1,650.0541712,1,1,42.0
1,1,1,2,1,1163.467132,0,1,140.0
1,0,0,2,1,689.4252567000001,1,1,51.7
1,0,0,3,1,2640.105604,1,1,220.0
1,0,1,2,1,850.8857581,1,1,61.0
1,0,0,3,1,1650.084931,1,1,68.0
1,0,0,2,1,1261.487051,1,1,30.2
1,0,1,4,1,2388.888889,1,0,86.0
1,0,0,2,1,1230.466347,1,1,100.0
1,0,0,3,1,1904.952877,1,1,190.0
1,0,1,3,1,1209.720021,1,1,22.9
0,0,0,3,1,1750.087504,1,1,50.0
1,0,1,3,1,1948.460088,1,1,310.0
0,0,0,2,1,500.0,1,1,23.0
0,0,0,2,1,1245.18233,1,1,42.0
0,0,0,3,1,1700.294718,1,1,75.0
1,0,1,2,1,892.7774306,1,1,200.0
0,0,1,3,1,2020.573108,1,1,55.0
0,0,0,2,1,1035.046305,1,1,57.0
1,0,0,2,1,851.0638298,1,1,24.0
0,0,0,2,1,1205.489614,1,1,65.0
1,0,0,2,1,724.9879169,1,1,60.0
0,0,0,3,1,11310.34483,1,1,16.4
0,0,0,3,1,1400.233372,1,1,60.0
1,0,0,2,1,1394.814572,1,1,85.0
0,1,0,3,1,825.3664755,0,1,25.9
0,1,1,3,1,1624.727561,0,1,82.0
1,0,0,3,1,1877.84522,1,1,99.0
0,0,0,2,1,1245.1361869999998,1,1,48.0
1,0,0,3,1,1257.010249,1,1,520.0
1,0,0,3,1,2254.791432,1,1,200.0
0,0,0,1,1,450.0,1,1,18.0
0,0,0,2,1,574.8987854,1,1,35.5
1,0,0,1,1,680.0348736000001,1,1,78.0
1,0,0,3,1,1235.839341,1,1,48.0
1,1,1,2,1,1016.330451,0,1,52.9
1,0,0,2,1,1400.124456,1,1,90.0
2,1,1,2,1,1090.0,0,0,65.4
1,0,0,3,1,1392.88699,1,1,150.0
1,0,0,2,1,1070.25247,1,1,39.0
1,1,1,2,1,1011.041639,0,1,76.0
0,0,0,3,1,1700.037779,1,1,90.0
0,0,0,1,1,495.049505,1,1,18.0
1,1,1,3,1,1453.418633,0,0,72.7
1,0,1,3,1,2246.181491,1,1,150.0
1,0,0,1,1,557.0409982000001,1,1,25.0
1,0,0,3,1,1636.228103,1,1,87.8
0,0,0,1,1,612.1313299999999,1,1,11.0
1,0,0,3,1,1643.429249,1,1,55.4
1,0,0,1,1,545.01413,1,1,54.0
0,0,0,3,1,1776.649746,1,1,140.0
1,0,1,2,1,1250.0,1,1,240.0
0,0,0,1,1,1500.0,1,1,42.0
1,0,0,3,1,1186.474194,1,1,180.0
1,0,1,1,1,419.0675746,1,1,120.0
1,0,1,2,1,768.0,1,1,120.0
1,1,1,2,1,690.0436557999999,0,1,49.0
1,1,0,3,1,1412.5,0,1,45.2
0,1,0,2,1,1040.0,0,1,41.6
0,0,0,3,1,1441.268316,1,1,60.0
1,0,0,2,1,999.000999,1,1,160.0
1,0,1,2,1,1120.079064,1,1,68.0
0,0,0,2,1,1150.180743,1,1,70.0
1,1,1,2,1,1163.636364,0,1,160.0
1,0,0,3,1,1407.231002,1,1,65.0
0,0,0,3,1,1460.190593,1,1,95.0
0,0,0,2,1,750.0,1,1,30.0
1,0,0,4,1,2400.024,1,1,800.0
1,0,0,5,1,5111.111111,1,1,460.0
1,0,1,1,1,449.9664204,1,1,67.0
1,0,0,2,1,945.1108688,1,1,52.0
1,1,1,2,1,1112.842199,0,1,150.0
0,0,0,2,1,1250.0,1,1,47.0
1,0,1,2,1,1120.593052,1,1,130.0
0,0,0,3,1,1641.90774,1,1,42.0
1,0,0,4,1,1550.160866,1,1,53.0
0,0,0,2,1,900.2520706,1,1,25.0
0,0,0,2,1,980.1053248,1,1,33.5
1,1,0,2,1,885.0210192,0,1,120.0
1,0,0,3,1,1488.833747,1,1,90.0
1,0,0,3,1,1365.291262,1,1,45.0
1,0,0,2,1,1298.396558,1,1,66.4
0,0,0,2,1,1266.666667,1,1,38.0
1,0,0,3,1,1609.787508,1,1,75.0
1,0,0,1,1,440.2920962,1,0,41.0
1,1,0,3,1,1366.906475,0,1,85.5
0,0,0,2,1,658.7615283,1,1,15.0
1,1,1,3,1,1374.5454550000002,0,0,75.6
1,0,0,3,1,1302.857143,1,1,91.2
0,1,0,2,1,1041.041041,0,1,31.2
1,0,0,1,1,685.0200336,1,1,53.0
0,0,0,1,1,578.1368341,1,1,22.9
1,0,1,2,1,1248.5907550000002,1,1,44.3
1,0,1,2,1,1100.004783,1,1,230.0
1,0,0,2,1,1140.1743800000002,1,1,34.0
1,0,1,3,1,1805.054152,1,1,340.0
1,0,1,3,1,1356.132075,1,1,46.0
1,0,0,2,1,1031.314457,1,1,110.0
1,0,0,2,1,1150.146382,1,1,55.0
0,0,0,2,1,990.0990099,1,1,45.0
1,0,1,2,1,942.1000981,1,1,48.0
1,0,0,3,1,1534.117647,1,0,65.2
0,0,0,2,1,669.9679581,1,1,23.0
1,0,1,3,1,2485.089463,1,1,150.0
1,1,0,2,1,1100.052383,0,1,42.0
1,0,0,3,1,1629.828087,1,1,73.0
0,0,0,2,1,712.0023249,1,1,24.5
0,0,0,3,1,1240.1352869999998,1,1,55.0
0,0,0,2,1,1052.104208,1,1,42.0
1,0,1,2,1,1232.0,1,1,77.0
0,0,0,2,1,1250.0,1,1,65.0
1,1,1,2,1,476.3990801,0,0,87.0
0,1,0,1,1,317.4908601,0,1,16.5
1,0,1,3,1,1578.418711,1,1,110.0
1,1,1,2,1,1197.085357,0,1,69.0
1,0,0,3,1,1534.874684,1,1,79.0
2,1,1,4,1,2380.952381,0,0,100.0
1,1,1,1,1,578.0346821,0,1,35.0
1,0,0,5,1,3600.230415,1,1,250.0
0,0,0,1,1,599.7258396000001,1,1,17.5
0,0,0,2,1,1000.0,1,1,35.0
1,0,0,4,1,2700.242718,1,1,44.5
0,0,0,2,1,1250.0,1,1,24.0
1,0,0,2,1,676.9985178999999,1,1,370.0
1,0,0,3,1,1720.6768,1,1,360.0
0,0,0,3,1,1261.092947,1,1,81.0
1,0,0,3,1,1433.389545,1,1,51.0
0,0,1,3,1,1845.370665,1,1,58.0
0,0,0,2,1,1100.352113,1,1,25.0
0,0,0,2,1,620.0676437000001,1,1,22.0
1,0,1,2,1,855.0205739,1,1,160.0
1,0,1,3,1,1380.223105,1,1,73.0
1,1,0,2,1,761.9047619,0,0,16.0
1,1,0,1,1,462.2222222,0,1,130.0
1,0,0,3,1,1279.263144,1,1,200.0
1,0,1,3,1,1549.476776,1,1,84.4
0,0,0,2,1,899.9470618999999,1,1,51.0
1,0,0,3,1,1330.120482,1,1,55.2
1,1,1,3,1,1549.138124,0,1,69.2
1,0,0,3,1,1262.945188,1,1,150.0
1,0,0,3,1,1409.910844,1,1,68.0
0,0,1,2,1,1040.967092,1,1,31.0
1,1,1,3,1,1395.089286,0,1,50.0
1,0,0,3,1,3285.714286,1,1,230.0
1,1,0,2,1,1147.866013,0,1,110.0
0,0,0,2,1,850.1335924000001,1,1,35.0
1,0,1,3,1,1300.156915,1,1,58.0
1,1,1,2,1,1298.157454,0,1,62.0
1,0,0,3,1,2230.15165,1,1,200.0
1,0,1,1,1,750.0246718999999,1,1,76.0
0,0,0,2,1,1063.100137,1,1,31.0
1,0,0,2,1,1170.073945,1,1,26.9
1,0,1,2,1,1140.16288,1,1,26.6
0,0,0,3,1,1257.861635,1,1,40.0
0,0,0,2,1,1250.0,1,1,30.0
1,0,1,1,1,600.0,1,0,120.0
1,0,0,3,1,1649.87843,1,1,95.0
0,0,0,3,1,1700.02742,1,1,62.0
1,0,0,1,1,649.8951782,1,1,31.0
1,0,1,2,1,1150.218542,1,1,50.0
1,1,0,2,1,746.3114989000001,0,1,130.0
1,0,0,2,1,1056.059139,1,1,120.0
0,1,1,2,1,1250.0,0,1,30.0
0,0,0,2,1,1134.154245,1,1,35.0
1,0,0,3,1,1659.292035,1,1,210.0
0,0,1,3,1,1860.465116,1,1,72.0
1,1,0,3,1,1814.442966,0,1,150.0
1,1,1,3,1,2465.656921,0,1,420.0
2,0,1,2,1,515.58753,1,0,21.5
1,1,0,1,1,725.0580046,0,1,50.0
0,0,0,2,1,1050.119332,1,1,44.0
1,1,0,1,1,531.0361105000001,0,1,45.0
1,1,1,3,1,1176.948052,0,1,43.5
0,0,0,2,1,1050.286442,1,1,33.0
1,0,0,3,1,1948.051948,1,1,75.0
0,0,0,3,1,1538.765042,1,1,78.0
1,0,0,3,1,1366.074422,1,1,81.5
1,0,1,3,1,1354.679803,1,1,44.0
1,0,1,3,1,2383.474576,1,1,720.0
1,0,0,3,1,1454.627336,1,1,64.6
1,0,0,2,1,1000.0,1,1,100.0
1,0,0,3,1,2800.013177,1,1,1700.0
0,0,0,1,1,520.0,1,1,39.0
1,0,1,2,1,162500.0,1,0,7800.0
1,0,1,3,1,1600.0,1,1,260.0
0,0,0,2,1,1050.080775,1,1,65.0
0,0,0,2,1,1255.0685460000002,1,1,65.0
0,0,1,2,1,1070.052789,1,1,75.0
1,1,1,1,0,440.0,0,1,22.0
0,0,1,3,1,1650.165017,1,1,65.0
1,1,1,2,1,1149.908849,0,1,82.0
0,0,1,2,1,958.9566552,1,1,50.0
1,1,1,2,1,1267.323495,0,1,310.0
1,0,0,3,1,1600.0,1,1,92.0
1,0,0,3,1,1580.090855,1,1,80.0
1,1,0,2,1,1075.05864,0,1,55.0
0,0,0,3,1,1375.0,1,1,110.0
1,0,0,3,1,1544.021025,1,1,94.0
1,1,1,2,1,650.026001,0,0,75.0
1,0,1,3,1,153949.5798,1,0,9160.0
0,0,0,1,1,594.1213257999999,1,1,19.0
1,0,0,2,1,1016.073479,1,1,17.7
1,0,1,3,1,1370.16094,1,1,63.0
1,0,1,2,1,1094.6985029999998,1,1,54.1
1,0,0,2,1,1049.5382029999998,1,1,100.0
1,0,0,2,1,1060.10929,1,1,97.0
1,1,1,3,1,851.2867527000001,0,0,130.0
1,1,0,3,1,1828.153565,0,1,100.0
1,0,0,1,1,685.0036885,1,1,65.0
1,0,0,3,1,1500.0,1,1,120.0
1,0,0,5,1,2110.344828,1,1,45.9
1,0,0,2,1,1110.03861,1,1,46.0
1,0,0,2,1,813.0682237999999,1,1,110.0
1,1,0,3,1,1945.945946,0,1,180.0
1,0,0,2,1,648.0093961,1,1,160.0
0,0,0,4,1,1500.214316,1,1,70.0
0,0,1,3,1,1315.068493,1,1,48.0
1,1,1,3,1,2063.015754,0,1,110.0
0,0,0,2,1,1050.144395,1,1,40.0
1,0,1,2,1,1221.496199,1,1,91.6
0,0,0,2,1,1200.0,1,1,150.0
0,0,0,3,1,2142.857143,1,1,90.0
0,0,0,1,1,400.0,1,1,45.0
1,0,0,2,1,1163.805644,1,1,240.0
1,0,0,2,1,1300.1231699999998,1,1,95.0
0,0,0,2,1,1280.0,1,1,40.0
1,0,0,3,1,2200.1365600000004,1,1,290.0
0,0,0,2,1,1130.125928,1,1,35.0
0,0,0,3,1,1315.097317,1,1,50.0
1,0,0,2,1,1194.029851,1,1,80.0
0,0,0,1,1,590.1445854,1,1,20.0
1,0,0,2,1,1053.907587,1,1,73.9
0,0,0,3,1,1140.250855,1,1,40.0
1,1,1,3,1,1650.235748,0,1,77.0
0,0,0,3,1,1310.219714,1,1,65.0
1,0,1,3,1,1818.518519,1,1,49.1
1,0,0,2,1,734.0503622,1,1,230.0
0,0,1,5,1,4230.769231,1,1,110.0
1,0,1,4,1,3800.02375,1,1,1600.0
0,0,0,2,1,837.8378378,1,1,15.5
1,0,0,3,1,1733.0083940000002,1,1,320.0
1,0,1,3,1,2148.8469600000003,1,1,410.0
1,0,0,3,1,1775.675676,1,1,65.7
1,1,1,2,1,1295.071911,0,1,190.0
0,0,0,4,1,2444.444444,1,1,220.0
1,0,0,2,1,1060.0706710000002,1,1,93.0
1,0,1,2,1,1080.041943,1,1,30.9
1,0,1,3,1,1659.9957869999998,1,1,78.8
1,1,1,3,1,1160.89613,0,0,91.2
1,0,0,4,1,2514.367816,1,1,140.0
1,0,0,3,1,1350.09311,1,1,29.0
1,0,1,3,1,2376.708259,1,1,320.0
0,0,0,2,1,830.0567934,1,1,38.0
0,0,0,3,1,1350.6212859999998,1,1,25.0
1,0,0,3,1,1684.0417,1,1,210.0
1,0,0,2,1,920.0968523,1,1,76.0
1,0,0,2,1,1391.43171,1,1,190.0
0,0,1,2,1,1261.937244,1,1,37.0
0,0,0,3,1,1360.015543,1,1,70.0
1,0,0,2,1,788.0,1,1,19.7
1,1,0,1,1,590.0100570000001,0,1,88.0
1,1,1,3,1,1213.333333,0,1,36.4
1,0,1,3,1,1600.0,1,1,210.0
1,0,0,3,1,3428.571429,1,0,360.0
1,0,0,2,1,1184.990125,1,1,90.0
1,0,1,2,1,913.033554,1,1,40.0
1,1,1,1,1,583.029672,0,1,56.0
0,0,0,2,1,1284.8516,1,1,100.0
1,0,0,1,1,635.0550381,1,1,45.0
1,0,0,2,1,600.0126318,1,1,95.0
1,0,0,2,1,1365.974809,1,1,77.0
0,0,0,2,1,1070.154578,1,1,45.0
1,0,1,3,1,2542.470819,1,1,220.0
1,0,0,2,1,974.3589744,1,1,19.0
1,0,1,3,1,2609.992543,1,1,210.0
0,0,0,2,1,825.0825083,1,1,40.0
0,0,0,2,1,840.1155159,1,1,32.0
0,0,0,3,1,1154.142088,1,1,45.0
1,0,1,3,1,3128.184468,1,1,1320.0
0,0,0,3,1,1599.21671,1,1,98.0
1,0,1,2,1,1430.789707,1,1,64.5
1,0,0,4,1,2998.34574,1,1,290.0
0,0,0,2,1,3.985594238,1,1,24.9
1,1,1,1,1,575.0903712999999,0,1,35.0
0,0,1,2,1,892.3259964,1,1,15.0
1,0,1,2,1,1015.134736,1,1,55.0
0,0,1,2,1,850.0137099,1,1,31.0
0,0,0,3,1,900.3939223,1,1,16.0
1,0,0,2,1,956.5217391,1,1,110.0
1,1,1,2,1,899.9659747999999,0,1,52.9
2,1,0,3,1,1400.0,0,0,39.2
1,0,0,2,1,1225.165563,1,1,37.0
1,0,0,2,1,1084.0560369999998,1,1,65.0
1,0,1,3,1,1397.013883,1,1,160.0
1,0,0,2,1,1390.02453,1,1,85.0
1,0,0,2,1,1374.582528,1,1,78.2
0,1,0,2,1,599.8956703,0,1,34.5
0,0,0,5,1,1390.0955689999998,1,1,32.0
0,0,0,2,1,650.0171057,1,1,38.0
1,0,1,2,1,930.0411523,1,1,33.9
0,0,1,3,1,3100.0,1,1,93.0
1,0,0,2,1,1236.044657,1,1,62.0
1,0,0,3,1,1556.0165980000002,1,1,90.0
0,0,0,3,1,1100.151745,1,1,58.0
0,0,0,3,1,1800.08471,1,1,85.0
0,0,0,2,1,700.0840101,1,1,25.0
1,0,0,2,1,1187.789524,1,1,100.0
1,0,1,3,1,1651.527663,1,1,100.0
1,0,0,1,1,594.0005940000001,1,1,60.0
0,0,0,3,1,1512.8593039999998,1,1,140.0
0,0,0,2,1,1080.246914,1,1,21.0
1,0,0,1,1,670.1030927999999,1,1,13.0
0,0,0,3,1,1440.067768,1,0,34.0
1,0,1,2,1,1335.002086,1,1,96.0
1,0,1,3,1,1235.350016,1,1,39.0
0,0,0,3,1,1099.8030199999998,1,1,33.5
0,0,0,2,1,1110.083256,1,1,48.0
1,0,0,3,1,1500.068185,1,1,110.0
1,1,0,2,1,1074.185968,0,1,160.0
1,0,0,4,1,2650.020611,1,1,900.0
0,0,1,3,1,1003.142374,1,1,41.5
0,0,0,2,1,890.0756564,1,1,80.0
0,0,0,2,1,850.1838234999999,1,1,18.5
1,0,1,2,1,1109.139308,1,1,150.0
1,1,1,3,1,783.5211146,0,0,91.1
1,0,0,2,1,1155.167031,1,1,37.0
0,0,0,1,1,602.288697,1,1,30.0
0,0,0,4,1,2159.827214,1,1,100.0
1,1,1,2,1,877.6035572000001,0,1,37.5
1,1,0,3,1,3200.0,0,1,460.0
1,0,0,3,1,1290.171241,1,1,55.0
1,1,1,3,1,1600.0,0,1,160.0
1,1,1,1,1,375.5120619,0,1,33.0
1,0,0,4,1,2397.660819,1,1,82.0
0,0,1,3,1,2134.016219,1,1,150.0
1,0,0,3,1,1771.0513600000002,1,1,110.0
1,1,1,3,1,1687.289089,0,1,270.0
1,0,0,1,1,828.0104093,1,1,70.0
0,0,0,2,1,852.0790729,1,1,25.0
1,1,0,2,1,1079.487179,0,1,42.1
0,0,0,2,1,1500.093756,1,1,80.0
1,0,1,3,1,1940.144479,1,1,94.0
1,0,0,3,1,1750.164078,1,1,80.0
1,0,0,4,1,2328.95457,1,1,85.1
1,0,1,3,1,1971.830986,1,1,140.0
1,0,0,2,1,1049.932853,1,1,86.0
0,0,0,4,1,1600.0,1,1,90.0
0,0,0,2,1,1250.0,1,1,43.5
1,0,0,3,1,1226.24157,1,1,60.0
1,0,0,1,1,640.0186187,1,1,110.0
0,0,0,2,1,1350.21097,1,1,48.0
1,0,0,2,1,1100.038825,1,1,85.0
0,0,1,3,1,1838.986514,1,1,90.0
1,0,0,3,1,1091.165083,1,1,31.0
1,0,0,4,1,2360.056051,1,1,320.0
1,0,1,3,1,1303.870436,1,1,380.0
1,0,0,1,1,545.0251317000001,1,1,90.0
1,0,0,2,1,777.1260997,1,1,47.7
1,1,0,3,1,1420.765027,0,1,52.0
0,0,0,2,1,1060.284762,1,1,35.0
0,0,1,2,1,1150.234742,1,1,49.0
1,0,0,3,1,1125.2215,1,1,38.1
0,0,0,2,1,1100.208147,1,1,37.0
1,1,0,2,1,998.4089101,0,1,25.1
1,0,1,3,1,1866.666667,1,0,140.0
1,0,1,2,1,1278.108783,1,1,66.5
1,0,1,3,1,1100.473203,1,1,200.0
1,0,0,2,1,1100.173712,1,1,38.0
1,1,1,2,1,702.049986,0,0,75.0
0,0,0,3,1,1650.165017,1,1,90.0
0,0,0,3,1,1580.044915,1,1,98.5
1,0,1,4,1,2000.0,1,1,160.0
1,0,0,3,1,1340.094169,1,1,74.0
0,0,0,2,1,966.8335419,1,1,30.9
0,0,1,3,1,1099.908341,1,1,36.0
0,0,0,5,1,4900.245011999999,1,1,280.0
0,0,0,2,1,1198.465964,1,1,25.0
1,0,1,3,1,1750.0,1,1,98.0
0,0,1,2,1,1249.099207,1,1,52.0
1,1,0,2,1,940.0826446,0,1,36.4
0,1,1,2,1,633.9814032,0,1,75.0
1,0,0,3,1,1599.845798,1,1,83.0
1,0,1,3,1,1596.027664,1,1,90.0
1,0,0,3,1,1530.054645,1,1,84.0
0,0,0,3,1,1261.061947,1,1,57.0
0,0,0,2,1,1200.0,1,1,33.0
0,0,1,4,1,3590.384015,1,1,230.0
1,0,0,2,1,1100.034376,1,1,96.0
1,0,0,2,1,1149.755677,1,1,40.0
0,0,0,3,1,830.8605341,1,1,28.0
1,0,0,4,1,2268.002268,1,0,120.0
1,0,1,2,1,950.1613482,1,1,53.0
1,0,0,3,1,1621.621622,1,1,39.6
0,0,0,5,1,4000.0,1,1,180.0
1,0,0,2,1,975.1960992,1,1,46.0
0,0,0,2,1,850.4398827,1,1,14.5
0,0,0,1,1,650.0802568,1,1,16.2
1,0,0,3,1,1815.388912,1,1,130.0
1,0,0,3,1,1265.133995,1,1,93.0
1,0,1,2,1,936.0936094,1,1,52.0
0,0,0,4,1,1400.124456,1,1,45.0
1,1,0,3,1,1267.070252,0,1,90.0
1,0,0,3,1,1255.01133,1,1,72.0
1,0,1,2,1,1150.0261369999998,1,1,110.0
0,0,0,2,1,1339.285714,1,1,60.0
0,0,0,2,1,1000.0,1,1,23.0
0,1,0,2,1,1800.411523,0,1,35.0
1,1,1,2,1,656.0897054,0,1,110.0
0,0,0,2,1,1255.02008,1,1,100.0
1,1,1,2,1,729.9104613,0,0,64.4
0,0,0,3,1,1346.084446,1,1,37.3
1,0,0,3,1,1280.049953,1,1,82.0
1,0,1,3,1,1368.925394,1,1,220.0
0,0,1,2,1,699.790063,1,1,20.0
1,1,0,3,1,1356.456044,0,1,79.0
1,1,1,2,1,750.0,0,1,120.0
0,0,1,1,1,450.0926661,1,1,17.0
0,0,0,3,1,1695.378726,1,1,62.0
1,0,0,3,1,1980.495124,1,1,79.2
0,0,0,3,1,1198.003328,1,1,36.0
1,0,0,3,1,1820.833333,1,1,87.4
1,0,1,3,1,1000.0,1,1,37.5
1,1,0,2,1,1125.0,0,1,31.5
0,0,0,2,1,900.0,1,1,45.0
1,0,0,1,1,750.0,1,1,42.0
1,0,0,2,1,1172.332943,1,1,40.0
1,0,0,2,1,770.0,1,1,46.2
0,0,0,2,1,760.2153944,1,1,24.0
0,0,0,2,1,1215.066829,1,1,70.0
1,1,1,2,1,656.3833279,0,0,140.0
1,1,1,1,1,690.0573427999999,0,1,71.0
0,1,0,2,1,1084.990958,0,1,30.0
0,0,0,2,1,1025.029797,1,1,43.0
0,0,0,2,1,1000.0,1,1,38.0
1,0,0,2,1,1140.0175390000002,1,1,78.0
1,1,1,2,1,992.4837718,0,1,58.1
0,0,1,3,1,1265.136454,1,1,70.0
0,0,0,3,1,1014.656144,1,1,27.0
1,1,1,3,1,2250.067367,0,1,83.5
0,1,0,3,1,1485.001485,0,1,50.0
1,0,1,2,1,1045.1117869999998,1,1,79.0
1,0,1,2,1,592.0078934,1,1,24.0
0,0,0,3,1,2125.398512,1,1,100.0
0,0,0,2,1,1010.10101,1,1,70.0
1,0,1,2,1,998.0366492,1,1,30.5
1,1,1,3,1,1842.04467,0,1,160.0
1,0,1,3,1,1545.0558210000002,1,1,310.0
1,0,0,2,1,879.7455505,1,1,130.0
1,0,0,2,1,1142.421935,1,1,120.0
1,1,1,2,1,736.0157017000001,0,1,75.0
1,0,1,2,1,1000.0,1,1,27.0
1,0,1,2,1,1050.119332,1,1,44.0
0,0,0,2,1,1000.0,1,1,45.0
0,0,1,2,1,1050.052503,1,1,30.0
1,1,1,3,1,1948.648649,0,1,72.1
1,0,1,4,1,1526.015812,1,1,830.0
0,0,0,1,1,650.0541712,1,1,24.0
1,0,0,2,1,1018.001241,1,1,82.0
1,0,1,4,1,2000.0,1,1,300.0
1,0,0,1,1,586.0312841,1,1,16.11
0,1,1,3,1,1475.288911,0,1,60.0
1,0,0,3,1,1354.462955,1,1,300.0
1,0,0,3,1,1350.135014,1,1,75.0
1,0,0,2,1,995.51318,1,1,35.5
1,1,0,3,1,859.0011044,0,1,70.0
1,0,1,2,1,1326.10006,1,1,66.0
1,0,0,4,1,2600.404507,1,1,90.0
1,1,1,3,1,1599.680064,0,1,240.0
1,1,1,3,1,1470.0,0,1,44.1
0,0,0,2,1,1300.108342,1,1,60.0
1,1,1,3,1,980.6847738,0,0,230.0
1,1,0,4,1,183398.4375,0,0,9390.0
1,0,0,3,1,1250.0,1,1,60.0
1,1,1,2,1,962.926101,0,1,38.7
0,0,0,2,1,1050.247117,1,1,25.5
1,1,0,2,1,1285.714286,0,1,45.0
1,0,0,2,1,1300.029214,1,1,89.0
0,0,1,2,1,1407.055093,1,1,71.0
0,0,0,1,1,450.0703235,1,1,16.0
0,0,0,2,1,1000.0,1,1,40.0
0,0,0,2,1,860.0095557,1,1,54.0
0,0,0,3,1,1870.207593,1,1,100.0
0,0,0,3,1,1500.484027,1,1,31.0
1,1,1,2,1,1238.254789,0,1,170.0
0,1,1,3,1,1495.2841039999998,0,1,65.0
0,0,0,2,1,900.0321439999999,1,1,28.0
1,0,0,5,1,4399.748586,1,1,350.0
2,0,0,3,1,1358.823529,1,0,46.2
0,0,0,3,1,1435.063382,1,1,60.0
0,0,0,2,1,1128.472222,1,1,26.0
1,0,0,3,1,1310.219714,1,1,65.0
0,0,0,2,1,774.1269568,1,1,45.0
0,0,0,1,1,564.0008813,1,1,25.6
0,0,0,2,1,1099.952176,1,1,69.0
1,1,1,2,1,1171.428571,0,0,41.0
2,1,0,3,1,3253.173013,0,0,48.7
0,0,0,2,1,1010.10101,1,1,60.0
1,0,0,2,1,951.8041014,1,1,110.0
1,0,0,3,1,1595.226498,1,1,65.5
0,0,0,3,1,1625.295508,1,1,55.0
1,1,1,2,1,1101.726037,0,1,150.0
1,0,0,2,1,1149.3152,1,1,120.0
0,0,0,1,1,990.0990099,1,1,36.0
0,1,0,2,1,800.0,0,1,37.0
0,0,0,2,1,850.0991782,1,1,30.0
2,1,1,2,1,787.5691784,0,0,18.5
0,0,0,3,1,2000.0,1,1,150.0
0,0,0,2,1,398.2703687,1,1,35.0
1,0,0,3,1,2000.0,1,1,570.0
1,0,0,10,1,4356.740133,1,1,85.0
1,0,1,3,1,2569.435948,1,1,420.0
0,0,0,2,1,939.9700919,1,1,44.0
0,0,0,2,1,400.0,1,1,28.0
1,1,0,2,1,977.6119403,0,1,26.2
0,1,1,3,1,1589.0477939999998,0,1,130.0
0,0,1,2,1,729.0867228999999,1,1,19.0
2,1,0,2,1,1076.426265,0,0,50.0
1,0,1,2,1,1523.076923,1,0,39.6
0,0,0,2,1,750.1442585,1,1,26.0
0,0,0,3,1,1554.356771,1,1,170.0
1,0,1,2,1,1058.9481119999998,1,1,60.0
1,1,1,1,1,690.0076667999999,0,1,81.0
0,0,0,3,1,1301.571709,1,1,26.5
0,0,0,2,1,1050.0,1,1,18.9
1,0,0,3,1,1475.361464,1,1,100.0
1,1,1,2,1,1165.076822,0,1,160.0
1,0,1,2,1,1315.068493,1,1,120.0
0,0,0,3,1,2516.281824,1,1,85.0
1,0,0,1,1,710.0720996,1,1,65.0
0,0,0,3,1,1625.1354279999998,1,1,60.0
1,1,1,3,1,900.3760394,0,0,170.0
1,0,0,3,1,1800.0765989999998,1,1,47.0
1,1,0,3,1,1762.950909,0,1,130.0
1,0,0,3,1,1685.27491,1,1,80.0
0,0,1,3,1,1680.2016239999998,1,1,60.0
1,0,1,4,1,2824.133504,1,1,220.0
1,0,0,3,1,1308.734506,1,0,45.4
1,0,0,2,1,1049.947503,1,1,70.0
0,0,0,3,1,1710.1399210000002,1,1,99.0
0,1,1,1,1,548.7228004,0,1,11.6
1,0,0,3,1,1600.0,1,1,480.0
1,1,1,3,1,1046.325879,0,1,26.2
1,1,1,4,1,1978.379142,0,0,280.0
0,0,1,2,1,1260.192735,1,1,34.0
1,1,1,1,1,676.3192989,0,1,35.5
0,0,1,2,1,860.0917431,1,1,45.0
0,0,0,2,1,1150.012778,1,1,45.0
1,1,1,3,1,936.329588,0,0,150.0
0,0,0,4,1,2283.105023,1,1,130.0
0,0,0,1,1,740.0555042000001,1,1,24.0
1,0,0,4,1,2650.059626,1,1,1000.0
0,0,0,3,1,1923.076923,1,1,0.25
0,0,0,3,1,1850.127996,1,1,79.5
1,0,0,2,1,447.063605,1,1,22.0
0,0,0,4,1,1834.664364,1,1,85.0
1,0,1,2,1,1285.444234,1,1,34.0
1,0,0,2,1,1270.088129,1,1,98.0
1,0,0,3,1,1184.810127,1,0,23.4
1,0,0,1,1,400.0,1,1,37.0
0,0,0,2,1,950.0,1,1,38.0
1,1,0,3,1,1100.412655,0,1,24.0
1,1,1,2,1,1335.470085,0,1,150.0
1,0,0,3,1,1540.832049,1,1,130.0
1,0,0,2,1,1093.026019,1,1,92.0
0,0,0,2,1,1100.196464,1,1,28.0
0,0,0,3,1,1892.983342,1,1,150.0
1,0,0,3,1,1779.99288,1,1,150.0
1,0,0,4,1,2648.104714,1,1,350.0
0,0,1,2,1,819.6721311000001,1,1,17.0
0,0,0,2,1,918.972332,1,1,46.5
0,0,1,3,1,1251.172975,1,1,40.0
1,1,0,3,1,1733.3333329999998,0,1,62.4
0,0,0,2,1,650.0101563999999,1,1,32.0
0,0,0,2,1,1031.873424,1,1,45.0
0,0,0,3,1,1230.116649,1,1,58.0
1,0,1,3,1,1650.165017,1,1,140.0
0,0,0,2,1,1006.19195,1,1,39.0
1,0,1,2,1,1009.369676,1,1,71.1
1,0,0,2,1,1302.985075,1,1,87.3
0,0,0,1,1,677.0480704,1,1,30.0
1,0,1,2,1,950.0713267,1,1,33.3
1,0,0,3,1,1805.054152,1,1,140.0
0,0,0,2,1,1054.151625,1,1,73.0
1,0,1,1,1,415.5555556000001,1,1,18.7
0,0,0,2,1,1019.81352,1,1,35.0
0,0,0,3,1,1340.155945,1,1,110.0
1,0,0,3,1,1802.265705,1,1,70.0
1,0,0,2,1,1275.11592,1,1,33.0
1,0,1,3,1,1585.014409,1,1,55.0
1,0,0,1,1,500.0,1,1,20.0
1,1,1,2,1,596.1607249,0,1,150.0
1,0,0,2,1,1400.084854,1,1,99.0
1,0,0,2,1,1275.130305,1,1,68.5
1,1,0,4,1,3000.042858,0,1,700.0
1,0,0,1,1,650.0221597999999,1,1,88.0
0,0,0,2,1,1039.054102,1,1,87.0
0,0,1,3,1,1393.229167,1,1,53.5
1,1,1,3,1,2142.857143,0,1,120.0
1,0,0,2,1,1008.215086,1,1,27.0
1,1,1,2,1,568.6739113,0,0,69.6
1,1,1,2,1,1134.90202,0,1,150.0
1,1,0,3,1,1755.900979,0,1,91.5
0,0,0,3,1,850.0,1,1,51.0
1,0,0,3,1,920.1623816,1,1,34.0
0,0,0,3,1,1855.28757,1,1,110.0
1,0,0,3,1,1602.01396,1,1,140.0
0,0,1,3,1,1700.294718,1,1,75.0
0,0,0,3,1,1199.760048,1,1,40.0
1,0,0,3,1,1600.0,1,1,170.0
1,0,1,2,1,828.4833961,1,1,24.2
2,0,0,2,1,609.7326409,1,0,31.7
1,0,0,3,1,1838.461538,1,1,95.6
0,0,0,2,1,860.1177002999999,1,1,19.0
1,0,0,2,1,1250.0,1,1,45.0
1,0,0,1,1,621.1180124,1,1,16.0
0,0,0,3,1,1800.180018,1,1,80.0
0,0,0,1,1,550.0550055,1,1,20.0
1,0,0,3,1,1350.21097,1,1,32.0
1,0,0,2,1,1148.148148,1,1,31.0
1,0,0,2,1,861.8832148,1,1,160.0
1,0,0,3,1,1476.968522,1,1,160.0
0,0,0,2,1,1150.159744,1,1,36.0
0,0,0,2,1,780.0312012,1,1,35.0
0,0,0,2,1,1050.328228,1,1,24.0
1,1,0,2,1,940.2283412,0,1,28.0
1,0,1,3,1,1472.75405,1,1,80.0
0,0,0,3,1,1892.147588,1,1,100.0
0,0,0,2,1,900.0195656,1,1,46.0
0,0,0,2,1,1500.0,1,1,45.0
1,0,0,3,1,3000.096777,1,1,310.0
0,0,0,3,1,1426.242869,1,1,70.0
1,1,0,1,1,495.049505,0,1,13.0
1,1,1,2,1,997.7777778,0,1,44.9
1,0,1,1,1,750.0551511,1,1,34.0
1,0,1,3,1,1700.0,1,1,76.5
0,0,0,2,1,625.0,1,1,17.0
1,0,1,2,1,954.8982117,1,1,84.9
0,0,1,2,1,806.0033352,1,1,29.0
1,0,1,1,1,680.0368834,1,1,59.0
1,1,1,1,0,449.982693,0,1,65.0
0,0,0,2,1,1060.052219,1,1,60.9
1,0,0,2,1,960.3841537,1,1,24.0
1,0,0,2,1,970.6167828,1,1,110.0
1,0,1,2,1,1662.817552,1,1,180.0
1,0,1,1,1,426.0218768,1,1,74.0
1,0,0,2,1,1200.048002,1,1,100.0
1,0,1,3,1,1584.576786,1,0,120.0
0,0,0,1,1,375.0721293,1,1,13.0
0,0,0,1,1,742.0091324,1,1,26.0
1,0,0,3,1,1379.87013,1,1,34.0
1,0,0,3,1,1365.054602,1,1,70.0
0,0,0,3,1,1418.084751,1,1,85.0
1,1,0,1,1,613.3428981000001,0,1,17.1
0,0,1,2,1,1199.040767,1,1,65.0
0,0,0,2,1,581.1250581,1,1,25.0
1,0,1,2,1,96884.28933,1,0,8800.0
1,0,0,2,1,1387.326584,1,1,37.0
0,1,0,1,1,374.9395259,0,1,15.5
0,0,0,2,1,885.2168780999999,1,1,30.0
2,0,1,2,1,1280.0,1,0,35.2
1,0,1,4,1,2623.051998,1,1,170.0
0,0,0,2,1,1100.016923,1,1,65.0
0,0,0,2,1,1600.0,1,1,32.0
1,0,1,2,1,992.9964982,1,0,39.7
0,1,0,2,1,1200.0,0,1,36.0
1,0,0,3,1,1790.140457,1,1,130.0
1,0,0,3,1,2305.460301,1,1,87.4
0,0,0,2,1,1050.262566,1,1,28.0
1,0,0,2,1,868.9715100999999,1,1,140.0
0,0,0,2,1,981.0333551,1,1,45.0
0,0,0,3,1,1349.831271,1,1,24.0
1,0,1,3,1,1663.405088,1,1,68.0
0,0,0,2,1,786.0262008999999,1,1,45.0
0,0,1,3,1,1595.12761,1,1,55.0
0,0,0,2,1,1600.0,1,1,40.0
0,0,0,3,1,1500.141523,1,1,53.0
1,0,1,4,1,2950.474183,1,1,84.0
0,0,0,1,1,675.0732391,1,1,53.0
0,0,0,2,1,1116.1387630000002,1,1,37.0
1,0,0,2,1,989.0498057,1,1,28.0
0,0,1,3,1,1324.828263,1,1,54.0
1,1,1,3,1,1400.0,0,1,67.2
1,0,0,3,1,1600.0,1,1,220.0
1,0,0,3,1,1632.942847,1,1,230.0
1,1,1,2,1,930.0,0,1,27.9
0,0,1,3,1,1154.92493,1,1,70.0
0,0,0,4,1,1850.481125,1,1,50.0
1,0,1,3,1,1000.0,1,1,100.0
0,0,0,1,1,850.4398827,1,1,14.5
1,0,1,3,1,2175.883953,1,1,120.0
0,0,0,3,1,1750.087504,1,1,100.0
1,0,1,1,1,752.3322299,1,1,100.0
0,0,0,2,1,1175.1538890000002,1,1,42.0
1,0,1,2,1,1246.105919,1,1,68.0
1,0,0,3,1,1100.0,1,1,55.0
0,0,1,2,1,700.1166861,1,1,12.0
1,0,0,2,1,1350.048216,1,1,70.0
1,0,0,2,1,890.0582176,1,1,39.75
1,0,0,2,1,1150.0,1,1,92.0
0,0,0,2,1,875.0437522,1,1,25.0
0,0,0,2,1,1200.0,1,1,48.0
0,1,0,3,1,1305.220884,0,1,39.0
0,0,0,3,1,1799.924214,1,1,95.0
1,1,1,2,1,436.4225818,0,0,140.0
1,0,0,3,1,1621.508962,1,1,38.9
1,0,0,3,1,2000.0,1,1,130.0
1,0,0,3,1,2032.442748,1,1,63.9
1,0,0,3,1,1578.482132,1,1,250.0
1,0,0,4,1,1916.042501,1,1,110.0
0,0,0,2,1,1271.294177,1,1,50.0
1,1,0,3,1,110497.2376,0,0,9600.0
1,0,1,3,1,1345.89502,1,1,100.0
1,0,0,2,1,1090.092979,1,1,34.0
0,0,0,2,1,1044.008995,1,1,65.0
0,0,1,2,1,859.9508599999999,1,1,56.0
1,0,0,3,1,1381.2949640000002,1,1,240.0
1,0,1,1,1,630.0114547999999,1,1,33.0
1,0,0,3,1,1802.096986,1,1,110.0
1,1,0,2,1,1150.0,0,1,46.0
1,1,0,3,1,1350.0,0,1,27.0
0,0,0,3,1,2032.895953,1,1,110.0
1,0,1,5,1,5499.901787,1,1,1400.0
1,0,1,4,1,1448.951049,1,1,51.8
0,0,0,3,1,1500.441306,1,1,34.0
1,1,0,2,1,550.9924709,0,1,80.5
1,0,1,3,1,1648.398882,1,1,76.7
1,0,0,2,1,1000.0,1,1,33.0
1,0,0,2,1,622.6878136,1,1,170.0
1,0,0,2,1,1227.147508,1,1,98.0
1,0,1,4,1,3299.75686,1,1,380.0
1,0,0,3,1,1562.237527,1,1,93.0
1,0,1,2,1,769.3333332999999,1,0,57.7
1,0,0,3,1,1242.009132,1,1,68.0
1,0,1,1,1,658.9595376,1,1,28.5
1,0,1,1,1,718.0156658,1,1,22.0
0,0,0,3,1,1600.0,1,1,100.0
1,0,0,3,1,1532.175689,1,1,75.0
1,0,0,2,1,1358.234295,1,1,40.0
0,0,0,2,1,850.2024291000001,1,1,21.0
0,0,0,2,1,800.0,1,1,50.0
0,0,0,3,1,1300.284437,1,1,32.0
0,0,0,3,1,1300.052002,1,1,75.0
0,0,0,2,1,875.1306164999999,1,1,33.5
1,0,0,2,1,1177.730193,1,1,110.0
0,1,1,2,1,970.0366458,0,1,45.0
1,0,0,2,1,1050.126015,1,1,75.0
1,0,0,3,1,1217.647059,1,1,41.4
1,0,0,3,1,1400.273224,1,1,41.0
0,0,0,4,1,2100.375857,1,1,95.0
0,0,0,2,1,923.254472,1,1,32.0
0,0,0,3,1,1320.035201,1,1,45.0
0,0,0,2,1,1100.110011,1,1,60.0
0,1,0,2,1,950.0351865,0,1,40.5
1,1,1,2,1,605.0029087,0,1,260.0
1,1,1,3,1,2476.662221,0,1,130.0
1,0,0,1,1,600.0558191,1,1,21.5
1,0,0,4,1,1848.008416,1,1,650.0
1,1,0,2,1,1000.0,0,1,93.5
0,0,0,1,1,658.0259222,1,1,33.0
1,0,1,3,1,1583.189407,1,1,110.0
1,0,1,3,1,998.0153105,1,1,35.2
0,0,0,2,1,1600.0,1,1,50.0
0,0,0,2,1,1200.14771,1,1,65.0
0,0,0,3,1,1253.333333,1,1,47.0
1,0,0,3,1,1732.178548,1,1,130.0
0,0,0,3,1,1195.163105,1,1,42.5
1,0,0,2,1,1300.079597,1,1,49.0
1,0,0,1,1,650.0426257,1,1,61.0
1,0,0,3,1,1577.513265,1,1,110.0
0,0,0,2,1,899.8875141000001,1,1,48.0
1,1,1,4,1,2181.818182,0,1,120.0
0,0,0,2,1,688.1365262999999,1,1,25.0
1,0,0,3,1,1750.448833,1,1,58.5
0,0,1,2,1,940.1441554,1,1,60.0
1,0,0,3,1,1940.939969,1,1,140.0
1,0,0,2,1,961.0344225,1,1,55.0
1,0,1,1,1,596.0056613,1,1,37.9
0,0,0,3,1,1299.435028,1,1,23.0
0,0,0,2,1,771.1677682999999,1,1,24.5
0,0,0,1,1,430.1075268999999,1,1,7.6
1,0,0,1,1,618.9178668999999,1,1,15.9
0,0,0,2,1,870.0696055999999,1,1,45.0
0,0,0,1,1,780.0312012,1,1,30.0
1,0,0,3,1,1842.299189,1,1,50.0
1,0,0,1,1,549.0734386,1,0,40.0
1,0,0,1,1,353.20539,1,1,17.3
1,0,1,4,1,3516.1217920000004,1,1,470.0
1,0,0,2,1,1180.106772,1,1,42.0
1,0,1,2,1,1473.11564,1,1,120.0
1,1,0,1,1,625.0,0,1,37.5
1,1,1,1,1,389.5585889,0,0,87.9
0,0,0,1,1,578.6666667000001,1,1,21.7
0,0,0,2,1,750.0,1,1,22.5
1,1,1,2,1,1150.718352,0,0,84.9
1,0,0,1,1,545.0,1,1,54.5
1,0,0,2,1,1165.14691,1,1,92.0
1,0,0,2,1,1287.166946,1,1,100.0
0,0,0,3,1,1300.052002,1,1,50.0
0,0,0,2,1,1199.887069,1,1,85.0
1,1,1,1,1,761.0350076000001,0,1,90.0
1,1,0,4,1,2266.666667,0,0,170.0
0,0,0,3,1,1660.133733,1,1,72.0
1,0,0,3,1,1246.035342,1,1,55.0
1,0,1,3,1,1184.895833,1,1,91.0
0,0,0,2,1,1100.173712,1,1,57.0
1,0,0,3,1,1300.309598,1,1,42.0
1,1,1,4,1,3157.894737,0,0,150.0
1,1,1,3,1,780.0398318,0,0,70.5
0,0,0,2,1,630.1050175,1,1,27.0
0,1,1,3,1,1685.2039100000002,0,1,50.0
1,0,0,4,1,4000.0,1,0,360.0
1,0,0,3,1,1644.853201,1,1,93.0
1,0,1,1,1,900.0195656,1,1,92.0
1,0,0,3,1,1599.317624,1,1,150.0
1,0,0,4,1,2571.094663,1,1,330.0
1,1,1,4,1,2820.121951,0,1,370.0
1,0,0,3,1,1800.08471,1,1,85.0
0,0,0,2,1,803.083842,1,1,25.0
1,0,0,2,1,970.0063816,1,1,76.0
1,0,0,3,1,2030.685921,1,1,67.5
1,0,0,1,1,540.0284224999999,1,1,57.0
0,0,0,3,1,1250.0,1,1,72.0
1,1,1,2,1,1013.638039,0,1,27.5
1,0,0,3,1,1519.448947,1,1,150.0
0,0,0,2,1,1485.385721,1,1,31.0
0,0,0,3,1,1820.250284,1,1,80.0
1,1,1,2,1,1286.363636,0,0,56.6
1,0,1,2,1,489.5416110000001,1,0,110.0
1,0,1,3,1,1055.114201,1,1,85.0
1,0,1,1,1,633.3456484000001,1,1,120.0
0,0,0,1,1,800.0,1,1,22.0
1,0,0,3,1,2100.0,1,1,210.0
0,0,1,3,1,1654.081266,1,1,230.0
1,0,1,3,1,847.0132699,1,1,210.0
1,0,1,2,1,1070.009172,1,1,70.0
0,0,0,2,1,753.1106745,1,1,23.0
0,0,1,2,1,840.1155159,1,1,32.0
1,0,1,2,1,1334.546557,1,1,220.0
0,0,1,3,1,1565.217391,1,1,36.0
1,0,1,3,1,1718.8037129999998,1,1,150.0
0,0,0,2,1,1120.162933,1,1,55.0
1,0,0,1,1,400.0,1,1,80.0
0,0,0,2,1,891.0670527999999,1,1,40.0
1,0,1,3,1,1294.8659699999998,1,1,57.0
1,1,1,2,1,786.9249394999999,0,0,130.0
0,0,0,1,1,699.6770721,1,1,13.0
0,0,0,2,1,1330.108827,1,1,55.0
1,0,0,2,1,860.0301011,1,1,160.0
0,0,0,2,1,1045.036079,1,1,42.0
1,1,0,2,1,475.0015224,0,1,78.0
0,0,0,2,1,860.0237248,1,1,29.0
0,1,0,3,1,2061.85567,0,1,140.0
1,0,0,6,1,9959.839357,1,1,24.8
1,0,1,3,1,921.0301893,1,1,270.0
0,0,0,3,1,1404.001404,1,1,40.0
0,0,0,2,1,1000.0,1,1,36.0
1,0,0,3,1,1349.941707,1,1,220.0
0,0,0,1,1,550.0550055,1,1,30.0
1,0,1,2,1,474.0313273,1,1,23.0
1,1,1,3,1,1450.230719,0,1,88.0
1,0,0,1,1,750.0,1,1,57.0
1,0,0,3,1,1540.963959,1,1,180.0
1,0,0,3,1,1468.571429,1,0,51.4
0,0,0,2,1,835.2315869,1,1,22.0
0,0,0,2,1,668.1514477000001,1,1,18.0
0,0,1,3,1,1588.772673,1,1,120.0
1,0,1,2,1,680.0,1,1,13.6
1,0,1,3,1,1771.927604,1,1,140.0
1,0,1,2,1,1065.189604,1,1,100.0
1,0,0,2,1,1030.065023,1,1,160.0
1,0,0,3,1,1764.1351329999998,1,1,200.0
1,0,0,3,1,1589.0477939999998,1,1,130.0
0,0,0,3,1,1478.798853,1,1,98.0
0,0,0,3,1,1800.180018,1,1,120.0
0,0,0,2,1,1050.144395,1,1,40.0
1,0,0,3,1,1498.963483,1,1,94.0
1,0,0,3,1,2810.883742,1,1,250.0
1,0,1,2,1,834.8987685,1,1,40.0
1,0,0,2,1,1087.130296,1,1,68.0
1,0,0,3,1,2057.613169,1,1,110.0
1,1,0,1,1,450.0191498,0,1,47.0
0,0,0,2,1,1250.0,1,1,60.0
0,0,0,1,1,628.0014777000001,1,1,51.0
0,1,0,1,1,1100.029334,0,1,300.0
1,0,1,3,1,2631.578947,1,0,600.0
1,0,0,3,1,1846.153846,1,0,120.0
0,0,0,2,1,950.1187648,1,1,16.0
0,0,0,3,1,1500.170474,1,1,44.0
0,0,1,3,1,1554.280249,1,1,65.0
0,0,1,3,1,1434.820647,1,1,82.0
0,0,0,1,1,675.2194463,1,1,20.0
1,1,0,3,1,1049.93598,0,1,41.0
1,1,1,3,1,1764.83565,0,1,160.0
1,0,1,4,1,2053.928797,1,1,97.5
1,1,0,3,1,1860.166774,0,1,87.0
1,0,0,2,1,1170.079398,1,1,84.0
0,0,0,2,1,699.9533364,1,1,15.0
1,0,0,2,1,1216.012085,1,1,80.5
1,0,1,2,1,1350.024546,1,1,55.0
0,0,0,3,1,1048.149361,1,1,32.0
1,0,1,2,1,1045.068583,1,1,32.0
0,0,0,3,1,1422.699968,1,1,45.0
1,0,1,2,1,1123.126785,1,1,350.0
1,0,1,3,1,1808.439384,1,1,54.0
0,0,0,2,1,1312.139962,1,1,61.5
0,0,0,2,1,1034.928849,1,1,40.0
1,0,0,2,1,1210.067764,1,1,75.0
0,0,0,3,1,2400.548697,1,1,70.0
0,0,0,2,1,1099.958752,1,1,80.0
0,0,0,3,1,1635.896237,1,1,70.0
0,1,0,1,1,609.9627245,0,1,18.0
0,0,0,2,1,1035.196687,1,1,25.0
1,0,0,1,0,360.0230415,1,1,50.0
2,1,1,2,1,962.7727856,0,0,90.0
1,0,0,2,1,1040.149782,1,1,50.0
1,0,0,2,1,1400.560224,1,1,30.0
1,0,0,3,1,1660.064139,1,1,88.0
1,1,0,3,1,790.0185246,0,1,290.0
1,0,0,1,1,595.0516755,1,1,57.0
1,0,0,3,1,1610.095735,1,1,74.0
1,0,0,3,1,1800.180018,1,1,100.0
2,0,0,3,1,1127.16763,1,0,39.0
1,0,0,3,1,2036.040253,1,1,87.0
1,0,0,2,1,900.3601441,1,1,15.0
2,1,1,2,1,726.8920132000001,0,0,48.6
1,0,0,1,1,670.0583199,1,1,54.0
1,0,0,2,1,708.5714286,1,1,24.8
0,0,0,2,1,600.0,1,1,15.0
2,0,1,3,1,1484.7809949999998,1,0,60.0
0,0,0,2,1,1100.016923,1,1,65.0
2,1,1,4,1,1328.168235,0,0,120.0
0,0,0,1,1,550.0550055,1,1,15.0
0,0,0,2,1,600.1091107000001,1,1,22.0
1,1,1,3,1,1459.854015,0,0,100.0
1,0,0,4,1,2155.0131760000004,1,1,1750.0
1,0,1,1,1,698.5507246000001,1,1,24.1
0,0,0,3,1,2146.8441390000003,1,1,100.0
2,0,1,3,1,1500.187523,1,0,120.0
0,1,0,3,1,1350.6212859999998,0,1,25.0
0,0,0,4,1,2350.42735,1,1,110.0
1,0,0,3,1,1515.151515,1,1,150.0
0,0,0,2,1,1060.240964,1,1,22.0
0,0,0,3,1,1549.732319,1,1,55.0
1,0,0,2,1,1200.20429,1,1,47.0
0,0,0,2,1,1380.0,1,1,69.0
0,0,0,2,1,1250.0,1,1,60.0
0,0,0,4,1,2531.378547,1,1,240.0
1,1,1,2,1,890.6702293,0,1,120.0
0,0,0,1,1,634.0400238,1,1,32.0
1,0,1,3,1,1887.096774,1,1,58.5
0,0,0,2,1,685.1400731000001,1,1,22.5
1,0,0,3,1,1400.203666,1,1,55.0
1,0,0,2,1,928.8884302,1,1,180.0
0,0,0,4,1,1699.159363,1,1,95.0
1,0,1,2,1,1049.868766,1,1,80.0
1,1,0,3,1,1200.0,0,1,23.7
1,0,1,2,1,950.1187648,1,1,36.0
0,1,1,3,1,1275.214468,0,1,55.0
0,0,0,1,1,600.1263424,1,1,19.0
1,0,0,3,1,1715.204574,1,1,96.0
1,0,1,1,1,453.7863937,1,0,62.5
1,0,0,3,1,2828.2828280000003,1,0,280.0
1,0,0,3,1,16011.64483,1,1,110.0
1,0,0,3,1,1600.0,1,1,60.0
0,0,0,2,1,1366.999035,1,1,85.0
1,0,0,2,1,1184.834123,1,1,45.0
1,0,1,3,1,1514.692517,1,1,300.0
0,0,0,1,1,1299.897646,1,1,38.1
1,0,1,2,1,927.5862069,1,0,26.9
0,0,0,3,1,1210.025929,1,1,70.0
1,0,0,5,1,1720.035547,1,1,600.0
0,0,0,2,1,1047.955348,1,1,92.0
0,0,0,2,1,632.0363421,1,1,32.0
1,0,0,5,1,4888.888889,1,1,220.0
1,0,1,4,1,2664.446295,1,1,160.0
1,0,1,3,1,1308.433448,1,1,110.0
1,0,0,4,1,2400.024,1,1,800.0
0,0,0,1,1,445.026178,1,1,17.0
1,0,1,2,1,1163.636364,1,1,160.0
0,0,0,3,1,839.6576779999999,1,1,52.0
0,0,1,2,1,1090.059694,1,1,42.0
1,0,1,4,1,1967.720539,1,1,89.0
1,1,1,3,1,1060.006092,0,1,69.6
1,1,0,2,1,530.0353357,0,1,60.0
1,1,0,3,1,1425.0,0,1,68.4
0,0,1,3,1,1400.147384,1,1,57.0
1,0,0,2,1,1060.375108,1,1,160.0
1,0,0,2,1,1214.083367,1,1,120.0
1,0,0,2,1,1050.336901,1,1,26.5
1,0,0,2,1,767.0952659,1,1,210.0
1,0,0,2,1,1020.082882,1,1,32.0
1,1,1,3,1,1344.164572,0,1,230.0
0,0,0,3,1,1475.548061,1,1,35.0
0,0,0,2,1,1396.032329,1,1,19.0
0,0,0,1,1,570.0504275000001,1,1,52.0
1,1,1,2,1,1128.9070769999998,0,1,160.0
0,0,0,3,1,1525.105584,1,1,65.0
0,0,0,2,1,799.7630332,1,1,27.0
1,0,0,2,1,1099.8439939999998,1,1,28.2
0,0,0,3,1,2070.063694,1,1,130.0
1,0,0,2,1,935.0518069,1,1,37.0
1,0,1,4,1,4268.529298,1,1,220.0
1,0,1,3,1,1574.80315,1,1,66.0
0,0,0,2,1,540.0795907,1,1,19.0
0,1,0,1,1,680.0664954,0,1,45.0
1,1,0,2,1,1001.045869,0,1,67.0
0,0,1,3,1,1450.276243,1,1,63.0
1,0,0,3,1,1565.344012,1,1,43.0
1,0,0,2,1,1139.13751,1,1,84.0
1,0,0,3,1,1280.150923,1,1,95.0
1,1,1,2,1,918.0488402,0,1,150.0
1,0,0,2,1,1144.9942460000002,1,1,19.9
1,1,1,2,1,543.1619787000001,0,0,140.0
1,0,0,4,1,3390.522876,1,1,83.0
1,0,0,3,1,2604.166667,1,1,300.0
1,0,1,2,1,1250.052086,1,1,300.0
1,0,0,2,1,975.0243756,1,1,130.0
0,0,0,2,1,600.0,1,1,42.0
1,1,0,2,1,1145.0,0,1,45.8
0,0,0,3,1,1295.0558210000002,1,1,40.6
0,0,1,3,1,1500.115393,1,1,65.0
1,0,1,1,1,710.6666667000001,1,1,53.3
1,0,0,2,1,1386.666667,1,1,520.0
1,0,0,4,1,2318.691228,1,1,180.0
1,1,1,2,1,521.0252092000001,0,0,99.0
1,0,1,2,1,1207.146306,1,1,25.0
1,0,0,3,1,1515.610791,1,1,100.0
1,1,0,2,1,990.0990099,0,1,90.0
0,0,0,2,1,874.0635034,1,1,49.0
1,0,1,1,1,43773.45006,1,0,9800.0
0,0,0,2,1,550.0982318,1,1,14.0
0,0,0,2,1,1100.110011,1,1,50.0
1,0,0,3,1,1460.047783,1,1,55.0
1,0,0,3,1,1686.0698510000002,1,1,210.0
1,0,0,2,1,1200.0,1,1,48.0
0,0,0,1,1,665.1884701,1,1,18.0
1,0,0,3,1,1720.324404,1,1,70.0
0,0,0,3,1,1203.035351,1,1,65.0
1,0,1,3,1,1554.290718,1,1,71.0
1,0,1,3,1,1814.058957,1,1,120.0
1,0,0,3,1,1470.037183,1,1,510.0
1,0,1,3,1,998.8139085,1,1,160.0
1,0,0,3,1,1149.954002,1,1,25.0
1,0,1,2,1,896.3668851,1,1,60.2
1,0,0,3,1,3403.014098,1,1,140.0
0,0,0,3,1,1382.222222,1,1,62.2
0,0,0,2,1,6250.0,1,1,25.0
1,0,1,3,1,2000.0,1,1,250.0
0,0,0,3,1,1050.126015,1,1,75.0
1,0,0,3,1,1624.928856,1,1,57.1
0,0,0,3,1,1385.189132,1,1,78.0
1,0,0,4,1,2200.0,1,1,110.0
1,0,1,3,1,1570.860927,1,1,59.3
1,0,0,3,1,1583.14978,1,1,230.0
1,0,0,3,1,1862.630966,1,1,160.0
1,0,0,3,1,1100.28293,1,1,35.0
1,0,0,2,1,1000.0,1,1,95.0
1,0,0,2,1,1025.056948,1,1,99.0
0,0,0,2,1,885.0762527,1,1,65.0
1,0,1,3,1,1800.2165670000002,1,1,66.5
1,1,1,3,1,1408.659549,0,1,47.5
1,0,1,2,1,1378.217083,1,1,73.9
1,1,1,2,1,576.7012687000001,0,0,130.0
0,0,0,2,1,1233.262861,1,1,35.0
1,0,0,3,1,2260.170768,1,1,180.0
0,0,0,3,1,1300.052002,1,1,50.0
0,0,0,2,1,1179.987413,1,1,75.0
0,0,0,2,1,1074.947746,1,1,36.0
1,1,0,2,1,1124.444444,0,1,50.6
0,0,0,2,1,1150.146382,1,1,55.0
0,0,0,2,1,1420.247633,1,1,78.0
0,0,0,3,1,1600.170685,1,1,75.0
1,0,0,2,1,857.8947367999999,1,1,32.6
0,0,0,2,1,1105.114366,1,1,86.0
1,0,1,2,1,1214.83376,1,1,38.0
0,0,1,3,1,1210.025929,1,1,42.0
1,0,0,3,1,2500.0,1,1,2050.0
0,0,1,3,1,1680.2263879999998,1,1,47.5
0,0,0,1,1,695.0236308,1,1,25.0
1,0,0,2,1,820.3883495,1,1,16.9
1,0,0,3,1,1998.750781,1,1,160.0
0,0,1,3,1,1516.0703460000002,1,1,75.0
1,0,0,1,1,530.0760544,1,1,23.0
1,0,0,3,1,1560.162428,1,1,73.0
1,1,1,2,1,1115.1379980000002,0,1,80.0
1,0,1,3,1,1314.724919,1,1,130.0
0,1,0,2,1,1050.052503,0,1,60.0
1,1,0,3,1,1180.0,0,1,41.3
1,0,0,2,1,1349.983125,1,1,80.0
1,0,1,1,1,656.0259705,1,1,48.5
1,1,1,3,1,1921.087631,0,1,130.0
0,0,0,2,1,710.4515313999999,1,1,45.0
1,1,1,3,1,1354.264292,0,1,57.8
1,0,1,2,1,895.140665,1,1,35.0
0,0,0,3,1,1665.07177,1,1,87.0
1,0,0,3,1,1648.057168,1,1,36.9
1,0,0,3,1,1300.014445,1,1,90.0
0,0,0,2,1,1114.781173,1,1,40.5
1,0,1,2,1,920.0161002999998,1,1,160.0
1,0,0,2,1,905.0772627,1,1,41.0
1,0,0,3,1,2300.0591440000003,1,1,350.0
0,0,1,3,1,1749.781277,1,1,100.0
1,1,1,3,1,1677.635824,0,1,130.0
0,0,0,3,1,1633.938496,1,1,44.1
1,0,1,4,1,2800.0,1,1,980.0
1,0,0,2,1,1265.270506,1,1,58.0
0,1,1,3,1,1350.131628,0,1,35.9
0,0,1,3,1,1600.0,1,1,38.0
1,0,1,1,1,925.1290878,1,1,43.0
0,0,0,3,1,1309.037901,1,1,44.9
1,0,0,2,1,1310.113437,1,1,82.0
1,0,0,3,1,1458.019105,1,1,58.0
1,0,0,3,1,1410.039481,1,1,75.0
1,0,1,1,1,590.0202293,1,1,35.0
1,0,0,1,1,650.0893873,1,1,40.0
0,0,0,3,1,1125.175809,1,1,32.0
0,0,0,2,1,1008.0,1,1,31.5
1,0,0,1,1,400.0,1,1,14.0
1,0,1,3,1,1349.527665,1,1,40.0
0,0,0,2,1,763.0939993,1,1,22.0
1,0,0,2,1,833.3333332999999,1,1,120.0
1,0,1,2,1,1474.926254,1,1,230.0
1,0,1,2,1,1050.213325,1,1,32.0
0,0,0,2,1,1015.089163,1,1,37.0
1,1,1,3,1,935.2517986,0,0,130.0
1,1,1,3,1,1020.000887,0,1,230.0
0,0,0,3,1,1649.746193,1,1,39.0
0,0,0,4,1,2535.083748,1,1,56.0
1,0,0,2,1,1115.030151,1,1,98.0
0,0,1,1,1,520.0594354,1,1,14.0
1,1,0,2,1,687.732342,0,1,14.8
1,1,1,3,1,888.3063929,0,0,61.0
0,0,0,2,1,580.0214823,1,1,27.0
1,1,0,2,1,830.0,0,1,24.9
1,0,1,2,1,671.9314682999999,1,1,50.2
1,0,0,3,1,1575.274177,1,1,79.0
1,0,1,3,1,2758.62069,1,1,72.0
0,0,0,1,1,600.0521785,1,1,46.0
0,0,0,4,1,4000.800961,1,1,99.9
1,0,0,2,1,1069.900143,1,1,90.0
0,0,0,2,1,1000.0,1,1,27.0
2,0,0,3,1,1688.372093,1,0,36.3
0,0,1,3,1,1729.206294,1,1,100.0
0,0,0,4,1,2500.0,1,1,88.0
0,0,0,1,1,700.0,1,1,21.0
1,1,1,2,1,1286.363636,0,1,56.6
1,0,0,1,1,449.9217527,1,1,23.0
0,0,0,2,1,1073.049938,1,1,52.0
1,0,1,3,1,2380.952381,1,1,160.0
1,1,1,3,1,899.405009,0,1,130.0
1,1,1,1,1,687.0019236,0,1,75.0
0,1,0,3,1,1625.0,0,1,65.0
0,0,0,3,1,1208.146358,1,1,70.0
1,1,0,2,1,1392.212312,0,1,64.0
0,0,0,3,1,1750.036459,1,1,120.0
0,0,0,1,1,500.0,1,1,18.0
1,0,1,2,1,1040.247678,1,1,33.6
1,0,0,3,1,1739.1304350000005,1,1,160.0
1,0,0,2,1,850.0232883,1,1,36.5
1,1,0,1,1,312.1998079,0,1,13.0
1,0,0,2,1,1339.0535619999998,1,1,51.5
0,1,0,3,1,1360.852801,0,1,60.0
1,0,0,2,1,1371.129256,1,1,89.0
1,0,0,2,1,698.9457242999999,1,1,17.9
0,0,0,3,1,1431.127013,1,1,56.0
1,0,0,2,1,1250.0,1,1,32.0
1,0,0,4,1,3562.225254,1,1,470.0
1,0,0,3,1,1574.744198,1,1,63.1
1,0,0,3,1,1504.890895,1,1,100.0
1,1,0,1,1,645.0177936000001,0,1,29.0
1,0,0,2,1,1104.815864,1,1,39.0
0,0,0,3,1,1500.272777,1,1,55.0
0,0,0,3,1,1749.6912309999998,1,1,85.0
1,1,1,1,1,720.0,0,1,63.0
1,0,1,2,1,1260.141988,1,1,49.7
0,1,0,2,1,927.0704574,0,1,30.0
1,0,0,4,1,2312.435766,1,1,180.0
1,0,1,2,1,949.989314,1,1,88.9
0,0,0,2,1,1200.082764,1,1,58.0
1,0,1,4,1,2345.03244,1,1,300.0
1,0,0,1,1,800.0,1,1,87.0
0,0,0,2,1,720.0164575,1,1,70.0
1,0,0,3,1,1140.024783,1,1,46.0
1,0,1,3,1,2147.377939,1,1,95.0
0,0,0,2,1,1299.435028,1,1,23.0
1,1,1,3,1,1391.69864,0,0,39.9
1,1,0,3,1,1035.077631,0,1,90.0
1,0,0,3,1,1138.009518,1,1,55.0
1,0,0,2,1,1175.982291,1,1,85.0
0,0,1,2,1,1199.791341,1,1,23.0
1,0,1,3,1,2080.237741,1,1,140.0
0,0,0,2,1,1054.09154,1,1,38.0
0,0,0,3,1,1725.219573,1,1,55.0
1,0,1,2,1,1330.229465,1,1,40.0
1,1,0,2,1,1000.0,0,1,46.0
1,0,0,2,1,1335.137573,1,1,29.6
1,0,1,3,1,4144.086707,1,1,130.0
1,0,0,3,1,1650.528169,1,1,37.5
1,0,1,4,1,2187.878788,1,0,72.2
1,0,0,2,1,1132.502831,1,1,130.0
1,0,0,2,1,980.0530382,1,1,85.0
0,0,0,1,1,250.0,1,1,15.0
0,0,0,2,1,915.0805271,1,1,50.0
0,0,0,2,1,1000.0,1,1,23.0
1,0,1,2,1,1000.0,1,1,70.0
1,0,0,5,1,5635.566688,1,1,450.0
1,0,1,3,1,1550.387597,1,1,46.0
1,0,0,1,1,580.0464037,1,1,22.5
1,0,0,2,1,949.893137,1,1,40.0
1,0,0,2,1,1120.134416,1,1,80.0
0,0,0,2,1,1200.0,1,1,45.0
1,0,0,1,1,640.0714498,1,1,43.0
0,0,0,2,1,946.2016761,1,1,35.0
1,0,0,2,1,774.1269568,1,1,45.0
1,0,0,2,1,1200.111638,1,1,43.0
1,0,0,2,1,969.8465879,1,1,55.0
1,0,1,3,1,1820.083682,1,1,87.0
1,0,1,2,1,1134.910486,1,1,35.5
1,0,1,2,1,1537.369915,1,1,130.0
2,1,0,2,1,1253.703704,0,0,67.7
1,0,1,3,1,1274.534795,1,1,100.0
0,0,0,1,1,58.00143623,1,1,21.0
1,0,0,2,1,1346.121487,1,1,80.0
1,1,1,1,1,651.0094767,0,1,79.0
0,0,0,2,1,1165.286722,1,1,38.0
0,0,0,1,1,539.083558,1,1,30.0
0,1,0,2,1,721.4428857999999,0,1,18.0
1,0,1,3,1,1264.869151,1,1,31.9
1,0,0,2,1,1150.0473550000002,1,1,85.0
1,0,0,3,1,2309.172547,1,1,180.0
0,0,0,3,1,2500.0,1,1,67.0
1,0,0,2,1,904.1295252,1,1,49.7
0,1,1,1,1,535.0136726,0,1,45.0
1,0,0,2,1,1260.162602,1,1,62.0
0,0,0,1,1,540.0216009,1,1,45.0
0,0,0,1,1,519.8915009,1,1,23.0
1,0,0,2,1,855.1225127,1,1,52.0
0,0,0,8,1,2020.20202,1,1,80.0
1,0,0,1,1,699.9705276000001,1,1,95.0
1,0,0,3,1,1350.318471,1,1,53.0
1,0,0,3,1,1067.168864,1,1,170.0
1,1,0,2,1,700.0840101,0,1,25.0
1,0,0,4,1,2508.623393,1,1,160.0
1,0,0,3,1,1484.88121,1,1,55.0
1,0,1,2,1,1174.114234,1,1,170.0
0,0,0,3,1,1224.145209,1,1,58.0
1,0,0,2,1,1560.190507,1,1,95.0
1,0,1,3,1,1850.094877,1,1,97.5
0,0,0,3,1,1800.232288,1,1,62.0
1,0,0,4,1,2486.999774,1,1,110.0
0,0,0,3,1,1955.034213,1,1,200.0
1,0,1,2,1,1092.188078,1,1,59.0
1,0,1,2,1,1220.833333,1,1,58.6
1,1,1,3,1,1341.090018,0,0,65.7
0,0,0,2,1,1008.645533,1,1,21.0
0,0,0,1,1,465.0081376,1,1,40.0
1,0,0,2,1,1000.0,1,1,120.0
0,0,0,1,1,570.1254276000001,1,1,25.0
0,0,0,3,1,1000.0,1,1,35.0
0,0,0,3,1,1400.4914,1,1,34.2
1,0,1,2,1,591.9304179999999,1,1,24.5
0,0,0,2,1,719.8952879999999,1,1,22.0
1,0,1,3,1,1548.387097,1,0,120.0
1,1,1,2,1,1121.160027,0,0,300.0
1,0,0,2,1,1000.0,1,1,160.0
2,1,1,1,1,455.10964,0,0,44.0
1,0,0,3,1,2666.020359,1,1,220.0
1,1,0,3,1,1000.0,0,1,26.0
1,0,0,3,1,1733.299595,1,1,68.5
1,0,1,3,1,2383.474576,1,1,720.0
0,0,0,3,1,1850.507983,1,1,51.0
0,0,0,1,1,538.1035486000001,1,1,18.5
1,0,1,3,1,1756.2346329999998,1,1,150.0
0,0,0,2,1,1116.005874,1,1,38.0
1,0,0,1,1,648.1682202000001,1,1,29.9
0,0,0,3,1,10410.9589,1,1,190.0
1,0,0,4,1,2893.97527,1,1,330.0
0,0,0,2,1,750.0340924999999,1,1,55.0
1,0,0,2,1,913.4287662,1,1,26.8
1,1,1,1,0,202.8366631,0,0,39.9
1,1,1,3,1,1252.019386,0,1,46.5
1,1,1,2,1,700.0736919999999,0,1,38.0
1,0,0,3,1,1510.333863,1,1,38.0
0,0,0,2,1,876.1449622000001,1,1,22.0
0,0,1,2,1,1200.331126,1,1,29.0
1,0,0,1,1,670.0915792000001,1,1,30.0
0,0,0,3,1,1450.209475,1,1,90.0
1,0,1,2,1,590.6593407,1,1,25.8
1,0,0,3,1,1345.198675,1,1,65.0
1,1,1,2,1,751.4866366,0,1,230.0
1,0,0,4,1,2099.65528,1,1,67.0
1,0,0,2,1,1263.565891,1,1,32.6
0,0,0,2,1,1160.381268,1,1,28.0
1,1,1,4,1,1642.838114,0,0,370.0
0,0,0,4,1,2250.88518,1,1,44.5
0,0,1,1,1,333.6604514,1,1,17.0
1,0,0,2,1,978.8218544,1,1,110.0
0,0,1,2,1,1089.494163,1,1,42.0
1,1,1,2,1,860.1889992999999,0,1,35.5
0,1,1,3,1,1349.295775,0,1,47.9
0,0,0,2,1,850.2598016000001,1,1,18.0
0,0,0,2,1,666.9630947,1,1,30.0
1,1,1,3,1,1679.790026,0,1,320.0
1,0,0,3,1,1509.951956,1,1,88.0
1,0,0,3,1,2119.868954,1,1,110.0
0,0,0,1,1,550.0758725,1,1,14.5
1,0,1,2,1,1093.613298,1,1,150.0
0,0,0,3,1,1649.917504,1,1,110.0
1,1,1,2,1,845.0704225,0,1,75.0
1,0,0,3,1,1920.0,1,1,120.0
1,0,0,2,1,1065.06584,1,1,55.0
1,0,0,1,1,690.0120752,1,1,40.0
1,0,0,1,1,640.0,1,1,48.0
1,0,1,2,1,1019.021739,1,1,60.0
1,0,0,2,1,1100.0,1,0,44.0
0,0,0,2,1,1200.0,1,1,24.0
1,0,0,3,1,2419.5499640000003,1,1,200.0
0,0,1,2,1,895.2551477,1,1,20.0
0,0,0,2,1,1119.94806,1,1,69.0
1,0,0,4,1,3410.5329950000005,1,1,430.0
0,0,0,2,1,1045.016077,1,1,52.0
1,0,0,1,1,685.0152905,1,1,56.0
0,0,0,3,1,1910.219675,1,1,80.0
0,0,1,3,1,1382.488479,1,1,36.0
0,0,0,3,1,2450.348207,1,1,95.0
1,0,0,3,1,1141.900122,1,1,75.0
1,0,0,2,1,950.0113097,1,1,210.0
1,0,0,4,1,2450.0421100000003,1,1,320.0
0,0,0,3,1,1199.82548,1,1,55.0
1,0,0,2,1,950.0,1,1,76.0
0,0,0,2,1,980.0,1,1,49.0
1,0,0,3,1,1732.201628,1,1,100.0
1,0,0,1,1,525.0016006,1,1,82.0
1,0,0,2,1,897.6464149,1,1,16.4
0,0,0,2,1,1060.220526,1,1,25.0
1,0,0,1,1,650.0436596,1,1,67.0
1,0,1,4,1,2809.482002,1,1,160.0
1,0,1,3,1,1860.407352,1,1,74.9
0,0,0,2,1,1166.373239,1,1,26.5
0,0,0,1,1,454.9902153,1,1,9.3
0,0,0,2,1,670.0167504,1,1,36.0
0,0,1,3,1,1523.318491,1,1,130.0
0,0,0,2,1,964.5061728,1,1,12.5
1,0,1,2,1,813.0081301,1,1,16.0
1,0,0,2,1,990.2546369,1,1,63.0
1,0,0,2,1,697.932874,1,1,31.4
1,0,0,3,1,2230.15165,1,1,300.0
1,0,1,2,1,1190.028811,1,1,95.0
1,0,1,4,1,2978.7762190000003,1,1,240.0
1,0,0,2,1,1200.4175369999998,1,1,23.0
0,0,0,3,1,1560.348784,1,1,68.0
1,0,0,2,1,1091.244859,1,1,130.0
0,1,0,2,1,979.8157946,0,1,50.0
1,0,1,2,1,542.4020663,1,0,50.4
1,0,0,2,1,1027.027027,1,1,95.0
0,0,1,3,1,1709.98632,1,1,75.0
0,0,0,1,1,495.049505,1,1,21.0
1,1,1,2,1,1099.989,0,1,200.0
1,0,0,4,1,1400.017231,1,1,650.0
0,0,0,2,1,1050.019091,1,1,55.0
0,0,0,1,1,750.1442585,1,1,13.0
1,0,0,3,1,1862.752403,1,1,250.0
0,0,1,2,1,1000.0,1,1,22.0
0,0,0,2,1,1242.133157,1,1,75.0
0,0,0,1,1,555.0416281,1,1,24.0
1,0,1,3,1,908.0350544,1,1,86.0
1,0,0,4,1,1898.663697,1,1,68.2
1,1,1,2,1,1179.8777220000002,0,1,110.0
1,0,0,2,1,1311.553595,1,1,110.0
1,0,0,2,1,1100.016923,1,1,130.0
0,0,0,3,1,1335.0559859999998,1,1,62.0
2,1,1,1,1,634.375,0,0,20.3
1,1,1,3,1,1729.462631,0,1,420.0
0,0,0,3,1,1646.010844,1,1,85.0
0,0,1,3,1,1824.104235,1,1,140.0
1,0,0,2,1,1150.0,1,1,92.0
1,1,0,3,1,1291.557044,0,1,54.0
0,0,0,3,1,1399.090591,1,1,40.0
1,0,1,3,1,1690.045631,1,1,300.0
1,0,1,1,1,464.4990046,1,0,140.0
0,0,0,3,1,1500.115393,1,1,65.0
1,1,0,2,1,1299.968524,0,1,41.3
0,0,0,3,1,1708.17721,1,1,77.5
1,0,0,2,1,1470.279353,1,1,70.0
0,0,0,2,1,900.9009009,1,1,25.0
1,0,0,2,1,1225.061253,1,1,70.0
1,0,0,1,1,609.5632072000001,1,1,50.1
1,0,0,2,1,1405.481377,1,1,220.0
1,0,1,2,1,1214.285714,1,1,170.0
1,0,0,3,1,1459.812553,1,1,51.4
1,0,0,4,1,3000.107147,1,1,280.0
2,1,1,3,1,800.0,0,0,22.4
0,0,0,2,1,650.1324344,1,1,27.0
1,0,1,3,1,1590.065874,1,1,210.0
1,0,0,2,1,699.9941667,1,1,120.0
1,0,0,2,1,1100.046318,1,1,95.0
1,0,0,3,1,1865.2076600000005,1,1,150.0
1,0,1,3,1,1846.590909,1,1,130.0
0,0,0,3,1,1200.0,1,1,120.0
1,0,1,2,1,668.8590379999999,1,1,120.0
0,1,1,3,1,1821.825469,0,1,100.0
0,0,0,1,1,645.1612903,1,1,22.0
0,0,0,3,1,1475.216365,1,1,75.0
1,0,1,3,1,1219.700877,1,1,47.3
1,0,0,2,1,1218.026797,1,1,110.0
0,0,1,3,1,1654.081266,1,1,230.0
1,1,1,2,1,600.2000667000001,0,0,54.0
1,0,0,2,1,1191.895113,1,1,180.0
0,0,0,2,1,712.0253165,1,1,27.0
0,0,0,3,1,1975.574713,1,1,55.0
1,0,0,1,1,595.0095968999999,1,1,62.0
1,0,0,3,1,2500.0,1,1,2550.0
1,0,0,3,1,1799.955693,1,1,650.0
0,0,0,2,1,757.2570467,1,1,18.0
1,0,0,3,1,2119.766826,1,1,160.0
0,0,0,3,1,915.0326797,1,1,35.0
1,1,0,3,1,1450.151057,0,1,72.0
1,0,0,3,1,1995.211492,1,1,100.0
0,0,0,2,1,1296.043656,1,1,38.0
1,0,1,3,1,1448.040886,1,1,42.5
0,0,0,2,1,1250.0,1,1,85.0
0,0,1,3,1,1652.892562,1,1,130.0
1,0,1,2,1,826.9194072,1,1,390.0
1,0,0,2,1,1090.512541,1,1,100.0
1,0,0,3,1,1314.196784,1,1,76.0
1,0,0,3,1,1840.753425,1,1,43.0
0,0,0,2,1,1000.0,1,1,34.0
0,0,0,1,1,380.0475059,1,1,24.0
1,0,0,1,1,390.0156006,1,1,42.5
1,1,1,2,1,1060.023851,0,1,160.0
0,0,1,4,1,2700.049092,1,1,220.0
0,0,0,2,1,1500.375094,1,1,20.0
0,0,0,3,1,1583.113456,1,1,90.0
1,0,1,2,1,1100.0,1,1,49.5
1,0,0,2,1,888.3361464,1,1,100.0
1,0,0,3,1,1545.064378,1,1,72.0
1,1,0,3,1,1500.068185,0,1,110.0
0,0,0,1,1,595.1068988,1,1,27.0
1,0,1,3,1,2545.008955,1,1,270.0
1,1,1,1,1,625.0,0,1,150.0
0,0,0,3,1,1666.666667,1,1,100.0
0,0,0,3,1,1600.134748,1,1,95.0
1,0,1,3,1,1425.244527,1,1,61.2
0,0,0,3,1,1100.025582,1,1,43.0
0,0,0,2,1,1110.905388,1,1,60.0
0,0,0,3,1,1205.141939,1,1,45.0
0,0,0,2,1,980.4878049,1,1,60.3
0,1,1,2,1,1045.031351,0,1,55.0
1,0,0,1,1,750.0,1,1,60.0
1,0,0,1,1,600.0,1,1,19.2
0,1,0,3,1,1367.368797,0,1,38.3
1,0,1,2,1,1336.302895,1,1,48.0
0,0,0,2,1,660.0660066,1,1,30.0
1,0,1,2,1,1200.0,1,1,40.8
1,0,1,1,1,635.1039261,1,1,16.5
0,0,1,2,1,1120.0,1,1,35.0
1,0,0,2,1,1000.0,1,1,110.0
0,0,0,2,1,1139.817629,1,1,45.0
1,0,0,2,1,882.6666667000002,1,0,33.1
1,0,0,3,1,1510.067114,1,1,63.0
1,1,0,3,1,2666.666667,0,1,200.0
1,0,0,4,1,1500.214316,1,1,35.0
1,1,0,2,1,1079.913607,0,1,75.0
0,0,0,2,1,1095.156972,1,1,45.0
0,0,0,5,1,2420.135528,1,1,150.0
1,0,1,3,1,1290.033595,1,1,57.6
0,0,1,2,1,1100.141044,1,1,39.0
1,0,1,3,1,1845.31886,1,1,81.6
0,0,1,2,1,1320.132013,1,1,80.0
1,0,1,3,1,1577.608142,1,1,55.8
1,0,1,2,1,887.2327211000002,1,1,100.0
0,0,0,2,1,540.0,1,1,27.0
1,0,1,3,1,1712.8175850000002,1,1,120.0
0,0,0,3,1,1961.1891,1,1,95.0
0,0,0,2,1,968.6793671,1,1,30.0
0,0,0,1,1,450.0450045,1,1,35.0
0,0,0,2,1,882.9300196,1,1,27.0
1,0,0,3,1,1725.4128670000002,1,1,70.0
1,0,0,2,1,918.0474698,1,1,41.0
1,1,1,3,1,1157.105606,0,1,71.0
0,0,1,1,1,599.6641881,1,1,25.0
0,0,1,3,1,1110.49417,1,1,20.0
1,1,1,3,1,1030.972121,0,0,240.0
0,0,0,2,1,1100.009167,1,1,120.0
0,0,0,2,1,750.0506791,1,1,37.0
1,0,0,3,1,2531.64557,1,1,210.0
0,0,0,1,1,520.0,1,1,39.0
1,0,0,2,1,1045.2796119999998,1,1,220.0
1,0,1,4,1,2577.082375,1,1,560.0
1,1,1,3,1,2100.179695,0,1,93.5
0,0,1,3,1,1527.973672,1,1,65.0
1,0,0,1,1,600.0,1,1,75.0
1,0,0,3,1,1358.818734,1,1,150.0
1,0,0,2,1,810.0272851,1,1,95.0
1,0,1,2,1,1150.0,1,1,46.0
0,0,0,3,1,1635.444544,1,1,55.0
1,0,0,4,1,2699.859748,1,1,77.0
1,0,0,2,1,1161.350263,1,1,150.0
1,1,1,1,1,454.0117417,0,0,58.0
0,0,1,2,1,1150.202977,1,1,51.0
1,0,0,3,1,1657.824934,1,1,150.0
1,0,0,4,1,1940.352138,1,1,54.0
1,1,0,2,1,701.0515774,0,1,14.0
1,0,0,1,1,720.0338839,1,1,68.0
0,0,1,3,1,1598.8101880000002,1,1,86.0
1,1,0,2,1,911.4285714,0,1,31.9
1,0,0,2,1,701.9185774,1,1,180.0
1,1,1,3,1,1458.789205,0,0,100.0
1,0,0,3,1,2000.0,1,1,1200.0
0,0,0,1,1,550.0084617000001,1,1,32.5
1,0,1,3,1,2143.260011,1,1,570.0
1,1,1,4,1,3066.666667,0,1,230.0
1,1,1,2,1,631.3559322000001,0,0,14.9
0,0,1,3,1,1400.037334,1,1,75.0
1,0,0,2,1,1303.214596,1,1,75.0
1,0,0,2,1,1089.133701,1,1,87.0
1,0,0,3,1,2113.309353,1,1,94.0
1,0,1,3,1,1345.194185,1,1,62.0
1,0,0,3,1,1600.0,1,1,56.0
1,0,0,3,1,1910.176236,1,1,67.2
0,0,0,4,1,45.00019149,1,1,23.5
0,0,0,2,1,1450.209475,1,1,90.0
1,0,0,3,1,1980.19802,1,1,110.0
1,0,1,2,1,1419.920651,1,1,68.0
1,1,0,2,1,1118.181818,0,1,49.2
2,1,1,2,1,686.5475995,0,0,41.9
0,0,0,9,1,5866.666667,1,1,220.0
1,1,1,1,1,680.0464422,0,1,82.0
1,0,0,2,1,814.9010477,1,1,21.0
0,0,0,1,1,405.6291391,1,1,14.7
0,0,0,3,1,1525.37401,1,1,52.0
1,0,0,3,1,1517.660044,1,1,55.0
1,0,1,1,1,625.0,1,1,26.0
0,0,1,3,1,1968.826907,1,1,120.0
1,0,0,3,1,1753.908906,1,1,77.4
1,1,0,2,1,601.9744762999999,0,1,25.0
1,0,1,1,1,650.0072223,1,1,45.0
1,1,1,3,1,743.6665759,0,1,27.3
0,0,0,3,1,1800.107469,1,1,67.0
1,0,0,2,1,1035.196687,1,1,45.0
0,0,0,2,1,1256.127451,1,1,41.0
1,0,0,3,1,1300.148588,1,1,70.0
1,1,1,2,1,849.5670995999999,0,1,78.5
0,1,0,1,1,1050.030883,0,1,51.0
1,1,0,1,1,474.1935484,0,1,14.7
0,0,0,2,1,960.0,1,1,42.0
0,0,0,2,1,1460.101868,1,1,43.0
0,0,0,2,1,986.1932939,1,1,45.0
1,0,1,4,1,4656.390495000001,1,0,290.0
0,0,0,2,1,1245.189042,1,1,55.0
0,0,0,3,1,1860.288535,1,1,98.0
1,0,0,2,1,850.9672661000001,1,1,150.0
0,0,0,2,1,1120.071685,1,1,75.0
1,0,1,3,1,1639.240905,1,1,520.0
1,0,0,3,1,1638.080555,1,1,85.0
1,0,0,3,1,2307.41924,1,1,130.0
1,0,0,4,1,2999.88462,1,1,260.0
1,0,0,3,1,1756.146513,1,1,280.0
1,1,0,3,1,1471.297636,0,1,30.5
0,0,1,2,1,1180.208806,1,1,52.0
1,0,0,3,1,1795.0708329999998,1,1,370.0
2,1,0,2,1,1098.461538,0,0,35.7
0,0,0,1,1,552.0654864,1,1,29.0
1,1,1,2,1,911.9380987,0,1,99.0
1,0,0,3,1,1521.898427,1,1,270.0
1,0,0,2,1,1050.204918,1,1,41.0
1,0,0,3,1,1675.163875,1,1,92.0
1,0,1,2,1,941.8996629,1,1,47.5
1,1,0,2,1,862.3012664999999,0,1,160.0
1,0,0,3,1,1665.124884,1,1,72.0
0,0,0,3,1,1310.219714,1,1,65.0
0,0,0,2,1,880.5031447,1,1,14.0
1,0,0,2,1,999.0896677,1,1,43.9
1,1,1,2,1,687.7865777000001,0,1,16.5
0,0,0,1,1,320.0,1,1,12.0
0,0,0,2,1,849.8583569,1,1,15.0
0,0,0,2,1,1200.0,1,1,21.0
0,0,0,2,1,799.8792635,1,1,26.5
2,1,1,1,1,606.5359477000001,0,0,23.2
1,1,1,3,1,1623.913043,0,1,74.7
1,0,0,3,1,1520.912548,1,1,80.0
1,0,0,3,1,1187.8835869999998,1,1,120.0
1,0,0,3,1,1490.1421369999998,1,1,65.0
0,0,0,3,1,1950.13233,1,1,140.0
0,0,1,2,1,850.0464868999999,1,1,64.0
1,0,1,2,1,341.9334784,1,0,11.0
0,0,1,4,1,3308.215402,1,1,180.0
1,0,0,2,1,800.0,1,1,170.0
0,0,0,2,1,1037.105324,1,1,45.0
1,0,0,3,1,1400.0,1,1,56.0
1,1,1,3,1,1500.187523,0,0,120.0
0,0,0,2,1,855.2357112999999,1,1,20.5
2,0,0,2,1,887.2832369999999,1,0,30.7
0,0,0,2,1,1000.0,1,1,23.0
0,0,0,3,1,1750.198886,1,1,110.0
1,0,0,2,1,713.7990331,1,1,220.0
1,0,0,3,1,942.5474487,1,1,220.0
1,0,1,1,1,700.0,1,1,42.0
1,0,0,2,1,1340.996169,1,1,35.0
1,0,1,3,1,2074.074074,1,0,140.0
2,0,1,3,1,1135.975725,1,0,59.9
1,0,0,3,1,1770.956316,1,1,180.0
1,0,0,3,1,1212.252879,1,1,55.8
0,0,1,3,1,1300.191205,1,1,68.0
1,0,0,3,1,1800.055386,1,1,65.0
1,0,0,2,1,989.1808346,1,1,32.0
1,1,1,2,1,1020.134228,0,1,76.0
0,0,0,1,1,646.6784245,1,1,11.0
1,1,0,3,1,1386.292835,0,1,53.4
1,0,0,2,1,1135.172896,1,1,130.0
1,0,0,1,0,220.0014915,1,1,59.0
1,1,1,3,1,1782.531194,0,0,170.0
1,0,1,1,1,452.2933182,1,0,63.9
1,1,0,4,1,2823.363332,0,1,160.0
1,0,1,3,1,1795.101936,1,1,140.0
1,0,1,3,1,1295.097132,1,1,56.0
1,0,0,3,1,1785.714286,1,1,38.5
1,0,0,2,1,1150.180743,1,1,70.0
0,0,0,3,1,1350.21097,1,1,80.0
1,0,1,2,1,925.9259259,1,1,40.5
1,0,1,3,1,1625.036732,1,1,55.3
1,0,0,2,1,1149.773071,1,1,38.0
0,0,0,1,1,659.9208095,1,1,15.0
1,0,0,3,1,1400.050543,1,1,55.4
1,1,1,2,1,1149.933658,0,0,26.0
1,0,1,2,1,1007.005254,1,1,69.0
1,0,0,3,1,1840.640223,1,1,52.9
0,0,0,3,1,1399.9243279999998,1,1,74.0
1,0,0,3,1,1799.775028,1,1,80.0
1,0,0,3,1,2349.336057,1,1,69.0
1,1,1,3,1,1548.837209,0,1,66.6
0,0,0,3,1,1288.327751,1,1,50.0
0,0,0,1,1,688.954145,1,1,30.5
1,0,1,2,1,744.7402718,1,1,160.0
2,1,1,4,1,2131.25,0,0,68.2
1,0,0,2,1,985.0211657,1,1,60.5
0,0,0,2,1,700.0350017999999,1,1,40.0
1,0,0,2,1,1070.02065,1,1,57.0
0,0,0,2,1,825.0825083,1,1,45.0
1,0,0,3,1,1431.087627,1,1,130.0
0,0,0,2,1,963.9414495,1,1,54.0
0,0,1,1,1,500.0,1,1,36.0
1,0,1,2,1,1073.138517,1,1,65.0
0,0,0,2,1,1016.138673,1,1,34.0
1,1,0,3,1,1017.005669,0,1,30.5
1,1,0,2,1,740.0722022000001,0,1,24.6
1,0,0,1,1,722.0852413,1,1,41.0
2,1,1,1,1,473.965287,0,0,28.4
0,0,0,1,1,490.02849,1,1,43.0
0,0,1,2,1,1200.192031,1,1,50.0
1,0,0,3,1,2176.183844,1,1,250.0
0,0,0,3,1,1725.4128670000002,1,1,70.0
0,0,0,1,1,10.97990637,1,1,27.3
1,0,0,1,1,620.0326926,1,1,110.0
1,0,0,3,1,1400.11383,1,1,49.2
1,0,1,3,1,1580.404096,1,1,57.1
1,0,0,3,1,1590.091221,1,1,190.0
1,0,0,2,1,1100.052383,1,1,84.0
1,1,1,1,1,490.6990231,0,0,110.0
1,0,0,2,1,1250.0,1,1,45.0
1,0,0,4,1,2600.183542,1,1,85.0
1,0,0,3,1,1372.790793,1,1,33.4
0,0,0,2,1,1140.385372,1,1,29.0
1,0,1,2,1,935.0788138,1,1,35.0
1,0,1,2,1,924.9471459,1,1,35.0
0,0,0,1,1,677.7777778,1,1,12.2
0,0,1,3,1,955.8706388,1,1,60.0
1,0,0,3,1,1598.622725,1,1,130.0
1,0,0,2,1,1100.016923,1,1,65.0
1,0,1,3,1,1150.075415,1,1,61.0
1,0,1,3,1,2007.411983,1,1,130.0
0,0,0,2,1,1200.300075,1,1,32.0
1,1,0,3,1,2024.820379,0,1,62.0
1,0,0,3,1,1668.335002,1,1,100.0
0,0,0,2,1,645.8756228,1,1,35.0
1,1,1,2,1,1282.0,0,0,44.87
1,0,1,2,1,1102.080624,1,1,33.9
0,0,0,1,1,639.0434962,1,1,31.0
1,0,0,3,1,1800.180018,1,1,160.0
0,0,0,2,1,1215.139442,1,1,61.0
1,0,0,3,1,2142.73941,1,1,130.0
1,0,0,3,1,1599.671862,1,1,58.5
1,1,0,2,1,999.0917348,0,1,55.0
1,0,1,2,1,1206.125491,1,1,89.0
0,0,0,2,1,1250.0,1,1,31.0
1,0,0,4,1,4480.286738000001,1,1,400.0
1,0,0,3,1,1527.076236,1,1,130.0
1,1,1,1,1,670.0321248,0,1,73.0
1,0,1,3,1,3020.279016,1,1,210.0
0,1,0,2,1,12001.92031,0,1,250.0
1,1,1,2,1,571.4285714,0,0,100.0
1,1,0,3,1,1303.171871,0,1,53.0
1,0,0,3,1,2430.307362,1,1,170.0
0,0,0,3,1,1600.0,1,1,90.0
0,0,0,2,1,1156.0,1,1,28.9
0,0,0,3,1,1400.124456,1,1,90.0
0,0,0,2,1,1000.0,1,1,47.0
1,0,1,3,1,1758.0872010000005,1,1,75.0
1,0,1,3,1,1515.151515,1,1,76.0
0,0,0,2,1,1291.563616,1,1,47.0
1,0,0,2,1,963.9134888,1,1,160.0
0,0,0,2,1,891.1211925000001,1,1,55.0
1,1,1,3,1,1609.707776,0,1,65.0
0,0,1,3,1,1405.152225,1,1,90.0
1,0,0,3,1,1350.308642,1,1,35.0
1,0,0,3,1,1600.0,1,1,64.0
0,0,0,2,1,850.1594049,1,1,40.0
1,0,0,2,1,963.081862,1,1,54.0
2,1,1,4,1,1928.460342,0,0,86.8
1,0,0,3,1,1450.245426,1,1,32.5
0,0,0,2,1,919.982884,1,1,43.0
1,0,0,2,1,900.0,1,1,22.5
1,1,0,4,1,4265.565875,0,1,620.0
1,0,0,5,1,5464.868700999999,1,1,770.0
1,0,0,3,1,1638.291038,1,1,51.0
1,0,0,3,1,1163.016088,1,1,120.0
0,0,1,2,1,1420.166362,1,1,70.0
1,0,1,3,1,2001.0005,1,1,200.0
0,0,0,4,1,2238.80597,1,1,57.0
1,0,0,2,1,1145.172657,1,1,65.0
1,1,1,3,1,903.045727,0,0,110.0
1,0,0,3,1,1150.012778,1,1,45.0
1,1,1,3,1,1580.13544,0,1,56.0
1,0,0,3,1,1300.070274,1,1,37.0
1,0,0,3,1,2879.97696,1,1,3200.0
1,0,0,3,1,165232.0675,1,0,9790.0
1,0,0,3,1,1748.5029940000002,1,1,58.4
1,0,0,2,1,810.0289296,1,1,42.0
1,0,1,2,1,1080.175303,1,1,41.9
1,0,0,2,1,1085.014041,1,1,85.0
0,0,0,2,1,1085.187195,1,1,40.0
1,0,0,2,1,1195.057727,1,1,59.0
0,0,0,3,1,1550.151976,1,1,51.0
1,1,0,4,1,1280.081925,0,1,100.0
1,1,1,3,1,882.9667683,0,0,110.0
1,0,1,2,1,1160.162724,1,1,77.0
1,0,0,2,1,1251.303441,1,1,36.0
1,0,0,2,1,1114.7142279999998,1,1,220.0
0,0,0,2,1,1650.165017,1,1,70.0
1,0,0,3,1,1324.942034,1,1,120.0
1,0,0,3,1,1250.0,1,1,340.0
1,0,0,2,1,1100.046318,1,1,95.0
1,0,0,2,1,1250.0,1,1,70.0
1,0,0,3,1,1697.216565,1,1,75.0
0,0,1,2,1,1290.114498,1,1,80.0
0,0,0,2,1,859.8993288999999,1,1,20.5
0,1,0,2,1,759.4361073,0,1,16.7
1,0,0,3,1,1616.37931,1,1,45.0
1,1,1,3,1,1550.2669039999998,0,1,69.7
0,0,0,3,1,1820.38835,1,1,75.0
0,0,0,2,1,870.0380642000001,1,1,16.0
1,0,0,4,1,2400.038401,1,1,1000.0
0,0,0,2,1,715.9127887999999,1,1,22.0
1,0,0,3,1,1899.978161,1,1,87.0
0,0,1,1,1,586.6200699,1,1,47.0
0,0,0,3,1,1368.113827,1,1,150.0
0,0,0,1,1,615.1574803,1,1,12.5
0,0,0,2,1,748.0053191000001,1,1,22.5
0,0,0,2,1,924.2144177,1,1,25.0
1,0,1,3,1,1330.229465,1,1,160.0
1,0,1,2,1,1434.008053,1,1,260.0
1,0,0,1,1,684.9315068,1,1,68.0
1,0,0,1,1,450.016072,1,1,28.0
0,0,0,1,1,699.056274,1,1,40.0
0,0,0,3,1,1499.846954,1,1,98.0
0,0,0,2,1,1067.022341,1,1,64.0
2,0,1,1,1,650.0,1,0,19.5
1,0,0,2,1,999.000999,1,1,100.0
0,0,0,3,1,1620.98438,1,1,110.0
1,0,1,3,1,1589.151393,1,1,150.0
0,0,0,3,1,1049.03635,1,1,43.0
1,0,0,3,1,1402.197802,1,1,63.8
1,0,1,3,1,1320.068873,1,1,69.0
0,0,0,2,1,1016.850668,1,1,35.0
0,0,0,3,1,1940.133038,1,1,140.0
1,0,0,3,1,1900.0,1,1,66.5
1,0,0,3,1,1400.289715,1,1,58.0
1,1,1,2,1,628.8943631,0,0,43.4
1,0,0,2,1,1220.084467,1,1,130.0
0,0,0,3,1,1342.161775,1,1,75.0
1,0,0,4,1,2160.410478,1,1,80.0
1,0,0,2,1,1275.071633,1,1,89.0
0,0,0,4,1,1399.125547,1,1,44.8
1,0,1,3,1,1576.044129,1,1,100.0
0,0,0,1,1,3231.597846,1,1,18.0
0,0,0,2,1,850.1259446,1,1,40.5
1,1,1,2,1,1249.574009,0,1,110.0
0,0,0,1,1,564.0794224,1,1,25.0
1,0,0,2,1,1250.0,1,1,58.0
0,0,1,2,1,1150.337168,1,1,29.0
0,0,0,1,1,589.10162,1,1,32.0
0,1,1,3,1,1499.666741,0,1,67.5
1,1,0,3,1,1899.827288,0,1,110.0
0,0,0,1,1,650.1950585,1,1,20.0
1,0,0,3,1,1536.312849,1,1,55.0
1,0,1,4,1,1306.318315,1,1,49.0
0,0,0,3,1,1542.236243,1,1,88.0
1,1,0,4,1,2017.085904,0,1,170.0
0,0,0,4,1,2527.039321,1,1,250.0
0,0,0,2,1,883.0744072000001,1,1,54.0
0,0,1,3,1,1530.311948,1,1,52.0
0,0,0,3,1,1365.125592,1,1,75.0
0,0,0,2,1,1150.054765,1,1,42.0
1,1,0,3,1,1459.918598,0,1,82.5
0,0,0,1,1,675.0371269999999,1,1,50.0
0,0,0,2,1,985.0830284,1,1,35.0
1,0,0,3,1,1650.165017,1,1,60.0
0,0,0,2,1,1080.019637,1,1,44.0
0,0,0,3,1,1911.400944,1,1,85.0
1,0,0,1,1,660.0,1,1,49.5
1,0,0,3,1,1750.087504,1,1,150.0
1,0,0,2,1,1045.296167,1,1,36.0
1,0,1,2,1,1247.909,1,1,37.3
0,0,0,1,1,425.0797024,1,1,4.0
0,0,0,2,1,1070.009172,1,1,35.0
1,0,0,4,1,4533.333333,1,1,340.0
1,0,0,2,1,1000.0,1,1,80.0
1,0,0,2,1,960.0,1,1,120.0
1,0,0,2,1,1295.180723,1,1,86.0
1,0,0,3,1,2600.104004,1,1,100.0
1,0,0,2,1,1100.034376,1,1,64.0
1,0,1,2,1,1150.180743,1,1,35.0
1,1,1,2,1,1114.112086,0,0,66.0
0,0,0,2,1,1010.10101,1,1,45.0
0,0,0,1,1,496.8322774,1,1,14.9
1,0,1,2,1,970.0249792,1,1,46.6
1,0,1,2,1,1010.10101,1,1,60.0
1,0,0,1,1,550.0045834,1,1,60.0
0,0,0,1,1,702.1966151,1,1,19.5
1,0,1,3,1,1776.001776,1,1,160.0
1,0,0,2,1,905.1348999,1,1,52.0
1,0,1,3,1,2894.18847,1,1,250.0
1,0,0,3,1,1852.964744,1,1,370.0
1,1,0,3,1,1490.941491,0,1,50.2
1,0,0,3,1,1640.225867,1,1,61.0
1,0,1,3,1,1323.404255,1,0,62.2
1,1,1,2,1,992.1259843,0,1,63.0
1,0,0,3,1,1317.218903,1,1,48.5
0,0,0,2,1,1175.349428,1,1,37.0
0,0,0,2,1,770.0534759,1,1,36.0
1,0,1,2,1,880.0082823999999,1,1,170.0
0,1,1,3,1,1274.900398,0,1,48.0
1,0,0,1,1,500.0,1,1,13.5
0,0,0,3,1,1900.302947,1,1,69.0
1,0,1,2,1,964.5488029,1,1,41.9
0,0,0,1,1,749.9697593,1,1,62.0
1,0,0,3,1,1350.174216,1,1,31.0
0,0,0,3,1,784.8443842999999,1,1,29.0
1,0,0,2,1,1036.979065,1,1,53.0
0,0,0,2,1,525.099769,1,1,25.0
1,1,1,2,1,1079.938509,0,1,28.1
1,1,1,2,1,1286.046512,0,1,55.3
1,0,0,2,1,764.5259938999999,1,1,150.0
1,0,1,2,1,907.6305221,1,1,33.9
1,0,0,3,1,1450.176093,1,1,70.0
1,0,0,2,1,800.0,1,1,80.0
1,0,0,1,1,665.0041562999999,1,1,120.0
0,0,0,2,1,1050.06105,1,1,43.0
1,0,0,2,1,1300.213468,1,1,67.0
0,0,0,4,1,3664.810769,1,1,520.0
1,0,1,3,1,2257.88735,1,1,370.0
1,1,0,3,1,870.3618872999999,0,1,19.0
1,1,1,2,1,612.0047077,0,0,78.0
1,0,0,1,1,705.0168591,1,1,69.0
1,0,0,2,1,1044.030867,1,1,92.0
1,0,0,2,1,1004.304161,1,1,28.0
1,0,0,2,1,1145.038168,1,1,45.0
0,1,0,2,1,1135.0737800000002,0,1,50.0
1,0,0,3,1,2031.281739,1,1,300.0
0,1,1,3,1,1680.415521,0,1,55.0
0,0,1,2,1,1240.221332,1,1,65.0
1,0,0,3,1,1299.929095,1,1,55.0
0,0,0,2,1,1050.0,1,1,42.0
1,0,0,2,1,956.0229446,1,1,55.0
0,0,0,2,1,814.6982807,1,1,72.5
0,0,0,3,1,1600.0,1,1,80.0
1,0,1,1,1,433.5961188999999,1,1,14.3
0,0,0,3,1,1500.0,1,0,45.0
1,0,0,2,1,1214.936573,1,1,68.0
1,0,1,3,1,1652.5023609999998,1,1,280.0
1,1,1,3,1,1341.985365,0,1,97.2
0,0,0,2,1,1200.14771,1,1,65.0
1,1,1,3,1,1830.065359,0,1,98.0
0,0,0,2,1,1049.868766,1,1,48.0
1,0,1,2,1,1315.202853,1,1,59.0
1,0,0,2,1,948.3394833999998,1,1,25.7
0,0,0,2,1,1000.0,1,1,42.0
1,1,1,4,1,3142.857143,0,0,110.0
1,0,0,2,1,676.9985178999999,1,1,370.0
1,0,1,4,1,2105.263158,1,0,130.0
0,0,0,2,1,1180.257511,1,1,22.0
1,0,1,3,1,1870.07874,1,1,380.0
0,0,0,2,1,753.0120482000001,1,1,25.0
0,0,1,3,1,1700.191571,1,1,71.0
0,0,0,2,1,943.7523594,1,1,25.0
1,0,0,2,1,1841.408678,1,1,160.0
0,0,0,1,1,700.0736919999999,1,1,9.5
1,0,1,3,1,3763.207411,1,1,260.0
1,1,1,2,1,1342.857143,0,1,47.0
0,0,0,2,1,925.014476,1,1,63.9
0,0,1,2,1,890.0649507000002,1,1,37.0
1,0,0,4,1,2520.16129,1,1,150.0
2,1,1,2,1,1215.0756689999998,0,0,83.5
1,0,1,2,1,825.0,1,1,330.0
1,0,0,2,1,1200.960769,1,1,120.0
0,0,1,2,1,1250.0,1,1,40.5
1,0,0,2,1,1000.0,1,1,50.0
1,0,1,2,1,972.0311784,1,1,42.4
1,0,0,3,1,2358.490566,1,1,65.0
1,0,0,2,1,750.0,1,1,36.0
2,1,1,1,1,302.7662819,0,0,13.9
0,0,0,2,1,1150.092937,1,1,49.5
0,0,0,2,1,1000.0,1,1,46.0
0,0,0,3,1,1560.20558,1,1,85.0
1,0,0,6,1,3000.0,1,1,930.0
0,0,0,3,1,2000.0,1,1,170.0
1,0,0,2,1,850.1838234999999,1,1,37.0
0,0,0,2,1,1170.117012,1,1,65.0
1,1,1,1,1,649.6456477999999,0,1,71.5
0,0,0,3,1,1395.043493,1,1,85.0
1,0,0,1,1,548.7906588999999,1,1,32.9
1,0,0,2,1,1220.0603609999998,1,1,190.0
0,0,0,2,1,1174.132948,1,1,65.0
1,0,1,3,1,1290.17655,1,1,57.0
1,1,1,2,1,986.0216925,0,1,170.0
1,0,0,4,1,2080.443828,1,1,120.0
0,0,0,3,1,1340.183158,1,1,60.0
0,0,0,1,1,609.9627245,1,1,18.0
1,1,0,2,1,1300.034211,0,1,38.0
1,0,0,3,1,1415.164606,1,1,95.0
1,0,0,2,1,1339.285714,1,1,51.0
0,0,0,1,1,32.0,1,1,13.0
1,0,1,3,1,1162.913627,1,1,110.0
1,0,0,2,1,1000.0,1,1,35.0
1,1,1,2,1,1102.12766,0,0,51.8
1,0,0,3,1,1634.2950529999998,1,1,520.0
1,0,0,2,1,1264.19934,1,1,34.5
1,0,0,3,1,1250.0,1,1,30.0
0,0,0,2,1,980.1686802000002,1,1,43.0
0,0,0,3,1,1500.0,1,1,87.0
1,1,1,2,1,834.5939179,0,1,160.0
0,0,0,3,1,1590.306702,1,1,42.0
0,0,0,2,1,678.0810307,1,1,40.0
0,1,0,3,1,1705.069124,0,1,62.9
1,0,0,2,1,1121.94701,1,1,130.0
0,0,0,2,1,1150.180743,1,1,70.0
1,0,0,3,1,1650.1094460000002,1,1,98.0
1,0,0,2,1,1063.15118,1,1,50.0
0,0,1,2,1,1250.0,1,1,46.0
1,0,1,4,1,2689.0756300000003,1,1,240.0
1,0,0,1,1,585.0234009,1,1,120.0
1,0,0,2,1,1305.483029,1,1,35.0
0,0,0,3,1,1300.052002,1,1,50.0
0,0,1,2,1,949.3670886,1,1,24.0
0,0,0,2,1,1000.0,1,1,31.0
1,0,0,3,1,1856.686974,1,1,64.0
1,0,0,3,1,1610.565308,1,1,100.0
2,1,1,1,1,373.6825295,0,0,23.4
1,1,0,3,1,1147.672552,0,1,42.9
0,0,0,3,1,1760.176018,1,1,80.0
1,0,1,3,1,1232.25288,1,1,46.0
0,0,0,1,1,650.1422186000001,1,1,16.0
1,1,0,3,1,711.5278544,0,1,25.8
1,0,0,2,1,1020.134228,1,1,76.0
1,0,0,4,1,7648.044286,1,1,1050.0
1,1,1,3,1,2517.080187,0,0,140.0
0,1,0,1,1,1800.504141,0,1,50.0
2,0,0,2,1,1072.941176,1,0,45.6
1,1,1,1,1,690.0565347999999,0,1,83.0
0,0,0,2,1,1500.164853,1,1,45.5
1,0,1,3,1,2301.937464,1,1,120.0
1,0,0,4,1,2141.560799,1,1,59.0
1,0,0,1,1,720.0496586,1,1,58.0
1,1,1,1,1,649.9535747,0,1,49.0
0,0,0,2,1,583.9757066000001,1,1,25.0
0,0,0,3,1,1598.9766550000002,1,1,200.0
0,0,1,3,1,1348.228043,1,1,70.0
1,0,0,2,1,1030.033612,1,1,95.0
1,0,0,1,1,710.0734143999999,1,1,59.0
1,1,0,3,1,1800.055386,0,1,65.0
1,0,0,2,1,800.0,1,1,30.0
0,0,0,2,1,1359.263906,1,1,130.0
1,0,0,2,1,1200.0,1,1,54.0
0,0,0,2,1,695.0880445,1,1,30.0
0,0,0,2,1,1020.110755,1,1,35.0
1,0,0,3,1,1406.4697609999998,1,1,120.0
2,0,0,4,1,4035.795754,1,0,230.0
0,0,0,1,1,697.0227671,1,1,19.9
1,0,0,2,1,1200.0,1,1,79.5
0,0,1,2,1,1080.190406,1,1,59.0
0,0,0,2,1,1100.164204,1,1,33.5
1,0,0,1,1,613.6932925,1,1,44.1
1,0,0,2,1,1365.001365,1,1,200.0
0,0,0,4,1,3750.170462,1,1,550.0
2,0,1,1,1,573.9130435,1,0,33.0
1,0,0,2,1,970.1492537,1,1,52.0
1,0,0,2,1,800.330033,1,1,19.4
1,0,0,4,1,3640.145606,1,1,280.0
1,1,1,3,1,1699.311332,0,1,190.0
0,0,0,2,1,2000.0,1,1,85.0
1,0,0,3,1,2202.643172,1,1,160.0
1,0,1,2,1,1247.994867,1,1,38.9
0,0,0,1,1,340.0954654,1,1,5.7
1,0,0,3,1,1500.037501,1,1,200.0
1,0,0,3,1,1839.926403,1,1,60.0
0,0,0,2,1,1200.0,1,1,45.0
0,0,0,3,1,2352.9411760000003,1,1,170.0
0,0,0,1,1,484.9084612,1,1,9.8
0,0,0,3,1,850.19056,1,1,29.0
1,0,0,3,1,2072.896873,1,1,120.0
1,1,1,2,1,1048.987727,0,1,100.0
0,0,0,3,1,2650.727651,1,1,51.0
1,1,1,3,1,1354.14222,0,1,57.7
1,0,0,2,1,824.742268,1,1,49.6
1,1,1,2,1,716.9970477,0,1,170.0
0,0,1,2,1,860.0469116,1,1,33.0
1,0,1,4,1,3210.066769,1,1,500.0
1,1,1,2,1,898.9197531,0,1,23.3
1,1,1,3,1,1556.958741,0,0,180.0
1,0,0,2,1,1115.1079140000002,1,1,93.0
1,0,0,4,1,3200.0,1,1,100.0
0,0,0,3,1,1200.0,1,1,72.0
1,1,0,3,1,1261.111111,0,0,45.4
1,0,0,3,1,1707.132018,1,1,180.0
0,1,1,2,1,766.1204512,0,1,36.0
0,0,0,2,1,960.0808489,1,1,57.0
0,1,0,2,1,1170.018282,0,1,32.0
1,0,0,2,1,979.7541576,1,1,27.1
1,0,1,3,1,1712.838844,1,1,230.0
0,0,0,2,1,800.0,1,1,30.0
1,0,0,2,1,1280.058517,1,1,140.0
1,0,0,2,1,1070.099256,1,1,69.0
0,0,0,2,1,1220.848333,1,1,78.0
0,0,0,2,1,686.1499365,1,1,27.0
1,0,0,4,1,3664.810769,1,1,520.0
0,0,1,2,1,1082.055906,1,1,60.0
0,0,0,1,1,225.0225023,1,1,5.0
1,1,1,3,1,4303.388919,0,1,240.0
1,1,1,3,1,1931.43409,0,1,520.0
0,1,0,2,1,1060.0,0,1,53.0
0,0,0,3,1,1830.244795,1,1,80.0
0,0,0,2,1,1110.022853,1,1,34.0
0,0,0,3,1,1495.2841039999998,1,1,65.0
1,0,0,4,1,3214.091915,1,1,770.0
1,0,0,1,1,675.0675068,1,1,60.0
0,0,0,3,1,1050.126015,1,1,75.0
1,1,0,3,1,1689.473684,0,1,64.2
0,0,1,3,1,1645.264848,1,1,82.0
0,0,0,2,1,1100.110011,1,1,50.0
1,0,0,1,1,650.174437,1,1,20.5
1,0,0,3,1,1630.257581,1,1,50.0
0,0,0,2,1,950.0542888,1,1,35.0
1,0,0,1,1,566.0377358,1,1,30.0
1,0,1,1,1,449.98977300000007,1,1,66.0
1,0,0,2,1,930.2325581,1,1,34.0
1,1,0,2,1,1250.0,0,1,82.0
1,0,0,2,1,1312.658955,1,1,160.0
1,0,0,4,1,3887.887463000001,1,1,1100.0
0,0,0,2,1,825.1404494,1,1,23.5
0,0,0,2,1,1209.677419,1,1,45.0
0,0,0,2,1,1135.190918,1,1,55.0
1,0,1,2,1,1000.0,1,1,120.0
1,1,0,2,1,880.4539229000001,0,1,270.0
1,0,1,3,1,1271.161958,1,1,220.0
1,0,0,3,1,1843.204719,1,1,150.0
0,0,0,2,1,650.0,1,1,26.0
0,0,0,2,1,985.2216749,1,1,26.0
1,1,0,3,1,1133.658315,0,1,100.0
0,0,0,2,1,1029.962547,1,1,66.0
1,0,0,1,1,565.0297925,1,1,55.0
0,1,0,2,1,1300.390117,0,1,20.0
1,0,0,2,1,1000.0,1,1,90.5
0,0,0,3,1,1329.665291,1,1,29.0
1,0,0,2,1,1150.020125,1,1,200.0
0,0,0,2,1,1085.141903,1,1,52.0
1,0,0,2,1,1014.040562,1,1,130.0
1,0,0,1,1,680.0408024000001,1,1,80.0
0,0,0,2,1,1250.0,1,1,42.0
0,0,0,2,1,820.0455581,1,1,18.0
1,0,1,2,1,1275.076505,1,1,75.0
1,0,1,2,1,1429.090909,1,1,39.3
0,0,0,2,1,850.0991782,1,1,60.0
0,0,0,3,1,1250.0,1,1,32.0
1,0,1,2,1,910.0455023,1,1,130.0
1,0,1,2,1,1000.0,1,1,29.5
1,0,0,2,1,845.18246,1,1,170.0
0,0,0,3,1,792857.1429,1,1,55.5
0,0,0,2,1,1100.110011,1,1,70.0
1,0,0,3,1,1305.328112,1,1,110.0
1,1,1,2,1,583.9893480000001,0,1,250.0
1,1,1,3,1,1437.442502,0,1,750.0
0,0,0,3,1,1451.00717,1,1,170.0
1,0,0,2,1,728.5818369,1,1,170.0
1,0,0,3,1,1600.175362,1,1,73.0
0,0,0,2,1,1290.322581,1,1,42.0
0,0,0,2,1,949.9683344,1,1,30.0
0,1,1,3,1,1835.168502,0,1,110.0
1,0,1,2,1,1030.110935,1,1,65.0
1,0,0,3,1,1512.287335,1,1,200.0
1,0,0,2,1,891.9319023,1,1,24.1
1,0,1,2,1,1050.0922380000002,1,1,74.0
1,0,1,4,1,2250.316056,1,1,89.0
1,1,0,2,1,839.4736842,0,1,31.9
0,0,1,4,1,2224.199288,1,1,75.0
1,0,1,1,1,780.1123362000001,1,1,37.5
1,0,1,3,1,1103.0946279999998,1,1,370.0
0,1,0,2,1,805.0603795,0,1,28.0
1,0,0,3,1,1400.084854,1,1,33.0
1,1,0,3,1,3499.798089,0,1,520.0
1,0,0,3,1,1844.734819,1,1,48.0
0,0,0,2,1,1250.0,1,1,70.0
1,0,1,4,1,2272.973266,1,1,420.0
0,0,0,3,1,1429.796969,1,1,50.0
1,1,1,3,1,1634.229684,0,1,110.0
0,0,0,2,1,969.6969697,1,1,35.2
1,0,0,3,1,1680.142812,1,1,160.0
1,0,1,2,1,1260.151218,1,1,45.0
1,1,0,3,1,1352.002409,0,1,44.9
1,1,0,2,1,675.0572082,0,0,11.8
1,0,0,3,1,1400.025455,1,1,330.0
1,1,1,2,1,1240.9513960000002,0,1,72.0
1,0,0,2,1,1060.220526,1,1,50.0
1,0,0,2,1,1246.185148,1,1,49.0
0,0,0,2,1,1150.139882,1,1,37.0
0,0,0,2,1,1064.112796,1,1,40.0
1,0,0,3,1,1646.341463,1,1,54.0
0,1,1,3,1,1398.210291,0,1,75.0
1,0,0,3,1,997.2429166,1,1,170.0
1,0,0,3,1,1600.2415460000002,1,1,53.0
1,1,1,1,1,650.9635973999999,0,1,76.0
1,0,0,4,1,5250.032813000001,1,1,2000.0
1,0,0,3,1,1500.0,1,1,84.0
1,1,1,2,1,747.8632478999999,0,1,140.0
1,0,1,3,1,1690.087353,1,1,89.0
0,0,1,3,1,1540.238737,1,1,80.0
0,0,0,3,1,900.2250562999999,1,1,24.0
0,0,0,2,1,1439.8354470000002,1,1,42.0
1,0,1,3,1,1006.745193,1,0,100.0
1,1,1,3,1,1474.542458,0,1,170.0
0,0,1,3,1,1395.132538,1,1,90.0
0,0,0,2,1,738.0073801,1,1,22.0
0,0,0,3,1,1500.115393,1,1,65.0
1,0,0,3,1,1710.8639859999998,1,1,120.0
1,0,0,4,1,2309.802223,1,1,160.0
1,1,0,3,1,1399.688958,0,1,270.0
1,1,1,3,1,1580.521145,0,1,37.0
0,0,0,4,1,2194.586686,1,1,150.0
0,0,0,3,1,1699.39577,1,1,45.0
1,1,1,3,1,1122.460433,0,0,100.0
0,0,0,2,1,1137.158852,1,1,65.0
1,0,1,3,1,1860.1767170000005,1,1,120.0
1,1,1,2,1,886.0205643999999,0,1,81.0
1,0,0,3,1,1703.577513,1,1,130.0
1,0,0,3,1,1433.823529,1,1,78.0
1,0,1,3,1,1650.165017,1,1,90.0
1,1,1,3,1,1150.0,0,1,46.0
1,0,0,2,1,1264.150943,1,1,33.5
1,1,1,3,1,2578.101304,0,1,340.0
1,0,0,2,1,1276.35648,1,1,45.4
1,0,1,4,1,2950.66708,1,1,95.1
1,0,0,4,1,2199.978,1,1,200.0
1,0,0,2,1,900.0090001,1,1,300.0
1,0,0,3,1,1400.0,1,1,35.0
1,0,1,2,1,1069.37524,1,1,27.9
0,0,0,1,1,520.110957,1,1,15.0
1,0,1,2,1,1063.829787,1,0,100.0
0,1,0,2,1,650.0742942,0,1,35.0
0,0,0,2,1,1067.242443,1,1,34.6
0,0,0,3,1,1499.91177,1,1,85.0
1,0,0,3,1,3273.6680920000003,1,1,620.0
0,0,0,2,1,600.0600059999999,1,1,20.0
0,0,0,1,1,700.0424267999999,1,1,33.0
1,0,0,2,1,1050.0,1,1,63.0
1,0,0,3,1,1213.592233,1,1,200.0
0,0,0,3,1,1101.152369,1,1,43.0
0,0,0,2,1,760.8695652000001,1,1,35.0
1,0,0,2,1,873.015873,1,1,41.8
1,0,0,2,1,1200.006857,1,1,700.0
1,0,1,2,1,1045.296167,1,1,36.0
1,0,0,5,1,5210.959825,1,1,310.0
1,1,1,1,1,367.2865205,0,1,39.7
0,0,0,3,1,1750.0475559999998,1,1,92.0
0,0,0,3,1,1500.176491,1,1,85.0
1,0,0,1,1,650.1950585,1,1,20.0
1,0,0,2,1,999.000999,1,1,80.0
1,0,0,3,1,1820.287936,1,1,110.0
0,0,0,2,1,1300.236407,1,1,44.0
1,0,0,3,1,1300.052002,1,1,75.0
0,0,0,3,1,1425.224522,1,1,73.0
1,0,1,2,1,1142.041399,1,1,96.0
0,0,0,2,1,1325.273192,1,1,57.0
1,1,0,2,1,1149.987766,0,1,47.0
1,0,0,3,1,2292.117662,1,1,180.0
1,1,1,1,1,437.552775,0,0,57.0
1,1,1,1,1,725.0042151,0,1,43.0
1,1,1,1,1,436.6430879,0,1,100.0
1,1,1,2,1,943.7919463,0,1,180.0
0,0,0,2,1,600.0600059999999,1,1,20.0
1,0,0,3,1,1700.051741,1,1,230.0
0,0,0,2,1,1000.0,1,1,35.0
1,0,0,1,1,640.0310318,1,1,49.5
0,0,0,2,1,763.0751642999999,1,1,26.7
0,0,0,1,1,574.1387917999999,1,1,23.0
1,1,0,2,1,1000.0,0,1,36.0
0,0,0,3,1,1300.294406,1,1,53.0
1,1,1,2,1,434.9876223,0,1,36.9
1,1,1,2,1,505.9265684,0,0,140.0
1,0,0,2,1,975.3242953,1,1,100.0
1,0,0,2,1,925.008259,1,1,84.0
1,0,0,1,1,600.0303812999999,1,1,79.0
2,1,0,3,1,2111.111111,0,0,190.0
0,0,0,2,1,1370.238421,1,1,50.0
0,0,0,2,1,80645161.29,1,1,25000.0
1,0,1,2,1,1020.126827,1,1,74.0
1,0,0,3,1,1527.106134,1,1,120.0
0,0,1,1,1,753.0120482000001,1,1,30.0
1,0,1,2,1,1172.969188,1,1,67.0
0,0,0,2,1,620.0177147999999,1,1,35.0
1,1,0,2,1,1000.0,0,1,47.5
1,0,1,3,1,1885.014138,1,1,80.0
0,0,0,2,1,1149.802891,1,1,35.0
1,0,0,2,1,1121.828476,1,1,53.5
1,0,1,2,1,1063.733615,1,1,70.6
1,0,1,2,1,1385.176185,1,1,57.0
0,0,0,1,1,465.1162791,1,1,13.0
1,0,0,3,1,1299.949132,1,1,230.0
1,1,0,2,1,910.023948,0,1,26.6
2,1,1,2,1,1100.052383,0,0,21.0
1,0,1,4,1,2742.098427,1,1,190.0
0,0,0,3,1,992.248062,1,1,32.0
0,0,0,4,1,1450.353291,1,1,39.0
0,0,1,1,1,661.0576923,1,1,49.5
0,0,0,3,1,1390.0955689999998,1,1,32.0
1,0,0,4,1,2199.874293,1,1,280.0
0,1,1,3,1,1820.020222,0,1,90.0
0,0,0,2,1,1115.241636,1,1,48.0
0,0,0,3,1,1382.361073,1,1,50.0
1,1,1,3,1,874.7949699,0,1,160.0
0,0,0,3,1,1350.438893,1,1,40.0
1,0,1,2,1,878.4928027000001,1,1,41.5
1,0,1,3,1,1801.02916,1,1,42.0
0,0,0,2,1,800.0,1,1,35.0
0,0,0,2,1,1080.108011,1,1,48.0
0,0,0,1,1,639.0977444,1,1,34.0
1,0,1,3,1,1072.3273880000002,1,1,490.0
0,0,1,3,1,1855.101529,1,1,74.0
0,0,1,2,1,902.9868025,1,1,39.0
1,0,1,3,1,1966.122202,1,1,65.0
1,0,1,3,1,1412.250079,1,1,44.5
1,1,1,2,1,661.0671937000001,0,0,66.9
0,0,0,3,1,900.0473708999999,1,1,38.0
0,0,0,2,1,774.9753417000001,1,1,55.0
1,0,0,3,1,1690.238013,1,1,98.0
1,0,1,1,1,650.0314531,1,1,62.0
0,0,0,1,1,540.1755571,1,1,16.0
0,0,0,3,1,761.0350076000001,1,1,40.0
1,0,1,3,1,1660.917337,1,1,260.0
0,0,0,1,1,790.2015014,1,1,20.0
1,0,0,2,1,124.947224,1,1,94.7
1,0,0,3,1,1459.498905,1,1,180.0
0,0,0,2,1,930.0833868,1,1,29.0
1,0,0,3,1,1790.111764,1,1,94.5
1,0,0,3,1,2090.106828,1,1,180.0
1,0,0,3,1,1532.56705,1,1,100.0
1,0,0,4,1,2800.074669,1,1,150.0
1,1,1,2,1,1459.71195,0,0,150.0
1,0,0,1,1,721.1197732,1,1,40.7
1,0,1,3,1,1595.150742,1,1,100.0
0,0,1,4,1,2720.348205,1,1,200.0
1,0,0,3,1,2560.106857,1,1,230.0
1,0,0,1,1,550.017188,1,1,32.0
1,0,0,3,1,1881.155251,1,1,170.0
1,0,1,2,1,929.9342633,1,0,58.0
1,0,0,2,1,1110.045916,1,1,220.0
0,0,0,1,1,649.9837504,1,1,40.0
1,0,1,2,1,750.0340924999999,1,1,110.0
1,1,1,3,1,1705.4772059999998,0,1,52.0
0,0,0,2,1,942.951438,1,1,40.0
2,0,0,2,1,609.3189964,1,0,17.0
0,0,0,3,1,1890.359168,1,1,80.0
1,0,1,1,1,665.0281914,1,1,46.0
0,0,0,3,1,1510.003775,1,1,40.0
0,0,0,3,1,1000.0,1,1,30.0
0,0,0,3,1,1302.378256,1,1,23.0
0,0,0,3,1,1700.1229,1,1,41.5
1,0,1,3,1,1548.843899,1,1,140.0
1,0,1,4,1,2388.059701,1,0,160.0
2,1,1,1,1,236.7547279,0,0,16.4
0,0,0,3,1,1571.428571,1,1,110.0
1,0,0,3,1,1745.200698,1,1,120.0
0,0,0,3,1,1850.294365,1,1,66.0
0,1,0,1,1,525.0875146000001,0,1,18.0
1,0,0,3,1,1240.079365,1,1,75.0
0,0,0,2,1,1015.499733,1,1,19.0
1,0,0,2,1,1066.666667,1,1,180.0
1,0,0,2,1,1116.569897,1,1,100.0
1,0,0,8,1,1600.0,1,1,450.0
1,1,0,3,1,2142.857143,0,1,150.0
1,0,1,3,1,1652.619402,1,1,100.0
0,0,0,3,1,1621.972318,1,1,75.0
0,0,0,3,1,1875.167426,1,1,140.0
1,0,0,2,1,1135.1267300000002,1,1,73.0
2,1,0,3,1,1028.571429,0,0,36.0
1,0,0,5,1,2308.027015,1,1,1220.0
1,0,0,4,1,2720.0,1,1,170.0
1,0,1,3,1,1822.125813,1,1,210.0
0,0,1,3,1,1255.0607289999998,1,1,46.5
0,1,1,1,1,161.4639397,0,1,13.5
0,0,1,3,1,2099.002974,1,1,120.0
0,0,0,2,1,895.1707892000001,1,1,38.0
0,0,0,2,1,1500.0,1,1,75.0
0,0,0,2,1,873.1506185000001,1,1,36.0
1,0,0,2,1,1150.202977,1,1,42.5
1,0,0,2,1,963.1849315,1,1,45.0
0,0,0,2,1,1250.0,1,1,32.0
1,0,0,3,1,2680.021657,1,1,99.0
0,0,1,2,1,1305.239605,1,1,70.0
0,0,0,2,1,800.0,1,1,20.0
0,0,0,2,1,1020.942408,1,1,39.0
0,0,0,1,1,647.1438901,1,1,17.9
0,1,0,2,1,970.176069,0,1,27.0
0,0,0,2,1,1100.141044,1,1,39.0
1,0,0,3,1,1500.0,1,1,87.0
0,1,0,2,1,950.0,0,1,57.0
1,0,0,2,1,1106.806862,1,1,100.0
1,0,0,1,1,667.4612634,1,1,16.8
1,1,1,1,1,494.5954799,0,0,60.4
1,1,1,3,1,2082.352941,0,1,70.8
0,0,0,2,1,480.2259887,1,1,8.5
1,0,0,4,1,3410.159925,1,1,290.0
0,0,0,3,1,1560.214529,1,1,32.0
1,0,0,4,1,1815.336463,1,1,58.0
0,0,0,2,1,900.0,1,1,36.0
1,0,0,2,1,675.7854821000001,1,1,49.9
0,0,1,2,1,753.4983854,1,1,28.0
1,0,0,3,1,1756.036375,1,1,280.0
1,0,1,2,1,1156.069364,1,1,150.0
1,0,0,2,1,1441.488665,1,1,110.0
1,1,1,3,1,797.1938776000001,0,1,150.0
1,1,0,3,1,1710.09772,0,1,63.0
1,0,1,2,1,1351.849576,1,1,110.0
1,0,0,2,1,1050.0718470000002,1,1,95.0
0,0,0,2,1,800.0,1,1,29.0
1,0,1,2,1,1479.532164,1,1,50.6
0,0,0,2,1,710.1086048,1,1,17.0
0,0,0,2,1,1060.157791,1,1,43.0
1,0,0,4,1,2666.666667,1,1,100.0
0,0,0,3,1,1620.045361,1,1,150.0
1,0,0,3,1,2448.979592,1,1,240.0
1,0,1,2,1,602.6406618,1,1,110.0
0,0,0,2,1,925.1228679,1,1,32.0
1,1,1,3,1,1422.008313,0,1,260.0
1,0,0,1,1,775.0135627000001,1,1,100.0
0,0,0,2,1,800.1422474999999,1,1,22.5
1,0,0,2,1,1025.2654710000002,1,1,28.0
1,0,0,3,1,1920.355771,1,1,95.0
0,0,0,1,1,585.0441442000001,1,1,55.0
1,1,1,3,1,1650.246305,0,1,67.0
1,0,1,3,1,1316.183069,1,1,220.0
1,1,1,3,1,1074.117647,0,0,91.3
1,1,0,2,1,1306.493758,0,1,270.0
1,0,0,3,1,1635.111876,1,1,95.0
0,0,1,2,1,1260.504202,1,1,28.5
1,0,1,2,1,1341.96861,1,1,230.0
1,1,0,3,1,1333.968556,0,0,56.0
1,0,0,2,1,1183.166609,1,1,34.3
1,1,1,3,1,873.7380032,0,0,70.1
0,0,0,1,1,800.0,1,1,70.0
1,0,0,3,1,1756.146513,1,1,280.0
0,0,0,2,1,1106.147628,1,1,52.0
0,1,0,2,1,1170.117012,0,1,39.0
0,0,0,2,1,1941.747573,1,1,50.0
1,1,0,2,1,827.000447,0,1,37.0
0,0,0,3,1,1370.0648199999998,1,1,93.0
1,0,0,2,1,950.3695882,1,1,18.0
0,0,1,2,1,1265.060241,1,1,84.0
0,0,0,2,1,430.0705316,1,1,25.0
1,0,1,4,1,3890.489914,1,1,270.0
1,0,0,2,1,848.1110254,1,1,33.0
0,0,0,2,1,700.0350017999999,1,1,20.0
0,0,0,3,1,2317.9854600000003,1,1,220.0
1,0,1,3,1,1295.143213,1,1,52.0
1,1,1,2,1,880.0,0,0,30.8
1,1,1,3,1,1575.192097,0,1,57.4
1,1,1,2,1,815.4059681,0,0,23.5
1,0,0,2,1,1117.126407,1,1,130.0
0,0,0,2,1,750.1172058,1,1,32.0
1,1,1,2,1,810.0679878,0,1,56.0
1,0,0,2,1,1125.575022,1,1,230.0
1,0,0,2,1,1305.057096,1,1,40.0
1,0,1,1,1,702.0007019999999,1,1,120.0
1,0,0,3,1,1250.0,1,1,160.0
1,0,0,2,1,960.1396567,1,1,33.0
1,0,0,3,1,2550.133302,1,1,220.0
1,0,0,2,1,1296.574314,1,1,190.0
2,1,1,2,1,591.3043478,0,0,27.2
0,0,0,2,1,1049.859551,1,1,29.9
0,0,0,2,1,600.0960154,1,1,25.0
0,0,0,2,1,850.3401361,1,1,20.0
1,0,0,4,1,3302.999663,1,1,490.0
1,0,0,2,1,1400.070004,1,1,160.0
1,0,1,2,1,1290.0664880000002,1,1,130.0
1,1,0,3,1,1388.518024,0,1,72.8
0,0,0,3,1,1300.213468,1,1,67.0
0,0,0,2,1,1100.052383,1,1,63.0
1,1,1,1,1,305.5023724,0,0,36.7
0,0,1,2,1,939.7693293,1,1,22.0
1,0,1,3,1,1515.151515,1,1,45.0
0,0,0,2,1,875.0280457999999,1,1,39.0
0,0,0,3,1,1150.086256,1,1,60.0
1,0,0,1,1,670.0416915,1,1,90.0
1,0,0,2,1,1291.231365,1,1,110.0
0,0,0,2,1,1500.0,1,1,150.0
0,0,0,2,1,1060.0706710000002,1,1,60.0
1,0,1,3,1,1712.726032,1,1,50.2
1,0,0,3,1,1500.0,1,1,90.0
1,0,0,3,1,1585.037248,1,1,300.0
1,0,0,2,1,1049.960626,1,1,120.0
0,0,0,3,1,2432.01415,1,1,110.0
1,1,1,1,1,460.5319059,0,0,54.2
2,0,0,2,1,1053.333333,1,0,47.4
1,0,0,2,1,932.0578857,1,1,38.0
1,0,0,3,1,1210.0369380000002,1,1,190.0
0,0,0,3,1,1295.057198,1,1,120.0
1,0,0,3,1,1625.37556,1,1,330.0
0,0,0,4,1,2434.8673,1,1,100.0
1,0,0,3,1,1509.73381,1,1,38.0
1,0,1,2,1,1267.135976,1,1,34.2
1,0,0,2,1,1000.0,1,1,110.0
1,0,0,2,1,1337.086559,1,1,38.0
1,0,0,3,1,1314.162028,1,1,85.0
1,0,0,3,1,1076.445904,1,1,59.0
1,0,0,3,1,1641.458553,1,1,140.0
0,0,0,3,1,1400.258509,1,1,65.0
0,0,0,2,1,1222.0428869999998,1,1,53.0
1,0,0,4,1,2488.038278,1,1,650.0
1,1,0,3,1,1281.262024,0,0,33.3
2,0,0,2,1,895.140665,1,0,35.0
1,0,0,2,1,1073.799297,1,1,55.0
1,0,0,2,1,1111.848656,1,1,33.5
1,1,1,2,1,1068.650081,0,1,250.0
1,0,0,2,1,910.021613,1,1,80.0
0,0,0,3,1,1883.239171,1,1,70.0
1,0,0,2,1,1099.975556,1,1,45.0
0,0,0,2,1,815.056313,1,1,55.0
1,0,0,3,1,1798.941799,1,1,170.0
1,0,0,3,1,1880.29661,1,1,71.0
1,0,0,1,1,690.0212313999999,1,1,52.0
0,0,0,4,1,2295.332823,1,1,90.0
1,1,1,3,1,1296.736546,0,0,120.0
1,0,1,2,1,592.02378,1,1,23.9
0,0,0,2,1,1064.891847,1,1,32.0
0,0,0,1,1,554.0780142000001,1,1,25.0
1,0,0,3,1,1574.939425,1,1,91.0
2,1,1,3,1,1319.349147,0,0,67.3
1,0,1,3,1,1126.985858,1,1,310.0
1,0,0,2,1,1050.126015,1,1,75.0
0,0,0,2,1,1150.306748,1,1,30.0
1,0,0,2,1,1070.090958,1,1,80.0
0,0,1,2,1,1010.10101,1,1,33.0
1,1,0,2,1,1058.857473,0,1,36.7
1,0,1,3,1,1504.065041,1,1,74.0
1,0,1,4,1,3200.222624,1,1,230.0
0,0,0,2,1,550.0550055,1,1,20.0
0,0,0,2,1,919.1176471,1,1,30.0
1,0,0,2,1,974.03946,1,1,46.9
1,0,0,2,1,1100.110011,1,1,100.0
0,0,0,2,1,725.1047374,1,1,45.0
1,0,0,2,1,985.8823529,1,1,41.9
1,0,0,1,1,700.0259269,1,1,27.0
0,0,1,2,1,1420.159335,1,1,41.0
1,0,0,3,1,136748.9864,1,0,7420.0
1,0,0,2,1,1272.675737,1,1,44.9
1,1,1,3,1,1917.014372,0,1,82.7
1,0,0,3,1,1799.9856,1,1,500.0
1,1,0,3,1,1311.111111,0,1,59.0
1,0,0,2,1,799.8012916,1,1,16.1
0,0,0,2,1,780.0312012,1,1,25.0
0,0,0,2,1,1116.217991,1,1,34.0
1,0,1,3,1,1100.007021,1,1,470.0
0,0,0,1,1,560.0,1,1,35.0
0,0,0,3,1,1364.087302,1,1,55.0
1,0,1,2,1,733.0303475,1,1,100.0
1,1,1,1,1,447.710762,0,0,26.5
1,0,0,3,1,1841.789852,1,1,46.1
1,0,1,2,1,1250.0,1,1,36.0
0,0,0,3,1,1389.904901,1,1,57.0
2,1,0,3,1,1449.82831,0,0,38.0
0,0,0,3,1,1750.477403,1,1,55.0
1,0,1,2,1,875.1458575999999,1,1,30.0
0,0,0,3,1,1450.209475,1,1,90.0
1,1,0,2,1,952.8272415,0,1,30.5
1,1,1,2,1,647.2288551,0,0,51.5
0,0,0,3,1,1800.0,1,1,63.0
0,0,0,1,1,365.0167908,1,1,50.0
1,0,0,3,1,2500.0,1,1,800.0
0,0,0,1,1,485.0444624,1,1,12.0
0,0,0,2,1,1599.634369,1,1,35.0
0,0,0,2,1,1224.797437,1,1,65.0
1,0,1,3,1,1765.6189370000002,1,1,45.5
1,1,1,3,1,1504.651163,0,1,64.7
1,0,0,2,1,954.0547326,1,1,38.0
0,0,0,2,1,868.0555555999999,1,1,35.0
0,0,0,2,1,950.0206526,1,1,46.0
1,0,0,4,1,2400.0,1,1,75.0
0,0,1,2,1,1100.052383,1,1,42.0
0,0,0,2,1,1304.206065,1,1,40.0
1,1,1,1,1,600.0,0,1,19.2
0,0,0,2,1,1087.7626699999998,1,1,35.2
2,1,1,2,1,711.2881428,0,0,100.0
1,1,1,2,1,761.0350076000001,0,1,130.0
0,0,1,3,1,1463.057791,1,1,100.0
0,0,0,2,1,1183.0819279999998,1,1,80.0
1,0,0,2,1,1024.352532,1,1,26.5
0,0,0,2,1,1008.064516,1,1,75.0
0,0,0,3,1,1399.906673,1,1,60.0
1,0,1,2,1,956.857074,1,1,39.7
0,0,0,3,1,1500.115393,1,1,65.0
1,1,1,2,1,910.0,0,1,18.2
1,1,1,3,1,1224.9443210000002,0,1,44.0
1,0,0,2,1,1050.019091,1,1,110.0
1,0,0,3,1,1700.024934,1,1,750.0
0,0,0,3,1,1000.0,1,1,45.0
0,0,0,2,1,889.8305085000001,1,1,42.0
0,0,0,2,1,600.081367,1,1,29.5
1,0,1,2,1,1080.0,1,1,48.6
0,0,0,2,1,1222.195062,1,1,50.0
1,0,0,1,1,500.0,1,1,36.0
1,1,1,3,1,645.2404318,0,1,26.3
1,0,0,3,1,2015.258385,1,1,140.0
0,0,1,2,1,1297.789337,1,1,49.9
1,0,1,1,1,630.0523062000001,1,1,53.0
0,0,0,3,1,850.3401361,1,1,20.0
1,0,1,1,1,585.0396991,1,1,28.0
1,0,1,1,1,353.9941224,1,1,26.5
1,0,0,3,1,1300.006933,1,1,750.0
1,1,1,1,1,452.0226584,0,1,79.0
0,0,0,2,1,430.5503557,1,1,23.0
0,0,0,2,1,1109.177903,1,1,51.0
1,0,0,2,1,924.0314171,1,1,140.0
1,0,0,1,1,640.0353123,1,1,58.0
1,1,0,1,1,645.0572488,0,1,40.0
1,0,0,4,1,3800.08261,1,1,460.0
1,0,0,2,1,1198.838897,1,1,41.3
1,1,1,3,1,1316.559391,0,1,270.0
1,1,1,2,1,788.0724175,0,1,74.0
1,1,1,3,1,1622.060016,0,1,100.0
0,0,0,3,1,1000.0,1,1,55.0
0,0,0,2,1,1193.775314,1,1,56.0
1,0,0,3,1,2182.227222,1,1,97.0
1,0,1,3,1,1350.0,1,0,43.2
0,0,0,2,1,750.1172058,1,1,32.0
1,0,0,1,1,550.0550055,1,1,45.0
1,0,1,3,1,1341.065603,1,1,37.0
0,0,0,3,1,1104.100946,1,1,70.0
0,0,0,3,1,1520.045601,1,1,80.0
1,0,0,3,1,1787.629603,1,1,100.0
0,0,0,2,1,1018.010963,1,1,65.0
0,0,0,4,1,2160.251375,1,1,110.0
1,0,0,3,1,1985.294118,1,1,270.0
1,0,0,1,1,707.809301,1,1,24.2
0,0,0,3,1,1599.865275,1,1,95.0
1,0,0,3,1,1367.218916,1,1,85.0
1,1,1,3,1,643.4184676,0,1,26.2
1,0,0,2,1,1155.187446,1,1,53.0
1,0,0,4,1,800.0,1,1,62.4
0,0,0,2,1,620.1550387999999,1,1,20.0
0,0,0,2,1,753.0120482000001,1,1,22.5
1,0,0,2,1,855.0205739,1,1,160.0
0,1,0,7,1,3450.106157,0,1,130.0
1,1,1,2,1,926.7840593,0,1,120.0
0,0,0,3,1,1075.05864,1,1,55.0
1,0,0,3,1,1588.042971,1,1,68.0
0,0,0,2,1,840.0840083999999,1,1,28.0
0,1,0,2,1,1295.139418,0,1,85.0
0,0,0,2,1,725.0945776000001,1,1,23.0
1,0,0,3,1,1600.0,1,1,200.0
1,0,1,3,1,1441.051968,1,1,160.0
1,0,1,2,1,875.1406073999999,1,1,38.9
0,0,0,3,1,1241.105411,1,1,75.0
0,0,0,2,1,1079.9865,1,1,32.0
1,0,1,3,1,1740.0615710000002,1,1,130.0
1,1,1,2,1,680.0,0,0,20.4
1,1,0,5,1,2869.8147670000003,0,1,110.0
0,0,0,2,1,567.0103092999999,1,1,22.0
0,0,0,2,1,1650.165017,1,1,65.0
1,0,0,4,1,2691.511387,1,1,130.0
2,1,1,3,1,604.1426928,0,0,21.0
1,0,1,3,1,950.0777336,1,1,110.0
0,0,0,3,1,1695.253291,1,1,85.0
1,0,0,2,1,900.2520706,1,1,25.0
1,0,0,1,0,260.0065917,1,1,71.0
1,0,0,2,1,1179.523473,1,1,200.0
1,0,0,2,1,1132.342534,1,1,320.0
0,0,0,2,1,1000.0,1,1,16.5
0,0,0,2,1,1100.110011,1,1,40.0
1,0,0,4,1,3279.917534,1,1,350.0
1,1,1,3,1,1750.0648170000002,0,1,270.0
0,0,0,1,1,400.0,1,1,22.0
1,0,1,3,1,1730.7692309999998,1,1,72.0
1,0,0,2,1,1274.869616,1,1,66.0
1,0,0,1,1,550.0,1,1,55.0
0,0,0,2,1,1210.165389,1,1,60.0
0,0,0,3,1,1300.1383130000002,1,1,47.0
1,0,0,4,1,4600.022439,1,1,410.0
0,0,0,2,1,900.0321439999999,1,1,28.0
1,0,1,2,1,1165.286722,1,0,38.0
1,0,0,3,1,1500.0789519999998,1,1,190.0
0,0,0,2,1,1000.0,1,1,18.0
1,0,0,2,1,800.0,1,1,32.0
0,0,0,2,1,1100.0,1,1,55.0
0,0,0,3,1,1230.149855,1,1,55.0
0,0,0,2,1,1349.948079,1,1,65.0
1,0,0,2,1,1080.080235,1,1,70.0
1,0,0,2,1,1156.58363,1,1,130.0
0,0,0,2,1,899.9742864,1,1,35.0
1,0,1,2,1,910.0455023,1,1,130.0
0,0,0,2,1,830.1404852999999,1,1,39.0
1,0,0,2,1,1330.008313,1,1,240.0
0,0,0,2,1,1500.0,1,1,18.0
0,0,1,1,1,625.0,1,1,42.0
1,0,0,1,1,1800.0,1,1,72.0
0,0,0,2,1,220.0130378,1,1,27.0
1,0,0,3,1,1955.246578,1,1,90.0
1,1,1,2,1,597.5723623,0,0,44.8
0,0,0,4,1,2750.275028,1,1,100.0
0,0,0,3,1,1189.262657,1,1,35.0
1,0,0,3,1,1280.0,1,1,48.0
0,1,1,2,1,1200.0,0,1,60.0
0,0,0,2,1,1128.172987,1,1,72.0
1,1,1,2,1,996.5969859,0,1,20.5
1,1,1,2,1,716.9970477,0,1,170.0
1,0,0,2,1,1346.220228,1,1,78.0
0,0,0,2,1,950.1689189,1,1,45.0
1,0,1,1,1,675.0465548999999,1,1,58.0
1,1,1,3,1,879.5481900000001,0,0,190.0
0,0,0,2,1,1200.192031,1,1,25.0
0,0,0,1,1,360.016942,1,1,8.5
1,0,0,3,1,1721.7391300000002,1,1,29.7
1,0,0,1,1,545.0581394999999,1,1,45.0
0,0,1,2,1,1070.336391,1,1,28.0
1,0,1,2,1,926.6802444,1,1,27.3
1,0,1,3,1,1480.484522,1,1,44.0
1,0,1,4,1,3764.544832,1,1,220.0
1,0,0,1,1,608.9743589999999,1,1,38.0
1,0,0,4,1,4019.292605,1,1,250.0
0,0,0,2,1,1290.019937,1,1,110.0
0,0,0,1,1,555.0686532000001,1,1,19.0
1,1,1,2,1,991.7121201,0,1,140.0
1,0,1,2,1,1186.342593,1,1,41.0
1,1,1,2,1,1048.484848,0,0,51.9
0,0,0,2,1,1175.194359,1,1,65.0
1,1,0,3,1,1518.3368369999998,0,1,260.0
1,0,0,3,1,1186.7088609999998,1,1,150.0
0,0,0,2,1,750.085237,1,1,22.0
1,0,0,2,1,930.0265722,1,1,42.0
1,0,0,2,1,979.280688,1,1,50.1
1,1,0,3,1,1304.438861,0,1,62.3
0,0,0,2,1,750.1172058,1,1,32.0
1,1,0,2,1,1313.1572199999998,0,1,51.2
1,0,1,3,1,999.7261024,1,1,36.5
0,0,0,3,1,2304.147465,1,1,120.0
0,0,0,3,1,1715.265866,1,1,110.0
0,0,0,3,1,1800.0391309999998,1,1,92.0
1,0,0,2,1,980.0771208,1,1,61.0
0,1,0,2,1,1065.088757,0,1,54.0
1,1,0,2,1,1336.127849,0,1,51.0
1,0,0,2,1,863.9648131000001,1,1,55.0
0,0,0,1,1,685.3226728,1,1,12.0
1,1,0,4,1,1579.3949699999998,0,1,130.0
1,1,1,3,1,1721.068249,0,1,58.0
1,0,0,4,1,3299.986105,1,1,950.0
0,0,0,4,1,2300.809544,1,1,54.0
0,0,0,4,1,2800.707547,1,1,95.0
1,0,0,2,1,1205.061257,1,1,120.0
1,0,0,1,1,500.0,1,1,27.0
1,1,0,3,1,1620.14299,0,1,52.12
0,0,0,2,1,1040.077659,1,1,75.0
1,0,0,3,1,1913.121765,1,1,170.0
2,0,0,1,1,600.0857265,1,0,14.0
1,0,0,3,1,1200.0,1,1,39.9
1,1,1,2,1,1133.243255,0,1,260.0
1,0,0,2,1,1210.088934,1,1,83.0
1,0,1,2,1,1090.884298,1,1,160.0
1,0,0,3,1,2666.328085,1,1,210.0
1,0,1,3,1,1850.13876,1,1,140.0
1,0,0,2,1,780.0312012,1,1,60.0
1,0,0,2,1,957.0855202,1,1,62.0
1,0,0,1,1,627.3525721,1,1,100.0
1,0,1,3,1,1670.644391,1,1,140.0
0,0,0,3,1,1880.170469,1,1,150.0
1,0,0,2,1,1122.019635,1,1,48.0
0,0,0,2,1,1100.016923,1,1,65.0
1,0,0,3,1,1661.326688,1,1,140.0
0,0,1,3,1,940.5772496,1,1,27.7
1,0,1,2,1,849.6732026000001,1,1,16.9
1,0,0,2,1,720.0288012,1,1,120.0
0,0,0,2,1,1000.0,1,1,60.0
1,1,1,5,1,3187.5,0,0,1530.0
1,0,1,3,1,2135.12277,1,1,140.0
1,0,0,4,1,1900.411147,1,1,41.6
1,0,1,2,1,780.096985,1,1,37.0
1,1,1,3,1,1146.851619,0,1,210.0
1,0,1,2,1,913.3333332999998,1,0,27.4
1,0,0,3,1,1844.399732,1,1,55.0
1,0,1,3,1,845.1156812,1,1,26.3
1,0,0,2,1,1300.079597,1,1,98.0
1,1,1,2,1,959.0609791000002,0,1,67.0
1,1,1,1,1,600.0,0,1,42.0
2,1,1,3,1,1295.647824,0,0,51.8
0,0,0,1,1,499.56559510000005,1,1,11.5
0,0,0,2,1,1410.002203,1,1,64.0
1,0,1,3,1,1837.109614,1,1,150.0
1,0,1,2,1,553.5714286,1,0,46.5
1,1,1,2,1,1145.100605,0,1,70.0
0,0,1,2,1,1198.156682,1,1,26.0
0,0,0,2,1,1049.685094,1,1,30.0
1,0,0,2,1,1135.123336,1,1,52.0
1,0,0,3,1,1817.580965,1,1,110.0
1,0,1,2,1,1245.048104,1,1,110.0
0,0,0,2,1,1105.040973,1,1,44.5
1,0,0,4,1,3594.697821,1,1,320.0
1,0,0,4,1,2032.520325,1,1,580.0
0,1,0,2,1,1045.296167,0,1,21.0
1,1,1,3,1,1550.222977,0,1,73.0
1,0,0,2,1,967.6755199,1,1,47.0
0,0,0,2,1,709.0464548,1,1,29.0
1,0,0,3,1,1698.2133379999998,1,1,96.0
1,0,0,1,1,710.0171587,1,1,120.0
0,0,0,3,1,1350.063532,1,1,42.5
1,1,1,2,1,1290.190457,0,1,63.0
1,0,0,1,1,695.0122649,1,1,25.5
1,0,0,1,1,625.0,1,1,16.9
1,0,0,2,1,1072.727273,1,1,35.4
1,0,0,1,1,612.244898,1,1,3.9
1,0,0,3,1,1176.1411369999998,1,1,84.0
1,0,0,1,1,600.0184621000001,1,1,65.0
1,0,0,2,1,1087.077094,1,1,98.0
1,0,0,3,1,1238.461538,1,1,64.4
1,0,0,2,1,850.0303582,1,1,56.0
1,0,1,2,1,811.9878940000001,1,1,110.0
1,0,1,3,1,1289.728236,1,1,140.0
1,0,1,2,1,1030.135301,1,1,67.0
1,0,1,4,1,4350.190321,1,1,800.0
0,0,1,2,1,1219.074937,1,1,68.0
0,0,0,2,1,1170.117012,1,1,39.0
1,0,0,2,1,1020.042949,1,1,57.0
0,0,1,2,1,1102.080624,1,1,33.9
0,0,0,3,1,1300.034211,1,1,38.0
1,0,0,2,1,1130.085384,1,1,90.0
0,0,0,3,1,1755.241346,1,1,72.0
1,0,0,2,1,1048.018293,1,1,55.0
1,0,1,4,1,2537.151142,1,1,140.0
2,0,1,2,1,966.316952,1,0,17.5
0,0,0,3,1,1532.968341,1,1,64.4
0,0,0,2,1,1000.0,1,1,25.0
1,1,0,1,1,486.828943,0,0,14.6
0,0,0,15,1,3000.107147,1,1,280.0
1,0,0,3,1,2192.476344,1,1,95.0
1,0,1,3,1,1850.013537,1,1,410.0
1,1,1,3,1,2562.870415,0,1,160.0
1,0,0,1,1,773.938085,1,1,21.5
1,0,0,2,1,1288.056206,1,1,33.0
1,0,1,3,1,1281.809614,1,1,68.0
1,0,0,1,1,649.3506494,1,1,14.5
1,0,0,1,1,570.0101131,1,1,62.0
1,0,0,2,1,902.0217729,1,1,58.0
1,0,1,2,1,1025.157233,1,1,32.6
0,0,1,2,1,1000.0,1,1,33.0
1,0,0,3,1,1815.11976,1,1,97.0
0,0,0,3,1,1012.066952,1,1,52.0
1,1,1,2,1,1145.569102,0,1,140.0
1,0,0,2,1,948.8300334,1,1,36.9
1,0,1,1,1,650.0056035,1,1,58.0
1,0,1,3,1,1692.307692,1,1,110.0
1,0,0,6,1,4200.0336,1,1,4500.0
1,0,1,1,1,650.0397984,1,1,98.0
1,0,0,2,1,1086.071138,1,1,160.0
0,0,1,3,1,1400.233372,1,1,60.0
1,0,0,3,1,1592.356688,1,1,60.0
0,0,1,3,1,1869.761444,1,1,58.0
1,0,0,3,1,1895.424837,1,1,58.0
0,0,0,1,1,600.0,1,1,18.0
1,0,0,2,1,883.0612791000001,1,1,33.0
1,1,0,2,1,1100.0,0,1,42.9
0,0,0,2,1,1100.478469,1,1,23.0
1,1,0,1,1,620.0770907000001,0,1,37.0
0,0,0,3,1,1460.209297,1,1,60.0
1,0,0,2,1,1200.05275,1,1,91.0
1,0,1,2,1,1085.169352,1,1,33.0
1,1,1,1,1,317.01782819999994,0,0,48.9
1,1,1,3,1,1342.0980550000002,0,1,98.0
1,0,0,3,1,1500.0,1,1,75.0
0,0,1,3,1,1585.365854,1,1,65.0
1,0,0,3,1,1775.065872,1,1,640.0
0,0,0,2,1,1050.213325,1,1,32.0
0,0,0,3,1,1560.062402,1,1,50.0
1,0,0,3,1,1649.931646,1,1,350.0
1,0,0,3,1,3844.155844,1,1,370.0
0,0,0,3,1,1523.925632,1,1,100.0
1,0,0,3,1,1434.990578,1,1,99.0
0,0,0,2,1,1250.0,1,1,72.0
0,0,1,3,1,1773.0496449999998,1,1,140.0
0,0,1,1,1,745.0924201,1,1,52.0
0,0,0,2,1,1200.218221,1,1,44.0
1,0,0,3,1,1200.0,1,1,19.8
0,0,0,3,1,1250.0,1,1,47.0
1,0,0,2,1,1100.110011,1,1,100.0
1,0,1,2,1,888.372093,1,1,38.2
1,0,0,3,1,1600.2098640000002,1,1,61.0
1,1,0,2,1,1104.827308,0,1,54.7
1,0,1,4,1,5699.577128,1,1,310.0
1,1,0,5,1,2000.0,0,1,110.0
1,0,0,3,1,2456.197806,1,1,150.0
0,0,0,3,1,1648.261085,1,1,100.0
1,0,1,3,1,1368.067035,1,1,240.0
1,1,1,2,1,800.0,0,1,83.0
1,0,1,3,1,1504.802561,1,1,70.5
1,0,0,4,1,2000.0,1,1,150.0
0,0,0,3,1,1220.32765,1,1,36.5
0,0,1,2,1,768.0189051,1,1,39.0
1,1,1,2,1,1004.049949,0,1,59.5
0,0,1,3,1,1719.255663,1,1,85.0
1,0,0,2,1,1090.728805,1,1,110.0
0,1,1,3,1,960.7894053,0,1,37.0
1,0,0,2,1,670.0379267000001,1,1,26.5
1,0,1,3,1,2025.072324,1,1,63.0
1,0,0,2,1,1365.138669,1,1,95.0
1,1,1,2,1,1211.020285,0,1,160.0
1,0,0,2,1,788.8888889,1,1,21.3
0,0,0,3,1,1254.125413,1,1,76.0
0,0,1,3,1,1220.1257859999998,1,1,48.5
0,0,0,3,1,1350.2285,1,1,65.0
1,0,0,2,1,1169.826543,1,1,58.0
0,1,0,4,1,3400.3548200000005,0,1,230.0
1,0,1,2,1,1191.211506,1,1,270.0
1,1,1,2,1,1102.083333,0,0,52.9
0,0,0,1,1,600.0,1,1,45.0
0,0,0,3,1,1149.6571199999998,1,1,57.0
0,0,0,2,1,940.1020682,1,1,70.0
0,0,0,2,1,1099.937146,1,1,70.0
1,0,0,4,1,4200.50406,1,1,300.0
1,0,0,2,1,1260.886028,1,1,33.3
0,0,0,3,1,920.0507614,1,1,29.0
1,0,1,2,1,1124.96943,1,1,92.0
1,0,0,1,1,690.0726392000001,1,1,57.0
0,0,1,1,1,450.1385042,1,1,13.0
0,0,0,3,1,1875.073245,1,1,160.0
1,1,1,1,1,351.61290319999995,0,0,54.5
1,0,0,1,1,690.1157614,1,1,31.0
0,0,0,3,1,1500.150015,1,1,50.0
0,0,0,2,1,1195.028681,1,1,50.0
0,0,0,3,1,1230.12869,1,1,65.0
0,0,0,2,1,840.0152730000001,1,1,22.0
0,0,0,2,1,1190.046881,1,1,33.0
1,0,0,3,1,2614.379085,1,1,100.0
0,0,0,4,1,1722.201423,1,1,92.0
1,0,0,3,1,1671.41874,1,1,170.0
0,0,0,3,1,1576.004067,1,1,62.0
0,0,0,3,1,1949.064449,1,1,75.0
1,0,0,2,1,1354.17949,1,1,220.0
1,0,0,2,1,972.6766292,1,1,110.0
0,0,0,4,1,1800.411523,1,1,35.0
0,0,1,2,1,915.1265028,1,1,51.0
1,1,1,2,1,486.0176462,0,0,65.0
0,0,0,2,1,1420.150054,1,1,53.0
1,0,0,2,1,506.0728745,1,1,30.0
0,0,1,2,1,957.6465679,1,1,45.9
1,0,1,2,1,1167.618059,1,1,180.0
1,0,0,2,1,1534.195933,1,1,83.0
1,0,0,1,1,665.2283351,1,1,18.5
1,0,0,2,1,910.0,1,1,45.5
0,0,0,4,1,1764.9135190000002,1,1,100.0
1,0,0,4,1,2595.508895,1,1,89.0
1,0,0,2,1,963.0005068,1,1,38.0
0,0,0,11,1,4000.0,1,1,55.0
1,0,0,1,1,600.0,1,1,75.0
1,0,0,4,1,4536.793393999999,1,1,500.0
1,1,1,1,1,725.0042151,0,1,43.0
1,0,0,2,1,700.0112905,1,1,62.0
1,0,0,2,1,1205.369894,1,1,42.2
1,0,0,1,1,650.026001,1,1,100.0
1,0,0,2,1,622.6878136,1,1,170.0
0,1,1,3,1,1490.066225,0,1,9.0
1,0,0,2,1,1255.994519,1,1,110.0
1,1,1,2,1,917.884629,0,1,130.0
1,0,1,1,1,656.9794404,1,1,42.5
1,0,0,2,1,1056.059139,1,1,120.0
1,0,0,1,1,550.0261917,1,1,63.0
1,0,1,2,1,973.0668983,1,1,56.0
0,0,0,2,1,1190.213798,1,1,54.0
1,0,1,2,1,728.5714286,1,1,20.4
1,1,1,2,1,1169.137,0,1,84.4
1,0,0,3,1,902.086074,1,1,48.0
1,1,1,2,1,849.5670995999999,0,1,78.5
0,1,0,3,1,1516.211803,0,1,65.0
2,1,1,1,1,453.2289628,0,0,57.9
1,0,0,4,1,2189.621196,1,1,100.0
1,0,1,1,1,613.0653265999999,1,1,30.5
0,0,0,3,1,1095.211888,1,1,19.9
1,0,1,2,1,1230.29604,1,1,32.0
1,0,0,2,1,1250.0,1,1,45.0
1,0,0,3,1,1595.1972560000002,1,1,93.0
1,0,0,2,1,786.0752386,1,1,42.0
0,0,0,2,1,1389.317691,1,1,45.0
0,0,1,3,1,1540.041068,1,1,75.0
0,0,0,15,1,15001.15393,1,1,650.0
0,0,0,3,1,1960.01568,1,1,100.0
1,0,0,3,1,1275.8356720000002,1,1,100.0
0,0,0,3,1,1355.33294,1,1,46.0
1,0,0,2,1,1264.181524,1,1,39.0
0,0,0,3,1,1849.948613,1,1,54.0
1,0,0,3,1,2099.133261,1,1,310.0
0,0,0,3,1,1470.096893,1,1,88.0
1,1,1,3,1,1405.0325710000002,0,1,110.0
0,0,0,2,1,790.0677201000001,1,1,28.0
1,1,1,4,1,212444.4444,0,0,9560.0
1,1,1,3,1,1031.231585,0,1,280.0
0,0,0,2,1,1000.0,1,1,29.0
1,0,0,3,1,2080.948913,1,1,200.0
1,1,1,3,1,1319.047619,0,1,55.4
1,0,0,1,1,629.9774159,1,1,53.0
0,0,0,3,1,1450.125733,1,1,86.5
0,0,0,1,1,618.0469716,1,1,30.0
2,1,1,1,1,850.1594049,0,0,16.0
1,1,1,2,1,652.4630480000001,0,0,260.0
1,1,1,2,1,1163.636364,0,1,160.0
1,0,1,3,1,1380.0,1,0,55.2
0,0,0,2,1,1088.007737,1,1,45.0
0,0,0,3,1,1653.074719,1,1,150.0
0,0,0,2,1,995.0248756,1,1,60.0
0,0,0,2,1,860.0917431,1,1,22.5
1,0,1,2,1,880.0492828,1,1,100.0
1,0,0,5,1,2749.210875,1,1,270.0
1,0,0,2,1,890.4109589,1,1,24.7
0,0,0,2,1,1200.120012,1,1,40.0
0,0,0,3,1,2400.384061,1,1,100.0
0,0,0,2,1,950.0285009,1,1,50.0
1,0,0,2,1,1268.011527,1,1,44.0
0,0,0,2,1,1051.051051,1,1,56.0
1,0,0,3,1,1862.145636,1,1,67.0
2,0,1,2,1,1351.152886,1,0,92.0
1,0,0,2,1,990.0990099,1,1,78.0
1,1,1,3,1,126486.4865,0,0,7020.0
1,0,1,3,1,1390.268123,1,1,70.0
1,0,0,2,1,806.5020319,1,1,25.8
0,0,0,2,1,1370.131141,1,1,70.0
1,0,1,2,1,971.4396736,1,1,100.0
0,0,0,2,1,1119.483315,1,1,52.0
1,0,0,3,1,1690.024732,1,1,410.0
1,0,0,1,1,645.0645065,1,1,43.0
1,1,1,2,1,953.5413466,0,1,180.0
0,0,0,3,1,1426.940639,1,1,75.0
1,0,0,3,1,1525.0,1,1,61.0
0,0,0,2,1,968.8162277,1,1,32.0
2,1,0,2,1,859.4229588999999,0,0,28.0
1,0,1,2,1,1148.587056,1,1,37.8
1,1,1,4,1,3065.010486,0,1,190.0
0,0,0,3,1,1775.988634,1,1,150.0
0,0,0,3,1,1950.078003,1,1,100.0
1,0,0,3,1,1234.285714,1,1,43.2
1,1,1,1,1,246.4985994,0,0,48.4
0,0,0,1,1,450.016072,1,1,28.0
1,0,1,2,1,988.0028229,1,1,140.0
1,0,0,3,1,1560.035057,1,1,89.0
1,0,0,2,1,1376.020549,1,1,300.0
1,0,0,3,1,1528.1459539999998,1,1,98.0
0,0,0,2,1,950.0146156,1,1,65.0
0,0,0,4,1,3000.60012,1,1,450.0
1,0,0,3,1,1557.434813,1,1,44.2
0,0,0,2,1,1250.0,1,1,26.0
1,1,1,2,1,945.0506625,0,1,48.5
0,0,0,3,1,1202.1589789999998,1,1,73.5
1,0,0,2,1,799.7148967,1,1,56.1
0,0,0,3,1,1436.265709,1,1,72.0
1,0,0,2,1,988.0815071,1,1,51.4
1,0,0,3,1,1519.971721,1,1,43.0
1,0,0,2,1,1177.059855,1,1,47.0
1,0,1,2,1,1085.031001,1,1,49.0
0,0,0,1,1,530.1339286,1,1,19.0
1,1,1,2,1,1319.0594529999998,0,1,69.0
1,0,0,2,1,1200.0,1,1,96.0
1,0,1,4,1,1799.953906,1,1,78.1
1,0,0,1,1,716.0268129,1,1,47.0
1,0,0,2,1,930.2325581,1,1,36.0
0,0,0,2,1,967.0734515,1,1,42.0
1,0,1,2,1,995.0248756,1,1,84.0
1,0,1,3,1,1430.048243,1,1,41.5
0,0,0,2,1,1229.538462,1,1,99.9
1,1,1,2,1,500.0,0,1,110.0
0,1,0,2,1,1199.904008,0,1,50.0
1,0,0,3,1,1900.121803,1,1,78.0
1,0,0,3,1,1553.398058,1,1,160.0
0,0,0,3,1,1600.0,1,1,70.0
0,0,0,2,1,1076.542147,1,1,100.0
1,0,0,3,1,1900.011875,1,1,320.0
0,0,1,2,1,850.0,1,1,42.5
1,0,0,4,1,2360.056051,1,1,320.0
0,0,0,3,1,1300.052002,1,1,25.0
1,1,1,3,1,1799.729364,0,1,66.5
0,0,0,3,1,1319.648094,1,1,45.0
1,1,1,2,1,898.6889153999999,0,1,37.7
1,0,1,4,1,3195.029953,1,1,720.0
1,0,0,2,1,1450.209475,1,1,90.0
1,1,1,3,1,1777.849741,0,1,54.9
1,0,1,3,1,1815.046737,1,1,600.0
1,0,1,1,1,408.0095411,1,1,65.0
1,0,0,2,1,1100.034376,1,1,160.0
1,0,0,2,1,1158.652652,1,1,140.0
0,0,1,2,1,894.2457232,1,1,23.0
1,0,0,2,1,909.1762057,1,1,96.9
1,0,0,3,1,1483.1981460000002,1,1,51.2
1,0,0,2,1,1200.120012,1,1,80.0
1,0,0,4,1,2345.819145,1,1,62.0
1,0,0,2,1,983.550377,1,1,28.7
0,0,0,2,1,900.1636661,1,1,22.0
1,0,0,2,1,770.0413391,1,1,95.0
1,0,1,1,1,666.4815329,1,1,120.0
0,0,0,2,1,1049.868766,1,1,28.0
0,0,0,1,1,700.0350017999999,1,1,40.0
1,0,0,3,1,1400.0,1,1,42.0
1,0,0,3,1,1350.135014,1,1,120.0
1,0,1,2,1,1100.046318,1,1,190.0
0,0,1,3,1,1700.037779,1,1,90.0
0,0,0,2,1,800.0,1,1,18.0
0,0,1,1,1,581.9559228999999,1,1,16.9
1,0,1,2,1,573.0002292,1,1,150.0
1,1,1,3,1,706.048482,0,0,120.0
1,0,1,2,1,1250.0,1,1,42.5
0,0,1,2,1,1255.075674,1,1,34.0
1,0,0,4,1,2250.302925,1,1,130.0
1,1,0,2,1,996.3467287,0,1,180.0
1,0,1,3,1,2121.940869,1,1,150.0
2,0,1,1,0,221.6538789,1,0,10.4
0,0,0,2,1,1074.380165,1,1,26.0
1,1,1,3,1,1806.0,0,1,90.3
1,0,0,2,1,1299.82669,1,1,75.0
1,0,0,3,1,1751.5052,1,1,160.0
1,0,1,3,1,1518.159524,1,1,130.0
0,0,0,2,1,900.2057613,1,1,35.0
1,0,0,1,1,595.0733462000001,1,1,21.5
0,0,1,3,1,1524.971407,1,1,40.0
2,1,1,2,1,342.7098755,0,0,62.5
1,0,1,3,1,1575.931232,1,1,55.0
1,0,0,4,1,1850.239443,1,1,85.0
1,0,0,6,1,10800.19637,1,1,660.0
1,1,1,2,1,680.0348736000001,0,0,78.0
1,0,1,3,1,1710.334789,1,1,47.0
1,0,0,3,1,1500.0,1,1,96.0
1,0,0,3,1,1552.967277,1,1,56.0
1,0,0,2,1,1440.121273,1,1,57.0
0,0,0,3,1,1487.173132,1,1,120.0
1,0,1,3,1,1014.507457,1,1,200.0
1,0,1,3,1,1600.0,1,1,96.0
1,0,1,2,1,60725.97215,1,0,7980.0
0,0,0,2,1,1080.246914,1,1,42.0
1,0,0,2,1,1050.2283109999998,1,1,46.0
1,0,1,3,1,1220.220802,1,1,42.0
1,0,0,4,1,1541.745731,1,1,65.0
1,0,0,4,1,3167.779161,1,1,280.0
1,0,0,2,1,1240.694789,1,1,140.0
1,1,0,2,1,1065.049975,0,1,65.0
1,0,0,3,1,1097.836616,1,1,68.0
1,1,1,1,1,750.0340924999999,0,1,110.0
0,0,0,3,1,1150.139882,1,1,37.0
0,0,0,3,1,1600.0,1,1,74.0
2,1,1,3,1,1179.487179,0,0,46.0
0,0,0,2,1,1150.1850869999998,1,1,43.5
0,1,0,3,1,1150.121065,0,1,38.0
1,0,1,1,1,706.0722211,1,1,35.0
1,0,1,5,1,6750.168754,1,1,900.0
1,0,0,2,1,548.417424,1,1,140.0
1,0,1,3,1,1560.8116220000002,1,1,130.0
1,0,1,4,1,1950.078003,1,1,300.0
0,0,0,3,1,1899.936669,1,1,60.0
0,0,0,2,1,1350.277998,1,1,51.0
1,0,0,2,1,1011.494253,1,1,110.0
0,0,1,3,1,1399.688958,1,1,45.0
1,0,0,3,1,1754.385965,1,1,110.0
1,0,0,3,1,2174.102096,1,1,250.0
0,0,0,2,1,1199.717713,1,1,34.0
1,0,0,2,1,697.1556051,1,1,100.0
1,0,1,2,1,681.0958075,1,1,180.0
0,0,0,1,1,592.0344456,1,1,16.5
0,0,0,3,1,1050.013816,1,1,38.0
1,0,1,3,1,1855.058125,1,1,75.0
2,0,0,2,1,753.1194296,1,0,16.9
1,0,0,3,1,1384.981606,1,1,64.0
0,0,0,2,1,1120.079064,1,1,68.0
1,0,1,2,1,1117.55256,1,1,320.0
1,1,1,2,1,1334.167188,0,1,64.0
0,0,0,2,1,1124.974432,1,1,55.0
0,0,0,2,1,1080.394026,1,1,34.0
0,0,0,3,1,1300.191205,1,1,34.0
1,0,1,3,1,1580.882353,1,1,86.0
0,0,0,2,1,1250.0,1,1,38.0
0,0,0,1,1,502.9986458000001,1,1,26.0
1,0,1,3,1,1700.921332,1,1,120.0
1,1,1,2,1,1345.236639,0,1,110.0
0,1,0,1,1,393.8730853,0,1,9.0
1,0,0,3,1,3769.926756,1,1,700.0
0,0,0,2,1,1200.0,1,1,36.0
1,0,1,2,1,1280.45177,1,1,390.0
1,0,0,4,1,2200.1047670000003,1,1,84.0
1,0,0,1,1,550.0084617000001,1,1,260.0
1,0,0,2,1,1253.204215,1,1,44.0
1,1,1,1,1,454.99944510000006,0,0,82.0
1,0,1,2,1,1245.071592,1,1,120.0
1,0,1,4,1,2600.0,1,1,78.0
0,0,0,2,1,1400.1680199999998,1,1,100.0
1,0,1,4,1,2949.482272,1,1,94.0
0,0,0,2,1,1300.236407,1,1,33.0
0,0,0,1,1,727.0323860000001,1,1,11.0
1,0,0,2,1,750.0,1,1,63.0
1,0,0,2,1,1110.0148,1,1,90.0
1,0,0,3,1,1797.5663719999998,1,1,130.0
1,0,0,3,1,1278.04878,1,1,52.4
1,0,0,2,1,973.9614391,1,1,49.0
1,0,0,2,1,1060.025543,1,1,83.0
0,0,0,3,1,1440.167583,1,1,110.0
1,0,1,3,1,1590.36692,1,1,140.0
1,0,1,2,1,674.6139258,1,1,24.9
1,0,1,3,1,1599.607458,1,1,81.5
0,0,0,3,1,1200.104357,1,1,46.0
1,0,1,3,1,1900.057002,1,1,100.0
1,0,0,3,1,1741.9579609999998,1,1,150.0
1,0,0,3,1,2057.498749,1,1,370.0
0,1,0,3,1,1350.256549,0,1,50.0
0,0,0,2,1,788.9447236000001,1,1,47.1
0,0,0,2,1,1120.0,1,1,35.0
1,0,1,2,1,1043.841336,1,1,130.0
1,0,1,4,1,3562.340967,1,1,420.0
1,0,0,1,1,712.0058925,1,1,58.0
1,0,1,2,1,1012.145749,1,1,70.0
1,0,0,1,1,638.8888889,1,1,23.0
1,0,0,2,1,800.0,1,1,80.0
0,1,1,2,1,1005.025126,0,1,50.0
0,0,1,3,1,1555.048725,1,1,75.0
1,0,1,2,1,960.0495509,1,1,62.0
1,0,0,3,1,1684.2680260000002,1,1,92.5
0,0,0,2,1,850.2772643,1,1,23.0
1,0,0,3,1,1900.041305,1,1,230.0
1,0,0,4,1,2912.055911,1,1,250.0
0,1,0,2,1,1262.201279,0,1,75.0
1,0,1,3,1,1848.357792,1,1,52.9
1,0,1,5,1,4761.904762,1,1,210.0
1,0,0,4,1,3200.0,1,1,100.0
1,0,0,3,1,2666.666667,1,1,320.0
1,0,0,4,1,2807.085471,1,1,290.0
1,0,1,1,1,640.060241,1,1,42.5
0,0,0,2,1,899.58159,1,1,21.5
0,0,0,3,1,1474.13562,1,1,110.0
1,1,0,2,1,1090.1162789999998,0,1,30.0
1,1,1,3,1,1533.448342,0,1,640.0
1,1,0,3,1,859.0308369999999,0,1,78.0
1,0,0,4,1,2363.080345,1,1,170.0
1,0,0,2,1,656.0,1,1,41.0
0,0,0,2,1,1087.138317,1,1,65.0
1,0,0,4,1,3550.069636,1,1,1300.0
0,0,0,2,1,1250.0,1,1,55.0
1,0,0,2,1,1189.282627,1,1,68.8
1,0,0,2,1,1258.695652,1,1,57.9
0,0,0,2,1,845.2535761,1,1,26.0
2,1,1,2,1,997.168921,0,0,31.7
1,0,0,3,1,1500.110302,1,1,68.0
2,1,1,3,1,1360.0,0,0,54.4
1,0,1,1,1,649.8700259999999,1,1,32.5
1,1,1,3,1,1306.6771199999998,0,1,100.0
1,0,0,4,1,2030.685921,1,1,90.0
1,0,0,3,1,3092.783505,1,1,270.0
1,0,0,3,1,1448.37575,1,1,140.0
0,0,0,4,1,2073.588135,1,1,72.7
0,0,1,3,1,1684.4833170000002,1,1,52.0
1,0,0,4,1,1776.198934,1,1,120.0
1,0,0,3,1,1569.574404,1,1,52.0
1,0,0,2,1,1100.16044,1,1,48.0
1,0,0,3,1,1620.029455,1,1,110.0
0,0,0,2,1,1008.928571,1,1,45.2
0,0,0,2,1,1200.0,1,1,21.0
1,0,0,3,1,1122.2256960000002,1,1,35.9
0,0,0,2,1,1100.0,1,1,110.0
1,0,1,3,1,1345.072145,1,1,110.0
0,0,0,3,1,1823.281907,1,0,39.0
1,0,0,3,1,1910.201913,1,1,71.9
1,1,1,1,1,415.379334,0,1,24.2
0,0,0,3,1,1350.318471,1,1,53.0
1,0,1,4,1,2204.120747,1,1,230.0
1,0,1,2,1,1133.110687,1,1,95.0
1,0,0,3,1,1559.282142,1,1,53.0
1,0,0,3,1,1850.270424,1,1,65.0
0,0,0,2,1,982.1753365,1,1,54.0
1,0,1,2,1,1174.875734,1,1,130.0
1,0,0,2,1,1268.230818,1,1,60.0
1,0,0,3,1,1836.484832,1,1,270.0
1,0,1,3,1,1990.44586,1,1,75.0
1,0,0,2,1,850.0991782,1,1,30.0
1,0,0,1,1,650.0072223,1,1,45.0
0,0,0,2,1,649.8283472,1,1,26.5
1,0,1,3,1,1773.0496449999998,1,1,110.0
0,0,0,1,1,1094.418466,1,1,110.0
1,0,0,3,1,1554.550594,1,1,110.0
0,0,0,1,1,539.9568035,1,1,30.0
0,0,1,3,1,1500.0,1,1,45.0
1,1,1,4,1,2478.851577,0,1,96.7
1,0,0,2,1,950.0146156,1,1,260.0
0,0,0,2,1,1030.126336,1,1,53.0
1,0,0,4,1,3672.131148,1,1,280.0
0,0,0,3,1,1365.103003,1,1,55.0
1,0,0,3,1,1456.953642,1,1,110.0
1,0,0,2,1,1000.0,1,1,30.0
0,0,1,1,1,538.1165919,1,1,18.0
0,1,1,2,1,1209.677419,0,1,42.0
0,0,0,2,1,1155.045351,1,1,81.5
1,0,0,3,1,1896.733404,1,1,90.0
1,0,0,3,1,1448.035279,1,1,220.0
1,0,1,2,1,1095.311299,1,1,28.5
1,1,0,2,1,800.0,0,1,30.0
0,0,0,3,1,1385.041551,1,1,50.0
0,0,1,3,1,1448.254266,1,1,92.5
1,0,0,2,1,1100.110011,1,1,100.0
1,1,1,1,1,690.0212313999999,0,1,65.0
1,1,1,1,1,650.0436596,0,1,67.0
1,0,0,3,1,1550.120565,1,1,45.0
1,1,0,3,1,102004.0802,0,0,8500.0
1,1,1,3,1,961.5384615,0,0,250.0
1,0,0,2,1,975.0390016,1,1,75.0
1,0,0,3,1,1364.522417,1,1,35.0
0,0,0,2,1,850.1594049,1,1,16.0
0,0,0,2,1,1300.0,1,1,26.0
0,0,0,3,1,1075.0,1,1,43.0
0,0,0,3,1,1252.191335,1,1,50.0
0,0,0,3,1,1585.014409,1,1,66.0
1,0,1,3,1,2044.006252,1,1,170.0
1,0,0,3,1,1850.103832,1,1,98.0
1,0,0,3,1,1675.041876,1,1,170.0
1,1,1,2,1,1002.460585,0,1,110.0
1,0,0,2,1,730.0792657000001,1,1,35.0
1,1,1,2,1,1250.82291,0,1,190.0
1,0,0,2,1,1118.985453,1,1,180.0
1,1,1,3,1,1571.428571,0,0,110.0
0,0,0,3,1,1314.405889,1,1,100.0
0,0,0,2,1,914.9891865,1,1,55.0
1,0,0,2,1,1257.158821,1,1,180.0
1,0,1,2,1,1227.0748119999998,1,1,93.0
1,0,1,4,1,2758.62069,1,1,240.0
1,0,0,3,1,1389.205192,1,1,61.0
1,1,1,1,1,321.0058182,0,1,96.0
0,0,0,3,1,1560.062402,1,1,90.0
1,0,0,3,1,1350.21097,1,1,80.0
1,1,1,4,1,2582.925503,0,1,190.0
1,0,0,3,1,3984.470781,1,1,390.0
1,1,1,2,1,930.0035559,0,1,340.0
1,0,0,2,1,827.2006389,1,0,290.0
0,0,0,2,1,1050.199538,1,1,50.0
1,1,1,2,1,478.217326,0,0,19.1
0,0,0,2,1,950.269243,1,1,30.0
1,0,1,3,1,1883.959044,1,1,82.8
1,0,0,3,1,2850.0021920000004,1,1,1300.0
1,0,0,3,1,1229.773463,1,1,190.0
1,0,0,2,1,920.0690052,1,1,48.0
1,0,0,3,1,1266.222378,1,1,36.1
1,0,1,2,1,1206.155552,1,1,87.0
1,1,1,1,1,762.0164127,0,1,65.0
0,0,0,2,1,772.0144753,1,1,160.0
0,0,0,1,1,425.170068,1,1,10.0
0,0,0,2,1,251.984377,1,1,20.0
1,0,0,2,1,1481.2986050000002,1,1,120.0
0,0,0,3,1,1567.225735,1,1,57.0
0,0,0,3,1,3250.591017,1,1,110.0
1,1,1,2,1,1256.597135,0,1,150.0
0,0,0,2,1,1190.121988,1,1,80.0
1,1,1,3,1,1411.940299,0,0,47.3
1,1,1,2,1,1242.887092,0,1,83.0
0,0,0,2,1,740.0194742000001,1,1,38.0
0,0,0,3,1,1400.0,1,1,70.0
0,0,0,3,1,1668.41453,1,1,350.0
0,0,1,3,1,3150.625809,1,1,73.0
1,0,0,3,1,1418.867925,1,1,37.6
1,0,0,2,1,850.3401361,1,1,20.0
1,0,1,3,1,2578.101304,1,1,170.0
0,0,0,3,1,1919.608348,1,1,74.5
0,0,0,2,1,976.159189,1,1,52.0
0,0,0,2,1,1383.801384,1,1,68.0
0,0,1,2,1,1033.057851,1,1,65.0
0,0,0,3,1,1523.065193,1,1,79.9
1,1,0,3,1,1677.070716,0,1,180.0
1,0,0,3,1,4000.0,1,1,170.0
0,0,0,3,1,1740.020471,1,1,85.0
1,0,0,3,1,1900.029231,1,1,65.0
0,0,0,2,1,938.0329733,1,1,33.0
1,1,1,3,1,1214.329083,0,0,140.0
1,0,1,2,1,1150.103214,1,1,78.0
1,0,0,3,1,1380.150193,1,1,68.0
1,0,0,3,1,1750.087504,1,1,200.0
1,1,0,3,1,1425.178147,0,1,54.0
1,1,1,2,1,1005.180546,0,1,130.0
1,1,1,4,1,214451.6129,0,0,8310.0
0,0,0,2,1,1099.807534,1,1,40.0
1,0,0,4,1,3600.082288,1,1,1400.0
1,0,0,2,1,973.3333332999998,1,1,43.8
1,0,1,4,1,2633.311389,1,1,240.0
1,1,1,2,1,800.0719166,0,1,44.5
0,0,0,1,1,700.2188183999999,1,1,16.0
0,0,0,1,1,555.0114267000001,1,1,17.0
0,0,0,3,1,1399.847289,1,1,110.0
1,0,0,2,1,973.9959993999998,1,1,63.3
1,0,0,3,1,1559.004948,1,1,230.0
2,1,1,1,1,418.5185185,0,0,11.3
1,1,1,4,1,1978.379142,0,0,280.0
0,0,0,3,1,1355.01355,1,1,70.0
2,1,1,3,1,1386.535203,0,0,180.0
0,0,0,2,1,600.0857265,1,1,14.0
0,0,0,3,1,1230.186894,1,1,52.0
1,1,1,3,1,1434.42623,0,1,280.0
1,0,0,3,1,1951.337027,1,1,81.0
1,1,1,2,1,597.6992331,0,0,71.7
0,0,0,2,1,1200.192031,1,1,50.0
1,0,1,3,1,1415.173338,1,1,84.5
1,0,0,3,1,1852.589641,1,1,46.5
0,0,0,2,1,668.0838142000001,1,1,22.0
1,0,0,2,1,950.0662837,1,1,43.0
1,0,0,4,1,3141.566856,1,1,160.0
0,0,0,2,1,900.0473708999999,1,1,19.0
1,0,0,3,1,1936.278824,1,1,110.0
1,1,1,3,1,1655.8119,0,1,150.0
1,0,1,2,1,1345.00427,1,1,63.0
1,0,0,4,1,2359.979633,1,1,92.7
0,0,0,1,1,595.0019833,1,1,15.0
1,0,1,2,1,1008.445733,1,1,160.0
1,0,0,2,1,810.0081001,1,1,180.0
1,1,1,2,1,1102.362205,0,1,51.8
2,1,1,3,1,781.0356653,0,0,91.1
1,0,0,4,1,2653.0411710000003,1,1,270.0
1,0,0,2,1,829.0749817000001,1,1,79.5
0,0,0,2,1,851.1443162,1,1,45.0
1,0,0,2,1,1216.175129,1,1,80.0
0,0,0,2,1,1049.7000859999998,1,1,24.5
1,0,1,2,1,855.0256508,1,1,45.0
2,0,0,2,1,1191.2150869999998,1,0,49.9
0,0,0,3,1,1536.09831,1,1,120.0
0,0,0,2,1,880.0880087999999,1,1,16.0
0,0,0,2,1,2316.680097,1,1,230.0
1,0,0,3,1,1672.0,1,1,50.16
0,0,0,2,1,699.844479,1,1,18.0
0,0,0,4,1,2500.0,1,1,100.0
1,0,1,3,1,1842.04467,1,0,160.0
2,0,1,3,1,1195.489968,1,0,72.1
1,0,0,1,1,630.03663,1,1,43.0
1,0,0,4,1,3000.0545460000003,1,1,1100.0
1,0,0,2,1,1339.060131,1,1,53.0
0,0,0,3,1,1518.026565,1,1,80.0
2,1,1,1,1,374.251497,0,0,130.0
0,0,0,3,1,930.1270417000002,1,1,41.0
0,0,1,2,1,865.7301535,1,1,26.5
0,1,1,2,1,1380.071764,0,1,150.0
1,0,1,2,1,999.4332137,1,1,52.9
2,1,0,3,1,1222.727273,0,0,26.9
1,0,0,2,1,645.6535775,1,1,110.0
0,0,0,1,1,550.0550055,1,1,10.0
0,0,0,3,1,1745.0042219999998,1,1,62.0
1,1,0,2,1,923.1562661,0,1,53.7
0,0,0,2,1,1167.13352,1,1,150.0
1,0,0,2,1,1020.199959,1,1,50.0
1,0,0,3,1,1281.229981,1,1,40.0
1,0,1,2,1,800.0,1,1,13.0
0,0,0,2,1,990.0990099,1,1,29.0
1,0,0,1,1,578.3456624,1,1,17.2
1,0,1,3,1,1959.459459,1,1,69.6
0,0,0,2,1,749.5590829,1,1,8.5
1,1,0,3,1,1284.246575,0,1,60.0
0,0,0,2,1,684.1115102000001,1,1,40.0
0,0,0,2,1,800.0,1,1,28.0
1,0,1,2,1,1238.938053,1,1,33.6
1,0,0,3,1,2235.318025,1,1,220.0
1,1,1,2,1,618.7770715,0,1,110.0
1,0,1,3,1,1570.012756,1,1,160.0
0,0,0,2,1,1129.264777,1,1,47.0
0,0,0,5,1,1300.014445,1,1,90.0
1,0,0,2,1,1175.494399,1,1,170.0
1,0,0,2,1,940.0324149,1,1,29.0
1,0,0,2,1,850.0,1,1,18.7
0,0,0,2,1,1250.0,1,1,60.0
1,0,1,1,1,425.6433763,1,1,130.0
0,0,0,2,1,930.0780601,1,1,56.0
0,1,0,3,1,1400.107701,0,1,52.0
1,0,0,3,1,1718.2130579999998,1,1,270.0
1,1,1,3,1,1639.613051,0,1,100.0
1,0,1,3,1,2167.904179,1,1,400.0
1,0,1,3,1,2475.247525,1,1,130.0
1,0,0,4,1,3104.947216,1,1,150.0
0,0,0,3,1,1335.028608,1,1,42.0
1,0,1,3,1,1080.0,1,0,270.0
0,0,0,3,1,2004.008016,1,1,70.0
1,0,1,2,1,975.9271308,1,1,180.0
1,0,0,3,1,1836.158192,1,1,130.0
1,0,0,3,1,1655.328798,1,1,73.0
1,0,1,2,1,808.4541202,1,1,140.0
2,1,1,2,1,122452.061,0,0,8110.0
0,0,0,3,1,1315.007429,1,1,88.5
1,0,1,3,1,1680.25698,1,1,68.0
0,0,0,2,1,600.0,1,1,24.0
1,0,1,4,1,2147.523136,1,1,78.9
1,0,0,2,1,916.0716691,1,1,68.0
1,0,0,3,1,2002.574739,1,1,140.0
1,0,1,3,1,1490.729526,1,1,160.0
0,0,0,1,1,500.0,1,1,12.0
1,0,1,3,1,1827.040195,1,1,60.0
1,0,1,4,1,2350.00991,1,1,1660.0
1,0,1,3,1,2350.176263,1,1,140.0
1,0,0,2,1,1070.079731,1,1,51.0
1,0,0,3,1,3843.819543,1,1,380.0
1,0,0,3,1,1680.020677,1,1,130.0
1,1,0,2,1,988.9611372000002,0,1,65.4
1,0,0,2,1,1200.0,1,1,51.0
1,0,0,1,1,650.0640908,1,1,35.5
0,0,0,2,1,1000.0,1,1,22.0
1,0,0,3,1,1430.143014,1,1,65.0
1,0,0,2,1,820.0455581,1,1,18.0
1,0,0,1,1,650.0072223,1,1,45.0
1,0,0,2,1,1184.313725,1,1,30.2
1,0,0,2,1,1272.577997,1,1,31.0
1,0,0,3,1,1777.759614,1,1,870.0
0,0,1,2,1,975.1001219,1,1,56.0
2,1,1,3,1,1450.290058,0,0,72.5
1,0,1,3,1,1266.015091,1,1,250.0
1,0,1,2,1,1219.96997,1,1,65.0
1,1,0,2,1,717.0172084,0,1,90.0
1,1,1,1,1,795.0028392999999,0,1,28.0
1,1,1,3,1,1587.061669,0,1,210.0
0,0,0,4,1,3000.0,1,1,66.0
0,0,0,2,1,1228.011948,1,1,74.0
0,0,1,3,1,1350.024546,1,1,110.0
0,0,0,2,1,484.323222,1,1,19.0
1,0,0,3,1,1640.184521,1,1,96.0
1,0,0,2,1,1052.11041,1,1,85.0
0,0,0,2,1,1000.0,1,1,42.0
1,1,0,3,1,2438.2314690000003,0,1,300.0
1,0,0,3,1,2000.0,1,1,1300.0
1,0,1,1,1,639.9461097999999,1,1,38.0
1,0,0,3,1,1238.041643,1,1,66.0
0,0,0,2,1,1201.0981470000002,1,1,35.0
1,0,0,2,1,1100.244499,1,1,36.0
1,0,0,3,1,1638.123604,1,1,110.0
0,0,0,1,1,354.9245785,1,1,4.0
0,0,0,2,1,1350.21097,1,1,80.0
0,0,0,3,1,2612.031671,1,1,320.0
1,1,0,2,1,929.5894491,0,0,43.7
0,0,0,2,1,1250.0,1,1,150.0
1,0,0,2,1,517.6519308000001,1,1,100.0
1,0,0,2,1,1167.618059,1,1,180.0
0,0,0,3,1,1340.123291,1,1,50.0
0,0,0,3,1,1295.430011,1,1,36.0
0,0,0,2,1,1280.949106,1,1,74.5
1,0,0,2,1,980.031851,1,1,160.0
2,1,0,3,1,1205.583756,0,0,38.0
1,1,1,3,1,1400.0,0,1,210.0
1,0,0,2,1,949.754902,1,1,46.5
0,0,0,1,1,450.1607717,1,1,7.0
1,0,1,2,1,1085.050416,1,1,49.5
1,0,0,4,1,3374.870197,1,1,260.0
1,1,1,3,1,1520.0,0,0,53.2
1,0,0,2,1,979.9675149,1,1,18.1
0,0,1,2,1,1010.10101,1,1,60.0
0,1,0,2,1,915.0552486,0,1,53.0
0,0,0,2,1,1000.0,1,1,18.0
1,0,0,3,1,1610.169492,1,1,76.0
1,0,0,2,1,1050.03889,1,1,81.0
1,1,1,1,1,375.0,0,0,51.0
1,0,0,2,1,1070.336391,1,1,28.0
0,0,0,2,1,805.1529791,1,1,40.0
2,1,1,1,1,679.0622473999999,0,0,42.0
1,0,0,3,1,1842.664777,1,1,52.0
1,1,1,1,1,768.8448513999999,0,1,61.3
0,0,0,2,1,1050.2283109999998,1,1,23.0
1,0,0,2,1,800.0,1,1,300.0
1,0,0,2,1,923.665633,1,1,140.0
1,0,0,3,1,1100.110011,1,1,100.0
1,0,0,2,1,1047.668937,1,1,100.0
0,0,0,2,1,632.0691949,1,1,38.0
1,0,0,2,1,1050.030883,1,1,85.0
1,0,0,2,1,675.0675068,1,1,30.0
1,0,0,3,1,1448.303078,1,1,36.7
1,1,1,3,1,1608.860391,0,1,55.2
1,0,0,2,1,1211.072664,1,1,280.0
0,0,0,2,1,1070.110701,1,1,29.0
1,0,0,2,1,1010.10101,1,1,46.0
1,0,1,3,1,1833.333333,1,1,110.0
1,0,0,3,1,1876.172608,1,1,160.0
1,0,1,1,1,700.0,1,1,35.7
1,0,0,2,1,1062.134891,1,1,140.0
1,0,1,2,1,1040.068201,1,1,61.0
1,0,0,3,1,1250.0,1,1,65.0
1,1,1,3,1,1692.047377,0,1,210.0
0,0,0,2,1,1100.244499,1,1,36.0
0,0,0,3,1,1799.8560120000002,1,1,75.0
1,1,1,4,1,2895.054282,0,1,240.0
2,0,0,2,1,911.410864,1,0,25.0
0,0,0,2,1,900.0216872999999,1,1,41.5
1,0,0,3,1,1660.1135869999998,1,1,190.0
1,0,0,2,1,980.031851,1,1,160.0
0,0,0,1,1,510.0801555,1,1,21.0
1,0,0,2,1,628.1578588,1,1,230.0
0,0,1,3,1,2278.877653,1,1,160.0
1,0,0,3,1,1760.28993,1,1,68.0
1,0,0,3,1,1682.894579,1,1,140.0
1,0,1,4,1,1979.232402,1,1,690.0
1,0,1,2,1,1100.110011,1,1,30.0
1,0,1,4,1,1306.017926,1,1,51.0
1,0,1,2,1,1099.935107,1,1,33.9
1,0,1,3,1,1349.7927550000002,1,1,74.9
0,0,0,2,1,1050.144395,1,1,40.0
0,0,0,2,1,995.0248756,1,1,40.0
1,0,1,1,1,673.7588652000001,1,1,30.4
0,0,0,2,1,1253.918495,1,1,40.0
0,0,0,2,1,1000.0,1,1,22.5
1,0,0,1,1,664.0454347,1,1,15.2
1,0,0,1,1,710.0770509,1,1,47.0
1,1,1,4,1,1772.996364,0,0,590.0
1,0,1,2,1,1020.130577,1,1,75.0
1,0,0,3,1,1350.08438,1,1,72.0
1,1,1,2,1,1042.160114,0,1,66.0
1,0,1,2,1,1193.317422,1,1,120.0
1,0,0,1,1,465.0081376,1,1,200.0
1,0,0,3,1,1250.0,1,1,280.0
1,1,0,1,1,650.0377929,0,1,43.0
1,0,0,3,1,1800.0179999999998,1,1,200.0
0,0,0,2,1,872.0184662999999,1,1,34.0
0,0,0,3,1,1400.1680199999998,1,1,50.0
0,0,0,2,1,1330.008313,1,1,80.0
1,0,1,3,1,1455.133387,1,1,90.0
0,0,0,2,1,1215.180408,1,1,65.0
1,0,0,2,1,1106.139002,1,1,79.1
1,0,0,4,1,1050.019091,1,1,220.0
1,0,0,1,1,575.0130684999999,1,1,55.0
0,0,0,3,1,1300.309598,1,1,21.0
0,0,0,3,1,1890.410959,1,1,69.0
1,0,1,2,1,618.1818182,1,0,170.0
1,0,0,1,1,515.0062156,1,1,87.0
1,0,0,1,1,650.0541712,1,1,42.0
1,1,0,2,1,951.0869565,0,1,42.0
0,0,0,6,1,3840.0,1,1,120.0
0,0,0,2,1,1194.852941,1,1,52.0
0,0,0,2,1,1100.244499,1,1,36.0
1,0,1,2,1,1270.065267,1,1,72.0
1,0,0,2,1,956.1490274,1,1,58.0
0,0,0,3,1,1500.150015,1,1,50.0
1,0,0,2,1,996.7032125,1,1,130.0
1,0,0,4,1,1732.366979,1,1,490.0
0,0,0,3,1,1800.055386,1,1,65.0
1,0,0,2,1,1208.244492,1,1,51.0
2,1,1,3,1,1570.755391,0,0,110.0
1,0,0,2,1,1380.5220880000002,1,1,110.0
0,0,0,2,1,876.1625061000001,1,1,17.9
0,0,0,2,1,8093.52518,1,1,45.0
1,0,0,1,1,1200.087279,1,1,55.0
0,0,0,2,1,842.1052632000001,1,1,40.0
1,0,0,3,1,2227.1714920000004,1,1,130.0
0,0,1,1,1,560.0194789,1,1,23.0
1,0,0,3,1,1556.824079,1,1,180.0
0,0,0,2,1,1208.155047,1,1,48.0
1,0,0,2,1,1096.972356,1,1,50.0
1,0,0,2,1,994.0357853,1,1,170.0
1,0,0,3,1,1311.111111,1,1,47.2
1,0,1,2,1,1119.128258,1,1,76.0
0,0,0,2,1,1200.300075,1,1,32.0
1,0,0,2,1,1150.0,1,1,92.0
1,0,0,4,1,2062.210002,1,1,120.0
0,0,0,2,1,1275.103602,1,1,40.0
0,0,0,3,1,1700.0,1,1,85.0
0,0,0,2,1,1000.0,1,1,26.0
0,0,0,1,1,600.0,1,1,19.8
1,0,0,3,1,1338.752092,1,1,280.0
1,0,0,1,1,655.0218341,1,1,42.0
1,0,1,3,1,1560.20558,1,1,85.0
1,0,0,3,1,789.7426368,1,0,85.0
2,1,1,3,1,1500.0,0,0,69.0
0,0,0,3,1,1713.395639,1,1,110.0
1,0,0,2,1,900.1465355,1,1,43.0
1,0,0,3,1,1486.761711,1,1,73.0
0,0,0,2,1,1400.289715,1,1,58.0
1,0,0,1,1,695.0013365,1,1,26.0
1,0,0,1,1,760.0621869,1,1,44.0
1,0,0,3,1,2200.0,1,1,88.0
0,0,0,2,1,650.0541712,1,1,18.0
0,0,0,1,1,800.0,1,1,26.0
1,0,1,3,1,1470.265526,1,1,67.0
1,0,1,2,1,1126.797905,1,1,170.0
1,0,0,3,1,1540.832049,1,1,120.0
0,0,0,3,1,1377.410468,1,1,45.0
1,0,1,3,1,1448.77544,1,1,42.0
1,0,0,4,1,4457.225018,1,1,310.0
1,0,1,3,1,1550.387597,1,1,54.0
1,0,0,2,1,1020.119014,1,1,36.0
1,0,0,3,1,2409.961173,1,1,180.0
1,1,0,2,1,1120.162933,0,1,44.0
1,1,0,3,1,10732.75862,0,1,24.9
1,0,1,3,1,1553.022155,1,1,72.2
1,1,0,2,1,977.8325123,0,1,39.7
1,0,0,2,1,750.0144234,1,1,130.0
1,0,0,2,1,817.4253549,1,1,16.7
1,0,0,3,1,1197.996079,1,1,55.0
1,1,0,2,1,1250.0,0,1,160.0
0,0,0,2,1,1006.19195,1,1,52.0
1,0,0,1,1,700.0443066,1,1,79.0
1,0,1,3,1,1827.136956,1,1,57.5
0,0,0,1,1,458.0975478,1,1,17.0
0,0,0,2,1,1192.937808,1,1,75.0
1,0,1,3,1,1417.992752,1,1,90.0
1,0,1,3,1,1350.131628,1,1,35.9
2,1,0,3,1,1260.0,0,0,69.3
0,0,1,1,1,525.0154416,1,1,17.0
0,0,0,2,1,2000.0,1,1,32.0
1,0,0,2,1,990.0474181,1,1,190.0
1,1,1,1,1,695.005657,0,1,43.0
0,0,1,3,1,1952.410006,1,1,160.0
0,0,0,2,1,790.0142202999999,1,1,50.0
0,0,0,3,1,1770.224819,1,1,100.0
1,0,0,3,1,1460.138226,1,1,150.0
1,0,1,1,1,407.9545455,1,0,35.9
1,0,0,2,1,1100.110011,1,1,100.0
0,1,0,12,1,4570.848146,0,1,180.0
1,0,1,2,1,1060.220526,1,1,50.0
0,0,0,1,1,670.0167504,1,1,56.0
1,0,0,4,1,1982.957286,1,1,370.0
0,0,0,3,1,1150.0473550000002,1,1,85.0
0,0,0,4,1,1569.858713,1,1,100.0
0,0,0,3,1,1500.0,1,1,45.0
0,0,0,2,1,80.0,1,1,22.0
1,0,0,2,1,1076.6278140000002,1,1,230.0
1,0,0,2,1,1105.040211,1,1,180.0
0,0,0,2,1,650.1950585,1,1,20.0
0,0,0,3,1,1316.907392,1,1,31.0
1,0,1,2,1,1253.333333,1,1,47.0
2,1,1,2,1,859.5041322000001,0,0,41.6
1,0,1,2,1,968.6057774,1,1,170.0
0,0,0,1,1,569.1519636,1,1,20.0
1,0,0,2,1,1264.274062,1,1,31.0
1,0,0,3,1,1276.010993,1,1,130.0
2,1,1,3,1,1774.279616,0,0,66.5
1,0,0,2,1,1076.182385,1,1,38.0
1,0,0,3,1,1951.14337,1,1,250.0
1,1,0,2,1,750.0,0,1,35.4
1,0,1,3,1,1348.888889,1,1,60.7
0,0,0,2,1,880.0521512,1,1,27.0
0,0,0,2,1,924.784217,1,1,22.5
1,0,1,2,1,1295.230263,1,1,63.0
1,0,0,2,1,1100.016923,1,1,65.0
1,1,1,3,1,699.3865031,0,0,79.8
1,0,1,2,1,889.6349140000001,1,1,84.8
1,0,0,2,1,861.2590041000001,1,1,27.5
0,0,0,2,1,1154.142582,1,1,59.9
0,0,0,1,1,595.0234403,1,1,33.0
1,1,0,1,1,583.0223881000001,0,1,75.0
0,0,0,3,1,1562.5,1,1,40.0
1,0,1,2,1,1030.057413,1,1,61.0
0,0,0,1,1,655.0883607999999,1,1,43.0
0,0,0,3,1,1200.0,1,1,42.0
1,1,0,3,1,1245.169601,0,1,87.0
1,0,0,5,1,6599.975486,1,1,7000.0
0,0,0,2,1,1050.110538,1,1,57.0
1,0,0,4,1,2150.023889,1,1,1350.0
1,1,1,2,1,613.034047,0,1,65.0
1,0,0,2,1,1099.974944,1,1,43.9
1,0,0,2,1,1100.244499,1,1,27.0
0,0,0,3,1,1549.123522,1,1,38.0
1,0,0,3,1,1160.513527,1,1,320.0
0,0,0,2,1,850.1259446,1,1,27.0
1,0,0,2,1,1289.740699,1,1,57.2
1,0,1,3,1,1177.502192,1,1,470.0
0,0,0,3,1,1200.0,1,1,27.0
0,0,1,3,1,1530.456076,1,1,50.0
0,0,0,3,1,1584.047708,1,1,85.0
0,0,0,2,1,1019.830028,1,1,54.0
1,1,1,2,1,991.1111111,0,0,44.6
1,0,0,2,1,1320.052802,1,1,110.0
0,0,0,1,1,521.0800568,1,1,22.0
0,0,0,3,1,1299.714063,1,1,50.0
1,0,0,4,1,2570.914389,1,1,300.0
0,0,1,3,1,2010.882423,1,1,170.0
0,0,0,2,1,1028.221396,1,1,47.0
1,1,1,3,1,2580.423189,0,1,150.0
1,0,0,3,1,1690.5330149999998,1,1,170.0
1,0,0,2,1,1034.879264,1,1,54.0
1,0,0,4,1,2614.676292,1,1,460.0
1,0,1,3,1,1715.039578,1,1,130.0
1,1,1,3,1,2249.778565,0,1,76.2
1,1,1,3,1,2492.331288,0,1,130.0
1,0,1,4,1,2174.543346,1,1,75.0
0,0,0,2,1,1000.0,1,1,22.0
0,0,0,2,1,900.1636661,1,1,33.0
0,0,0,4,1,2460.755197,1,1,58.0
0,0,0,1,1,450.0926661,1,1,17.0
1,0,0,2,1,1200.138145,1,1,69.5
0,0,0,3,1,2008.398758,1,1,110.0
2,1,1,1,1,626.9230769,0,0,16.3
1,0,0,2,1,949.70102,1,1,27.0
0,0,0,2,1,1000.0,1,1,25.0
1,0,0,2,1,1110.072447,1,1,95.0
0,0,1,2,1,1182.033097,1,1,70.0
0,0,0,3,1,1100.041511,1,1,26.5
1,0,0,3,1,1650.165017,1,1,100.0
0,0,0,3,1,1400.070004,1,1,80.0
0,1,1,3,1,1654.881902,0,1,110.0
1,0,0,2,1,890.116636,1,1,29.0
0,0,0,2,1,581.2545411,1,1,24.0
1,0,0,2,1,1273.154187,1,1,48.8
1,0,1,3,1,1511.783015,1,1,34.0
1,0,0,2,1,1343.232044,1,1,38.9
0,0,0,2,1,1100.244499,1,1,45.0
1,0,0,2,1,1335.05407,1,1,300.0
1,0,1,3,1,1695.081325,1,1,86.5
1,0,0,3,1,1725.0530789999998,1,1,130.0
1,0,0,2,1,1105.583195,1,1,120.0
0,0,0,2,1,1260.109084,1,1,67.0
1,0,1,3,1,1575.216592,1,1,60.0
1,0,0,2,1,850.0258704,1,1,230.0
1,0,1,2,1,950.0378501,1,1,25.1
1,0,0,3,1,1723.0576440000002,1,1,110.0
0,0,0,3,1,1540.28436,1,1,78.0
1,0,0,3,1,153493.2957,1,0,8700.0
1,0,1,3,1,1168.133323,1,1,150.0
0,0,0,1,1,400.0,1,1,6.0
0,0,0,4,1,1092.804304,1,1,65.0
0,0,0,3,1,800.0,1,1,63.0
1,1,1,2,1,1138.014528,0,1,94.0
1,0,1,2,1,974.0877842,1,1,92.1
0,0,0,3,1,1180.040459,1,1,35.0
0,0,0,3,1,2257.017915,1,1,160.0
0,1,0,3,1,1536.0,0,1,57.6
0,0,0,2,1,876.1682242999999,1,1,30.0
1,0,1,3,1,1429.4466,1,1,140.0
1,0,0,2,1,1181.035937,1,0,70.0
0,0,0,3,1,1593.723183,1,1,130.0
1,1,0,3,1,1050.0,0,0,210.0
1,0,1,2,1,1000.0,1,1,97.0
0,0,0,3,1,1686.340641,1,1,60.0
1,0,0,3,1,2040.081603,1,1,170.0
1,0,0,3,1,1235.177866,1,1,25.0
0,0,0,3,1,1350.438893,1,1,20.0
0,0,1,2,1,1550.034192,1,1,68.0
1,1,0,2,1,800.0,0,1,20.0
1,0,0,2,1,1240.0,1,1,62.0
1,0,0,1,1,719.2088702000001,1,1,24.0
2,1,1,3,1,743.2818754,0,0,65.0
1,0,1,2,1,1050.044683,1,1,47.0
0,1,1,2,1,1358.042156,0,1,96.0
1,0,0,3,1,1350.016464,1,1,41.0
1,1,1,3,1,1383.84755,0,1,61.0
1,0,0,3,1,781.2057741,1,1,55.2
0,0,0,2,1,745.0771687000001,1,1,42.0
0,0,0,2,1,1200.20429,1,1,47.0
0,0,0,1,1,308.6070215,1,1,10.9
1,0,0,3,1,1377.245509,1,1,36.8
1,0,0,3,1,3369.5652170000003,1,1,310.0
1,0,1,3,1,1720.183486,1,1,75.0
0,0,0,3,1,1000.0,1,1,35.0
1,0,0,3,1,1396.1922029999998,1,1,77.0
0,0,0,2,1,850.0303582,1,1,28.0
2,0,1,4,1,2453.125,1,0,78.5
1,1,1,2,1,489.8904427,0,0,110.0
1,0,0,2,1,1114.206128,1,1,40.0
1,0,1,2,1,1156.1928,1,1,37.9
1,0,0,2,1,1075.032909,1,1,98.0
1,0,0,2,1,865.0519031,1,1,80.0
1,0,0,2,1,742.4775302999999,1,1,190.0
1,0,1,2,1,1207.632236,1,1,150.0
1,0,0,1,1,569.3069307,1,1,11.5
0,0,0,3,1,1200.068575,1,1,70.0
0,0,0,5,1,3000.750188,1,1,80.0
1,0,0,3,1,1600.0,1,1,1050.0
0,0,0,3,1,1660.280971,1,1,65.0
0,0,0,2,1,946.8114731,1,1,34.0
0,0,0,1,1,502.0673361,1,1,25.5
0,0,0,2,1,650.0171057,1,1,19.0
0,0,0,2,1,1149.73994,1,1,42.0
1,0,1,5,1,6005.605232,1,1,450.0
0,0,0,2,1,860.0727754000001,1,1,26.0
1,0,0,2,1,1090.08327,1,1,72.0
1,1,1,1,1,675.024108,0,1,42.0
1,0,0,3,1,1498.067743,1,1,65.9
1,0,1,3,1,1880.288311,1,1,60.0
0,0,0,2,1,1350.135014,1,1,45.0
1,0,1,2,1,1050.0,1,1,46.2
1,0,0,4,1,3809.52381,1,1,240.0
0,0,0,1,1,724.0323030000001,1,1,26.0
1,1,1,2,1,996.0820772,0,1,150.0
1,1,0,3,1,1733.102253,0,1,60.0
1,0,0,3,1,1493.333333,1,1,44.8
1,0,1,2,1,1362.15576,1,1,46.0
0,0,0,1,1,580.0158186000001,1,1,22.0
1,0,0,4,1,4099.888185,1,1,550.0
1,0,0,3,1,1364.02387,1,1,96.0
1,0,1,3,1,1731.078905,1,1,86.0
0,0,0,1,1,538.2131324,1,1,20.0
0,0,1,3,1,1390.076989,1,1,65.0
0,0,0,1,1,602.8732683,1,1,23.5
0,0,0,3,1,1124.96943,1,1,46.0
1,0,1,2,1,1093.141659,1,1,36.5
0,0,0,2,1,1114.827202,1,1,60.0
0,0,0,3,1,1285.046729,1,1,55.0
1,0,0,4,1,2565.833896,1,1,190.0
1,0,0,1,1,650.1950585,1,1,20.0
1,0,0,3,1,2300.613497,1,1,60.0
1,1,1,3,1,952.0182787999998,0,1,200.0
1,0,0,3,1,1500.053573,1,1,140.0
1,0,0,3,1,1739.1304350000005,1,1,88.0
1,0,0,2,1,610.2564103,1,1,23.8
1,1,1,3,1,1250.0,0,1,140.0
1,0,1,2,1,1158.301158,1,1,150.0
0,0,0,2,1,900.2520706,1,1,25.0
1,0,0,3,1,1646.22337,1,1,51.0
1,0,1,3,1,1690.617075,1,1,120.0
1,1,0,2,1,711.0352673,0,1,100.0
0,1,0,2,1,750.0506791,0,1,37.0
1,0,0,2,1,969.0816797,1,1,42.0
0,0,0,1,1,635.2087114,1,1,14.0
1,1,1,1,1,471.6517034,0,0,76.7
1,0,0,2,1,472.0207963,1,1,69.0
1,1,1,1,1,613.3333332999999,0,0,18.4
1,0,0,2,1,1110.03861,1,1,92.0
1,1,0,2,1,1286.967826,0,1,79.2
0,0,1,3,1,1587.301587,1,1,72.0
1,0,0,2,1,1200.141193,1,1,68.0
0,0,0,2,1,750.0669703,1,1,28.0
1,0,1,3,1,1300.0,1,1,78.0
1,0,0,2,1,868.0555555999999,1,1,40.0
1,0,1,1,1,596.8992248,1,0,23.1
1,1,0,3,1,1815.076292,0,1,79.7
1,0,0,2,1,1445.0867050000002,1,1,130.0
1,0,0,3,1,1450.163399,1,1,71.0
1,1,1,3,1,1476.31983,0,1,250.0
1,0,1,2,1,1348.558999,1,1,74.4
1,0,0,2,1,1231.313517,1,1,710.0
1,1,0,3,1,833.0177963,0,1,22.0
1,0,0,2,1,1115.03438,1,1,120.0
1,0,0,1,1,549.9699235,1,1,64.0
1,0,0,3,1,1860.307796,1,1,110.0
0,0,0,2,1,1170.212766,1,1,22.0
1,1,1,3,1,1662.561576,0,1,54.0
1,1,1,3,1,1610.0,0,1,64.4
1,0,0,2,1,1152.073733,1,1,120.0
1,0,0,3,1,2000.0,1,1,59.9
1,1,1,2,1,890.0649507000002,0,1,37.0
0,0,0,3,1,1200.120012,1,1,80.0
0,0,0,2,1,1115.1379980000002,1,1,40.0
1,0,1,3,1,1908.093497,1,1,360.0
1,0,0,3,1,2800.016593,1,1,1350.0
0,0,1,2,1,1194.947081,1,1,35.0
1,1,0,1,1,620.0770907000001,0,1,37.0
1,0,0,5,1,5600.244374,1,1,550.0
0,0,0,3,1,1350.256549,1,1,50.0
1,0,1,3,1,1938.817693,1,1,93.8
1,0,0,2,1,1304.8016699999998,1,1,100.0
1,0,0,5,1,5555.555556,1,0,550.0
1,0,0,3,1,1453.8461539999998,1,1,37.8
1,0,1,3,1,1722.222222,1,1,310.0
0,0,0,1,1,484.8936964,1,1,13.0
1,1,1,1,1,315.0,0,0,12.6
1,0,1,1,1,690.0025182999999,1,1,54.8
0,0,0,2,1,800.0,1,1,28.0
0,0,0,2,1,1167.7814939999998,1,1,41.9
1,0,1,3,1,1600.0,1,1,280.0
1,0,1,2,1,1150.121065,1,1,76.0
1,1,0,2,1,910.5263158,0,0,34.6
1,0,1,2,1,963.5316699,1,1,25.1
1,0,0,2,1,850.2673797,1,1,15.9
0,0,1,3,1,2960.0,1,1,370.0
1,0,0,4,1,2285.714286,1,1,100.0
0,0,0,2,1,750.0750075,1,1,25.0
1,0,1,3,1,2118.644068,1,1,130.0
0,0,0,3,1,1250.0,1,1,31.0
1,1,0,3,1,1378.755365,0,1,77.1
0,0,0,2,1,803.1301482999999,1,1,39.0
1,1,1,3,1,1293.81322,0,1,110.0
1,0,0,1,1,580.0704371,1,1,28.0
0,0,0,3,1,1524.489134,1,1,47.0
1,0,0,3,1,1519.949335,1,1,96.0
1,0,0,2,1,1205.061257,1,1,60.0
0,0,0,3,1,1520.064856,1,1,75.0
1,0,0,3,1,1659.344373,1,1,98.2
0,0,0,3,1,1434.907383,1,1,110.0
0,0,0,3,1,1500.0,1,1,45.0
1,0,0,2,1,1169.977925,1,1,53.0
1,0,0,2,1,998.1167608,1,1,31.8
0,0,0,2,1,850.1594049,1,1,24.0
1,0,0,3,1,1549.96353,1,1,85.0
1,0,1,3,1,1672.6711269999998,1,1,130.0
0,0,0,3,1,1350.135014,1,1,45.0
0,0,0,1,1,607.0826307,1,1,36.0
1,0,1,1,1,613.5649602999999,1,1,33.2
0,0,1,2,1,850.1118567999999,1,1,38.0
1,0,1,3,1,1385.207354,1,0,64.8
1,0,0,1,1,704.9534731000001,1,1,75.0
1,0,1,2,1,1165.660998,1,1,170.0
1,0,0,3,1,1703.919014,1,1,170.0
0,0,0,3,1,1925.070339,1,1,130.0
1,1,0,2,1,916.6934706,0,1,28.5
1,0,0,3,1,1722.0595829999995,1,1,100.0
0,0,0,1,1,578.2312925,1,1,10.2
1,0,0,4,1,2155.172414,1,1,130.0
0,0,0,1,1,679.9736784,1,1,31.0
1,0,0,3,1,1680.2067949999998,1,1,91.0
1,0,0,2,1,1221.581269,1,1,36.0
1,0,0,1,1,655.0424128,1,1,13.9
1,0,0,2,1,1119.886832,1,1,95.0
1,1,1,2,1,604.1734443,0,1,130.0
0,0,0,2,1,550.041851,1,1,46.0
1,0,0,2,1,984.9086577,1,1,62.0
1,0,0,3,1,1250.0,1,1,62.0
0,0,0,2,1,1104.875482,1,1,31.5
0,0,0,2,1,792.1837866000001,1,1,30.0
1,0,0,3,1,1380.1615800000002,1,1,61.5
1,0,0,3,1,1725.394897,1,1,71.0
1,0,0,2,1,726.0193605000001,1,1,99.0
0,0,0,2,1,1100.151745,1,1,58.0
1,1,0,2,1,1003.08642,0,1,52.0
0,0,1,2,1,450.0818331,1,1,11.0
0,0,0,3,1,2165.127021,1,1,150.0
1,1,1,2,1,865.0519031,0,1,130.0
1,0,1,2,1,1050.052503,1,1,90.0
0,0,0,2,1,1070.234114,1,1,48.0
0,0,0,6,1,2500.0,1,1,60.0
0,0,0,2,1,1101.141925,1,1,54.0
0,1,0,2,1,1079.136691,0,1,36.0
1,0,0,2,1,1269.971323,1,1,62.0
0,0,1,3,1,1177.163037,1,1,40.0
1,1,0,2,1,1150.1880119999998,0,1,52.0
1,1,0,3,1,1300.0,0,0,28.6
1,0,1,2,1,901.9040196,1,1,81.0
1,0,0,2,1,1106.19469,1,1,160.0
1,0,0,2,1,1215.180408,1,1,65.0
0,0,0,3,1,1640.146879,1,1,67.0
1,1,1,1,1,550.0056122999999,0,1,49.0
0,0,0,3,1,1900.09194,1,1,62.0
1,0,1,2,1,1029.62963,1,1,83.4
0,0,0,3,1,1799.034664,1,1,41.0
0,0,0,3,1,1470.588235,1,1,100.0
1,0,0,2,1,1270.491803,1,1,31.0
0,0,0,3,1,1695.274423,1,1,80.0
1,1,1,2,1,959.5238095,0,1,40.3
0,0,0,3,1,1205.545509,1,1,60.0
1,0,0,4,1,1200.030001,1,1,320.0
1,0,0,1,1,620.0317965,1,1,78.0
1,0,0,2,1,899.9887501000001,1,1,240.0
2,1,1,2,1,826.3527281,0,0,36.5
0,0,0,2,1,750.0604887000001,1,1,62.0
0,1,0,2,1,1000.0,0,1,50.0
0,0,0,3,1,1285.275217,1,1,46.0
1,0,0,3,1,1625.840017,1,1,150.0
1,1,1,1,1,442.2560958000001,0,1,150.0
0,0,0,2,1,1200.12184,1,1,39.4
1,0,0,2,1,1064.9030380000002,1,1,95.0
1,0,0,3,1,1480.129765,1,1,73.0
2,1,1,2,1,763.5467980000001,0,0,310.0
1,0,0,4,1,3000.063159,1,1,950.0
1,0,1,3,1,1888.667992,1,1,190.0
1,1,1,3,1,950.2125076,0,1,31.3
1,1,1,1,1,642.0947298,0,1,38.5
1,1,1,2,1,766.2144499,0,0,170.0
0,0,0,2,1,650.0847937000001,1,1,23.0
1,0,1,3,1,1601.88457,1,1,68.0
0,0,0,1,1,708.1038552,1,1,18.0
0,0,0,4,1,2606.202763,1,1,200.0
1,1,1,1,1,760.8366172,0,1,25.1
1,0,0,3,1,1424.0,1,1,71.2
1,1,0,4,1,3846.153846,0,1,250.0
1,0,0,3,1,1154.43038,1,1,22.8
0,0,0,2,1,1030.078286,1,1,75.0
1,0,0,1,1,775.0952986000001,1,1,30.5
1,0,0,2,1,850.043592,1,1,78.0
1,0,1,2,1,1200.0,1,1,120.0
1,0,0,1,1,680.0,1,1,170.0
1,0,0,2,1,1049.957663,1,1,62.0
1,0,1,3,1,1290.084777,1,1,35.0
1,1,1,3,1,1588.077205,0,1,130.0
1,1,1,2,1,1309.255079,0,1,58.0
0,0,0,3,1,2402.022756,1,1,19.0
1,0,1,1,1,610.0040667000001,1,1,30.0
0,0,1,2,1,606.2992126,1,1,15.4
1,0,0,3,1,1733.3333329999998,1,1,520.0
1,0,0,4,1,1760.0,1,1,220.0
1,0,1,2,1,899.9621069,1,1,95.0
1,0,0,3,1,1830.985915,1,1,1.3
1,0,0,2,1,1125.082727,1,1,85.0
0,0,0,2,1,1150.086256,1,1,60.0
0,0,0,2,1,962.0169182,1,1,58.0
1,0,1,2,1,58250.0,1,0,4660.0
1,0,1,3,1,1423.810966,1,1,47.0
1,0,1,3,1,2250.255711,1,1,66.0
0,0,0,2,1,956.0580989,1,1,52.0
1,0,0,1,1,700.0,1,1,42.0
0,0,0,1,1,420.8416834,1,1,21.0
0,0,1,2,1,1195.028681,1,1,50.0
0,0,0,2,1,1189.885969,1,1,24.0
0,0,0,2,1,1385.041551,1,1,35.0
0,0,0,3,1,1377.790025,1,1,50.0
1,0,0,2,1,1250.0,1,1,63.0
1,0,0,2,1,1158.631415,1,1,59.6
1,0,1,2,1,1300.040346,1,1,290.0
1,0,0,2,1,1150.062353,1,1,83.0
1,0,0,2,1,838.9932082,1,1,42.0
0,0,0,2,1,1209.021158,1,1,52.0
0,0,0,3,1,1250.0,1,1,40.0
0,0,0,2,1,950.0542888,1,1,35.0
0,0,0,3,1,1512.096774,1,1,90.0
1,0,0,2,1,1391.267123,1,1,65.0
1,0,0,2,1,1150.108774,1,1,79.3
0,0,0,1,1,400.0,1,1,10.0
0,0,0,3,1,1400.037334,1,1,75.0
1,0,0,3,1,1359.649123,1,1,31.0
1,0,0,3,1,1143.0946689999998,1,1,330.0
1,0,1,2,1,901.8681555,1,1,42.0
1,1,0,3,1,1048.861601,0,1,41.0
1,1,1,3,1,1232.577984,0,1,130.0
1,0,0,2,1,991.0047263,1,1,65.0
1,0,0,3,1,1530.153015,1,1,85.0
0,1,0,3,1,1060.0706710000002,0,1,42.0
1,0,0,1,1,610.0368324,1,1,53.0
0,0,0,2,1,929.0953545,1,1,38.0
1,0,0,3,1,1454.192923,1,1,120.0
1,1,1,2,1,630.0161613,0,1,230.0
1,0,0,3,1,1241.050119,1,0,130.0
0,0,0,2,1,1040.189125,1,1,22.0
1,0,0,3,1,1490.182328,1,1,85.0
0,0,0,2,1,1175.194359,1,1,65.0
1,0,0,2,1,1080.033232,1,1,78.0
0,0,0,1,1,386.0880664,1,1,12.1
0,0,0,3,1,1300.390117,1,1,40.0
1,0,1,3,1,1593.617021,1,1,74.9
1,0,0,3,1,1274.461437,1,1,310.0
0,0,0,3,1,1650.165017,1,1,60.0
0,0,1,3,1,1595.13238,1,1,97.0
1,0,0,4,1,1564.945227,1,1,40.0
0,0,1,3,1,1330.066503,1,1,76.0
0,0,0,4,1,14204.54545,1,1,150.0
1,0,0,3,1,1670.951157,1,1,130.0
1,0,0,3,1,1850.13876,1,1,160.0
0,1,0,3,1,1745.2402539999998,0,1,77.0
1,0,0,2,1,856.4576910000001,1,1,150.0
1,0,0,3,1,2010.516548,1,1,130.0
1,1,1,3,1,872.1564066999999,0,1,120.0
0,0,0,2,1,1080.205239,1,1,40.0
1,0,0,2,1,1062.2602539999998,1,1,36.0
1,0,0,3,1,1546.747092,1,1,35.9
1,0,1,4,1,3524.392506,1,1,190.0
1,0,0,3,1,1617.720259,1,1,130.0
1,1,1,2,1,668.9635372,0,1,23.3
1,0,0,2,1,820.0455581,1,1,18.0
1,0,0,3,1,1650.165017,1,1,40.0
0,0,0,2,1,910.0894398,1,1,58.0
1,0,0,3,1,1742.7675149999998,1,1,100.0
1,0,0,3,1,1809.74478,1,1,78.0
1,0,0,2,1,991.7633216,1,1,59.0
0,0,1,2,1,1085.048668,1,1,68.0
1,0,0,2,1,950.1187648,1,1,36.0
0,0,0,2,1,1005.025126,1,1,48.0
0,0,0,3,1,1360.078278,1,1,69.5
1,0,0,1,1,610.0057316000001,1,1,74.5
1,1,1,2,1,1278.57871,0,1,87.8
1,0,0,2,1,1414.593894,1,1,120.0
0,0,0,2,1,1025.163094,1,1,44.0
0,0,0,2,1,950.0777336,1,1,55.0
1,0,1,3,1,1654.135338,1,1,110.0
0,0,0,2,1,800.090151,1,1,35.5
1,1,0,1,1,650.0171057,0,1,57.0
1,0,1,4,1,3979.977023,1,1,970.0
0,0,0,1,1,475.0898819,1,1,18.5
0,0,0,2,1,1173.738653,1,1,55.6
0,0,1,1,1,625.0,1,1,17.5
0,0,0,2,1,684.1817187,1,1,25.0
1,0,0,4,1,3040.973111,1,0,190.0
1,0,0,4,1,3799.654577,1,1,330.0
1,0,1,2,1,1115.184846,1,1,36.5
0,0,0,2,1,1300.510915,1,1,28.0
0,0,0,2,1,750.1071582000001,1,1,35.0
1,0,0,2,1,1195.151101,1,1,70.0
1,1,1,3,1,1389.932382,0,1,55.5
1,0,0,2,1,1050.070432,1,1,82.0
1,1,1,1,1,779.9596256,0,1,85.0
1,0,0,3,1,1829.268293,1,1,90.0
0,0,0,1,1,350.0175009,1,1,20.0
0,0,0,2,1,678.9524733,1,1,28.0
1,0,0,3,1,1600.225649,1,1,85.1
1,0,0,2,1,775.0356924,1,1,38.0
1,0,0,2,1,820.034063,1,1,130.0
1,0,1,1,1,590.0401227000001,1,1,25.0
1,0,0,4,1,3100.198413,1,1,250.0
0,0,0,2,1,835.0730689,1,1,80.0
1,0,0,2,1,1147.866013,1,1,110.0
0,0,0,2,1,959.0792839,1,1,30.0
1,0,0,2,1,950.0,1,1,28.5
1,0,0,3,1,2500.0,1,1,220.0
0,0,0,3,1,1200.0,1,1,45.0
1,0,0,3,1,1087.655114,1,1,440.0
1,0,0,2,1,1040.221914,1,1,45.0
1,0,0,2,1,1100.0,1,1,110.0
0,0,0,1,1,630.0779307,1,1,38.0
1,0,0,2,1,1324.981932,1,1,110.0
1,0,0,4,1,2220.812183,1,1,140.0
0,0,1,2,1,409.03141360000006,1,1,50.0
1,0,0,2,1,921.2344542,1,1,160.0
0,0,1,3,1,1296.126868,1,1,85.0
1,1,1,2,1,941.046222,0,1,170.0
1,1,1,3,1,1798.839458,0,1,65.1
1,0,1,2,1,929.4802674,1,1,43.1
1,1,0,2,1,1053.9478390000002,0,0,29.5
0,0,0,2,1,1314.060447,1,1,140.0
1,0,1,2,1,1216.033629,1,1,81.0
1,0,0,4,1,2400.073848,1,1,260.0
1,0,0,2,1,751.0514721,1,1,75.0
0,0,0,1,1,500.0,1,1,28.0
1,0,0,1,0,410.0116272,1,1,67.0
1,0,1,3,1,1600.173461,1,1,36.9
1,0,1,2,1,1334.198994,1,1,82.2
0,0,0,3,1,2047.082907,1,1,180.0
1,0,1,1,1,423.0118443,1,1,60.0
1,0,1,2,1,936.0816944,1,1,99.0
0,0,0,3,1,1800.112507,1,1,96.0
0,0,0,2,1,1100.020371,1,1,54.0
1,0,0,3,1,1727.086183,1,1,50.5
0,0,0,2,1,720.1309329,1,1,22.0
0,0,0,3,1,1510.023431,1,1,58.0
0,0,0,1,1,437.0902279,1,1,14.0
0,0,0,2,1,792.0792079,1,1,24.0
1,0,0,2,1,885.0902184,1,1,46.6
0,0,0,2,1,1130.125928,1,1,35.0
1,1,0,2,1,953.1399426,0,1,29.9
0,0,1,3,1,1416.831964,1,1,100.0
1,0,0,3,1,1336.073998,1,1,78.0
1,0,0,3,1,1474.080747,1,1,180.0
1,1,1,2,1,1145.569102,0,1,140.0
1,0,1,2,1,950.0,1,1,190.0
1,0,1,3,1,1566.951567,1,1,110.0
1,0,0,2,1,1187.150838,1,1,85.0
1,1,1,1,1,328.1721687,0,0,33.7
1,1,0,2,1,686.371241,0,1,160.0
1,0,0,3,1,1661.129568,1,1,60.0
1,0,0,3,1,5000.0,1,1,3000.0
1,1,1,1,1,598.0861244,0,1,40.0
1,0,0,2,1,984.1047218,1,1,42.1
1,0,0,3,1,1725.077175,1,1,190.0
1,0,1,2,1,1000.0,1,1,150.0
0,0,1,2,1,980.0771208,1,1,30.5
1,0,0,2,1,1060.164325,1,1,40.0
0,0,0,3,1,1563.042723,1,1,90.0
0,1,1,3,1,1550.101495,0,1,84.0
1,0,0,2,1,849.6732026000001,1,1,16.9
1,1,1,2,1,1449.695564,0,1,100.0
1,1,1,1,1,618.004532,0,1,90.0
1,0,0,4,1,2300.242131,1,1,76.0
0,0,0,2,1,800.0,1,1,12.0
0,0,0,3,1,1755.241346,1,1,72.0
1,0,1,2,1,970.0044769,1,1,65.0
1,1,1,2,1,1200.111638,0,1,43.0
0,0,0,2,1,1200.192031,1,1,25.0
1,0,0,2,1,874.1258741,1,1,60.0
1,0,1,4,1,2420.168067,1,1,72.0
1,0,0,2,1,1325.181758,1,1,40.1
1,0,1,3,1,1339.848676,1,1,42.5
0,0,0,2,1,650.026001,1,1,50.0
1,1,1,1,1,644.8979592000001,0,0,31.6
1,1,1,3,1,875.111243,0,1,59.0
1,0,0,3,1,1910.037246,1,1,200.0
0,0,0,1,1,798.2673267000001,1,1,12.9
1,1,1,2,1,800.6198347,0,1,31.0
0,0,0,2,1,765.0892604,1,1,27.0
1,0,0,2,1,1120.029867,1,1,120.0
0,0,0,2,1,900.1285898,1,1,21.0
1,0,1,2,1,967.2466735,1,1,37.8
1,0,0,3,1,2082.713478,1,1,140.0
1,0,1,5,1,4401.408451,1,1,200.0
1,0,0,4,1,3204.802116,1,0,630.0
0,0,1,3,1,1586.294416,1,1,50.0
1,0,0,2,1,796.0808327999999,1,1,26.0
1,1,1,2,1,757.1501844,0,0,310.0
1,0,0,2,1,909.8786828,1,1,42.0
1,0,1,3,1,1600.0,1,0,120.0
1,0,1,3,1,1695.030172,1,1,500.0
1,0,0,2,1,1020.110755,1,1,70.0
1,0,0,3,1,1731.173488,1,1,280.0
0,0,1,2,1,1125.054089,1,1,26.0
0,0,0,2,1,1000.0,1,1,32.0
0,0,0,3,1,940.2030839,1,1,25.0
0,0,0,2,1,1278.921056,1,1,110.0
1,0,0,2,1,840.0039529999999,1,1,85.0
0,0,0,2,1,900.0620732000001,1,1,29.0
0,0,0,3,1,2425.154708,1,1,290.0
1,0,0,2,1,1080.074488,1,1,58.0
1,1,1,3,1,1575.028637,0,1,55.0
0,0,0,2,1,998.1070384,1,1,58.0
0,0,0,1,1,635.0082827,1,1,34.5
0,0,0,1,1,565.0857718999999,1,1,28.0
1,1,1,2,1,654.6720836000001,0,1,56.4
0,0,0,2,1,1200.0,1,1,60.0
0,0,0,3,1,2375.92397,1,1,270.0
0,0,0,4,1,1800.08471,1,1,85.0
1,0,0,4,1,3200.0,1,1,300.0
0,0,0,2,1,1305.158484,1,1,42.0
0,0,1,3,1,1517.162905,1,1,80.0
1,0,1,4,1,2876.967338,1,1,170.0
1,0,0,3,1,1420.191417,1,1,46.0
1,0,0,2,1,1680.020677,1,1,130.0
1,0,0,1,1,689.6551724,1,1,40.0
1,1,1,2,1,728.000728,0,1,80.0
0,1,1,3,1,1380.042463,0,1,65.0
0,0,0,1,1,600.0,1,1,15.0
1,0,0,3,1,1785.134697,1,1,110.0
1,1,1,2,1,605.9405941000001,0,0,30.6
1,0,0,2,1,1050.112987,1,1,79.0
0,0,0,2,1,600.0960154,1,1,25.0
0,0,0,2,1,1400.233372,1,1,36.0
0,0,1,2,1,755.7436518,1,1,12.5
0,0,0,1,1,450.02368550000006,1,1,19.0
1,0,0,1,1,985.2216749,1,1,42.0
1,0,0,3,1,1436.287749,1,1,58.5
0,0,0,1,1,411.0715264,1,1,15.0
0,0,0,2,1,1350.21097,1,1,32.0
0,0,0,3,1,1794.526694,1,1,120.0
0,0,0,2,1,1100.070972,1,1,31.0
1,0,0,2,1,1195.161055,1,1,82.0
1,0,0,1,1,549.987778,1,1,45.0
0,0,0,3,1,1399.642644,1,1,47.0
1,0,1,3,1,1191.014983,1,1,500.0
1,0,1,3,1,1308.885755,1,0,46.4
1,0,1,3,1,1580.513202,1,1,42.5
1,0,1,2,1,567.1230657000001,1,0,140.0
0,0,1,3,1,1275.167785,1,1,38.0
0,0,0,3,1,2000.0,1,1,65.0
0,0,0,3,1,1200.300075,1,1,32.0
1,0,1,3,1,1410.23833,1,1,100.0
1,0,0,3,1,1752.717391,1,1,77.4
0,0,0,5,1,4858.299595,1,1,300.0
0,0,0,3,1,1450.189155,1,1,46.0
0,0,0,3,1,1081.825334,1,1,55.0
0,0,0,1,1,516.0421808,1,1,23.0
1,0,0,2,1,1015.02233,1,1,100.0
1,1,1,2,1,1168.861529,0,1,150.0
1,1,1,2,1,1150.103214,0,1,39.0
0,0,0,2,1,820.1202843,1,1,30.0
0,0,0,3,1,1520.0,1,1,95.0
0,0,1,2,1,1046.906866,1,1,77.0
1,0,0,2,1,900.024325,1,1,37.0
1,0,0,4,1,4500.112503,1,1,1200.0
1,0,1,3,1,1226.265823,1,1,46.5
1,1,1,2,1,1267.323495,0,1,310.0
1,0,1,4,1,3000.0,1,1,300.0
2,1,1,2,1,610.2414434,0,0,46.0
1,0,1,3,1,1874.941408,1,1,200.0
0,1,1,2,1,819.9409642999999,0,1,25.0
1,1,0,3,1,1610.222315,0,1,77.5
0,0,0,1,1,537.9076662,1,1,12.7
1,0,0,3,1,2100.608071,1,1,190.0
0,0,0,2,1,950.1689189,1,1,45.0
1,1,1,2,1,950.0901984,0,1,79.0
1,0,0,1,1,633.8615513,1,1,38.0
0,0,1,2,1,895.7654722999999,1,1,110.0
1,0,1,3,1,1545.010248,1,1,98.0
1,0,1,3,1,1500.0,1,1,42.3
1,1,0,1,1,714.9666348999999,0,1,52.5
0,0,0,3,1,1500.176491,1,1,85.0
0,0,0,3,1,1299.790356,1,1,62.0
1,1,1,2,1,1175.213675,0,1,110.0
0,0,0,2,1,980.1577815,1,1,41.0
1,0,0,2,1,1004.408236,1,1,180.0
0,0,0,2,1,1000.0,1,1,35.0
1,0,0,3,1,1646.213708,1,1,110.0
0,0,0,3,1,1500.0,1,1,60.0
1,0,0,4,1,2500.0,1,1,170.0
1,0,0,2,1,1400.0,1,1,70.0
0,0,0,2,1,650.0541712,1,1,42.0
0,0,0,4,1,1800.25718,1,1,42.0
1,1,1,3,1,780.4370447000001,0,0,120.0
1,0,0,3,1,1208.19849,1,1,56.0
1,0,0,3,1,1550.0,1,1,62.0
1,0,0,2,1,1000.0,1,1,80.0
1,1,1,3,1,2315.184416,0,1,290.0
1,0,0,1,1,664.3151088,1,1,56.5
0,1,0,2,1,947.8672986,0,1,58.0
1,1,1,3,1,2172.173317,0,1,190.0
1,0,1,2,1,675.7843926,1,1,25.2
0,0,0,2,1,1080.246914,1,1,28.0
1,1,1,3,1,1850.2581760000005,0,1,86.0
1,1,1,2,1,1194.31506,0,1,100.0
0,0,0,1,1,600.0,1,1,19.5
0,0,0,3,1,1480.111008,1,1,48.0
1,0,0,4,1,2525.743151,1,1,520.0
0,0,0,4,1,1933.404941,1,1,90.0
1,0,0,2,1,1205.93692,1,1,78.0
1,0,1,4,1,2130.131681,1,1,110.0
1,1,1,4,1,2625.054689,0,1,360.0
1,1,1,2,1,1250.37037,0,1,42.2
0,0,0,4,1,1900.057002,1,1,200.0
1,0,0,3,1,1834.792539,1,1,48.2
1,1,1,2,1,1249.578983,0,1,37.1
0,0,0,4,1,2962.962963,1,1,160.0
0,0,0,1,1,552.0504732,1,1,21.0
1,1,1,4,1,2682.563338,0,1,360.0
0,0,0,3,1,1500.176491,1,1,85.0
1,0,1,4,1,3112.033195,1,1,180.0
1,0,1,3,1,2047.315742,1,1,180.0
1,0,1,1,1,686.7924528,1,1,18.2
0,0,0,2,1,926.1709447,1,1,35.0
1,1,0,2,1,1000.0,0,1,35.5
0,0,0,3,1,1626.457034,1,1,120.0
1,1,1,1,1,725.0268528,0,1,54.0
0,0,0,2,1,1097.372488,1,1,35.5
1,0,0,3,1,1666.666667,1,1,160.0
0,0,1,2,1,990.0990099,1,1,39.0
1,0,0,2,1,1000.0,1,1,250.0
1,0,1,3,1,1543.577982,1,1,67.3
0,0,0,2,1,1253.132832,1,1,35.0
1,0,1,3,1,1480.0,1,1,44.4
1,0,0,2,1,1285.046729,1,1,110.0
1,0,0,3,1,1319.124424,1,1,22.9
0,0,0,2,1,1180.092355,1,1,46.0
1,0,0,1,1,579.95029,1,1,56.0
0,0,1,2,1,1250.0,1,1,35.0
0,0,0,1,1,613.1207847999999,1,1,20.0
0,0,0,2,1,1225.078069,1,1,51.0
1,0,1,2,1,924.4992296,1,1,180.0
1,0,0,2,1,1050.019091,1,1,220.0
1,1,1,1,1,410.4038688,0,0,62.8
1,0,0,3,1,1823.985408,1,1,120.0
0,0,0,2,1,950.269243,1,1,30.0
1,0,0,3,1,1400.560224,1,1,30.0
1,0,0,3,1,1050.175029,1,1,45.0
1,0,1,2,1,1236.246755,1,1,100.0
1,1,1,3,1,642.9822367,0,0,25.7
1,0,1,3,1,1791.0447760000002,1,0,120.0
0,0,0,2,1,1086.113266,1,1,14.0
1,0,1,3,1,2031.144211,1,1,300.0
1,1,1,2,1,899.2318119999999,0,1,19.9
1,1,1,3,1,798.60948,0,1,170.0
1,0,0,3,1,1555.9358949999998,1,1,100.0
1,0,0,1,1,729.1666667000001,1,1,31.5
1,0,0,1,1,550.0,1,1,110.0
1,0,0,3,1,1500.0,1,1,75.0
0,0,0,2,1,935.1620948,1,1,45.0
0,0,0,3,1,1315.0,1,1,78.9
1,0,0,2,1,1216.10288,1,1,87.0
0,0,0,2,1,800.0,1,1,20.0
1,0,0,4,1,2993.37182,1,1,140.0
2,1,1,2,1,920.6896552,0,0,26.7
1,1,1,3,1,1540.832049,0,0,80.0
0,0,0,3,1,998.1628904,1,1,48.9
1,1,1,3,1,852.230621,0,0,230.0
0,0,0,3,1,1775.7483510000002,1,1,140.0
1,0,0,2,1,1085.863664,1,1,54.0
1,0,1,3,1,1610.565308,1,0,100.0
0,0,1,1,1,560.0358422999999,1,1,25.0
2,1,1,3,1,1220.232238,0,0,62.0
0,0,0,5,1,981.0333551,1,1,45.0
1,0,0,3,1,1982.441235,1,1,140.0
1,0,1,2,1,590.3118258,1,0,30.1
0,0,0,2,1,840.1084011,1,1,15.5
1,0,0,3,1,1819.017841,1,1,98.9
1,1,1,2,1,480.6151874,0,0,45.0
0,0,0,2,1,929.9442033,1,1,45.0
1,0,0,2,1,1349.693252,1,1,55.0
0,0,0,1,1,810.1851852000001,1,1,21.0
1,1,1,2,1,1199.91865,0,1,59.0
1,0,0,1,1,440.8128158,1,0,41.0
0,0,0,2,1,1413.094677,1,1,90.0
1,0,1,3,1,2800.179211,1,1,250.0
0,0,0,3,1,1400.264201,1,1,53.0
0,0,0,2,1,1025.01025,1,1,50.0
1,0,1,1,1,649.6415771000001,1,1,14.5
1,0,0,3,1,1450.220602,1,1,75.6
1,0,1,2,1,1180.0219539999998,1,1,86.0
0,0,0,2,1,647.836227,1,1,25.0
1,1,1,1,1,366.0089115,0,0,69.0
0,0,0,3,1,1886.373724,1,1,85.0
1,0,1,3,1,2734.808991,1,1,320.0
1,0,1,2,1,1216.075931,1,1,82.0
1,0,1,1,1,659.8984772000001,1,1,32.5
0,0,0,3,1,1503.0060119999998,1,1,90.0
1,0,1,2,1,592.1375921,1,1,24.1
1,0,0,3,1,1349.831271,1,1,24.0
1,0,1,2,1,1134.044001,1,1,100.0
1,0,0,3,1,1503.208066,1,1,82.0
1,1,0,2,1,1758.0872010000005,0,1,100.0
1,0,0,2,1,813.5135134999999,1,1,30.1
0,0,0,2,1,922.0925856,1,1,24.5
1,0,1,2,1,1321.237497,1,1,56.8
1,0,0,2,1,1076.388889,1,1,62.0
0,0,0,2,1,769.9275362000001,1,1,42.5
1,0,1,2,1,803.7922506,1,1,19.5
1,0,1,2,1,1174.875734,1,1,130.0
0,0,0,3,1,1900.525677,1,1,47.0
0,0,0,3,1,1350.135014,1,1,30.0
2,1,1,2,1,1097.95479,0,0,61.2
1,0,0,3,1,1373.944711,1,1,83.0
0,0,1,2,1,677.0567195,1,1,26.5
0,0,1,3,1,1445.229102,1,1,88.0
1,0,0,3,1,1900.016889,1,1,900.0
0,0,0,2,1,650.0541712,1,1,30.0
0,0,0,1,1,730.1107754,1,1,14.5
1,0,1,1,1,290.0012609,1,0,46.0
1,0,0,2,1,1434.599156,1,1,85.0
1,0,1,2,1,1080.089668,1,1,53.0
0,0,0,3,1,1821.50695,1,1,74.7
1,0,0,3,1,1659.160939,1,1,140.0
0,0,0,3,1,1511.9697609999998,1,1,72.0
1,0,0,2,1,1226.800881,1,1,39.0
0,0,0,3,1,1714.089818,1,1,100.0
1,1,1,3,1,1794.292991,0,1,310.0
1,1,1,1,1,689.3773737,0,1,59.9
1,0,0,3,1,2106.248537,1,1,90.0
1,1,0,3,1,2701.659591,0,1,210.0
1,0,0,3,1,1721.2765960000002,1,1,80.9
1,0,0,3,1,1550.160866,1,1,53.0
1,0,0,1,1,537.056928,1,1,35.0
1,0,0,2,1,1040.009788,1,1,85.0
1,0,0,3,1,2249.851983,1,1,38.0
1,0,0,3,1,1480.019734,1,1,120.0
1,0,1,2,1,768.0235082,1,1,230.0
1,0,0,2,1,1082.251082,1,1,40.0
1,0,0,2,1,1280.0,1,1,72.0
1,0,1,3,1,2163.848631,1,1,430.0
0,0,1,3,1,1205.335874,1,1,25.3
0,0,0,2,1,1298.9824640000002,1,1,120.0
1,0,0,4,1,3199.959041,1,1,1250.0
2,1,1,2,1,465.3002517,0,0,64.7
1,0,0,3,1,1852.053601,1,1,170.0
1,0,1,3,1,1496.525922,1,1,140.0
1,1,1,2,1,981.896891,0,1,49.9
0,0,0,2,1,1206.160698,1,1,65.0
1,0,0,2,1,1200.054548,1,1,88.0
0,0,0,2,1,1500.306185,1,1,49.0
0,0,0,2,1,953.2320524,1,1,32.0
0,0,0,2,1,910.0642398,1,1,51.0
1,0,0,2,1,945.3072248,1,1,28.0
1,0,0,2,1,700.097688,1,1,43.0
1,1,1,1,1,685.0,0,1,54.8
1,0,1,1,1,718.9468947,1,0,63.9
1,0,0,3,1,1325.088339,1,1,75.0
1,0,1,3,1,1765.121205,1,1,150.0
1,1,1,2,1,1363.636364,0,0,150.0
1,0,0,3,1,1125.082727,1,1,85.0
0,0,1,2,1,1265.05209,1,1,93.5
1,0,0,2,1,1271.676301,1,1,41.8
1,0,1,4,1,2260.981912,1,1,140.0
0,0,0,2,1,1150.180743,1,1,35.0
1,0,0,2,1,1000.0,1,1,24.5
0,1,0,2,1,948.1882831,0,1,28.0
1,0,0,3,1,1360.153257,1,1,35.5
1,0,0,2,1,1100.110011,1,1,30.0
1,0,0,2,1,1309.090909,1,1,90.0
0,0,1,2,1,820.2833706,1,1,22.0
1,0,0,3,1,1484.241774,1,1,470.0
1,0,0,4,1,1850.024667,1,1,300.0
1,0,0,3,1,2195.0611120000003,1,1,88.0
1,0,0,3,1,1640.097094,1,1,250.0
0,1,0,2,1,1000.0,0,1,60.0
0,0,1,3,1,1592.592593,1,1,86.0
1,0,1,1,1,637.8378378,1,1,23.6
1,0,1,2,1,1855.976244,1,1,300.0
1,1,1,2,1,1236.979167,0,1,190.0
0,0,0,3,1,1349.693252,1,1,55.0
2,0,0,2,1,1211.7647060000002,1,0,51.5
1,1,1,3,1,1699.92609,0,1,230.0
1,0,0,2,1,910.214168,1,1,22.1
1,0,0,2,1,530.0183097,1,1,110.0
0,0,0,3,1,1538.137379,1,1,73.0
1,0,0,4,1,3115.901313,1,1,610.0
1,0,0,2,1,824.9027237,1,1,53.0
0,0,0,3,1,1408.090118,1,1,55.0
0,0,0,2,1,1000.0,1,1,38.0
1,0,0,3,1,1714.285714,1,1,120.0
0,0,1,2,1,1175.89656,1,1,48.2
0,1,0,3,1,750.0,0,1,33.0
0,0,0,2,1,1010.10101,1,1,31.0
1,0,1,2,1,1294.28895,1,1,240.0
1,1,0,2,1,972.7272727,0,1,53.5
0,0,0,1,1,539.9568035,1,1,7.5
0,0,1,1,1,550.0,1,1,22.0
1,0,1,2,1,1184.971098,1,1,61.5
1,0,0,5,1,6000.0,1,1,2100.0
1,1,0,3,1,1195.090439,0,1,37.0
1,0,0,6,1,2630.949534,1,1,110.0
1,1,0,1,1,745.0555405,0,1,55.0
1,1,1,1,1,312.1852971,0,1,12.4
0,0,0,3,1,1478.123768,1,1,75.0
0,0,1,1,1,679.9637352999999,1,1,30.0
1,0,1,3,1,2398.0815350000003,1,1,100.0
1,0,0,3,1,2045.268612,1,1,150.0
1,0,1,4,1,2440.512508,1,1,80.0
1,0,0,3,1,1265.1265130000002,1,1,57.5
0,0,0,2,1,1204.093919,1,1,60.0
0,0,0,2,1,790.0974454,1,1,30.0
0,0,0,3,1,2444.987775,1,1,270.0
1,0,0,2,1,1308.258381,1,1,48.0
0,0,0,2,1,900.090009,1,1,20.0
1,0,1,3,1,2393.031492,1,1,250.0
0,0,0,2,1,900.0,1,1,45.0
0,0,0,2,1,801.7741384999999,1,1,23.5
1,0,1,2,1,1324.955117,1,1,73.8
2,0,1,4,1,6000.0,1,0,75.0
1,0,1,2,1,1030.098181,1,1,64.0
1,1,1,2,1,854.7868061,0,1,170.0
1,0,0,3,1,1765.278792,1,1,72.5
1,0,1,2,1,1191.895113,1,1,180.0
1,0,0,4,1,2364.864865,1,1,140.0
0,0,0,3,1,1730.1038059999998,1,1,85.0
2,1,0,3,1,979.2909793,0,0,27.9
0,0,0,2,1,1180.030257,1,1,39.0
1,0,0,2,1,750.0,1,1,27.0
1,0,0,2,1,1055.037806,1,1,120.0
1,0,0,2,1,1155.0577529999998,1,1,33.0
1,1,1,2,1,933.3046163,0,1,130.0
1,0,0,3,1,1207.289294,1,1,26.5
0,1,1,3,1,2219.531881,0,1,220.0
0,0,0,3,1,1350.277998,1,1,51.0
0,0,0,3,1,1494.209936,1,1,80.0
0,0,0,2,1,1150.0261369999998,1,1,66.0
1,0,0,3,1,1686.568171,1,1,250.0
0,0,0,3,1,1438.010105,1,1,74.0
1,0,0,2,1,1496.296296,1,1,20.2
1,0,1,3,1,1700.1020059999998,1,1,200.0
1,0,0,3,1,1400.233372,1,1,60.0
1,0,1,2,1,948.7516426,1,1,36.1
1,1,0,3,1,1600.0,0,1,64.0
1,1,1,2,1,757.7807847999999,0,1,140.0
1,0,0,3,1,1409.978308,1,1,78.0
1,0,0,2,1,1891.831738,1,1,170.0
0,0,0,3,1,2215.028114,1,1,130.0
0,0,0,2,1,1300.148588,1,1,70.0
0,0,0,2,1,1139.287027,1,1,31.0
0,0,0,2,1,1310.370648,1,1,35.0
0,1,0,3,1,1362.5,0,1,43.6
0,0,0,3,1,1925.236644,1,1,120.0
0,0,0,3,1,1605.334651,1,1,65.0
1,1,1,4,1,2058.823529,0,0,140.0
1,0,1,4,1,1960.719152,1,0,590.0
1,1,1,3,1,1749.908859,0,1,96.0
1,0,0,2,1,690.0517539,1,1,24.0
1,0,1,2,1,667.4453529,1,1,160.0
0,0,0,3,1,1650.235748,1,1,77.0
1,1,0,4,1,3552.243979,0,1,410.0
1,0,0,3,1,2100.134409,1,1,250.0
0,0,0,3,1,1470.255598,1,1,65.0
1,0,0,2,1,461.6061883,1,1,73.4
1,0,0,3,1,1566.41604,1,1,150.0
1,0,1,3,1,1639.2028300000002,1,1,190.0
0,0,1,1,1,650.1547988,1,1,21.0
0,0,0,3,1,1200.4175369999998,1,1,23.0
0,0,0,3,1,1680.1739469999998,1,1,85.0
0,0,0,2,1,900.090009,1,1,30.0
0,0,0,1,1,515.8730159,1,1,11.7
0,0,0,3,1,1740.230976,1,1,110.0
1,0,1,2,1,1006.036217,1,1,210.0
0,0,0,2,1,1330.059341,1,1,65.0
1,0,0,2,1,787.6923077,1,1,320.0
0,0,0,2,1,899.9357189,1,1,42.0
0,0,1,1,1,655.0218341,1,1,33.0
1,1,0,3,1,1788.9630079999995,0,1,59.0
1,0,0,2,1,1157.052918,1,1,68.0
1,0,0,2,1,895.9276017999999,1,1,19.8
1,0,0,1,1,710.0209779,1,1,44.0
0,0,0,2,1,1250.0,1,1,68.0
1,0,0,2,1,1392.111369,1,1,120.0
1,0,0,4,1,1972.775695,1,1,100.0
1,0,0,2,1,900.0,1,1,90.0
0,0,0,2,1,885.9566447000001,1,1,47.0
0,0,0,4,1,1539.514198,1,1,45.0
1,0,0,2,1,1486.298189,1,1,32.0
0,0,0,3,1,1651.722511,1,1,70.0
1,0,1,1,1,533.145275,1,1,18.9
0,0,0,2,1,1044.022969,1,1,60.0
0,0,0,2,1,885.8267717,1,1,36.0
1,0,0,3,1,1300.006933,1,1,750.0
1,0,0,4,1,2237.970906,1,1,180.0
1,1,0,2,1,1280.031508,0,1,260.0
1,0,0,3,1,1600.11744,1,1,54.5
0,0,0,2,1,800.0,1,1,32.0
0,0,0,3,1,1130.369254,1,1,30.0
1,0,0,2,1,1044.131978,1,1,75.0
1,1,0,3,1,1300.0,0,1,52.0
1,0,0,3,1,1359.466222,1,1,65.2
0,0,0,2,1,909.0909091,1,1,25.0
1,0,0,3,1,1095.69378,1,1,22.9
2,1,1,3,1,1721.7602920000002,0,0,84.9
1,0,0,2,1,697.0708194,1,1,18.8
1,0,0,3,1,1322.051824,1,1,50.0
1,0,1,2,1,1301.034632,1,1,210.0
1,0,1,3,1,1863.064741,1,1,120.0
1,1,1,4,1,2478.521218,0,1,95.2
0,0,0,3,1,983.1767533,1,1,45.0
0,0,0,2,1,1300.390117,1,1,30.0
1,0,1,3,1,1099.868016,1,1,75.0
1,0,0,3,1,1585.144928,1,1,70.0
2,1,0,1,1,509.8039216,0,0,20.8
1,0,1,2,1,800.0,1,1,24.0
1,0,0,2,1,900.0321439999999,1,1,28.0
1,1,1,2,1,905.714628,0,0,75.6
1,0,0,2,1,1135.099043,1,1,51.0
1,1,1,2,1,1275.28584,0,1,43.5
1,1,1,3,1,745.8912769,0,1,23.6
1,0,1,3,1,1734.7901510000002,1,1,570.0
1,0,1,2,1,1249.296567,1,1,44.4
0,0,1,1,1,597.0149253999999,1,1,30.0
1,0,1,3,1,1805.257813,1,1,160.0
1,1,1,3,1,1100.41841,0,1,26.3
1,0,0,2,1,1167.334924,1,1,230.0
0,0,1,3,1,1980.19802,1,1,42.0
0,0,0,3,1,1315.097317,1,1,50.0
1,0,1,3,1,1349.831271,1,1,36.0
1,0,0,3,1,1983.077737,1,1,300.0
1,0,1,2,1,1183.453905,1,1,63.8
0,0,0,2,1,749.7273719,1,1,27.5
1,0,0,3,1,1250.0,1,1,45.0
1,0,0,1,1,650.026001,1,1,75.0
1,0,0,4,1,2250.225023,1,1,100.0
1,0,0,3,1,1625.097153,1,1,230.0
1,1,1,4,1,2544.529262,0,0,150.0
1,0,0,3,1,1492.708692,1,1,130.0
0,0,0,2,1,604.9028972,1,1,19.0
1,0,1,2,1,623.2228411,1,1,160.0
0,0,0,5,1,3486.7503490000004,1,1,400.0
1,0,1,1,1,444.7805008,1,0,100.0
1,0,0,3,1,1370.0,1,0,41.1
1,1,0,3,1,106086.4993,0,0,8070.0
0,0,0,2,1,480.0274301,1,1,28.0
1,1,1,4,1,2429.268293,0,0,99.6
0,0,0,4,1,2914.452254,1,1,170.0
0,0,0,1,1,449.943757,1,1,16.0
1,0,0,1,1,630.0185299999999,1,1,51.0
1,0,1,2,1,1203.258053,1,1,130.0
1,0,1,3,1,2353.287248,1,1,160.0
1,0,0,3,1,2427.184466,1,1,170.0
2,1,1,1,1,663.7396694,0,0,25.7
1,0,0,2,1,1030.927835,1,1,270.0
0,1,0,2,1,1000.0,0,1,30.0
0,0,0,3,1,1100.052383,1,1,42.0
0,0,1,2,1,862.0689654999999,1,1,34.0
1,0,0,3,1,1490.01968,1,1,53.0
0,0,0,2,1,1088.201604,1,1,57.0
1,1,1,2,1,608.0035375,0,1,110.0
1,1,0,4,1,2011.428571,0,1,70.4
0,1,0,3,1,1185.220729,0,1,49.4
1,1,1,2,1,1040.582726,0,1,110.0
1,0,0,1,1,549.987778,1,1,45.0
1,1,1,2,1,1217.03854,0,1,72.0
0,0,0,3,1,1339.046599,1,1,50.0
1,0,0,3,1,973.9356275,1,1,210.0
1,1,1,2,1,1282.233936,0,1,360.0
0,0,0,2,1,949.0333919,1,1,27.0
0,0,1,3,1,1295.078701,1,1,65.0
1,0,0,3,1,1618.52861,1,1,89.1
1,1,1,2,1,747.0081561000001,0,1,98.0
1,0,0,2,1,1231.884058,1,1,340.0
0,0,0,3,1,1061.893204,1,1,35.0
0,0,0,1,1,629.9212597999999,1,1,40.0
0,0,0,2,1,1300.208962,1,1,56.0
0,0,0,1,1,699.9533364,1,1,30.0
1,1,0,2,1,897.9108016000001,0,1,60.6
1,1,0,2,1,1331.707317,0,1,54.6
1,0,0,2,1,1145.117635,1,1,110.0
0,0,1,1,1,354.2857143,1,1,12.4
1,0,0,4,1,3044.14003,1,1,300.0
1,1,1,3,1,953.5367545,0,0,110.0
1,0,0,2,1,1350.10172,1,1,73.0
0,0,0,2,1,1165.331391,1,1,32.0
1,0,0,4,1,2350.010575,1,1,2000.0
1,0,0,3,1,1724.949036,1,1,110.0
0,0,0,3,1,1092.760181,1,1,48.3
1,0,0,3,1,1255.042582,1,1,84.0
1,1,0,1,1,500.0,0,1,22.2
1,0,0,2,1,1387.312398,1,1,110.0
0,0,0,4,1,3600.230415,1,1,250.0
0,0,1,2,1,980.0822004,1,1,31.0
0,1,0,2,1,1073.2492619999998,0,1,40.0
1,0,1,2,1,2085.308057,1,1,110.0
1,1,1,2,1,749.2211838,0,1,48.1
1,0,0,2,1,1113.888889,1,1,40.1
0,0,0,2,1,800.0,1,1,26.0
1,0,0,2,1,840.0103386,1,1,32.5
0,0,0,3,1,1800.411523,1,1,35.0
1,0,0,1,1,731.9304666,1,1,40.0
1,0,0,3,1,2000.0,1,1,38.0
1,0,1,2,1,921.069464,1,1,72.0
1,0,1,2,1,632.0386118,1,1,55.0
1,0,0,2,1,1250.0,1,1,64.0
1,1,0,3,1,1074.285714,0,1,37.6
0,1,0,2,1,760.0950119,0,1,48.0
1,0,0,1,1,452.0412488,1,1,32.0
1,0,0,4,1,2989.702137,1,1,270.0
0,0,0,2,1,1000.0,1,1,32.0
1,0,0,3,1,1330.944459,1,1,260.0
1,0,0,3,1,1350.21097,1,1,48.0
0,0,0,2,1,868.0883186000001,1,1,46.0
0,0,0,2,1,899.8691098999999,1,1,55.0
1,0,1,1,1,710.0364613,1,1,37.0
1,0,0,1,1,660.0324939,1,1,32.5
1,0,0,4,1,2599.388379,1,0,170.0
1,1,1,2,1,953.9473684,0,0,72.5
1,0,1,3,1,1779.112754,1,1,77.0
0,0,1,4,1,2696.109899,1,1,210.0
1,0,0,4,1,3885.714286,1,1,170.0
0,0,1,2,1,1510.248112,1,1,70.0
0,1,1,2,1,519.9306759,0,1,21.0
1,0,1,2,1,964.0914037,1,1,44.3
1,0,0,2,1,1100.110011,1,1,80.0
1,1,1,3,1,921.6589862,0,0,240.0
0,0,0,2,1,996.0159363,1,1,35.0
0,0,0,3,1,1480.165779,1,1,50.0
1,0,1,1,1,680.0286328,1,1,28.5
1,0,0,3,1,1917.044266,1,1,110.0
0,0,0,2,1,935.1469517,1,1,38.5
1,0,1,2,1,1042.028482,1,1,60.0
1,0,0,2,1,1250.0,1,1,40.5
0,0,0,3,1,1809.7643100000005,1,1,86.0
1,0,1,2,1,1239.933529,1,1,97.0
0,0,0,3,1,1330.108827,1,1,55.0
1,0,0,2,1,500.0,1,1,83.0
1,0,0,2,1,1169.296987,1,1,97.8
0,0,0,3,1,1300.2022539999998,1,1,45.0
1,0,0,2,1,1050.080775,1,1,65.0
0,0,0,2,1,907.0707071,1,1,44.9
0,0,0,3,1,1200.120012,1,1,80.0
0,0,0,1,1,550.1392758,1,1,15.8
1,0,1,1,1,580.0293686000001,1,1,79.0
1,0,0,3,1,1045.296167,1,1,36.0
1,0,0,3,1,1745.581497,1,1,160.0
1,0,0,3,1,1500.170474,1,1,88.0
0,0,1,3,1,1907.356948,1,1,70.0
1,0,0,2,1,1234.060058,1,1,30.0
1,0,1,2,1,832.4228707999999,1,1,160.0
1,1,1,2,1,1249.275362,0,1,43.1
1,1,1,2,1,1259.74805,0,1,42.0
1,1,1,4,1,3044.383913,0,1,190.0
0,1,1,3,1,1424.862058,0,1,43.9
1,1,1,2,1,560.758145,0,1,100.0
1,0,0,2,1,800.0,1,1,20.0
0,0,0,2,1,1265.194741,1,1,51.0
0,0,0,3,1,1939.333665,1,1,39.0
1,1,1,2,1,1005.6508,0,1,210.0
1,0,1,3,1,1805.555556,1,1,52.0
1,1,1,2,1,757.1501844,0,0,310.0
1,0,0,3,1,1582.867784,1,0,850.0
1,0,1,3,1,1690.113326,1,1,86.5
1,0,0,6,1,4000.0,1,1,1600.0
0,0,1,2,1,984.0540152,1,1,68.5
0,0,0,2,1,1069.7827519999998,1,1,32.5
0,0,0,2,1,1128.031585,1,1,80.0
0,0,0,2,1,1500.0,1,1,51.0
1,0,0,3,1,1610.080504,1,1,92.0
1,0,0,2,1,1111.111111,1,1,16.5
1,0,1,2,1,984.8751319,1,1,28.0
1,1,0,2,1,1100.052383,0,1,42.0
1,0,0,3,1,1050.0,1,1,18.9
0,0,0,1,1,349.51456310000003,1,1,7.2
1,0,0,3,1,1900.17735,1,1,150.0
1,0,0,2,1,1091.045899,1,1,58.0
0,1,0,3,1,1022.494888,0,1,35.0
1,1,1,3,1,1420.4545449999998,0,1,240.0
1,0,0,3,1,1414.289915,1,1,96.2
1,0,1,1,1,589.038757,1,1,34.5
0,0,0,2,1,1199.740597,1,1,37.0
1,1,1,2,1,900.0276932,0,1,130.0
1,1,1,3,1,1352.502662,0,1,50.8
1,1,1,3,1,1905.00381,0,1,75.0
1,0,1,3,1,1431.005111,1,1,210.0
1,0,1,2,1,1333.333333,1,1,100.0
1,0,1,2,1,975.6962924,1,1,110.0
0,0,0,3,1,2375.0,1,1,190.0
1,0,0,3,1,1540.342298,1,1,63.0
0,0,0,3,1,1560.027131,1,1,69.0
1,1,0,1,1,695.0532248,0,1,55.5
1,0,0,4,1,2052.14872,1,1,170.0
0,0,0,2,1,1215.887598,1,1,45.0
0,0,0,2,1,1150.086256,1,1,20.0
1,0,0,1,1,675.0065155,1,1,25.9
1,0,1,3,1,1331.892251,1,1,80.1
1,0,0,2,1,2354.859161,1,1,260.0
0,0,0,2,1,1130.163679,1,1,29.0
0,0,0,2,1,1417.23356,1,1,75.0
1,1,1,2,1,1236.979167,0,1,190.0
1,0,0,3,1,1608.490566,1,1,34.1
1,0,0,1,1,650.0397984,1,1,49.0
1,0,0,3,1,1988.851284,1,1,99.9
0,0,0,1,1,661.9009796,1,1,25.0
1,0,0,3,1,1766.253288,1,1,47.0
1,0,0,2,1,850.1594049,1,1,40.0
1,1,1,2,1,1002.460585,0,1,110.0
0,0,0,3,1,1097.025841,1,1,45.0
0,0,0,2,1,1550.387597,1,1,26.0
1,0,1,1,1,225.56390980000003,1,0,4.5
0,0,0,1,1,580.0214823,1,1,27.0
0,0,0,1,1,520.0594354,1,1,21.0
0,0,0,2,1,785.1054284,1,1,35.0
1,0,0,2,1,1208.106002,1,1,93.0
1,0,0,2,1,914.0767824,1,1,35.0
1,0,0,3,1,2100.0,1,1,210.0
1,1,1,2,1,865.0519031,0,1,130.0
1,0,0,2,1,1100.051046,1,1,43.1
1,0,1,3,1,1935.206422,1,1,67.5
1,0,0,3,1,2001.779359,1,1,90.0
0,0,0,2,1,1409.641951,1,1,50.0
0,0,0,1,1,360.0110773,1,1,13.0
0,1,0,3,1,1400.258509,0,1,65.0
1,0,0,4,1,4400.0,1,1,220.0
1,1,1,1,1,449.0433424,0,1,46.0
0,0,0,2,1,1053.001053,1,1,60.0
1,0,0,2,1,1000.0,1,0,25.0
1,0,0,2,1,1120.547299,1,1,190.0
1,0,1,2,1,669.2544505,1,0,150.0
1,1,0,2,1,928.9473684,0,1,35.3
0,0,0,2,1,1009.520388,1,1,56.2
1,0,0,3,1,1619.87041,1,1,30.0
1,0,0,2,1,1050.105011,1,1,70.0
1,0,0,2,1,901.2016021,1,1,27.0
0,0,0,2,1,1350.438893,1,1,40.0
0,0,0,1,1,580.0068236000001,1,1,17.0
1,0,0,3,1,1646.313885,1,1,36.4
1,0,1,2,1,1265.136454,1,1,70.0
1,0,0,2,1,600.1263424,1,1,9.5
1,0,0,2,1,1251.105775,1,1,99.0
0,0,0,3,1,1200.092315,1,1,52.0
0,0,1,3,1,1730.1038059999998,1,1,110.0
1,0,1,2,1,1090.985678,1,1,25.9
1,0,0,3,1,1490.23071,1,1,270.0
1,0,1,2,1,1371.087928,1,1,230.0
0,0,1,3,1,1550.387597,1,1,48.0
1,1,1,2,1,780.3632236000001,0,1,110.0
1,0,0,3,1,1900.011875,1,1,160.0
1,0,0,2,1,959.2459107,1,1,34.6
1,1,0,3,1,974.8964173,0,1,360.0
1,0,0,3,1,1457.146642,1,1,110.0
1,0,0,3,1,1920.0,1,1,120.0
1,1,0,2,1,834.9926988,0,1,62.9
1,0,0,4,1,2349.016137,1,1,690.0
1,1,0,3,1,1404.954807,0,1,600.0
0,0,0,3,1,1480.019734,1,1,150.0
0,0,0,2,1,600.0,1,1,18.0
1,0,0,3,1,1699.957501,1,1,120.0
2,0,0,2,1,1435.338702,1,0,60.6
1,0,1,3,1,1086.754844,1,1,410.0
1,1,1,3,1,907.5708314,0,0,97.7
1,0,0,3,1,1304.761905,1,1,54.8
1,0,0,2,1,1105.121294,1,1,41.0
0,0,0,2,1,957.0686355,1,1,35.0
0,0,0,2,1,1300.0,1,1,39.0
1,0,0,2,1,1223.529412,1,1,26.0
1,0,0,1,1,650.0541712,1,1,60.0
0,0,1,2,1,545.0652132,1,1,28.0
2,1,1,1,1,351.8299882,0,0,14.9
1,0,0,2,1,863.5004982,1,1,130.0
1,0,0,3,1,1837.681159,1,1,63.4
1,0,0,2,1,1000.0,1,1,62.0
1,1,1,2,1,620.7966891,0,1,120.0
1,0,0,2,1,850.1838234999999,1,1,37.0
1,0,1,2,1,1185.164529,1,1,85.0
1,0,1,2,1,1024.08459,1,1,52.3
0,0,1,3,1,1300.264869,1,1,54.0
0,0,0,1,1,695.1596292,1,1,27.0
0,1,0,3,1,1401.083505,0,1,75.0
1,0,0,2,1,1381.21547,1,1,150.0
0,0,0,2,1,900.2770082999999,1,1,26.0
2,1,1,1,1,435.413643,0,0,30.0
0,0,0,3,1,1455.359642,1,1,52.0
1,0,1,2,1,1066.322136,1,1,61.9
0,0,0,3,1,1100.244499,1,1,45.0
1,0,1,3,1,1563.439567,1,1,26.0
1,0,1,2,1,1100.151745,1,1,58.0
1,0,0,2,1,770.1421801,1,1,26.0
0,0,0,2,1,1050.0,1,1,63.0
1,1,1,2,1,1265.094882,0,1,44.0
0,0,0,3,1,1260.040951,1,1,80.0
0,0,0,1,1,671.1409396,1,1,18.0
0,0,0,2,1,1198.282592,1,1,30.7
0,0,0,1,1,500.0,1,1,20.0
0,0,0,1,1,630.0403226,1,1,25.0
1,0,0,2,1,900.0,1,1,42.3
1,0,0,3,1,1875.167426,1,1,140.0
1,0,1,3,1,1422.008313,1,1,65.0
0,0,0,2,1,1135.0737800000002,1,1,40.0
2,0,1,2,1,899.5531377999998,1,0,46.3
0,0,0,3,1,1565.353509,1,1,60.0
1,0,0,3,1,3849.798626,1,1,650.0
1,0,1,2,1,920.0196271,1,1,75.0
1,0,0,2,1,1060.0706710000002,1,1,93.0
0,0,0,2,1,1110.363392,1,1,33.0
1,0,0,2,1,1060.0706710000002,1,1,90.0
1,1,1,1,1,513.8686131000001,0,0,35.2
0,0,0,2,1,600.0,1,1,18.0
1,0,0,4,1,3262.004175,1,1,250.0
0,0,0,2,1,880.0234673,1,1,30.0
1,0,1,3,1,1291.891481,1,1,170.0
1,0,0,3,1,1395.173454,1,1,74.0
1,0,0,2,1,1055.0058210000002,1,1,72.5
1,0,0,1,1,585.0058501,1,1,65.0
1,0,1,4,1,1572.108018,1,0,790.0
1,0,0,3,1,2080.274107,1,1,85.0
0,0,0,2,1,791.8552036,1,1,28.0
1,1,1,2,1,556.1735261,0,0,120.0
1,0,1,3,1,1454.347826,1,1,66.9
1,0,0,2,1,925.7354454,1,1,45.0
1,0,1,3,1,1248.959201,1,1,60.0
0,0,0,3,1,1445.0867050000002,1,1,90.0
1,1,0,2,1,1029.579067,0,1,54.3
1,1,1,3,1,1483.429774,0,1,56.4
1,0,1,2,1,519.049102,1,1,100.0
1,0,0,3,1,1760.08665,1,1,65.0
1,0,0,3,1,1752.541185,1,1,100.0
1,0,1,1,1,674.9799793999999,1,1,59.0
0,0,0,3,1,1290.045152,1,1,60.0
0,0,0,3,1,2017.413464,1,1,95.0
1,0,0,3,1,1757.126123,1,1,90.0
1,0,0,3,1,1843.669538,1,1,580.0
0,0,0,2,1,1385.435169,1,1,39.0
2,1,1,2,1,449.4138081,0,0,20.7
0,0,0,2,1,1125.244618,1,1,46.0
1,0,1,3,1,1478.5161460000002,1,1,55.4
2,0,0,3,1,1440.144014,1,1,48.0
1,0,1,3,1,2000.0,1,0,160.0
0,0,0,2,1,900.1406470000001,1,1,32.0
1,0,0,1,1,699.9705276000001,1,1,95.0
1,1,1,2,1,942.5742574,0,1,23.8
1,0,0,2,1,1268.0164,1,1,300.0
0,0,0,2,1,850.3215960000001,1,1,78.0
1,0,1,2,1,1000.0,1,1,90.0
1,0,1,3,1,1690.3675879999998,1,1,63.0
0,0,0,2,1,600.0,1,1,15.0
1,0,1,3,1,2355.481402,1,0,480.0
0,0,0,2,1,1000.0,1,1,45.0
1,0,0,4,1,5000.0,1,1,1800.0
1,0,0,1,1,600.0,1,1,34.8
1,1,1,3,1,1975.574713,0,1,110.0
0,0,0,2,1,2200.220022,1,1,80.0
0,0,0,1,1,620.0177147999999,1,1,21.0
0,0,0,2,1,1227.244835,1,1,60.0
0,0,0,2,1,625.0,1,1,25.0
1,0,0,2,1,1161.054901,1,1,210.0
1,1,1,3,1,1046.9096029999998,0,1,260.0
1,0,0,3,1,1471.734049,1,1,170.0
0,0,0,2,1,1160.140874,1,1,56.0
1,1,1,2,1,1315.002989,0,1,88.0
1,0,0,2,1,1358.024691,1,1,33.0
1,0,1,2,1,1050.098447,1,1,96.0
0,0,0,1,1,645.8279514,1,1,25.0
0,0,0,2,1,835.0033400000001,1,1,100.0
1,0,1,3,1,1629.659809,1,1,160.0
0,0,0,2,1,800.0,1,1,38.0
1,0,0,3,1,2400.1536100000003,1,1,250.0
0,0,0,3,1,1579.551982,1,1,55.0
1,0,0,3,1,1649.862511,1,1,72.0
0,0,0,2,1,840.0746732999999,1,1,54.0
1,0,0,3,1,1222.222222,1,1,220.0
1,0,1,3,1,1868.360647,1,1,350.0
0,0,1,3,1,1758.241758,1,1,80.0
0,0,0,2,1,1074.199324,1,1,54.0
1,0,0,2,1,1082.194752,1,1,49.9
1,0,1,4,1,2545.454545,1,0,140.0
0,0,0,2,1,800.0,1,1,40.0
1,0,0,2,1,1345.987921,1,1,62.4
2,0,0,5,1,2476.190476,1,0,59.8
0,0,0,5,1,2950.819672,1,1,90.0
0,0,0,2,1,1227.147508,1,1,49.0
1,0,0,3,1,1800.0391309999998,1,1,92.0
1,1,0,2,1,1020.027946,0,1,21.9
0,0,0,3,1,1563.166122,1,1,110.0
0,0,0,2,1,736.0157017000001,1,1,15.0
0,0,0,2,1,630.1197227000001,1,1,30.0
0,0,1,3,1,1175.015461,1,1,38.0
0,0,0,3,1,1375.12938,1,1,93.0
1,1,0,2,1,802.0050125,0,1,160.0
0,0,0,2,1,1150.086256,1,1,40.0
0,0,0,2,1,930.0444804,1,1,23.0
1,0,0,3,1,1854.036744,1,1,110.0
1,0,0,3,1,1400.381922,1,1,44.0
1,0,0,3,1,2759.096396,1,1,160.0
0,0,1,2,1,1200.141193,1,1,68.0
0,0,0,2,1,750.0750075,1,1,25.0
1,0,0,2,1,1300.025491,1,1,51.0
1,0,0,1,1,629.0363164,1,1,150.0
0,0,0,2,1,800.0,1,1,29.0
1,0,0,4,1,2592.592593,1,0,140.0
0,0,0,3,1,2200.704225,1,1,50.0
1,0,1,3,1,1340.183158,1,1,60.0
1,0,0,2,1,1200.0,1,1,49.8
1,0,1,4,1,2572.055375,1,1,680.0
1,0,0,1,1,700.0622278,1,1,45.0
1,0,0,3,1,1363.74324,1,1,58.0
1,0,0,2,1,845.0984291000001,1,1,170.0
0,0,0,2,1,1200.120012,1,1,40.0
1,0,0,1,1,640.0,1,1,100.0
1,0,1,3,1,1421.262081,1,1,75.0
1,0,1,2,1,830.179754,1,1,35.1
1,0,0,3,1,1674.908279,1,1,210.0
0,0,0,3,1,1300.091771,1,1,170.0
0,0,0,1,1,800.0,1,1,22.0
1,0,0,3,1,1595.092025,1,1,78.0
0,1,1,2,1,814.9316508999999,0,1,31.0
1,0,0,2,1,1189.767995,1,1,60.0
1,0,1,3,1,3134.141245,1,1,75.0
1,0,0,2,1,1039.068994,1,1,150.0
1,0,0,3,1,1700.0,1,1,85.0
1,0,1,3,1,1722.222222,1,1,310.0
1,0,0,1,1,376.7491927,1,1,3.5
1,0,0,3,1,1957.033549,1,1,66.5
1,0,0,3,1,1829.166667,1,1,43.9
1,0,1,3,1,1650.420168,1,1,49.1
1,1,1,3,1,923.0275303,0,0,230.0
0,0,1,2,1,1328.021248,1,1,40.0
1,0,1,3,1,2215.248292,1,1,120.0
1,1,1,2,1,960.8695652,0,1,44.2
0,0,0,1,1,999.3337775,1,1,75.0
1,0,1,3,1,1884.126236,1,1,160.0
0,0,0,1,1,450.0,1,1,27.0
1,0,1,3,1,1312.479493,1,0,120.0
1,0,1,2,1,1399.972001,1,1,200.0
0,0,0,2,1,762.1121393999999,1,1,42.0
1,0,0,2,1,1080.080235,1,1,70.0
1,0,1,1,1,635.1726876,1,1,16.0
1,1,1,2,1,1064.908722,0,1,84.0
0,0,0,3,1,1580.777743,1,1,100.0
1,1,0,3,1,1136.165006,0,1,65.0
1,0,1,4,1,3866.666667,1,1,290.0
1,0,1,2,1,802.3340627,1,1,110.0
0,1,1,2,1,1366.0047880000002,0,1,97.0
1,0,0,3,1,2413.793103,1,1,140.0
1,0,0,5,1,3350.008933,1,1,750.0
1,0,0,3,1,1350.21097,1,1,80.0
0,0,0,3,1,4500.0,1,1,90.0
0,0,0,3,1,2016.129032,1,1,120.0
0,0,0,3,1,1500.0,1,1,150.0
1,0,0,3,1,1500.0,1,1,120.0
1,0,0,2,1,1180.173092,1,1,75.0
0,0,0,1,1,703.1828275,1,1,19.0
0,0,0,3,1,2283.105023,1,1,170.0
1,0,0,5,1,2730.136507,1,1,390.0
1,0,1,2,1,873.1537793,1,1,20.1
1,0,0,2,1,1200.092315,1,1,52.0
1,0,0,2,1,880.1151553,1,1,42.8
1,0,1,2,1,1206.125491,1,1,89.0
2,1,1,3,1,1725.0,0,0,62.1
0,0,0,2,1,1200.120012,1,1,40.0
1,1,1,3,1,2244.897959,0,1,110.0
1,0,0,3,1,1920.122888,1,1,75.0
1,0,0,2,1,1238.390093,1,1,140.0
1,0,0,2,1,1250.0,1,1,220.0
1,0,0,4,1,2463.552916,1,1,730.0
1,0,1,4,1,3500.42005,1,1,250.0
1,0,1,2,1,592.0886873,1,1,23.5
1,0,1,2,1,1190.377437,1,1,57.4
1,1,1,3,1,1500.0,0,1,94.5
1,0,0,2,1,1050.030883,1,1,85.0
0,0,0,2,1,1050.030883,1,1,51.0
1,0,0,4,1,2614.904958,1,1,520.0
1,0,1,3,1,1303.870436,1,1,380.0
1,0,1,2,1,1254.5454550000002,1,0,34.5
0,0,0,2,1,980.0490025,1,1,28.0
1,0,1,4,1,5655.042413,1,1,540.0
0,0,1,3,1,1834.381551,1,1,70.0
1,1,0,2,1,1116.965227,0,1,31.8
1,0,0,3,1,1622.586403,1,1,100.0
2,1,1,2,1,1066.666667,0,0,48.0
1,0,0,3,1,2338.087444,1,1,100.0
0,0,0,2,1,1350.482315,1,1,21.0
0,0,0,3,1,1100.119393,1,1,64.5
1,0,1,3,1,2058.383234,1,1,220.0
1,0,0,2,1,900.0,1,1,44.1
0,0,0,4,1,2304.147465,1,1,120.0
1,1,1,3,1,2314.999601,0,1,290.0
1,0,0,3,1,1299.967501,1,1,40.0
1,0,0,3,1,1571.428571,1,1,110.0
0,0,0,3,1,3235.124206,1,1,280.0
1,1,1,1,1,443.6860068,0,0,39.0
1,0,1,4,1,2365.082778,1,1,110.0
1,0,0,2,1,998.2668977,1,1,28.8
0,0,0,2,1,1200.274348,1,1,35.0
1,1,0,3,1,994.6047384,0,0,42.4
1,0,0,2,1,1050.112987,1,1,79.0
1,1,1,3,1,1442.533937,0,0,79.7
1,0,0,2,1,836.0128617,1,1,23.4
0,0,0,3,1,1445.0867050000002,1,1,100.0
1,0,1,3,1,1650.302904,1,1,79.0
1,0,0,3,1,1490.075036,1,1,280.0
1,0,0,3,1,1320.007543,1,1,280.0
1,0,1,3,1,845.9614536,1,0,230.0
1,0,0,3,1,1850.038089,1,1,170.0
0,0,0,3,1,1400.0,1,1,35.0
1,1,1,3,1,100512.8205,0,0,7840.0
0,0,0,2,1,1275.207592,1,1,43.0
0,0,0,1,1,405.1316678,1,1,12.0
0,0,1,3,1,1550.169109,1,1,55.0
1,1,0,3,1,1435.063382,0,1,120.0
1,0,1,1,1,769.0942436,1,1,130.0
0,0,0,2,1,1030.110935,1,1,39.0
1,0,0,3,1,1767.200754,1,1,150.0
1,0,0,5,1,2225.189141,1,1,200.0
1,1,0,3,1,1409.708738,0,0,72.6
1,0,1,1,1,700.1292546,1,1,32.5
0,0,0,2,1,735.8738502,1,1,28.0
1,0,0,3,1,1602.866302,1,1,170.0
1,0,0,3,1,1821.103374,1,1,1020.0
0,0,0,3,1,1325.301205,1,1,33.0
0,0,1,2,1,1020.029674,1,1,55.0
1,1,1,2,1,1132.601499,0,1,260.0
1,0,1,3,1,2036.400662,1,1,160.0
1,1,1,2,1,580.7966076,0,0,76.7
1,0,0,3,1,1228.183581,1,1,38.0
1,0,1,3,1,1777.338929,1,1,72.0
1,0,0,3,1,1199.887069,1,1,85.0
1,0,1,1,1,600.0226424,1,1,53.0
1,0,1,2,1,402.6914059,1,0,39.5
1,1,1,2,1,794.4753407000001,0,1,260.0
0,0,0,2,1,1001.144165,1,1,35.0
1,0,0,1,1,717.4581483,1,0,21.0
0,0,0,3,1,1450.326323,1,1,40.0
0,0,1,2,1,500.0,1,1,45.0
0,0,0,2,1,1125.070317,1,1,60.0
1,1,1,3,1,909.7954645,0,1,270.0
1,1,1,2,1,450.0450045,0,0,110.0
1,0,1,1,1,650.0,1,1,65.0
0,0,0,3,1,1300.294406,1,1,53.0
1,0,0,3,1,1512.186444,1,1,85.0
0,0,0,3,1,1869.775627,1,1,85.0
2,1,1,2,1,760.1038191,0,0,41.0
0,0,0,3,1,1240.0,1,1,46.5
0,0,0,2,1,1184.834123,1,1,17.5
1,0,1,2,1,1100.0,1,1,33.0
0,0,0,3,1,1400.203666,1,1,55.0
1,1,1,2,1,1068.319,0,1,200.0
0,0,0,2,1,900.0321439999999,1,1,28.0
1,0,0,2,1,1000.0,1,1,85.0
0,0,0,3,1,1400.1680199999998,1,1,50.0
0,0,0,2,1,800.0,1,1,28.0
0,0,0,1,1,578.7950539,1,1,22.0
2,1,1,3,1,1600.0,0,0,72.0
1,0,0,4,1,2234.490011,1,1,170.0
0,0,0,2,1,1200.0,1,1,21.0
1,0,1,3,1,1769.911504,1,1,100.0
1,0,0,2,1,675.9761629,1,1,76.0
0,0,0,2,1,614.0997298,1,1,25.0
1,1,0,1,1,607.3223259,0,1,42.3
1,0,1,1,1,454.9978672,1,1,160.0
1,0,0,3,1,1795.063575,1,1,48.0
1,0,1,2,1,980.0427655,1,1,55.0
1,1,1,2,1,800.0,0,0,81.0
0,0,0,2,1,1316.61442,1,0,33.6
1,0,0,2,1,1200.056473,1,1,170.0
0,0,1,2,1,784.6214202000001,1,1,20.0
0,0,0,2,1,1115.1662609999998,1,1,55.0
1,0,0,1,1,440.8128158,1,0,41.0
1,1,1,2,1,760.4562738,0,1,24.0
1,1,1,4,1,1807.44668,0,0,150.0
0,0,1,4,1,2200.671391,1,1,59.0
1,0,1,2,1,1334.546557,1,1,220.0
0,0,0,2,1,1179.1680310000002,1,1,36.0
1,0,1,3,1,1547.816473,1,1,140.0
1,0,0,3,1,2200.0,1,1,220.0
1,0,0,1,1,1750.0,1,1,210.0
1,0,0,2,1,800.0,1,1,14.0
1,0,0,3,1,1838.461538,1,1,47.8
1,0,0,3,1,1755.207114,1,0,75.0
0,0,1,2,1,899.7882850999999,1,1,25.5
1,0,1,4,1,2993.328429,1,1,1180.0
1,0,0,3,1,2190.8804600000003,1,1,160.0
1,0,0,2,1,1052.48146,1,1,36.9
1,1,0,2,1,853.3293341,0,1,56.9
0,0,0,3,1,1575.157516,1,1,70.0
1,0,0,2,1,914.3275121,1,1,100.0
0,0,1,2,1,1030.017657,1,1,35.0
1,0,0,1,1,550.0381970999999,1,1,72.0
0,0,0,2,1,1117.200675,1,1,53.0
1,0,1,2,1,1470.15147,1,1,99.0
1,0,0,3,1,1280.081925,1,1,50.0
0,0,0,2,1,950.0,1,1,28.5
0,0,1,1,1,469.8318497,1,1,9.5
0,0,0,3,1,1910.341314,1,1,75.0
0,0,0,2,1,835.0730689,1,1,40.0
0,0,0,2,1,1148.447469,1,1,27.0
1,0,0,3,1,1247.549456,1,1,210.0
1,0,0,2,1,1277.320466,1,1,45.0
0,0,1,2,1,1200.0,1,1,60.0
2,0,0,2,1,1022.580645,1,0,31.7
0,0,0,2,1,399.0825688,1,1,8.7
0,0,0,1,1,674.9846593999999,1,1,33.0
0,0,0,1,1,649.9133449,1,1,15.0
0,0,0,2,1,900.090009,1,1,60.0
1,1,1,3,1,878.9101514,0,0,220.0
0,0,0,3,1,1749.856569,1,1,61.0
1,0,1,4,1,3230.0565260000003,1,1,760.0
0,0,0,2,1,1061.051257,1,1,65.0
0,1,0,3,1,1833.180568,0,1,100.0
1,0,1,1,1,650.0314531,1,1,31.0
1,1,1,1,1,547.0040299,0,1,82.8
1,1,1,1,1,461.7563739,0,1,32.6
1,0,1,1,1,665.0544135,1,1,55.0
1,0,0,4,1,3000.0,1,1,420.0
0,0,0,3,1,1110.006627,1,1,67.0
1,0,0,4,1,2655.650634,1,1,270.0
1,0,1,3,1,1839.456338,1,1,360.0
0,0,0,2,1,790.1668129999999,1,1,36.0
1,1,1,3,1,782.0442637,0,0,100.0
0,0,0,3,1,1034.928849,1,1,40.0
0,0,0,1,1,710.991545,1,1,18.5
0,0,0,1,1,584.7953216,1,1,5.0
0,0,0,3,1,1230.149855,1,1,55.0
1,0,1,1,1,680.0585897000001,1,1,65.0
1,0,0,2,1,1100.096712,1,1,91.0
1,0,0,2,1,900.1406470000001,1,1,32.0
0,0,0,1,1,1108.29639,1,1,17.5
1,1,1,1,1,320.9628887,0,0,28.8
1,1,1,2,1,626.2589268999999,0,0,68.4
1,0,0,2,1,1200.197971,1,1,48.5
1,1,0,3,1,842.2664625,0,1,22.0
0,0,0,2,1,860.3031543999999,1,1,21.0
1,0,0,1,1,650.026001,1,1,75.0
0,0,0,2,1,1087.12533,1,1,70.0
0,0,0,3,1,1800.08471,1,1,85.0
1,1,1,1,1,625.0,0,1,25.5
1,0,0,2,1,1085.07627,1,1,69.0
1,0,0,3,1,1434.615385,1,1,74.6
1,0,1,3,1,2593.473093,1,1,120.0
1,0,1,2,1,1019.475358,1,1,51.3
1,1,1,1,1,368.3400654,0,0,38.3
1,1,1,3,1,1050.319489,0,1,26.3
1,0,1,3,1,1590.574374,1,1,270.0
1,0,1,3,1,1092.006512,1,1,550.0
1,0,1,1,1,706.4475109,1,1,150.0
0,0,0,3,1,1660.02656,1,1,100.0
0,0,0,2,1,700.0538502999999,1,1,26.0
1,0,0,1,1,1583.166333,1,1,7.9
0,0,1,4,1,2987.172729,1,1,170.0
1,1,1,2,1,646.9036553,0,0,51.5
0,0,0,1,1,497.1219257,1,1,19.0
0,0,0,2,1,950.4608295,1,1,16.5
1,0,0,4,1,3000.0,1,1,390.0
0,0,1,3,1,1634.368433,1,1,70.0
0,0,1,2,1,800.0,1,1,25.0
0,0,0,3,1,1400.233372,1,1,60.0
0,0,0,2,1,1215.38155,1,1,61.0
1,0,0,2,1,1255.02008,1,1,75.0
1,0,0,2,1,1811.203588,1,1,420.0
1,1,1,2,1,684.1216216,0,0,64.8
1,0,1,2,1,587.0841487,1,1,27.0
1,0,0,3,1,1192.748092,1,1,100.0
1,0,1,3,1,1623.125676,1,1,210.0
0,0,0,3,1,2124.430956,1,1,140.0
0,0,1,2,1,1017.055234,1,1,65.0
0,0,1,2,1,998.816568,1,1,42.2
1,0,0,3,1,1799.703578,1,1,85.0
0,0,0,2,1,1120.071685,1,1,75.0
1,0,1,3,1,2080.0,1,1,130.0
1,0,1,3,1,1580.015217,1,1,62.3
0,0,0,2,1,1284.109149,1,1,80.0
2,1,0,1,1,807.4382187000001,0,0,33.0
1,0,1,1,1,371.5688462,1,0,33.3
1,0,0,2,1,815.056313,1,1,27.5
1,0,1,3,1,1730.393525,1,1,62.0
1,0,0,1,0,350.0072918,1,1,72.0
0,0,0,1,1,599.964708,1,1,34.0
1,0,0,1,1,630.0403226,1,1,37.5
1,0,0,2,1,1140.007125,1,1,96.0
1,0,0,3,1,1460.1077699999998,1,1,84.0
0,0,0,2,1,1130.085384,1,1,45.0
1,0,0,2,1,1193.196243,1,1,47.0
1,0,0,1,1,699.9923914,1,1,92.0
1,0,0,2,1,975.0152346,1,1,32.0
0,0,0,2,1,1105.379514,1,1,30.0
0,1,1,3,1,1849.853553,0,1,120.0
1,0,0,2,1,796.0375022000001,1,1,45.0
1,1,0,3,1,1430.274136,0,1,180.0
1,0,0,3,1,2070.189274,1,1,210.0
1,0,0,3,1,1684.919966,1,1,80.0
1,0,0,2,1,1227.244835,1,1,60.0
0,0,0,2,1,1097.804391,1,1,22.0
1,0,0,3,1,1248.829223,1,1,200.0
1,0,0,3,1,1140.0114,1,1,380.0
0,0,0,2,1,850.0088542999999,1,1,48.0
0,0,1,3,1,1726.263872,1,1,140.0
1,0,1,2,1,67361.11111,1,0,9700.0
1,0,1,2,1,1175.548589,1,1,240.0
1,1,0,2,1,847.8605388,0,1,32.1
0,0,0,3,1,1388.117712,1,1,50.0
0,0,0,2,1,1200.300075,1,1,16.0
0,0,0,3,1,1390.337157,1,1,40.0
1,0,1,2,1,1082.028511,1,1,46.3
1,0,0,4,1,2000.0,1,1,75.0
0,0,0,2,1,1300.578035,1,1,27.0
1,0,1,4,1,5356.8342840000005,1,1,620.0
1,0,1,3,1,1266.551526,1,1,110.0
0,0,0,2,1,1070.154578,1,1,45.0
1,0,0,3,1,1549.973276,1,1,87.0
0,0,0,3,1,1550.246216,1,1,85.0
1,1,0,2,1,921.4830971,0,1,33.8
1,0,1,1,1,45284.08689,1,0,6400.0
0,0,0,3,1,2000.0,1,1,40.0
1,0,0,3,1,1249.056604,1,1,66.2
1,0,0,1,1,715.193897,1,1,22.5
0,0,1,3,1,1485.249237,1,1,73.0
1,0,0,3,1,1739.1304350000005,1,1,72.0
1,0,0,2,1,975.2547307,1,1,26.8
0,1,1,2,1,895.140665,0,1,35.0
1,1,0,3,1,2500.0,0,1,95.0
1,0,1,3,1,1884.416461,1,1,83.8
0,0,1,2,1,1330.023054,1,1,150.0
0,0,1,2,1,1067.132324,1,1,55.0
0,0,1,3,1,1930.147059,1,1,63.0
1,0,0,3,1,1800.0179999999998,1,1,1200.0
1,0,1,2,1,824.0317627000001,1,1,110.0
1,0,0,3,1,1690.185011,1,1,53.9
0,0,1,1,1,549.9541705,1,1,30.0
1,0,0,1,1,540.0192864,1,1,28.0
0,0,0,2,1,830.0395257,1,1,42.0
1,0,0,3,1,931.3762015,1,1,250.0
1,0,0,3,1,1287.634409,1,1,47.9
1,0,0,2,1,1000.0,1,1,120.0
0,0,0,3,1,1250.0,1,1,62.0
1,0,0,3,1,1347.6079960000002,1,1,180.0
0,0,0,2,1,1211.020285,1,1,40.0
1,0,0,3,1,2251.889979,1,1,280.0
1,0,0,3,1,1686.1300190000002,1,1,270.0
1,0,0,3,1,1200.056473,1,1,170.0
1,1,1,3,1,1408.186256,0,1,75.0
1,0,0,2,1,911.1156104,1,1,45.0
1,1,0,2,1,1322.899199,0,1,71.0
1,0,0,2,1,1070.175439,1,1,36.6
1,1,1,2,1,1125.259106,0,1,38.0
1,0,0,2,1,1386.20245,1,1,43.0
1,0,0,2,1,1104.679209,1,1,22.9
1,1,0,2,1,1100.110011,0,1,30.0
1,0,0,3,1,2049.880424,1,1,120.0
1,0,1,2,1,848.3594443,1,1,28.7
1,0,1,3,1,1237.9463119999998,1,1,190.0
1,1,1,4,1,1556.454841,0,0,350.0
1,0,0,3,1,1230.198854,1,1,73.0
1,0,1,2,1,1175.1538890000002,1,1,42.0
0,0,0,3,1,1857.142857,1,1,130.0
0,0,0,2,1,2040.816327,1,1,35.0
1,0,0,1,1,545.0086292999999,1,1,60.0
2,1,1,1,1,471.641791,0,0,31.6
0,0,0,2,1,1253.132832,1,1,50.0
1,1,1,2,1,1000.0,0,1,33.0
1,1,0,2,1,1000.0,0,1,21.0
0,0,0,3,1,1530.221882,1,1,60.0
1,0,0,1,1,600.0,1,1,27.0
1,0,0,3,1,1289.134438,1,1,63.0
0,0,0,2,1,1290.1815,1,1,59.0
1,1,1,2,1,73204.97393,0,0,7300.0
0,0,1,3,1,1460.31746,1,1,46.0
0,0,0,2,1,1050.144395,1,1,40.0
0,0,0,3,1,1062.110367,1,1,46.0
1,1,0,2,1,1044.397463,0,1,74.1
1,1,0,3,1,1424.895465,0,1,44.3
1,0,0,4,1,3115.264798,1,1,280.0
1,1,0,3,1,770.5553164,0,0,17.9
1,0,0,2,1,1000.0,1,1,80.0
0,0,0,2,1,750.0750075,1,1,25.0
0,0,0,3,1,1222.805701,1,1,48.9
0,0,0,2,1,1000.0,1,1,25.0
0,0,0,2,1,1100.110011,1,1,20.0
0,0,0,3,1,1899.936669,1,1,90.0
1,1,1,3,1,1363.488448,0,1,41.9
2,1,1,4,1,2727.272727,0,0,150.0
0,0,0,2,1,1410.188613,1,1,80.0
1,0,0,3,1,1420.010422,1,1,54.5
1,0,1,2,1,1195.814649,1,1,160.0
1,0,1,3,1,1261.787754,1,1,190.0
1,0,1,2,1,1205.76671,1,1,36.8
1,0,0,3,1,2000.0,1,1,600.0
0,0,0,2,1,1200.0,1,1,42.0
0,0,0,3,1,1508.068165,1,1,100.0
1,0,1,1,1,660.0249066,1,1,53.0
1,0,0,3,1,1535.203812,1,1,58.0
1,0,0,1,1,549.973559,1,1,52.0
1,0,0,2,1,1070.009172,1,1,35.0
1,1,1,3,1,1713.1401489999998,0,1,94.0
0,0,0,1,1,644.0613753,1,1,34.0
1,0,0,3,1,1544.493287,1,1,130.0
1,0,0,2,1,1050.0718470000002,1,1,95.0
0,0,0,2,1,800.0,1,1,20.0
0,0,0,2,1,899.8875141000001,1,1,16.0
1,0,1,4,1,2250.0,1,0,180.0
1,1,1,2,1,739.5608147,0,1,130.0
1,0,0,3,1,1906.742936,1,1,110.0
1,0,1,2,1,1200.0192,1,1,250.0
1,0,1,3,1,930.072339,1,1,270.0
1,1,1,2,1,1112.842199,0,1,150.0
1,0,1,2,1,1243.00808,1,1,100.0
1,1,1,3,1,267.8571429,0,0,150.0
2,0,0,2,1,790.1390644999999,1,0,25.0
0,0,0,3,1,1850.007115,1,1,130.0
1,0,0,2,1,867.1839343,1,1,190.0
0,0,0,2,1,1205.121768,1,1,48.0
1,1,1,2,1,898.0960364,0,1,150.0
1,0,1,2,1,1932.536894,1,1,110.0
1,0,1,2,1,1150.442478,1,0,26.0
1,0,1,3,1,1306.6771199999998,1,1,100.0
0,0,1,3,1,2070.155262,1,1,180.0
0,0,1,2,1,854.8931384,1,1,38.0
1,0,0,2,1,1099.937146,1,1,35.0
1,0,0,1,1,823.3333332999999,1,0,24.7
1,0,0,3,1,1391.546356,1,1,400.0
1,0,0,4,1,4175.0167,1,1,1000.0
0,0,0,1,1,539.9348003,1,1,26.5
0,0,0,2,1,800.1641362,1,1,19.5
1,0,0,3,1,1591.361182,1,1,56.0
1,0,1,2,1,1064.392826,1,1,36.2
0,0,0,3,1,1200.171453,1,1,28.0
1,0,0,3,1,1830.985915,1,0,260.0
1,0,1,2,1,1000.0,1,1,23.5
0,0,0,3,1,1710.0762960000002,1,1,65.0
0,0,0,3,1,1499.96591,1,1,220.0
1,0,0,3,1,1860.367893,1,1,89.0
1,0,0,3,1,198563.5826,1,0,9400.0
1,0,0,2,1,900.0140627000001,1,1,64.0
0,0,0,2,1,1085.141903,1,1,52.0
1,0,1,2,1,1037.004694,1,1,95.0
1,1,0,4,1,4500.211775,0,1,850.0
1,0,0,4,1,2250.463331,1,1,85.0
1,0,0,2,1,900.0,1,1,63.0
0,0,0,2,1,645.7785219,1,1,27.0
2,1,1,1,1,600.0,0,0,18.0
1,0,0,4,1,2977.398836,1,1,220.0
0,0,0,2,1,820.0082001000001,1,1,40.0
1,0,0,3,1,1230.101302,1,1,25.5
1,0,0,3,1,1520.2189119999998,1,1,50.0
1,0,0,3,1,1620.029455,1,1,110.0
0,1,0,1,1,376.7660911,0,1,12.0
1,1,0,2,1,883.9779006000001,0,1,33.6
0,0,0,3,1,1559.967585,1,1,38.5
2,1,1,2,1,683.0601092999999,0,0,77.5
0,0,0,2,1,810.1371001,1,1,39.0
1,0,0,3,1,1400.070004,1,1,120.0
0,0,0,1,1,729.9270073,1,1,30.0
1,0,1,2,1,1582.278481,1,1,65.0
1,0,0,1,1,600.0,1,1,18.0
0,0,0,3,1,1671.082128,1,1,82.0
0,0,0,2,1,918.0628873,1,1,40.0
1,0,1,4,1,3282.413837,1,1,260.0
1,1,1,2,1,561.6174583,0,0,210.0
1,1,1,2,1,997.9540805,0,1,43.9
0,0,0,3,1,1134.768367,1,1,48.5
0,0,0,3,1,1431.01571,1,1,92.0
1,1,1,2,1,844.9074073999999,0,1,36.5
1,0,0,2,1,1075.037626,1,1,100.0
1,0,0,2,1,1069.908815,1,1,88.0
0,0,1,1,1,585.1755527,1,1,18.0
1,1,1,2,1,50361.2875,0,0,9200.0
1,0,0,1,1,450.0471254,1,1,19.1
1,0,0,4,1,3520.048975,1,1,2300.0
1,1,1,2,1,518.5185184999999,0,0,140.0
1,0,1,2,1,1344.82034,1,1,64.0
1,0,1,1,1,353.9622642,1,1,93.8
0,0,0,2,1,1200.087279,1,1,55.0
0,0,0,3,1,1247.327156,1,1,35.0
1,0,1,4,1,1800.0,1,1,450.0
1,0,0,2,1,1152.263374,1,1,28.0
1,0,1,2,1,695.2652437,1,1,100.0
1,0,0,2,1,1027.050485,1,1,71.0
0,0,0,3,1,1075.268817,1,1,38.0
1,0,0,3,1,1200.0,1,1,66.0
1,0,1,2,1,1080.139373,1,1,62.0
0,0,1,1,1,611.0520723,1,1,23.0
0,0,0,3,1,1063.35844,1,1,24.0
0,0,0,2,1,1103.14396,1,1,60.0
0,0,0,2,1,1316.270567,1,1,36.0
0,0,1,3,1,1328.181599,1,1,55.0
1,0,0,2,1,1085.094232,1,1,57.0
0,0,0,1,1,649.9368117,1,1,36.0
0,0,0,2,1,1100.0,1,1,27.5
1,0,0,3,1,1620.253165,1,1,96.0
1,1,1,1,1,427.0132281000001,0,0,92.0
1,1,1,3,1,890.0096417999999,0,0,120.0
1,1,0,3,1,932.3729492,0,1,23.3
0,0,0,2,1,1176.075269,1,1,35.0
1,1,1,4,1,246008.7833,0,0,9523.0
1,0,1,2,1,877.0391159,1,1,50.0
1,0,0,2,1,1200.036924,1,1,130.0
1,1,1,3,1,1345.730365,0,1,220.0
1,0,0,2,1,932.579955,1,1,170.0
1,0,0,3,1,1244.625481,1,1,110.0
1,0,0,1,1,600.0375022999999,1,1,32.0
0,0,0,3,1,1725.1293850000002,1,1,90.0
1,0,0,3,1,1799.797776,1,1,89.0
0,0,0,2,1,850.1594049,1,1,16.0
1,0,0,3,1,1583.189407,1,1,110.0
1,0,0,4,1,2200.220022,1,1,160.0
1,0,0,3,1,1180.952381,1,1,310.0
1,0,0,2,1,1000.0,1,1,52.0
1,0,1,3,1,1543.492479,1,0,70.8
1,1,0,2,1,598.0265125,0,1,120.0
1,0,0,2,1,1226.415094,1,1,260.0
1,0,1,2,1,649.9602802,1,1,180.0
0,0,0,3,1,1400.159109,1,1,88.0
1,0,0,1,1,515.0367037999999,1,1,43.5
1,0,0,2,1,989.9969063,1,1,96.0
1,0,0,2,1,1280.025284,1,1,81.0
0,0,0,3,1,1068.910621,1,1,47.0
1,0,0,2,1,914.3275121,1,1,100.0
0,0,0,2,1,1300.0,1,1,65.0
0,0,0,2,1,1200.0,1,1,45.0
1,0,1,3,1,1352.459016,1,1,33.0
1,0,1,3,1,1737.0390170000005,1,1,130.0
0,0,0,3,1,2500.0,1,1,230.0
1,0,0,2,1,720.1152183999999,1,1,30.0
1,0,1,3,1,1914.550584,1,1,190.0
1,0,1,3,1,1765.316719,1,1,85.0
0,0,0,3,1,895.0169328,1,1,37.0
1,0,0,2,1,1200.0,1,1,240.0
1,0,1,3,1,1360.416667,1,1,65.3
1,0,0,3,1,1674.6411480000002,1,1,70.0
1,0,1,2,1,1236.060728,1,1,92.0
1,1,1,3,1,1056.077727,0,0,100.0
1,0,0,1,1,619.0800471,1,1,100.0
0,0,1,2,1,974.025974,1,1,45.0
1,0,0,3,1,1153.0014640000002,1,1,63.0
0,0,0,3,1,1290.070367,1,1,66.0
1,0,1,2,1,1345.247447,1,1,68.5
1,0,1,2,1,926.0378879,1,0,91.9
0,0,0,1,1,279.19962769999995,1,1,18.0
1,0,0,1,1,575.0244114,1,1,53.0
0,0,0,2,1,1227.244835,1,1,60.0
1,0,1,2,1,1339.584729,1,1,220.0
1,0,0,2,1,1000.0,1,1,480.0
0,0,0,3,1,1420.166362,1,1,70.0
0,0,0,3,1,1650.165017,1,1,70.0
1,0,0,2,1,1099.89648,1,1,85.0
1,0,0,3,1,1924.390799,1,1,84.5
1,1,1,1,1,409.015025,0,0,49.0
1,0,0,2,1,999.1033688,1,1,78.0
1,0,0,3,1,1660.050523,1,1,230.0
1,0,0,2,1,1170.212766,1,1,110.0
0,0,1,2,1,1074.130106,1,1,49.7
1,0,0,2,1,970.6167828,1,1,110.0
1,0,1,2,1,1012.035011,1,1,74.0
0,1,1,3,1,1340.155945,0,1,55.0
0,0,0,3,1,1428.571429,1,1,50.0
1,0,0,3,1,1410.210639,1,1,79.0
0,0,0,1,1,609.0133983,1,1,45.0
0,0,0,2,1,887.0490833999999,1,1,60.0
0,0,0,3,1,1400.124456,1,1,90.0
0,0,0,2,1,630.0017027000001,1,1,37.0
1,0,0,3,1,1350.9364449999998,1,1,220.0
0,0,0,2,1,750.0,1,1,12.0
1,0,1,3,1,1140.014509,1,1,110.0
0,0,0,2,1,1200.252685,1,1,38.0
1,0,1,4,1,3604.963112,1,1,430.0
1,0,0,2,1,918.1818182,1,1,40.4
0,1,0,3,1,1145.038168,0,1,42.0
1,0,0,3,1,1714.6356399999995,1,1,420.0
1,1,1,2,1,701.6559079,0,1,150.0
0,1,1,2,1,1157.142857,0,1,40.5
1,0,0,1,1,610.0256387999999,1,1,69.0
1,1,1,3,1,1575.774185,0,1,230.0
1,0,1,2,1,998.2807387,1,1,180.0
1,1,0,2,1,1000.0,0,1,46.0
1,0,0,3,1,1599.634369,1,1,35.0
1,0,0,2,1,1194.845763,1,1,61.2
0,0,0,3,1,1200.097967,1,1,49.0
0,0,0,2,1,1150.017164,1,1,33.5
1,0,0,3,1,1400.0,1,1,63.0
0,1,0,2,1,950.2262443,0,1,21.0
0,0,0,3,1,2830.188679,1,1,150.0
0,0,0,2,1,1196.172249,1,1,55.0
0,0,0,3,1,1800.246609,1,1,73.0
1,0,0,2,1,1450.163399,1,1,71.0
1,1,0,2,1,699.195171,0,1,13.9
1,0,1,4,1,3052.064632,1,1,170.0
1,1,1,2,1,1120.117907,0,1,45.6
1,0,0,3,1,1899.972059,1,1,68.0
0,0,0,1,1,545.0733753,1,1,26.0
0,0,0,2,1,1157.024793,1,1,63.0
1,0,1,2,1,1726.19838,1,1,130.0
1,0,0,2,1,1007.838746,1,1,27.0
1,0,0,4,1,2506.614678,1,1,180.0
1,0,0,2,1,969.6969697,1,1,160.0
1,0,0,3,1,900.0047368999999,1,1,190.0
1,0,0,2,1,1050.112987,1,1,79.0
1,1,1,1,1,332.90479730000004,0,0,49.2
0,0,1,3,1,1450.326323,1,1,60.0
1,0,1,2,1,70229.91055,1,0,9500.0
1,0,0,3,1,2339.393939,1,1,77.2
0,0,0,2,1,1099.626127,1,1,50.0
0,0,0,3,1,1280.0,1,1,32.0
0,0,0,2,1,1500.150015,1,1,100.0
2,0,0,2,1,1160.3375529999998,1,0,38.5
0,0,0,2,1,487.804878,1,1,7.2
1,0,1,2,1,1260.075228,1,1,46.9
0,0,0,2,1,1300.178775,1,1,80.0
1,0,1,3,1,1640.1715869999998,1,1,130.0
0,0,0,2,1,1020.147921,1,1,40.0
1,1,1,4,1,3481.7665380000003,0,1,190.0
1,0,1,3,1,2149.87715,1,1,140.0
0,0,0,3,1,1700.3188100000002,1,1,80.0
1,1,1,2,1,1100.141044,0,1,62.4
1,1,1,2,1,660.0224408,0,0,100.0
1,0,0,2,1,1235.294118,1,1,420.0
1,1,0,2,1,851.2820513,0,1,24.9
1,0,0,4,1,4906.264525,1,1,950.0
1,1,1,3,1,1172.1366380000002,0,1,210.0
1,0,0,3,1,1460.150071,1,1,72.0
0,0,0,3,1,1345.050215,1,1,75.0
0,0,0,2,1,1060.284762,1,1,35.0
0,0,0,2,1,875.1458575999999,1,1,45.0
1,0,0,2,1,1151.969327,1,1,66.1
1,1,1,2,1,684.1216216,0,0,64.8
0,0,0,2,1,872.0930232999999,1,1,22.5
1,0,1,1,1,602.6051082,1,0,130.0
1,0,1,2,1,1285.11107,1,1,70.0
1,1,0,2,1,1195.652174,0,0,110.0
0,0,0,3,1,1400.1680199999998,1,1,100.0
0,0,0,2,1,750.0750075,1,1,25.0
1,1,0,4,1,2453.756134,0,1,130.0
1,0,1,3,1,1396.382101,1,1,44.0
0,0,0,2,1,1250.0,1,1,27.0
0,1,0,2,1,1100.141044,0,1,39.0
1,0,1,2,1,1221.232368,1,1,98.7
1,1,0,3,1,1326.040113,0,1,80.0
1,0,0,3,1,1650.165017,1,1,150.0
0,0,0,2,1,800.0,1,1,22.0
0,0,1,2,1,1010.10101,1,1,66.0
1,1,1,3,1,3457.392719,0,0,510.0
0,0,0,2,1,1050.344078,1,1,29.0
1,0,0,2,1,993.5602576,1,1,32.4
1,1,1,2,1,706.4641469,0,1,100.0
0,0,0,2,1,796.9941932999999,1,1,70.0
0,0,0,1,1,550.0550055,1,1,20.0
0,0,0,3,1,1487.726258,1,1,60.0
1,0,0,2,1,1264.077224,1,1,110.0
1,0,0,2,1,1107.419712,1,1,130.0
1,1,0,2,1,1085.714286,0,0,41.8
0,0,0,3,1,1354.605659,1,1,45.0
1,0,0,1,1,610.0057316000001,1,1,74.5
0,0,0,3,1,1386.001386,1,1,60.0
1,0,0,2,1,975.0812568,1,1,90.0
1,1,1,1,1,557.1323452,0,0,53.0
0,0,0,2,1,629.9975768999999,1,1,26.0
1,0,1,4,1,2573.2383210000003,1,1,130.0
1,0,0,3,1,1100.016923,1,1,390.0
2,1,0,3,1,987.6923077,0,0,32.1
1,0,1,2,1,621.3881812000001,1,1,100.0
1,0,0,3,1,1280.045513,1,1,270.0
0,0,0,2,1,1180.004291,1,1,55.0
0,0,0,3,1,1260.080645,1,1,75.0
0,0,0,2,1,1000.0,1,1,33.0
1,0,0,2,1,700.0,1,1,35.0
0,0,0,2,1,950.5703422,1,1,15.0
1,0,1,2,1,92533.04752,1,0,2590.0
0,0,0,2,1,853.5954475,1,1,16.5
0,0,0,3,1,1089.087345,1,1,50.0
1,1,1,1,1,397.4763407,0,1,12.6
1,0,1,4,1,2297.432477,1,1,68.9
0,0,1,4,1,2500.0,1,1,82.5
1,1,1,2,1,901.6509101,0,0,63.9
1,0,0,3,1,1202.779758,1,1,270.0
1,1,0,3,1,1460.144687,0,1,220.0
1,0,1,3,1,1850.828729,1,1,67.0
0,0,0,2,1,1060.152109,1,1,46.0
0,0,0,2,1,1050.304035,1,1,19.0
1,0,0,3,1,1400.015556,1,1,360.0
1,0,1,3,1,1710.220674,1,1,58.9
0,0,0,2,1,1081.18734,1,1,55.0
0,0,0,5,1,1000.0,1,1,45.0
0,0,0,2,1,750.0876271000001,1,1,21.4
1,0,0,3,1,1970.869586,1,1,410.0
1,1,1,2,1,1038.230885,0,0,55.4
1,1,1,2,1,550.0301386,0,1,36.5
0,1,1,2,1,1164.144354,0,1,60.0
1,1,1,2,1,436.4225818,0,0,140.0
1,0,0,2,1,901.1038522,1,1,40.0
1,0,1,1,1,468.0306905000001,1,1,36.6
1,0,0,2,1,1320.132013,1,1,92.0
2,0,0,3,1,1096.1538460000002,1,0,57.0
1,1,1,3,1,1885.204082,0,1,73.9
1,0,0,2,1,1159.022931,1,1,93.0
1,1,0,3,1,1860.166774,0,1,87.0
0,0,1,1,1,749.7656982000001,1,1,16.0
1,0,1,3,1,2256.843331,1,1,620.0
0,0,0,2,1,1100.352113,1,1,25.0
1,0,0,2,1,1197.023617,1,1,37.0
0,0,1,2,1,860.2150537999999,1,1,24.0
0,0,1,3,1,2237.136465,1,1,110.0
0,0,0,3,1,1530.054645,1,1,98.0
0,0,0,3,1,1129.271917,1,1,38.0
1,0,0,3,1,2200.051164,1,1,430.0
1,0,0,2,1,631.4303755,1,1,170.0
1,0,0,4,1,2200.704225,1,0,150.0
0,0,0,1,1,355.0821127,1,1,8.0
1,0,0,4,1,4560.824094,1,1,580.0
0,0,1,2,1,961.383749,1,1,23.9
1,0,0,3,1,2871.598523,1,1,210.0
1,0,0,1,1,617.1648987000001,1,1,38.4
0,0,0,2,1,800.0,1,1,30.0
0,0,0,1,1,432.0027648,1,1,25.0
1,0,0,3,1,1969.991664,1,1,70.9
0,0,0,3,1,1575.078754,1,1,90.0
1,0,0,4,1,2000.0,1,1,120.0
1,0,1,3,1,1468.109401,1,1,270.0
0,1,1,2,1,1250.0,0,1,46.5
1,1,0,3,1,1394.844242,0,1,540.0
1,1,1,3,1,1508.709368,0,1,110.0
0,0,0,3,1,1434.262948,1,1,72.0
0,0,0,2,1,810.0445525,1,1,20.0
0,0,0,2,1,1090.146751,1,1,52.0
0,0,0,2,1,850.3401361,1,1,20.0
1,0,0,1,1,619.9884268999999,1,1,300.0
1,0,1,3,1,1668.204728,1,1,470.0
2,1,1,3,1,1560.067682,0,0,92.2
1,1,1,2,1,685.2131013,0,1,100.0
1,1,0,2,1,1160.104987,0,1,44.2
0,0,0,2,1,1029.741353,1,1,170.0
0,1,0,1,1,760.0,0,1,19.0
1,0,1,2,1,1060.0706710000002,1,1,42.0
0,0,1,4,1,2455.146364,1,1,130.0
1,0,0,2,1,1050.06364,1,1,99.0
1,0,0,3,1,1470.215463,1,1,58.0
0,0,0,2,1,1050.2283109999998,1,1,46.0
0,0,1,3,1,1479.951816,1,1,86.0
1,1,1,2,1,983.2721338,0,1,24.1
0,1,0,3,1,1582.150101,0,1,78.0
0,0,0,1,1,447.0672389,1,1,25.0
0,0,0,3,1,923.0769231,1,1,45.0
1,0,1,2,1,1199.035951,1,1,59.7
0,0,0,2,1,1265.1265130000002,1,1,69.0
1,1,0,3,1,1527.451901,0,1,65.1
0,0,1,1,1,610.1938263,1,1,17.0
1,0,0,2,1,1125.175809,1,1,56.0
0,1,1,2,1,1349.831271,0,1,60.0
1,0,1,3,1,1542.971764,1,1,100.0
1,0,0,3,1,1786.5843760000002,1,1,110.0
1,1,0,2,1,942.8473648,0,1,55.1
1,0,0,2,1,889.5833332999998,1,1,42.7
0,0,0,1,1,550.0,1,1,22.0
1,0,0,3,1,2671.41585,1,1,210.0
1,0,0,1,1,536.0333532,1,1,18.0
0,0,0,3,1,1330.180313,1,1,45.0
1,1,0,3,1,1420.087787,0,1,55.0
1,0,1,4,1,1360.900288,1,1,260.0
0,0,0,1,1,625.0,1,1,27.0
1,0,0,3,1,1250.0,1,1,45.0
0,0,0,2,1,1045.002528,1,1,62.0
1,0,0,2,1,800.0,1,1,36.0
1,0,0,3,1,1496.525922,1,1,140.0
1,0,0,3,1,1595.193702,1,1,77.0
0,0,0,2,1,753.5321821,1,1,24.0
1,1,0,3,1,1744.566263,0,1,90.7
0,0,0,2,1,645.8756228,1,1,35.0
1,0,1,3,1,1373.684211,1,1,52.2
0,0,0,3,1,2000.0,1,1,70.0
2,0,1,2,1,767.522994,1,0,48.4
1,0,0,2,1,701.7803058,1,1,190.0
0,0,0,3,1,1385.041551,1,1,65.0
1,0,0,3,1,1066.350711,1,1,22.5
1,1,1,2,1,675.6756757,0,0,77.5
0,0,0,2,1,1163.023862,1,1,58.0
1,0,0,4,1,2812.5,1,0,450.0
1,1,0,2,1,996.2962963,0,1,26.9
0,1,1,2,1,1190.168176,0,1,46.0
1,0,0,3,1,1450.0,1,1,81.2
1,0,0,3,1,1460.017969,1,1,130.0
1,1,0,2,1,1153.136531,0,1,150.0
1,1,1,1,1,488.2246377,0,0,53.9
1,1,1,2,1,428.5714286000001,0,0,120.0
0,0,1,2,1,872.7849775000001,1,1,33.0
1,0,0,2,1,925.0693802,1,1,100.0
1,0,0,3,1,1852.066211,1,1,160.0
0,0,1,2,1,955.0561798,1,1,17.0
0,0,0,3,1,2397.442728,1,1,90.0
1,0,0,3,1,1736.613603,1,1,120.0
0,0,0,3,1,1280.045513,1,1,180.0
1,1,1,3,1,1715.111031,0,1,95.0
0,0,0,3,1,1470.255598,1,1,65.0
0,0,0,3,1,1267.1059300000002,1,1,50.0
1,0,0,2,1,943.5742593,1,1,150.0
1,0,0,4,1,2400.0,1,1,150.0
1,0,0,2,1,1600.0,1,1,60.0
1,1,1,2,1,1172.413793,0,1,170.0
1,0,1,3,1,1739.747914,1,1,98.0
0,0,1,3,1,1435.2350199999998,1,1,80.0
1,0,0,3,1,1186.005139,1,1,300.0
1,0,0,2,1,1250.0,1,1,39.0
0,0,0,3,1,1800.0,1,1,45.0
1,1,1,3,1,1739.595878,0,1,130.0
1,0,1,2,1,1329.892815,1,1,67.0
0,0,0,2,1,850.0991782,1,1,30.0
1,0,0,2,1,770.0033477999999,1,1,92.0
0,0,0,1,1,655.0218341,1,1,13.5
0,0,0,2,1,1225.114855,1,1,48.0
1,0,1,2,1,1313.547678,1,1,47.8
1,0,1,2,1,1194.8869949999998,1,1,64.5
0,0,0,3,1,1752.57732,1,1,170.0
0,0,0,2,1,995.1663349,1,1,35.0
1,0,1,3,1,1651.923077,1,1,85.9
1,1,1,3,1,1400.0,0,0,66.5
0,0,0,3,1,1079.913607,1,1,55.0
1,0,0,3,1,1688.048616,1,1,100.0
1,0,1,3,1,1381.1237199999998,1,1,49.9
1,0,1,3,1,1900.452489,1,1,63.0
1,0,0,3,1,1495.51346,1,1,30.0
0,0,0,3,1,1750.2917149999998,1,1,90.0
1,1,1,2,1,635.5900293999999,0,1,84.4
0,1,1,2,1,625.0,0,1,9.5
1,1,1,2,1,1200.300075,0,1,32.0
1,1,1,3,1,1912.655403,0,1,120.0
1,0,1,3,1,2266.666667,1,1,170.0
1,0,0,3,1,1743.589744,1,1,85.0
1,0,0,2,1,1100.052383,1,1,42.0
1,0,0,3,1,1448.37575,1,1,140.0
0,0,0,3,1,1603.298213,1,1,70.0
0,0,0,3,1,1300.034211,1,1,38.0
1,0,1,4,1,2473.546791,1,1,180.0
1,1,0,3,1,971.1009711000002,0,1,83.0
0,0,0,1,1,439.4299287,1,1,18.5
1,0,0,4,1,3218.157182,1,1,190.0
1,1,1,3,1,2631.880078,0,0,230.0
0,0,1,3,1,2250.463331,1,1,85.0
1,0,0,1,1,292.8509905,1,1,3.4
0,0,0,1,1,650.0541712,1,1,30.0
0,0,0,3,1,1287.128713,1,1,52.0
0,0,0,2,1,1005.025126,1,1,22.0
0,0,0,4,1,2955.082742,1,1,200.0
1,0,1,2,1,1243.184297,1,1,57.0
0,0,0,2,1,929.9781182,1,1,34.0
1,0,1,4,1,3225.806452,1,0,180.0
0,0,0,1,1,700.0,1,1,28.0
1,1,1,1,1,700.3012047999999,0,1,9.3
1,0,0,2,1,918.9455531,1,1,37.3
1,0,0,3,1,1153.106983,1,1,54.0
1,1,1,3,1,1474.633596,0,1,65.4
0,0,1,2,1,1130.1494710000002,1,1,31.0
0,0,0,1,1,625.0,1,1,24.0
0,0,0,2,1,860.1177002999999,1,1,38.0
1,0,0,3,1,1800.180018,1,1,120.0
0,0,0,2,1,1030.110935,1,1,39.0
1,0,1,3,1,1750.339213,1,1,77.4
1,1,1,2,1,877.1929825,0,1,38.0
1,0,0,2,1,1100.026552,1,1,290.0
0,0,0,2,1,700.0350017999999,1,1,40.0
1,0,0,2,1,1194.353963,1,1,110.0
1,0,1,3,1,1660.280971,1,1,130.0
0,0,0,3,1,1700.037779,1,1,45.0
1,0,0,2,1,915.0177285,1,1,160.0
1,0,0,3,1,1631.116688,1,1,91.0
1,0,0,2,1,900.0620732000001,1,1,58.0
1,0,0,2,1,1172.03851,1,1,28.0
0,0,0,2,1,101.9335521,1,1,32.0
1,0,0,3,1,2149.993676,1,1,170.0
0,0,0,1,1,400.0,1,1,35.0
0,0,0,12,1,4824.561404,1,1,110.0
0,0,0,1,1,534.1880342000001,1,1,7.5
0,0,0,4,1,900.0360014,1,1,75.0
1,0,0,2,1,955.1098376,1,1,80.0
1,0,0,3,1,1669.449082,1,1,110.0
0,1,1,2,1,1183.098592,0,1,84.0
1,0,0,3,1,1639.764284,1,1,64.0
1,0,0,3,1,1511.144692,1,1,80.0
1,0,0,3,1,2555.238238,1,1,170.0
0,0,0,1,1,650.1950585,1,1,15.0
1,0,1,3,1,1816.163858,1,1,180.0
1,1,0,2,1,1110.124334,0,1,50.0
1,0,0,3,1,1671.464389,1,1,180.0
1,1,0,5,1,5918.1325,0,1,720.0
1,0,1,4,1,3890.392422,1,1,230.0
0,0,0,2,1,1100.208147,1,1,37.0
1,0,0,3,1,2036.245164,1,1,100.0
0,0,0,2,1,1400.134953,1,1,41.5
1,0,0,2,1,1000.0,1,1,120.0
1,0,0,2,1,1127.860027,1,1,41.9
1,0,0,4,1,6087.792374000001,1,1,380.0
1,0,0,1,1,305.0397878,1,1,23.0
1,0,0,2,1,851.0204082,1,1,41.7
0,0,0,1,1,325.0270856,1,1,18.0
1,0,0,2,1,1049.1884220000002,1,1,170.0
1,0,0,2,1,1210.0369380000002,1,1,95.0
0,0,0,2,1,1033.004494,1,1,200.0
0,1,0,3,1,1200.0,0,1,36.0
1,0,1,3,1,1549.529607,1,1,140.0
0,0,0,3,1,1088.031652,1,1,55.0
1,0,0,2,1,1085.069444,1,1,75.0
1,0,0,2,1,990.0990099,1,1,85.0
1,0,0,3,1,2204.510768,1,1,130.0
1,0,0,3,1,1244.769874,1,1,35.7
0,0,1,3,1,1316.026681,1,1,73.0
0,0,0,1,1,381.0520024,1,1,25.5
0,0,0,3,1,1311.303436,1,1,50.0
0,0,0,2,1,1121.89441,1,1,28.9
1,1,0,1,1,355.20824080000006,0,1,120.0
0,1,1,2,1,1211.3306,0,1,130.0
0,0,0,2,1,1415.09434,1,1,66.0
1,0,0,2,1,1147.866013,1,1,110.0
1,1,0,3,1,1250.0,0,1,32.8
0,0,0,3,1,1500.461681,1,1,32.5
0,0,0,1,1,497.5609756,1,1,10.2
1,0,0,1,1,400.0,1,1,74.0
1,0,1,3,1,1587.805653,1,1,100.0
1,1,1,2,1,704.721635,0,1,140.0
0,0,0,2,1,1056.237511,1,1,37.0
0,0,1,2,1,1124.885216,1,1,49.0
1,0,0,3,1,1472.75405,1,1,270.0
1,0,0,3,1,1300.284437,1,1,32.0
1,0,0,3,1,2118.644068,1,1,130.0
1,0,1,3,1,1576.157043,1,1,110.0
1,0,0,2,1,1800.0288,1,1,750.0
1,0,0,2,1,979.5454545,1,1,43.1
1,1,1,3,1,2250.0,0,1,81.0
1,0,1,2,1,629.489743,1,1,170.0
1,0,1,3,1,1860.307796,1,1,110.0
0,1,1,3,1,1350.0,0,1,54.0
1,0,1,3,1,1750.164078,1,1,80.0
0,0,0,2,1,1050.175029,1,1,36.0
1,0,0,2,1,832.4991658,1,1,49.9
1,0,0,3,1,1584.786054,1,1,170.0
0,0,1,1,1,750.0,1,1,15.0
1,0,0,3,1,1750.198886,1,1,110.0
1,1,0,3,1,1775.0,0,1,63.9
0,0,0,2,1,1000.0,1,1,35.0
0,0,0,1,1,586.8880618,1,1,20.5
0,0,0,3,1,1450.083659,1,1,130.0
0,0,0,3,1,1600.0,1,1,86.0
0,0,0,2,1,1100.352113,1,1,25.0
1,1,0,2,1,1264.07767,0,0,65.1
1,0,0,2,1,1268.45531,1,1,79.9
1,0,0,1,1,495.049505,1,1,26.0
1,0,0,3,1,1450.430347,1,1,45.5
1,1,0,2,1,620.0268678,0,1,120.0
1,0,1,2,1,1039.946167,1,1,170.0
0,0,0,3,1,12596.89922,1,1,65.0
1,0,0,3,1,1639.871383,1,1,86.7
0,0,0,2,1,1268.157713,1,1,55.0
1,1,1,3,1,1424.839706,0,0,120.0
1,0,1,3,1,1761.2524460000002,1,1,90.0
0,1,0,4,1,2520.011859,0,1,85.0
1,0,1,3,1,1776.9272829999998,1,1,130.0
1,1,1,2,1,966.1213448,0,1,150.0
0,0,0,3,1,1611.438947,1,1,35.5
1,1,1,2,1,983.0205541,0,1,44.0
0,0,1,1,1,625.0,1,1,24.0
1,0,0,2,1,950.2515372,1,1,17.0
1,0,0,4,1,2050.373869,1,1,52.1
1,0,0,2,1,960.0,1,1,120.0
1,0,0,2,1,1040.009788,1,1,85.0
0,0,0,2,1,1170.154185,1,1,85.0
1,0,0,2,1,950.1187648,1,1,52.0
1,0,1,3,1,1170.088288,1,1,110.0
0,0,0,1,1,489.089541,1,1,26.0
0,0,0,3,1,1480.062685,1,1,85.0
1,0,1,2,1,1222.222222,1,1,110.0
0,0,0,2,1,900.3939223,1,1,16.0
1,0,0,2,1,878.141043,1,1,130.0
1,1,0,2,1,673.3333332999999,0,1,20.2
1,0,1,3,1,1578.221916,1,1,45.8
0,0,0,3,1,1687.4350989999998,1,1,65.0
1,0,1,3,1,1726.3703059999998,1,1,80.0
1,0,0,3,1,1655.110713,1,1,74.0
1,0,1,3,1,1264.466352,1,1,29.5
0,0,0,4,1,1470.073504,1,1,42.0
1,0,1,3,1,1210.359408,1,1,22.9
1,0,1,1,1,730.0391916,1,1,95.0
0,0,0,2,1,1050.030883,1,1,85.0
1,1,1,1,1,410.0084104,0,0,58.5
0,0,0,2,1,750.0,1,1,21.0
0,0,0,1,1,637.6811594,1,1,13.2
1,0,0,2,1,1254.23054,1,1,63.0
1,0,0,3,1,1850.070303,1,1,250.0
1,1,1,4,1,2156.876842,0,1,300.0
1,0,0,3,1,1389.74359,1,1,81.3
0,0,1,2,1,795.1963647999999,1,1,24.5
1,0,0,3,1,1807.078764,1,1,290.0
0,0,0,1,1,650.391353,1,1,34.9
1,0,0,2,1,1023.770299,1,1,43.5
0,0,0,2,1,750.0468779,1,1,40.0
1,0,0,3,1,1284.980011,1,1,90.0
1,0,0,1,1,650.0,1,1,52.0
0,0,0,2,1,950.1187648,1,1,40.0
1,0,0,2,1,1025.067144,1,1,22.9
1,0,0,3,1,1898.734177,1,1,150.0
0,1,0,3,1,1098.096633,0,1,30.0
1,0,0,3,1,1913.043478,1,1,110.0
1,0,0,1,1,570.0532049999999,1,1,45.0
0,0,0,3,1,1215.142546,1,1,78.0
1,0,0,1,1,600.0521785,1,1,23.0
0,0,0,2,1,1269.10874,1,1,44.0
1,0,0,2,1,1350.192885,1,1,31.5
0,0,0,1,1,480.0,1,1,15.0
1,1,1,3,1,1149.580741,0,0,85.0
0,0,0,4,1,3000.0,1,1,150.0
0,0,0,3,1,1489.533011,1,1,37.0
0,0,1,3,1,1705.352913,1,1,72.0
1,0,1,2,1,1235.669664,1,1,180.0
0,0,0,3,1,1915.25018,1,1,80.0
1,0,1,3,1,1567.807682,1,1,120.0
1,1,1,3,1,1402.469136,0,1,56.8
0,0,0,2,1,900.2057613,1,1,35.0
1,1,1,3,1,1008.022176,0,1,240.0
0,0,0,3,1,1733.3333329999998,1,1,130.0
1,0,0,2,1,925.0243427,1,1,95.0
1,0,0,4,1,4153.269025,1,1,310.0
0,0,0,2,1,1000.0,1,1,55.0
0,0,0,2,1,1122.0945769999998,1,1,42.0
1,0,0,3,1,1454.138702,1,1,65.0
0,0,0,4,1,2400.0,1,1,60.0
1,0,0,3,1,1519.756839,1,1,80.0
1,0,0,3,1,2060.855861,1,1,170.0
1,0,1,2,1,1339.584729,1,1,220.0
0,0,0,2,1,1040.189125,1,1,44.0
1,0,1,3,1,1848.571429,1,1,64.7
1,1,0,3,1,1138.554217,0,1,18.9
0,0,0,3,1,2720.0,1,1,170.0
1,0,0,3,1,1080.705546,1,1,280.0
1,0,1,3,1,1664.895501,1,1,94.0
1,0,0,3,1,1337.873997,1,1,55.0
1,0,1,2,1,929.912175,1,1,54.0
1,1,1,3,1,1482.479784,0,0,110.0
0,0,0,2,1,1162.115049,1,1,40.0
1,0,1,2,1,957.1013502,1,1,56.0
1,0,0,3,1,1529.411765,1,1,130.0
0,0,0,4,1,1200.0,1,1,60.0
0,0,0,2,1,1050.328228,1,1,24.0
1,0,0,6,1,5081.300813,1,1,500.0
0,0,0,3,1,1600.0,1,1,340.0
1,1,0,3,1,134137.93099999998,0,0,7780.0
1,0,0,3,1,2827.901966,1,1,210.0
0,0,0,1,1,450.0191498,1,1,23.5
0,0,0,3,1,1200.0,1,1,120.0
0,0,0,2,1,1372.801373,1,1,160.0
1,0,0,3,1,1973.684211,1,1,150.0
1,0,1,3,1,1348.80592,1,1,40.1
1,0,1,2,1,1040.189125,1,1,44.0
1,0,0,3,1,1400.264201,1,1,53.0
1,0,0,2,1,1185.08942,1,1,110.0
1,0,1,1,1,450.00330880000007,1,1,68.0
0,0,1,2,1,1190.47619,1,1,83.0
0,1,1,2,1,919.9934286,0,1,56.0
0,0,0,3,1,2319.587629,1,1,180.0
1,0,0,1,1,698.1740063999999,1,1,130.0
1,0,0,4,1,3600.782779,1,1,92.0
1,0,0,2,1,883.1732258999999,1,1,28.5
0,0,0,2,1,531.9148936,1,1,17.0
1,0,0,3,1,2150.958154,1,1,220.0
0,0,1,2,1,995.1586875,1,1,37.0
0,0,0,2,1,760.1572739,1,1,29.0
0,0,0,2,1,1309.134186,1,1,88.0
0,0,0,5,1,1820.272083,1,1,95.0
1,0,1,3,1,755.5723461,1,0,100.0
0,0,0,3,1,1025.163094,1,1,55.0
1,1,1,2,1,631.3559322000001,0,1,14.9
1,0,0,1,1,649.9837504,1,1,60.0
0,0,0,2,1,980.0427655,1,1,55.0
0,0,0,1,1,344.45640469999995,1,1,16.0
1,0,0,2,1,1144.16476,1,1,45.0
1,0,0,1,1,600.0461574,1,1,26.0
0,0,1,3,1,1714.9717030000002,1,1,200.0
0,0,0,2,1,898.9827301000001,1,1,38.0
1,1,0,3,1,1455.064194,0,1,61.2
1,0,1,2,1,1178.181818,1,1,32.4
0,0,0,2,1,1240.0,1,1,55.8
0,0,1,2,1,1042.061387,1,1,55.0
1,0,1,2,1,1040.474456,1,1,100.0
2,0,0,3,1,1356.25,1,0,43.4
1,0,1,2,1,951.6041327,1,1,17.5
1,0,0,3,1,1315.212626,1,1,60.0
0,0,0,3,1,1702.3134,1,1,78.0
1,0,0,2,1,1200.056473,1,1,85.0
1,0,0,2,1,944.8818898,1,1,120.0
0,0,0,1,1,500.0,1,1,23.0
1,0,0,3,1,2089.864159,1,1,180.0
0,1,1,3,1,1800.180018,0,1,60.0
1,0,0,3,1,1075.268817,1,1,36.0
0,0,0,1,1,419.1407614,1,1,12.0
0,0,1,1,1,312.2073057,1,1,10.0
1,1,1,2,1,1246.09619,0,1,79.8
1,1,1,1,1,550.0222982,0,1,37.0
1,0,0,1,1,300.0096777,1,1,62.0
0,0,1,3,1,1778.741866,1,1,82.0
1,0,0,3,1,1845.01845,1,1,130.0
1,0,1,3,1,1885.098743,1,1,84.0
1,0,0,2,1,1235.044384,1,1,64.0
1,0,0,3,1,1906.437894,1,1,130.0
1,0,0,3,1,1820.00182,1,1,200.0
0,0,0,3,1,2030.044661,1,1,250.0
0,0,1,3,1,1613.329807,1,1,61.0
1,0,1,3,1,1260.869565,1,1,58.0
1,0,1,3,1,1761.0062890000002,1,1,81.2
1,0,0,2,1,688.2591093,1,0,28.9
1,1,1,4,1,5230.622920000001,0,1,330.0
1,1,1,3,1,1541.4787210000002,0,0,78.6
0,0,0,1,1,600.0,1,1,18.0
0,0,0,4,1,3180.256965,1,1,250.0
1,0,0,2,1,1050.175029,1,1,54.0
1,0,0,3,1,1451.0364550000002,1,1,81.2
1,0,1,1,1,653.9235412,1,1,39.0
1,1,1,2,1,990.5020353,0,1,29.2
0,0,0,2,1,1100.110011,1,1,40.0
0,0,0,2,1,800.0,1,1,23.0
0,0,1,3,1,1560.121766,1,1,82.0
1,1,1,3,1,948.0431849,0,1,28.1
1,0,0,3,1,1450.617284,1,1,32.9
1,1,1,3,1,1354.748603,0,1,67.9
1,0,0,2,1,1145.038168,1,1,60.0
1,0,0,2,1,950.0,1,1,39.9
1,0,0,2,1,1001.001001,1,1,110.0
1,0,1,2,1,849.9586826,1,1,72.0
0,0,0,2,1,650.1950585,1,1,20.0
1,0,0,1,1,574.9880211,1,1,84.0
1,0,0,2,1,1200.120012,1,1,40.0
0,0,0,2,1,700.0622278,1,1,45.0
1,0,0,2,1,738.8888889,1,1,26.6
1,0,0,3,1,1450.083659,1,1,130.0
0,0,0,3,1,1365.054602,1,1,70.0
1,0,1,4,1,3859.435304,1,1,380.0
1,0,0,2,1,1383.737518,1,1,58.2
1,0,1,3,1,1347.8413480000002,1,1,38.4
1,0,0,1,1,649.9368117,1,1,36.0
0,0,1,2,1,1139.915426,1,1,62.0
1,1,1,2,1,1230.050603,0,1,94.8
1,1,1,3,1,1108.297624,0,1,56.9
1,1,1,4,1,1149.852886,0,1,680.0
2,1,1,3,1,811.6385911,0,0,15.9
1,0,0,3,1,1747.211896,1,1,47.0
0,0,1,2,1,968.054211,1,1,30.0
0,0,0,3,1,1429.646351,1,1,57.0
0,0,0,2,1,1205.657315,1,1,52.0
1,0,0,2,1,970.0176367,1,1,27.5
2,1,1,1,1,399.9407495,0,0,27.0
0,0,0,2,1,900.0,1,1,18.0
0,1,0,2,1,1120.283019,0,1,38.0
1,0,0,2,1,1065.061357,1,1,92.0
1,0,0,2,1,977.0713912999998,1,1,75.0
0,0,0,2,1,1400.1680199999998,1,1,50.0
0,0,0,3,1,1750.164078,1,1,80.0
0,0,0,1,1,449.9943751,1,1,40.0
1,0,1,2,1,950.0745156,1,1,51.0
1,0,0,2,1,950.0503815,1,1,66.0
1,0,1,4,1,3258.721086,1,1,610.0
1,1,1,3,1,2125.480154,0,1,16.6
0,0,0,2,1,1155.115512,1,1,70.0
0,0,0,1,1,469.1136973999999,1,1,26.2
0,0,0,1,1,650.0847937000001,1,1,23.0
1,1,1,3,1,982.0214534,0,1,65.0
1,1,0,1,1,580.0,0,0,75.4
0,0,0,2,1,950.2262443,1,1,21.0
1,1,1,3,1,1295.982454,0,1,260.0
2,0,0,2,1,814.2857142999999,1,0,45.6
1,0,1,1,1,715.0715072,1,1,52.0
1,0,0,3,1,1400.124456,1,1,90.0
0,0,1,2,1,1149.914821,1,1,27.0
0,0,0,3,1,1080.246914,1,1,35.0
0,0,0,2,1,1000.0,1,1,35.0
1,0,0,2,1,1224.88976,1,1,50.0
1,0,0,3,1,2299.972122,1,1,330.0
1,0,0,3,1,1500.0,1,1,750.0
0,0,0,1,1,540.0297016,1,1,40.0
1,0,1,3,1,1486.000313,1,1,190.0
1,1,0,2,1,969.6969697,0,1,32.0
1,1,1,2,1,564.9717513999999,0,0,52.0
0,0,0,3,1,1841.312354,1,1,55.0
1,0,1,3,1,1704.730832,1,1,62.7
1,0,0,2,1,1317.389542,1,1,130.0
1,0,0,2,1,1200.071646,1,1,67.0
1,0,0,4,1,1960.784314,1,1,150.0
0,0,0,5,1,2333.969871,1,1,110.0
1,1,0,2,1,950.209046,0,1,25.0
1,0,0,4,1,3000.035295,1,1,850.0
0,0,0,2,1,1000.0,1,1,30.0
1,0,1,3,1,926.83178,1,1,180.0
1,0,1,3,1,1375.648308,1,0,55.7
1,0,1,2,1,1149.9871369999998,1,1,44.7
1,1,0,3,1,1505.086153,0,1,72.5
1,0,0,5,1,3536.693192,1,1,240.0
0,0,0,2,1,950.1187648,1,1,36.0
0,0,1,2,1,800.0,1,1,30.0
1,0,1,2,1,813.0081301,1,1,240.0
1,0,0,1,1,488.4878656,1,1,15.7
1,0,1,2,1,1342.79476,1,1,73.8
1,0,1,2,1,1289.134438,1,1,84.0
0,1,0,3,1,1550.387597,0,1,42.0
0,0,1,2,1,965.3199857,1,1,27.0
0,0,0,2,1,960.1024109,1,1,45.0
1,0,0,2,1,1082.055906,1,1,120.0
1,0,1,3,1,1627.261415,1,1,170.0
1,0,0,4,1,2199.41349,1,1,270.0
0,0,0,2,1,871.0801393999999,1,1,45.0
0,0,0,2,1,1600.346021,1,1,37.0
1,0,0,3,1,1690.283401,1,1,83.5
0,0,1,3,1,1580.005745,1,1,55.0
1,0,0,3,1,2177.594967,1,1,180.0
0,0,0,2,1,1250.0,1,1,41.0
0,0,0,1,1,533.0053301,1,1,26.0
0,0,0,1,1,700.0145836,1,1,48.0
1,0,0,3,1,1599.0578380000002,1,1,61.1
0,0,1,3,1,1654.081266,1,1,230.0
1,0,0,2,1,769.9796442,1,1,87.0
1,0,0,3,1,1980.0472170000005,1,1,260.0
1,0,0,2,1,1006.944444,1,1,87.0
0,0,0,2,1,1100.244499,1,1,45.0
1,1,0,3,1,1635.0,0,1,65.4
0,0,0,1,1,400.0,1,1,25.0
1,0,1,2,1,1290.251434,1,1,58.5
0,0,0,1,1,588.004704,1,1,60.0
0,0,0,2,1,677.0990069000001,1,1,45.0
0,0,0,2,1,1653.960888,1,1,49.9
0,0,1,2,1,1287.948482,1,1,42.0
0,0,0,2,1,611.1894687000001,1,1,13.0
1,1,0,2,1,1090.404441,0,1,110.0
0,0,0,2,1,1459.549625,1,1,35.0
0,0,0,2,1,1399.889482,1,1,76.0
1,0,0,2,1,1338.51468,1,1,31.0
0,0,1,2,1,950.1187648,1,1,28.0
1,1,0,2,1,525.23767,0,0,100.0
1,1,1,3,1,2614.663907,0,1,240.0
0,0,0,2,1,1350.135014,1,1,90.0
1,0,0,3,1,2050.0347460000003,1,1,59.0
1,0,0,2,1,720.1800450000001,1,1,19.2
1,0,0,3,1,1203.470473,1,0,43.0
1,1,0,3,1,1276.471731,0,1,65.7
0,0,0,1,1,600.0461574,1,1,26.0
1,1,1,2,1,999.6775234,0,1,62.0
1,0,0,2,1,1215.64482,1,1,230.0
1,0,0,3,1,1534.932957,1,1,87.0
1,0,0,3,1,1412.223034,1,1,58.0
1,0,1,3,1,1279.565723,1,1,33.0
1,0,0,4,1,3004.50676,1,1,120.0
1,0,0,4,1,4350.405379,1,1,440.0
0,1,0,3,1,1559.575795,0,1,50.0
1,0,0,2,1,1130.082299,1,1,92.0
0,0,0,2,1,1100.28293,1,1,35.0
1,0,1,3,1,1456.1618640000002,1,1,47.5
0,0,0,1,1,377.8932452,1,1,8.0
1,0,0,2,1,1135.714286,1,1,31.8
1,0,0,1,1,465.0379107,1,1,27.6
2,1,0,2,1,801.6085791,0,0,29.9
1,0,1,4,1,1900.057002,1,1,400.0
1,0,1,5,1,5262.40933,1,1,370.0
0,0,0,3,1,1237.77201,1,1,62.0
1,1,1,2,1,1296.089385,0,1,58.0
1,0,0,2,1,1214.045573,1,1,32.5
0,0,1,2,1,959.0461379,1,1,37.0
1,0,0,2,1,1100.066269,1,1,83.0
0,0,0,3,1,1799.8560120000002,1,1,75.0
1,1,1,3,1,2250.0,0,1,81.9
0,1,0,2,1,1190.3137789999998,0,1,34.9
1,1,1,3,1,1591.187271,0,1,130.0
0,0,1,1,1,675.1493119,1,1,26.0
1,0,0,1,1,609.97815,1,1,67.0
1,0,0,3,1,1447.789105,1,1,240.0
1,0,0,1,1,550.0550055,1,1,40.0
1,0,0,3,1,1574.80315,1,1,76.0
0,0,0,1,1,400.0,1,1,12.0
1,0,1,2,1,1170.754551,1,1,200.0
2,1,0,2,1,898.0375427000001,0,0,42.1
1,0,0,3,1,1299.54955,1,1,57.7
0,0,0,2,1,850.1335924000001,1,1,35.0
0,0,0,2,1,827.0938534,1,1,47.5
1,0,0,3,1,1800.288046,1,1,75.0
1,0,1,2,1,1050.006563,1,1,160.0
1,1,1,3,1,1085.7026529999998,0,0,160.0
1,0,1,4,1,2425.19685,1,1,77.0
0,0,0,2,1,846.5011287000001,1,1,120.0
1,0,0,3,1,1722.538757,1,1,130.0
1,0,1,1,1,720.0460829,1,1,50.0
1,0,0,3,1,1619.702685,1,1,73.0
1,0,0,3,1,1454.839361,1,1,72.0
0,0,0,3,1,1280.0,1,1,32.0
0,0,0,1,1,750.1071582000001,1,1,35.0
1,0,0,2,1,1280.070625,1,1,58.0
0,0,0,2,1,825.2284114,1,1,28.0
1,0,0,2,1,656.0603576000001,1,1,40.0
1,0,0,3,1,1550.2082369999998,1,1,67.0
1,1,0,2,1,1207.792208,0,1,46.5
1,0,0,2,1,1110.1622539999998,1,1,65.0
1,0,0,3,1,1004.291062,1,1,110.0
0,0,1,4,1,2430.654847,1,1,170.0
0,0,0,2,1,675.024108,1,1,14.0
0,0,0,2,1,1200.111638,1,1,43.0
1,0,0,2,1,1200.0,1,1,45.0
0,0,0,2,1,830.0132802,1,1,50.0
0,0,0,2,1,999.0917348,1,1,55.0
0,0,0,2,1,1170.177198,1,1,35.0
1,1,0,4,1,1650.4854369999998,0,1,51.0
1,0,0,3,1,1272.222222,1,1,45.8
1,0,0,2,1,1248.142645,1,1,42.0
1,1,1,3,1,2170.481452,0,1,110.0
1,1,1,4,1,2169.522644,0,1,70.9
1,0,1,1,1,645.7862448,1,1,40.0
1,0,1,2,1,1232.091691,1,1,43.0
1,0,0,3,1,1752.444198,1,1,380.0
1,1,1,2,1,774.0398928,0,1,130.0
0,0,0,3,1,1710.051302,1,1,90.0
0,0,0,2,1,1200.120012,1,1,40.0
0,0,0,2,1,1250.0,1,1,30.0
1,0,0,2,1,910.0561201,1,1,60.0
1,0,0,2,1,1129.639591,1,1,42.0
1,1,1,2,1,530.8560053,0,1,120.0
0,0,0,2,1,1120.0,1,1,42.0
0,0,0,3,1,1340.816963,1,1,43.0
0,0,0,2,1,620.0348769999999,1,1,32.0
0,0,1,3,1,1616.081987,1,1,82.0
1,1,0,1,1,600.0,0,1,36.0
1,0,0,3,1,1838.868389,1,1,59.8
1,0,0,2,1,1000.0,1,1,28.0
1,1,1,3,1,1241.619071,0,1,100.0
1,0,0,4,1,3684.210526,1,1,280.0
1,0,0,2,1,850.0088542999999,1,1,96.0
1,0,1,2,1,1155.8274310000002,1,0,35.9
1,0,0,2,1,1075.149634,1,1,48.5
1,0,0,3,1,1400.0,1,1,78.4
0,0,0,3,1,1573.333333,1,1,70.8
0,0,0,1,1,580.0214823,1,1,27.0
1,0,0,1,1,850.0,1,1,85.0
1,0,0,2,1,1150.0261369999998,1,1,110.0
1,0,0,3,1,1649.990481,1,1,780.0
1,0,0,3,1,1193.333333,1,1,35.8
1,0,1,1,1,625.0,1,1,47.5
1,0,0,5,1,6500.0560350000005,1,1,580.0
0,0,0,3,1,1355.166573,1,1,72.0
0,0,0,3,1,2050.113895,1,1,180.0
0,0,0,3,1,1600.0,1,1,70.0
0,0,0,2,1,599.765945,1,1,20.5
0,0,0,2,1,945.1795841,1,1,45.0
1,0,0,2,1,1108.000933,1,1,95.0
1,0,1,3,1,1795.063575,1,1,48.0
1,0,0,3,1,2365.356623,1,1,130.0
0,0,0,2,1,1147.052076,1,1,50.0
0,0,0,2,1,1050.080775,1,1,65.0
1,0,0,2,1,749.0306662,1,1,170.0
0,0,0,2,1,1190.003967,1,1,30.0
0,1,1,4,1,1920.161698,0,1,76.0
0,0,0,2,1,1250.0,1,1,28.0
1,1,1,3,1,1725.923369,0,1,250.0
0,0,0,3,1,1400.070004,1,1,80.0
0,0,0,2,1,915.1223976,1,1,40.0
1,1,1,3,1,941.4866074,0,1,200.0
1,0,0,1,1,590.0202293,1,1,70.0
1,0,0,3,1,1733.3333329999998,1,1,130.0
1,0,0,3,1,1600.196947,1,1,65.0
0,0,0,1,1,600.0405433,1,1,29.6
0,0,0,2,1,1225.165563,1,1,74.0
1,0,0,2,1,1115.1379980000002,1,1,80.0
0,0,1,1,1,525.2100839999999,1,1,7.5
1,0,0,3,1,1264.837517,1,1,65.0
1,0,0,3,1,1850.13876,1,1,240.0
0,0,0,2,1,3599.114064,1,1,65.0
1,0,0,4,1,4000.0,1,1,1400.0
0,0,0,2,1,1210.025929,1,1,56.0
2,1,1,3,1,1149.299873,0,0,63.2
1,0,0,2,1,1164.897748,1,1,90.0
1,0,0,2,1,1000.0,1,1,33.0
1,0,0,2,1,1174.899866,1,1,44.0
0,0,0,2,1,931.8874958,1,1,55.0
1,0,0,1,1,450.03673770000006,1,1,24.5
1,0,0,2,1,1340.068034,1,1,130.0
1,0,0,1,1,670.0299543,1,1,85.0
1,0,0,3,1,1493.129771,1,1,48.9
1,0,1,3,1,1200.260926,1,1,36.8
1,0,1,2,1,1202.373517,1,1,38.5
1,0,0,3,1,1773.31166,1,1,120.0
0,0,0,2,1,975.177305,1,1,33.0
1,0,0,3,1,1181.16049,1,1,160.0
0,0,0,3,1,1409.774436,1,1,30.0
0,0,0,3,1,1872.223398,1,1,88.5
1,0,0,2,1,942.0462676,1,1,39.5
1,0,0,2,1,950.0351865,1,1,27.0
1,0,1,2,1,1250.0,1,1,39.5
1,0,1,3,1,1501.5015019999998,1,1,220.0
0,0,0,2,1,1266.036462,1,1,75.0
1,0,0,2,1,1160.915834,1,1,36.0
1,1,0,2,1,1065.0274029999998,0,1,71.9
1,0,1,2,1,999.0612847,1,1,74.5
1,0,0,2,1,831.2551953,1,1,150.0
1,0,1,1,1,450.0,1,1,27.0
0,0,0,2,1,1100.110011,1,1,60.0
1,0,0,4,1,2555.094219,1,1,240.0
0,0,0,4,1,4336.399474,1,1,99.0
1,0,0,3,1,1700.0442010000002,1,1,500.0
0,0,0,2,1,1380.042463,1,1,65.0
1,0,0,4,1,1849.796522,1,1,150.0
1,0,1,2,1,1225.095904,1,1,99.0
2,0,0,3,1,1301.176471,1,0,55.3
1,0,1,3,1,1464.68144,1,1,42.3
0,0,0,3,1,1050.213325,1,1,32.0
1,0,0,2,1,1072.483526,1,1,47.2
1,0,1,3,1,1551.189245,1,1,45.0
0,0,0,3,1,1259.196378,1,1,44.5
0,1,1,2,1,1149.802891,0,1,35.0
0,0,0,3,1,2012.072435,1,1,50.0
0,0,0,2,1,1250.0,1,1,33.0
1,0,0,1,0,355.0677857,1,1,11.0
0,0,0,2,1,631.5789474,1,1,30.0
1,0,1,4,1,2894.7368420000003,1,1,110.0
1,0,0,2,1,1024.1162869999998,1,1,31.0
1,1,1,1,1,353.0286139,0,0,38.0
1,0,1,1,1,419.7917833000001,1,1,75.0
1,1,1,3,1,1625.320787,0,1,76.0
0,0,0,2,1,1135.0737800000002,1,1,70.0
1,0,0,3,1,1878.055055,1,1,73.0
0,0,1,3,1,1533.507131,1,1,100.0
1,0,1,2,1,474.3628445000001,1,0,110.0
1,0,0,5,1,4600.295113,1,1,530.0
1,0,0,3,1,1650.268336,1,1,36.9
0,0,0,2,1,1000.0,1,1,34.0
0,0,0,2,1,950.1871581,1,1,33.0
0,0,0,2,1,780.306549,1,1,16.8
1,0,0,3,1,1368.147448,1,1,57.9
1,0,0,2,1,1000.0,1,1,25.0
0,0,0,2,1,870.1854493999999,1,1,24.4
1,0,0,2,1,1050.105011,1,1,70.0
1,1,1,3,1,149969.0785,0,0,9700.0
1,0,1,5,1,4335.260116,1,1,210.0
0,0,0,1,1,500.0,1,1,21.0
1,0,0,2,1,1070.038911,1,1,77.0
1,0,0,3,1,1343.3915470000002,1,1,130.0
0,0,1,2,1,1114.413076,1,1,45.0
1,0,1,4,1,4448.838359,1,1,270.0
0,0,0,2,1,1325.088339,1,1,75.0
0,0,0,3,1,1130.125928,1,1,70.0
0,0,0,2,1,849.9501495999999,1,1,34.1
1,0,0,3,1,1199.926158,1,1,65.0
1,0,0,2,1,1050.0,1,1,84.0
0,0,0,2,1,1200.331126,1,1,29.0
1,0,0,1,1,725.0880463999999,1,1,35.0
0,0,0,1,1,554.8705302,1,1,18.0
0,0,0,2,1,1000.0,1,1,19.0
1,0,1,2,1,1272.67138,1,1,41.4
1,0,0,4,1,2472.4657230000003,1,1,110.0
0,0,0,2,1,1279.779484,1,1,65.0
0,0,0,2,1,622.0010662999999,1,1,35.0
1,0,1,2,1,1550.008158,1,1,95.0
1,0,1,3,1,2295.971613,1,1,110.0
1,0,0,3,1,2375.0,1,0,190.0
1,0,0,3,1,1650.165017,1,1,120.0
0,0,0,3,1,1200.192031,1,1,50.0
1,0,0,4,1,2600.472813,1,1,110.0
0,1,0,2,1,975.2925878,0,1,30.0
0,0,0,2,1,1205.0984939999998,1,1,52.0
0,0,0,2,1,900.9009009,1,1,45.0
1,0,1,2,1,816.5374677,1,1,15.8
1,1,1,1,1,518.6411287,0,1,65.8
1,0,0,3,1,2231.075697,1,1,140.0
0,0,1,2,1,939.8496241,1,1,40.0
0,0,0,2,1,1263.1578949999998,1,1,78.0
0,0,0,3,1,1979.152923,1,1,150.0
0,1,1,3,1,1750.036459,0,1,120.0
1,0,1,2,1,1148.930059,1,1,80.0
0,0,0,4,1,1276.976121,1,1,100.0
1,0,0,2,1,963.1413225,1,1,52.0
1,0,0,1,1,494.8453608,1,1,24.0
1,0,1,2,1,1030.3652029999998,1,1,25.11
0,0,1,2,1,1114.294811,1,1,35.0
0,0,0,2,1,725.0418292999999,1,1,26.0
0,0,0,3,1,1666.111296,1,1,50.0
1,0,0,2,1,1050.044683,1,1,47.0
1,0,0,1,1,550.0868558,1,1,19.0
0,0,0,3,1,1859.956236,1,1,85.0
1,0,0,3,1,838.0381087000001,1,1,95.0
0,1,1,1,1,600.0342877,0,1,35.0
0,0,0,2,1,1070.009172,1,1,70.0
0,0,0,2,1,1000.0,1,1,32.0
1,0,1,2,1,886.4864865000001,1,0,41.0
1,0,0,2,1,1045.068583,1,1,48.0
1,0,1,2,1,1180.149284,1,1,58.5
0,0,1,2,1,1200.0,1,1,45.0
1,0,0,1,1,774.2934572,1,1,20.0
1,0,0,4,1,2099.958001,1,1,200.0
0,0,0,2,1,1500.0,1,1,90.0
1,0,1,1,1,738.8642601,1,1,35.0
1,0,0,2,1,1200.012,1,1,800.0
0,0,0,2,1,1022.176022,1,1,59.0
1,1,1,2,1,1070.149254,0,1,35.85
1,0,0,4,1,3050.108932,1,0,210.0
1,1,1,3,1,1504.718184,0,1,59.0
1,0,0,2,1,1000.0,1,1,100.0
1,0,0,2,1,848.2523444,1,1,19.9
1,0,0,2,1,1053.088026,1,1,170.0
0,0,1,3,1,1075.268817,1,1,17.0
0,0,0,2,1,1130.023307,1,1,160.0
0,0,0,2,1,1219.181794,1,1,45.0
1,1,1,3,1,1049.790042,0,1,35.0
0,0,0,2,1,800.0,1,1,25.0
0,0,0,3,1,1351.351351,1,1,35.0
0,0,0,2,1,900.1406470000001,1,1,32.0
1,0,1,2,1,1080.089668,1,1,53.0
1,0,0,3,1,2665.739453,1,1,230.0
1,0,0,2,1,748.6725663999999,1,1,42.3
0,0,0,2,1,950.1965924,1,1,29.0
1,0,1,3,1,1600.0,1,1,78.0
1,0,1,2,1,1007.751938,1,0,26.0
1,0,1,3,1,1820.303384,1,1,78.0
1,0,0,3,1,1544.912823,1,1,140.0
1,1,0,1,1,617.7215190000001,0,1,85.4
0,0,1,2,1,1100.28293,1,1,35.0
1,1,1,3,1,1665.080875,0,1,70.0
0,0,0,1,1,645.0745867,1,1,48.0
1,1,1,3,1,1545.029478,0,1,380.0
1,0,0,2,1,1000.0,1,1,24.0
1,0,0,3,1,2500.0,1,1,1000.0
1,0,0,3,1,1985.058698,1,1,93.0
0,0,0,2,1,1300.309598,1,1,42.0
0,0,0,4,1,1739.1304350000005,1,1,58.0
1,1,1,1,1,469.4835681,0,0,100.0
1,0,1,3,1,1540.029112,1,1,52.9
0,1,0,3,1,3200.59546,0,1,86.0
1,0,1,3,1,1239.090615,1,1,230.0
0,0,1,2,1,930.1538982,1,1,55.0
0,0,0,3,1,1490.630324,1,1,35.0
1,0,0,2,1,1080.069124,1,1,150.0
0,0,0,3,1,1700.037779,1,1,90.0
1,0,0,2,1,1099.937146,1,1,35.0
1,0,0,1,1,681.0176125,1,1,34.8
1,0,0,3,1,1435.185185,1,1,62.0
0,1,0,3,1,2300.426569,0,1,75.5
1,1,1,4,1,1650.9722390000002,0,0,270.0
0,0,0,1,1,329.9241175,1,1,10.0
1,0,0,4,1,2855.977152,1,1,420.0
1,0,0,3,1,1510.067114,1,1,180.0
1,1,1,3,1,1834.615385,0,1,95.4
1,0,0,2,1,1100.110011,1,1,90.0
0,0,0,3,1,1280.32345,1,1,38.0
1,1,0,3,1,1800.180018,0,1,60.0
1,0,0,3,1,1766.2643510000005,1,1,180.0
0,0,0,3,1,1300.169587,1,1,46.0
1,0,0,3,1,1485.689316,1,1,68.0
1,0,0,3,1,1674.808095,1,1,120.0
1,0,0,4,1,1900.1554670000005,1,1,110.0
1,0,0,3,1,1807.191375,1,1,290.0
1,1,1,2,1,666.3004238,0,0,84.9
1,0,0,2,1,1180.869907,1,1,120.0
1,0,1,3,1,1935.297516,1,1,67.0
0,0,0,2,1,900.0473708999999,1,1,95.0
0,0,0,3,1,1220.173536,1,1,45.0
0,0,0,4,1,1400.0,1,1,56.0
1,1,1,2,1,1160.092807,0,1,120.0
1,1,1,2,1,671.6561121,0,0,140.0
1,0,0,3,1,1001.001001,1,1,40.0
1,0,0,4,1,3115.264798,1,1,320.0
1,0,0,3,1,1583.166333,1,1,7.9
1,0,1,3,1,2405.130946,1,0,180.0
1,0,0,2,1,903.1716026,1,1,43.0
1,0,1,2,1,1140.096618,1,1,47.2
1,0,1,2,1,1168.793221,1,1,120.0
0,0,0,2,1,1250.0,1,1,45.0
0,0,0,2,1,1068.050046,1,1,35.0
0,0,0,3,1,1823.154057,1,1,140.0
1,0,0,2,1,1507.078703,1,1,99.0
1,0,0,3,1,1260.047795,1,1,58.0
1,0,0,2,1,1087.234587,1,1,170.0
1,0,0,3,1,1871.852266,1,1,66.9
1,1,1,3,1,1846.153846,0,1,120.0
1,0,0,2,1,950.0,1,1,38.0
1,0,0,2,1,677.4455785,1,1,150.0
1,0,1,2,1,1205.386325,1,1,92.2
0,0,0,2,1,1050.080775,1,1,65.0
0,0,1,2,1,1295.113107,1,1,75.0
1,0,0,4,1,1941.176471,1,0,990.0
0,0,0,3,1,2023.312074,1,1,92.0
1,0,0,4,1,2836.169503,1,1,170.0
0,1,0,1,1,60.00109093,0,1,22.0
0,0,0,2,1,950.1187648,1,1,48.0
1,1,1,2,1,653.4840379999999,0,1,270.0
0,0,0,4,1,1460.0,1,1,36.5
1,0,0,1,1,605.0252687000001,1,1,85.0
1,0,0,2,1,950.1187648,1,1,40.0
1,0,1,2,1,1286.173633,1,1,64.0
1,1,0,2,1,650.0013542,0,1,240.0
1,0,1,2,1,955.008489,1,1,45.0
1,1,1,3,1,984.9532671,0,0,470.0
1,0,0,3,1,1910.079342,1,1,65.0
1,0,0,3,1,1626.256653,1,1,110.0
0,0,0,3,1,1100.28293,1,1,35.0
0,0,0,1,1,649.9535747,1,1,35.0
0,0,0,2,1,649.8194946000001,1,1,18.0
1,0,0,2,1,864.1138597000001,1,1,51.0
0,0,0,2,1,835.0730689,1,1,28.0
1,1,1,1,1,580.0464037,0,1,20.0
1,0,1,3,1,1627.07452,1,1,150.0
1,0,0,2,1,1273.187184,1,1,45.3
1,0,0,2,1,1060.0706710000002,1,1,60.0
1,1,1,1,1,297.029703,0,0,27.0
0,0,0,3,1,1167.567568,1,1,43.2
1,0,1,3,1,1597.869507,1,1,360.0
1,1,0,2,1,1118.604651,0,1,48.1
1,0,0,2,1,1200.087279,1,1,110.0
1,1,1,1,1,700.0,0,1,35.0
1,0,0,3,1,1200.0192,1,1,500.0
1,1,0,2,1,925.0,0,0,22.2
0,0,0,2,1,816.8599902000001,1,1,50.0
1,0,0,2,1,1219.925449,1,1,72.0
1,0,0,3,1,1512.651265,1,1,110.0
1,1,0,2,1,81692.35962999999,0,0,7260.0
1,1,0,1,1,536.1519608,0,1,17.5
1,0,0,3,1,1724.709784,1,1,52.0
1,0,0,3,1,1600.0,1,1,62.0
0,0,0,2,1,900.0163639,1,1,55.0
1,0,1,2,1,1221.001221,1,1,210.0
1,0,0,3,1,1260.032103,1,1,78.5
1,0,1,3,1,1623.573259,1,1,69.7
1,0,0,2,1,1105.108055,1,1,45.0
0,0,0,2,1,1500.0,1,1,45.0
0,0,1,2,1,1216.051885,1,1,90.0
1,1,1,4,1,1772.996364,0,0,590.0
0,0,0,3,1,1886.199308,1,1,120.0
1,0,0,2,1,931.0986965,1,1,75.0
0,0,1,2,1,875.0341810000001,1,1,32.0
1,0,0,3,1,1243.576567,1,1,36.3
0,0,0,3,1,1420.247633,1,1,78.0
0,0,0,2,1,1121.95122,1,1,29.9
1,0,0,2,1,914.9688911,1,1,75.0
0,0,0,2,1,800.0984737000001,1,1,32.5
2,1,0,4,1,2141.3793100000003,0,0,62.1
0,0,0,1,1,536.0134003000001,1,1,19.2
1,0,0,2,1,970.0366458,1,1,45.0
1,0,0,4,1,2889.2787120000003,1,1,280.0
1,0,0,2,1,1232.0328539999998,1,1,66.0
1,0,0,2,1,976.9713887,1,1,42.0
0,0,0,2,1,1306.056403,1,1,56.5
0,0,0,3,1,1575.078754,1,1,90.0
1,1,1,1,1,623.8095238,0,0,26.2
1,0,0,2,1,1049.868766,1,1,64.0
1,0,0,2,1,1016.053648,1,1,100.0
1,0,0,5,1,4500.0,1,1,270.0
0,0,0,2,1,704.989154,1,1,26.0
1,0,0,3,1,1450.326323,1,1,40.0
1,0,0,3,1,1265.069207,1,1,85.0
1,0,0,1,1,580.0158186000001,1,1,66.0
1,1,0,1,1,317.0064644,0,1,51.0
1,0,1,1,1,517.0630817,1,1,35.0
0,0,0,2,1,614.0550375,1,1,27.0
1,0,0,3,1,1417.799832,1,1,220.0
0,0,0,1,1,525.0,1,1,21.0
1,1,1,2,1,798.9064399,0,1,26.3
0,0,0,1,1,460.1226994,1,1,15.0
1,0,0,2,1,860.9219692,1,1,110.0
1,0,0,2,1,550.0550055,1,1,50.0
1,0,1,2,1,786.3401482999999,1,1,140.0
0,0,0,3,1,1549.7011289999998,1,1,70.0
0,0,0,2,1,1040.259389,1,1,38.5
0,0,0,3,1,1650.227618,1,1,87.0
1,0,0,3,1,1400.316456,1,1,53.1
1,1,1,2,1,1117.852975,0,1,47.9
0,0,0,4,1,1200.0,1,1,45.0
1,0,1,2,1,1158.178645,1,1,73.0
1,1,1,2,1,434.1705147,0,0,77.1
0,0,0,2,1,1050.105011,1,1,70.0
1,1,0,4,1,2780.24911,0,1,250.0
0,0,0,2,1,770.1083856,1,1,27.0
0,0,0,1,1,550.0,1,1,55.0
1,1,1,2,1,638.1870279,0,0,49.0
1,1,1,2,1,1124.87361,0,1,44.5
1,0,1,3,1,2441.773103,1,1,130.0
1,0,0,2,1,900.2520706,1,1,25.0
0,0,0,3,1,1175.0,1,1,47.0
1,1,1,2,1,1185.692642,0,1,180.0
1,0,0,2,1,1040.090772,1,1,55.0
1,0,0,3,1,1323.255814,1,1,56.9
1,0,0,1,1,620.0447245,1,1,30.5
1,0,0,3,1,1440.128764,1,1,340.0
0,0,0,3,1,1250.0,1,1,38.5
0,0,0,2,1,1238.150513,1,1,64.0
1,0,0,2,1,975.0,1,1,23.4
1,0,0,1,1,539.0463027000001,1,1,39.0
1,0,1,2,1,398.2621289,1,1,11.0
1,0,0,3,1,1850.0,1,1,74.0
1,1,1,1,1,623.2361242000001,0,1,26.5
1,0,1,2,1,522.0353885,1,0,47.5
0,0,1,1,1,574.9958929,1,1,35.0
1,0,0,2,1,1000.0,1,1,72.0
1,0,0,3,1,1675.041876,1,1,100.0
1,0,0,2,1,1244.128475,1,1,98.0
1,0,1,2,1,999.2862241,1,1,210.0
1,0,0,3,1,1750.164078,1,1,160.0
1,0,1,3,1,1332.116788,1,1,73.0
1,1,1,2,1,960.0384015,0,1,160.0
0,0,0,3,1,1749.475157,1,1,50.0
1,0,0,3,1,1975.113569,1,1,300.0
1,0,0,1,1,659.4581749,1,1,55.5
1,0,1,2,1,1099.356683,1,1,76.9
1,1,1,1,1,392.6701571,0,0,31.5
1,0,0,2,1,1151.096571,1,1,95.0
1,0,0,3,1,1528.273051,1,1,150.0
1,0,0,2,1,1271.6927449999998,1,1,44.7
1,0,0,3,1,1350.390903,1,1,38.0
1,1,1,3,1,2562.459962,0,1,160.0
1,0,0,2,1,740.0,1,1,18.5
0,0,1,2,1,1295.171091,1,1,81.0
1,0,0,4,1,3000.428633,1,1,210.0
1,1,1,3,1,2145.041503,0,1,98.2
1,0,1,2,1,953.2924962,1,1,24.9
0,0,1,3,1,1380.216891,1,1,84.0
1,0,0,2,1,850.2170767000001,1,1,23.5
1,0,0,2,1,1259.022998,1,1,75.0
1,0,0,2,1,1077.220077,1,1,27.9
0,0,0,3,1,1500.110302,1,1,68.0
1,0,0,3,1,1349.78789,1,1,35.0
0,0,0,3,1,14551.1529,1,1,650.0
1,0,0,3,1,1547.619048,1,1,130.0
1,0,0,2,1,750.0,1,1,34.5
1,1,0,3,1,1372.95435,0,1,79.7
0,0,0,3,1,1510.269835,1,1,75.0
1,0,1,3,1,1619.170984,1,1,100.0
1,0,1,3,1,707.5585607,1,0,58.6
2,1,1,3,1,837.3870744,0,0,72.3
0,0,0,3,1,1448.387097,1,1,44.9
0,1,0,3,1,4000.0,0,1,73.0
0,0,0,2,1,650.8671847999999,1,1,170.0
1,1,1,2,1,993.0255729,0,1,29.9
0,0,0,2,1,1054.961269,1,1,28.6
0,1,0,2,1,1100.141044,0,1,39.0
0,0,0,1,1,884.9557522,1,1,45.0
0,0,0,1,1,220.0058668,1,1,15.0
0,0,0,2,1,1080.0,1,1,27.0
0,0,0,3,1,1795.039164,1,1,55.0
0,0,0,2,1,1000.0,1,1,50.0
1,0,0,1,1,680.0242866,1,1,56.0
0,0,1,2,1,875.1458575999999,1,1,45.0
1,0,0,3,1,1779.846659,1,1,130.0
1,1,1,1,1,749.9829549,0,1,110.0
1,1,1,2,1,848.0692891000001,0,1,47.0
1,1,0,2,1,1059.322034,0,1,30.0
1,0,0,2,1,1150.038081,1,1,75.5
0,0,0,2,1,582.1764442000001,1,1,13.0
0,0,0,3,1,1120.162933,1,1,33.0
0,0,0,2,1,1159.678858,1,1,26.0
1,0,0,3,1,1230.0123,1,1,110.0
1,1,1,2,1,717.0016295,0,1,92.4
2,0,1,4,1,3418.803419,1,0,140.0
1,0,0,2,1,1250.0,1,1,85.0
1,0,1,3,1,1347.068146,1,1,34.0
1,0,0,3,1,2438.528754,1,1,120.0
1,1,1,3,1,1678.145473,0,1,99.9
0,0,0,2,1,1338.005734,1,1,42.0
1,0,0,3,1,995.385033,1,1,220.0
1,0,1,2,1,1220.643523,1,1,250.0
1,0,0,1,1,674.9816581,1,1,92.0
0,0,0,2,1,900.3601441,1,1,15.0
1,0,1,2,1,869.02545,1,1,140.0
1,1,1,2,1,1021.021021,0,1,170.0
1,0,0,3,1,2574.223443,1,1,150.0
0,0,0,3,1,1306.103063,1,1,55.0
1,0,1,2,1,1200.0,1,1,120.0
1,1,1,3,1,1537.9686,0,1,240.0
1,1,1,3,1,1237.113402,0,1,54.0
2,1,0,2,1,803.6363636,0,0,44.2
1,1,0,2,1,846.7878514,0,1,150.0
0,0,0,3,1,1300.148588,1,1,70.0
0,0,1,3,1,900.090009,1,1,30.0
0,0,0,2,1,750.0,1,1,18.0
1,0,0,2,1,482.7586207,1,1,140.0
0,0,1,3,1,1660.095455,1,1,80.0
0,0,0,1,1,560.0149337,1,1,30.0
1,0,1,3,1,2221.79289,1,1,230.0
1,0,0,2,1,1150.0063189999998,1,1,91.0
0,0,1,1,1,615.0691952999999,1,1,24.0
1,0,0,3,1,1200.0,1,1,240.0
1,0,1,3,1,1908.116835,1,1,130.0
1,0,1,3,1,2909.97841,1,1,310.0
1,0,0,3,1,1064.5848119999998,1,1,150.0
1,0,0,2,1,1065.104513,1,1,160.0
1,0,1,2,1,1147.916667,1,1,55.1
1,0,0,5,1,3205.128205,1,1,170.0
1,0,0,1,1,545.0581394999999,1,1,45.0
2,1,1,2,1,913.9615506,0,0,58.0
0,0,0,3,1,1630.112626,1,1,55.0
1,1,1,2,1,1095.305832,0,1,53.9
0,0,0,2,1,2400.45185,1,1,85.0
0,0,0,3,1,1650.34965,1,1,59.0
0,0,0,3,1,1619.957881,1,1,200.0
1,0,1,3,1,1857.142857,1,1,130.0
1,0,0,3,1,1169.009256,1,1,68.2
0,0,0,2,1,760.0174216,1,1,34.9
1,0,0,3,1,1857.70751,1,1,47.0
0,0,0,2,1,788.1773399,1,1,32.0
0,0,0,1,1,580.0,1,1,37.7
0,0,0,2,1,550.1076297999999,1,1,23.0
1,0,0,3,1,1650.071124,1,1,290.0
1,0,0,3,1,1314.108414,1,1,72.0
1,0,0,2,1,1200.1010609999998,1,1,95.0
1,0,1,2,1,1134.215501,1,1,54.0
1,0,0,3,1,1315.0175,1,1,650.0
1,0,0,4,1,2743.975185,1,1,230.0
1,0,0,3,1,1300.052002,1,1,100.0
1,0,0,4,1,6100.082713000001,1,1,590.0
1,0,0,2,1,1148.105626,1,1,50.0
1,0,0,3,1,950.0059375,1,1,240.0
0,0,0,2,1,1291.781043,1,1,80.0
0,0,0,3,1,1684.919966,1,1,100.0
0,0,0,2,1,1270.110076,1,1,30.0
0,0,1,2,1,624.0249610000001,1,1,32.0
0,0,0,3,1,1708.984375,1,1,70.0
0,0,0,1,1,1000.0,1,1,35.0
0,0,0,2,1,1304.996271,1,1,70.0
0,0,0,2,1,1200.192031,1,1,25.0
1,1,0,3,1,1054.347826,0,1,48.5
0,0,0,2,1,1145.194274,1,1,28.0
1,1,1,3,1,1739.5833329999998,0,1,83.5
1,0,0,3,1,1100.016923,1,1,65.0
1,0,0,3,1,1220.232238,1,1,62.0
1,0,1,3,1,1298.113208,1,1,86.0
0,0,0,3,1,1232.107266,1,1,68.0
1,0,1,4,1,3135.135135,1,1,290.0
0,0,1,3,1,1638.065523,1,1,63.0
1,0,0,3,1,217391.3043,1,1,100.0
0,0,0,2,1,1063.100137,1,1,62.0
0,0,0,3,1,940.0102547,1,1,55.0
0,0,0,2,1,1285.189718,1,1,63.0
0,0,0,2,1,1099.830795,1,1,65.0
1,0,1,2,1,1125.169453,1,1,24.9
2,1,0,3,1,2048.68643,0,1,170.0
1,1,1,3,1,1779.835391,0,1,51.9
1,0,0,3,1,1727.6751969999998,1,1,160.0
0,0,0,3,1,800.0,1,1,22.0
1,0,0,2,1,700.7708478999999,1,1,380.0
0,0,0,3,1,1595.259799,1,1,70.0
1,1,1,3,1,1155.462185,0,0,110.0
1,0,0,2,1,1014.906438,1,1,32.0
1,0,0,2,1,949.8564171,1,1,43.0
2,1,1,2,1,978.313253,0,0,40.6
1,0,1,4,1,2351.281448,1,1,200.0
0,0,0,2,1,600.0,1,1,12.0
1,0,1,3,1,2387.096774,1,1,370.0
2,1,1,3,1,1179.487179,0,0,46.0
0,0,0,1,1,585.0234009,1,1,30.0
0,0,0,2,1,1200.0,1,1,36.0
1,1,0,2,1,1000.0,0,1,20.0
1,0,0,2,1,1285.092922,1,1,65.0
1,0,1,2,1,1449.975834,1,1,60.0
0,0,0,1,1,550.0,1,1,22.0
0,0,0,3,1,1250.0,1,1,65.0
1,0,0,2,1,1231.093915,1,1,140.0
2,1,1,1,1,39361.75105,0,0,8560.0
2,1,1,3,1,1001.112347,0,0,36.0
1,0,0,3,1,1600.150602,1,1,85.0
2,1,1,3,1,1043.189369,0,0,78.5
1,0,0,3,1,2144.476441,1,1,350.0
1,0,0,1,1,600.1500375,1,1,16.0
0,0,0,3,1,2600.183542,1,1,85.0
0,0,0,2,1,1225.00704,1,1,87.0
2,1,1,1,1,90.25270758,0,0,2.0
1,0,0,3,1,1560.874089,1,1,90.0
1,0,0,2,1,1225.0,1,1,29.4
1,0,0,3,1,1560.062402,1,1,260.0
0,1,0,2,1,1074.824308,0,1,26.0
1,1,1,2,1,662.6905235,0,0,130.0
0,0,0,1,1,570.4971475,1,1,21.0
0,0,0,3,1,1700.0,1,1,85.0
0,0,0,2,1,880.0880087999999,1,1,24.0
1,0,0,2,1,2324.937725,1,1,84.0
0,0,1,2,1,1085.069444,1,1,25.0
1,0,0,2,1,517.7591384,1,1,150.0
0,0,0,2,1,800.0,1,1,29.0
1,0,1,2,1,1200.0,1,1,120.0
1,0,0,3,1,1394.636015,1,1,72.8
0,0,1,3,1,1623.15704,1,1,120.0
1,0,0,2,1,1300.0,1,1,54.6
0,0,0,1,1,650.026001,1,1,75.0
0,0,0,3,1,1439.078989,1,1,45.0
1,0,0,2,1,868.9715100999999,1,1,140.0
1,0,1,3,1,1525.262154,1,1,48.0
0,0,0,3,1,1060.010258,1,1,62.0
1,0,0,3,1,1485.393629,1,1,90.0
1,1,1,3,1,183564.5678,0,0,8600.0
0,0,1,3,1,1399.631676,1,1,38.0
1,0,0,3,1,144347.8261,1,0,8300.0
1,0,1,2,1,1200.056473,1,1,85.0
1,0,0,3,1,898.1001727,1,1,130.0
1,1,1,1,1,454.1326067,0,0,55.0
1,0,0,2,1,750.0487045,1,1,77.0
1,0,1,2,1,1328.74313,1,1,220.0
1,1,1,3,1,830.3349017,0,1,270.0
1,0,1,3,1,1217.920835,1,1,28.0
1,1,1,2,1,1277.003299,0,1,360.0
1,0,0,1,1,450.0,1,1,72.0
1,0,0,3,1,1566.1839,1,1,93.0
1,1,1,3,1,1767.157544,0,1,63.6
0,0,0,2,1,740.19245,1,1,20.0
1,1,0,3,1,1918.496957,0,1,72.5
1,1,1,3,1,1619.170984,0,1,100.0
0,1,0,2,1,1000.0,0,1,32.0
1,0,0,1,1,450.0023684,1,1,95.0
1,0,0,2,1,759.9746675,1,1,36.0
1,0,0,2,1,1100.0,1,1,66.0
0,0,0,3,1,1420.4545449999998,1,1,110.0
1,0,0,3,1,1950.162514,1,1,90.0
1,1,1,1,1,650.9482317000001,0,0,50.8
1,1,1,3,1,906.0315817,0,0,140.0
1,1,0,2,1,1046.290425,0,1,33.0
1,0,1,3,1,1688.001125,1,1,120.0
1,0,0,3,1,1500.115393,1,1,65.0
0,0,0,2,1,571.0370032000001,1,1,50.0
0,0,0,3,1,1009.003415,1,1,65.0
0,0,0,2,1,714.2857142999999,1,1,15.0
0,0,0,2,1,1100.016923,1,1,65.0
0,0,0,2,1,1258.005489,1,1,55.0
1,0,0,3,1,1768.688293,1,1,62.7
1,0,0,2,1,2200.0,1,1,110.0
0,1,0,2,1,1081.785598,0,1,33.2
0,0,0,2,1,1200.048002,1,1,100.0
1,0,0,3,1,1315.23569,1,1,62.5
2,0,1,1,1,600.0857265,1,0,14.0
1,1,1,2,1,874.8047311,0,1,39.2
1,1,0,3,1,1425.035626,0,1,190.0
1,0,1,4,1,2600.082542,1,1,63.0
1,0,0,3,1,1650.041251,1,1,220.0
0,0,0,3,1,1445.0867050000002,1,1,90.0
1,0,1,4,1,3202.109625,1,1,170.0
0,0,0,3,1,1500.214316,1,1,70.0
1,0,0,2,1,1044.069802,1,1,70.6
0,0,0,2,1,1094.196004,1,1,46.0
1,0,0,2,1,749.8295842,1,1,22.0
1,0,0,2,1,1085.77633,1,1,100.0
0,0,0,2,1,1235.016346,1,1,34.0
1,1,0,2,1,581.0206839,0,0,55.9
1,0,1,3,1,1356.521739,1,1,62.4
0,0,0,5,1,1924.063622,1,1,75.0
1,0,1,1,1,647.7732794,1,1,14.4
1,0,0,3,1,1255.298337,1,1,38.5
2,1,1,2,1,895.2380952,0,0,47.0
1,1,1,2,1,1040.041602,0,1,40.0
0,0,1,2,1,1150.337168,1,1,29.0
1,0,0,3,1,1661.257008,1,1,56.3
1,1,1,2,1,559.6925294,0,0,69.9
0,1,1,2,1,1136.363636,0,1,35.0
0,0,0,1,1,31.78006662,1,1,16.6
1,0,1,3,1,1600.272387,1,1,47.0
0,0,0,2,1,1149.954002,1,1,50.0
0,0,0,2,1,1796.662786,1,1,46.3
1,0,1,3,1,1630.094044,1,1,130.0
1,0,0,3,1,1736.8421050000002,1,1,330.0
1,0,1,1,1,600.0109093,1,1,110.0
1,0,0,3,1,1200.1297439999998,1,1,37.0
1,0,0,3,1,1650.165017,1,1,85.0
1,0,0,3,1,1700.1545600000002,1,1,110.0
1,0,0,2,1,666.0666067000001,1,1,14.8
0,1,1,2,1,990.0990099,0,1,42.0
1,0,1,2,1,660.974938,1,1,72.0
1,0,0,1,1,750.0394758,1,1,95.0
1,0,1,2,1,699.8223801,1,1,19.7
1,0,0,2,1,62736.842110000005,1,0,5960.0
1,0,1,3,1,2015.503876,1,1,130.0
1,0,1,3,1,1601.70697,1,1,56.3
0,0,0,2,1,850.0772798,1,1,22.0
0,0,0,3,1,1994.870333,1,1,70.0
0,0,0,2,1,930.1405106,1,1,47.0
1,0,1,1,1,525.030525,1,1,43.0
1,1,1,2,1,750.1875468999999,0,1,180.0
1,0,0,4,1,2730.375427,1,1,240.0
0,0,0,1,1,763.9726578,1,1,19.0
0,0,0,3,1,1500.110302,1,1,68.0
0,0,0,2,1,1000.0,1,1,30.0
1,1,1,2,1,633.8742394,0,0,37.5
1,1,0,4,1,2424.242424,0,1,400.0
1,0,0,3,1,1654.285714,1,1,57.9
1,1,1,2,1,1354.166667,0,0,130.0
1,0,1,3,1,1850.048685,1,1,95.0
1,0,1,2,1,1080.159181,1,1,38.0
1,0,0,2,1,1149.185123,1,1,55.0
0,0,0,2,1,610.1281269,1,1,20.0
0,1,1,2,1,1275.239107,0,1,48.0
1,0,1,4,1,1850.038089,1,1,340.0
1,0,0,4,1,3100.0062,1,1,1000.0
0,0,0,1,1,650.0956022999999,1,1,17.0
0,0,0,2,1,870.5882353000001,1,1,40.7
1,0,0,4,1,2465.367457,1,1,210.0
1,0,0,2,1,1217.532468,1,1,300.0
0,0,1,2,1,1462.765957,1,1,220.0
0,1,1,1,1,696.0153123,0,1,40.0
1,0,1,1,1,660.0353257999999,1,1,71.0
0,0,0,2,1,1309.662398,1,1,45.0
0,0,0,1,1,570.0521878999999,1,1,14.2
1,0,1,2,1,975.0,1,1,78.0
1,0,0,2,1,969.2966798,1,1,54.3
1,1,1,2,1,966.1213448,0,1,150.0
1,0,0,1,1,495.049505,1,1,35.0
1,1,1,2,1,717.0016295,0,1,92.4
1,0,0,3,1,1658.202923,1,1,160.0
1,1,1,2,1,902.173913,0,1,41.5
0,0,1,2,1,1281.208936,1,1,19.5
1,0,0,2,1,928.0032633,1,1,45.5
1,1,0,2,1,1307.070707,0,1,64.7
1,1,0,4,1,3055.555556,0,1,110.0
1,1,0,2,1,551.0142294999999,0,1,91.0
1,0,1,3,1,1320.052802,1,1,110.0
1,0,0,3,1,1453.333333,1,1,43.6
1,0,0,3,1,1830.096228,1,1,310.0
1,0,1,1,1,578.9110958,1,1,25.2
1,0,0,2,1,1189.262657,1,1,35.0
1,0,0,1,1,418.3673469,1,0,20.5
1,1,1,1,1,664.9892164,0,1,37.0
1,0,1,2,1,1080.084299,1,1,61.5
0,0,0,2,1,1175.194359,1,1,65.0
0,0,0,2,1,1200.0,1,1,27.0
0,0,0,1,1,410.0337675,1,1,17.0
1,0,0,3,1,1500.0,1,1,78.0
1,0,0,5,1,1958.97898,1,1,1000.0
1,1,1,2,1,1385.0,0,1,55.4
1,0,0,3,1,1481.909857,1,1,410.0
0,0,0,2,1,850.1335924000001,1,1,35.0
0,0,0,2,1,1199.850019,1,1,32.0
1,0,0,3,1,1685.772084,1,1,100.0
0,0,0,4,1,2188.354826,1,1,56.0
1,0,0,1,1,547.3828259,1,1,16.0
1,0,0,1,1,620.0676437000001,1,1,33.0
0,0,0,2,1,699.9236447000001,1,1,55.0
0,0,0,3,1,1295.196978,1,1,72.0
1,0,1,2,1,1065.025738,1,1,180.0
0,0,1,1,1,588.8951206,1,1,21.0
1,1,1,2,1,433.9750084,0,0,77.1
1,0,0,1,1,650.1422186000001,1,1,16.0
1,0,0,2,1,1020.176831,1,1,45.0
1,0,0,2,1,795.0,1,1,47.7
1,0,1,3,1,2371.882412,1,1,330.0
1,1,1,3,1,833.25618,0,0,180.0
1,1,1,1,1,456.6439181,0,1,45.5
0,0,1,3,1,1560.062402,1,1,70.0
1,0,0,3,1,1314.084768,1,1,71.0
0,0,0,2,1,1110.0148,1,1,45.0
1,1,1,3,1,1150.073565,0,1,46.9
1,0,1,1,1,680.0151114,1,1,54.0
1,0,1,4,1,3126.503127,1,1,130.0
0,0,0,2,1,1300.2022539999998,1,1,45.0
0,0,0,2,1,928.0263972,1,1,45.0
1,0,0,3,1,1250.0,1,1,340.0
0,0,0,3,1,1700.1866059999998,1,1,82.0
0,0,0,3,1,1483.244827,1,1,81.0
1,0,0,2,1,1043.500946,1,1,160.0
1,0,0,4,1,2600.028889,1,1,180.0
1,1,1,2,1,568.5345532,0,0,69.6
1,0,1,2,1,1154.451085,1,1,36.7
0,0,0,3,1,1500.150015,1,1,100.0
1,0,0,2,1,1150.054765,1,1,210.0
1,0,1,4,1,2247.769389,1,1,65.5
0,0,0,1,1,722.0216606,1,1,44.0
1,1,1,1,1,450.0121625,0,1,74.0
0,0,1,2,1,715.2436299,1,1,16.0
1,0,0,2,1,927.1145343,1,1,65.0
1,0,0,2,1,1250.0,1,1,95.0
0,0,0,2,1,914.9743361,1,1,41.0
0,0,1,1,1,430.8093995,1,1,16.5
0,0,0,2,1,1200.349192,1,1,27.5
1,1,1,3,1,1395.0539,0,1,66.0
0,0,0,3,1,1230.12869,1,1,65.0
1,0,0,3,1,1300.068099,1,1,210.0
0,0,1,3,1,1400.1680199999998,1,1,50.0
1,0,0,2,1,1050.0,1,1,37.8
1,0,0,4,1,2492.130115,1,1,190.0
0,0,0,2,1,952.0182787999998,1,1,25.0
0,1,1,2,1,1067.399479,0,1,36.9
1,0,1,3,1,2250.3516170000003,1,1,80.0
1,0,1,4,1,1397.821577,1,1,53.9
0,0,0,2,1,920.1324991,1,1,50.0
1,1,1,2,1,1279.924153,0,1,54.0
0,0,0,3,1,1326.203209,1,1,62.0
0,0,1,2,1,1075.268817,1,1,30.0
1,0,0,3,1,1230.6333029999998,1,1,390.0
1,0,0,3,1,926.0331057,1,1,240.0
1,0,0,2,1,670.0035471,1,1,170.0
0,1,0,3,1,1360.0,0,1,51.0
0,1,0,2,1,1125.04018,0,1,35.0
1,1,1,3,1,1340.645948,0,1,110.0
0,0,0,3,1,1700.1020059999998,1,1,100.0
1,1,0,3,1,1294.794664,0,1,49.5
0,0,1,3,1,2080.203398,1,1,180.0
0,0,0,3,1,1992.997576,1,1,74.0
0,0,0,3,1,1717.259324,1,1,99.0
2,0,1,2,1,757.8947368,1,0,28.8
1,0,0,3,1,1165.660998,1,1,170.0
0,0,0,2,1,1220.025242,1,1,58.0
1,0,1,1,1,594.0594058999999,1,1,34.8
1,1,1,2,1,1198.919284,0,0,71.0
1,0,1,2,1,1286.10584,1,1,61.0
0,0,0,2,1,750.0,1,1,30.0
0,0,0,1,1,680.0368834,1,1,29.5
0,0,1,2,1,1165.331391,1,1,32.0
1,0,0,4,1,2833.333333,1,1,170.0
0,1,1,2,1,1079.913607,0,1,70.0
0,0,0,1,1,2399.232246,1,1,50.0
1,0,0,3,1,1238.543473,1,1,100.0
1,0,0,1,1,570.1294159,1,1,16.3
1,0,0,2,1,1276.935355,1,1,80.0
1,0,0,1,1,600.0489836,1,1,49.0
1,0,0,3,1,988.533017,1,1,300.0
0,0,0,3,1,1650.302904,1,1,79.0
0,0,0,2,1,1050.030883,1,1,34.0
0,0,0,2,1,1105.079488,1,1,57.0
1,0,0,2,1,930.028995,1,1,170.0
1,0,0,4,1,2500.0,1,1,750.0
0,0,0,3,1,1798.3431,1,1,89.0
0,0,0,3,1,2349.62406,1,1,100.0
1,1,1,3,1,1869.158879,0,1,100.0
1,0,0,2,1,1175.020542,1,1,42.9
0,0,0,2,1,728.073146,1,1,43.0
0,0,0,2,1,1150.218542,1,1,50.0
1,0,1,3,1,1710.1325350000002,1,1,160.0
1,0,0,2,1,1200.181159,1,1,53.0
0,0,0,2,1,1100.196464,1,1,56.0
1,0,0,2,1,1046.353458,1,1,100.0
0,0,0,1,1,636.1323155,1,1,25.0
1,1,1,1,1,585.0312689,0,1,87.0
0,0,0,2,1,891.8617614,1,1,24.0
0,0,0,2,1,1270.186899,1,1,70.0
1,0,1,3,1,1500.0,1,1,96.0
1,0,1,3,1,1650.01375,1,1,900.0
1,0,0,2,1,850.0303582,1,1,140.0
1,0,0,3,1,2220.324509,1,1,130.0
0,0,0,3,1,1839.08046,1,1,160.0
0,0,0,3,1,1260.364842,1,1,38.0
1,0,0,2,1,1310.168043,1,1,92.0
0,0,0,2,1,1425.178147,1,1,48.0
0,0,0,2,1,1135.0737800000002,1,1,50.0
1,0,0,2,1,1077.586207,1,1,240.0
1,0,0,3,1,1675.347222,1,1,57.9
0,0,0,3,1,1141.064042,1,1,80.0
1,0,0,2,1,969.8825932,1,1,57.0
1,0,0,2,1,826.2856032000001,1,1,170.0
0,0,0,2,1,1142.857143,1,1,40.0
1,0,1,2,1,1193.800614,1,1,85.5
1,0,1,1,1,558.4905660000001,1,1,14.8
1,1,1,2,1,950.444861,0,0,360.0
0,0,0,2,1,1100.187266,1,1,23.5
1,0,1,2,1,823.0452675,1,1,16.0
0,0,0,3,1,1300.390117,1,1,40.0
1,0,0,3,1,1300.284437,1,1,32.0
1,0,0,2,1,1050.119332,1,1,66.0
1,0,0,3,1,1750.087504,1,1,100.0
0,0,0,2,1,925.0693802,1,1,40.0
1,1,1,3,1,1435.294118,0,0,61.0
0,0,0,4,1,3349.9234300000003,1,1,350.0
0,0,0,10,1,1480.0,1,1,370.0
1,1,1,3,1,1935.171746,0,1,120.0
1,0,1,2,1,1000.0,1,1,30.5
1,0,0,1,1,550.1618123,1,1,17.0
2,0,1,3,1,1432.780847,1,0,38.9
1,0,1,1,1,460.0845561,1,1,18.5
1,0,1,4,1,2137.103403,1,1,130.0
1,1,0,3,1,1457.0887369999998,0,1,100.0
1,0,0,3,1,1500.0,1,1,210.0
1,1,0,2,1,900.090009,0,1,60.0
1,0,0,4,1,1916.075877,1,1,100.0
1,0,1,3,1,1683.084996,1,1,340.0
0,0,0,1,1,688.7755102000001,1,1,13.5
0,1,1,3,1,1290.322581,0,1,50.0
0,1,0,20,1,7000.0,0,1,350.0
1,0,1,2,1,1216.051885,1,1,90.0
1,0,1,3,1,83416.6389,1,0,7510.0
1,1,1,1,1,489.9387577,0,1,28.0
1,1,1,3,1,1777.514442,0,1,120.0
0,0,0,2,1,800.0,1,1,20.0
1,0,0,3,1,1745.669397,1,1,130.0
1,1,1,3,1,2713.090662,0,1,240.0
1,1,0,2,1,1090.47619,0,1,22.9
1,0,0,1,1,665.0901567000001,1,1,22.5
0,0,0,1,1,625.0,1,1,22.0
1,0,0,2,1,1276.563791,1,0,170.0
1,1,0,2,1,1090.404441,0,1,110.0
1,1,0,2,1,969.60284,0,1,43.7
0,0,0,3,1,1400.107701,1,1,52.0
0,0,1,2,1,925.2669039,1,1,26.0
1,0,0,1,1,555.0085042000001,1,1,62.0
0,0,0,2,1,1140.250855,1,1,50.0
1,1,1,3,1,1211.610388,0,1,230.0
1,0,0,2,1,960.0,1,1,120.0
0,0,0,2,1,1175.241577,1,1,45.0
1,0,0,2,1,1050.089258,1,1,100.0
1,0,0,2,1,1375.065479,1,1,210.0
1,0,1,3,1,1421.666193,1,1,100.0
0,0,0,2,1,1090.1162789999998,1,1,45.0
0,0,0,2,1,500.0,1,1,18.0
1,0,0,1,1,550.0982318,1,1,28.0
1,1,1,3,1,1407.407407,0,1,47.5
0,0,1,3,1,3800.967519,1,1,55.0
1,0,1,3,1,1605.941985,1,1,320.0
1,0,1,2,1,1374.795417,1,1,42.0
1,0,0,2,1,1300.169587,1,1,46.0
0,0,1,2,1,1121.136928,1,1,49.7
1,1,1,2,1,1084.285714,0,0,75.9
0,0,1,1,1,560.0280014,1,1,16.0
1,0,0,4,1,2380.057622,1,1,190.0
0,0,0,3,1,1420.0,1,1,42.6
0,0,1,2,1,935.0393701,1,1,38.0
0,0,0,4,1,4950.49505,1,1,20.0
1,0,0,2,1,1099.975556,1,1,90.0
0,0,0,2,1,1250.0,1,1,27.9
1,0,0,2,1,1036.814425,1,1,41.4
1,0,0,3,1,1630.181649,1,1,140.0
0,0,0,2,1,1375.205255,1,1,67.0
0,0,0,3,1,1451.278507,1,1,42.0
0,0,0,1,1,350.0,1,1,31.5
1,0,0,1,1,665.1147323,1,1,20.0
0,0,0,3,1,1684.1039489999998,1,1,49.9
1,1,0,2,1,1174.455591,0,1,240.0
0,0,0,2,1,387.4967709,1,1,15.0
0,1,1,4,1,1698.031581,0,1,78.5
1,0,0,3,1,1619.810091,1,1,87.0
0,0,0,2,1,1100.244499,1,1,27.0
1,0,0,3,1,1680.2016239999998,1,1,120.0
1,0,1,2,1,1393.566369,1,1,240.0
1,0,0,4,1,3894.736842,1,1,370.0
1,0,1,3,1,1705.298013,1,1,92.7
1,0,1,3,1,1466.27566,1,1,140.0
1,0,1,4,1,3383.574285,1,1,220.0
1,0,0,2,1,1493.295408,1,1,73.5
1,0,1,2,1,982.0958399,1,1,37.3
1,1,1,2,1,1091.703057,0,1,150.0
0,0,0,3,1,1275.045537,1,1,35.0
1,0,0,2,1,1200.192031,1,1,50.0
1,0,1,3,1,1889.728768,1,1,85.0
1,0,0,4,1,3181.818182,1,0,630.0
1,0,0,3,1,1350.21097,1,1,48.0
0,0,0,1,1,501.1135857,1,1,9.0
0,0,0,2,1,956.0229446,1,1,65.0
1,0,0,3,1,1877.279554,1,1,350.0
1,0,0,3,1,1550.044287,1,1,140.0
1,0,0,2,1,1100.009167,1,1,120.0
1,0,0,2,1,1230.053191,1,1,370.0
1,0,1,1,1,556.0851605,1,1,35.0
0,0,1,3,1,1238.174736,1,1,44.5
1,0,0,2,1,1206.116735,1,1,56.0
0,0,0,2,1,512.5628141,1,1,10.2
0,0,0,1,1,400.0,1,1,8.5
0,0,0,4,1,2500.0,1,1,160.0
0,0,0,1,1,655.0218341,1,1,30.0
1,0,0,4,1,3204.802116,1,1,630.0
0,1,1,3,1,2318.034307,0,1,250.0
1,0,0,4,1,3200.0,1,1,500.0
1,0,0,2,1,1207.983193,1,1,92.0
1,1,1,2,1,1275.235532,0,1,37.9
0,0,0,1,1,726.0221627999999,1,1,19.0
0,0,0,3,1,1094.251532,1,1,37.5
0,0,1,1,1,585.1375073,1,1,20.0
1,1,0,2,1,1207.997778,0,1,43.5
0,1,1,3,1,1356.238698,0,1,75.0
1,1,1,3,1,1365.1162789999998,0,0,58.7
1,0,0,3,1,1400.180668,1,1,31.0
1,0,0,2,1,850.0380614000001,1,1,67.0
1,0,0,2,1,750.0669703,1,1,28.0
0,0,0,3,1,1200.154859,1,1,31.0
2,1,1,2,1,939.6533723,0,0,90.0
1,0,0,2,1,810.0147275,1,1,33.0
0,0,0,2,1,815.3756552,1,1,14.0
0,0,0,2,1,700.0,1,1,35.0
1,0,0,2,1,1080.159181,1,1,57.0
1,0,0,2,1,1139.438826,1,1,160.0
1,0,0,3,1,2500.0,1,1,1350.0
1,0,0,3,1,1400.0,1,1,73.5
2,1,0,3,1,923.8095238,0,0,19.4
1,0,1,3,1,1650.453956,1,1,50.9
1,1,0,3,1,1182.866557,0,1,35.9
1,1,0,2,1,1664.335664,0,1,59.5
1,0,1,2,1,1182.033097,1,1,90.0
1,0,0,2,1,975.0812568,1,1,27.0
1,1,1,1,1,716.0561829,0,1,52.0
0,0,0,1,1,502.0080321,1,1,20.0
1,0,0,2,1,910.021613,1,1,80.0
0,0,0,2,1,767.0182167,1,1,32.0
0,0,0,2,1,1169.465649,1,1,38.3
1,0,0,3,1,1510.366607,1,1,110.0
0,0,0,2,1,900.5763688999999,1,1,12.5
0,0,0,2,1,1200.369344,1,1,26.0
0,0,0,2,1,900.0473708999999,1,1,38.0
1,0,0,2,1,890.0316456,1,1,45.0
0,0,0,3,1,1560.410165,1,1,35.0
1,0,1,2,1,1400.030271,1,1,370.0
0,0,0,2,1,1100.063465,1,1,52.0
1,0,1,4,1,3035.060178,1,1,290.0
1,0,0,2,1,1045.19774,1,1,51.8
1,0,0,2,1,1200.0,1,1,42.0
1,1,1,3,1,1285.0,0,0,66.82
1,1,1,3,1,1600.170685,0,1,75.0
0,0,1,3,1,1544.94382,1,1,77.0
0,0,1,2,1,1082.038166,1,1,55.0
0,0,0,1,1,661.1165524,1,1,27.0
1,0,1,3,1,1720.1218420000002,1,1,96.0
0,0,1,3,1,1365.103003,1,1,55.0
0,0,0,3,1,1352.313167,1,1,38.0
1,0,0,2,1,1215.932914,1,1,87.0
1,1,1,1,1,478.121175,0,0,62.5
1,0,0,2,1,940.3669725,1,1,20.5
0,0,1,3,1,1320.190107,1,1,75.0
0,0,0,3,1,1710.051302,1,1,90.0
1,1,1,2,1,529.9065421,0,0,56.7
2,1,1,3,1,1360.714286,0,0,38.1
1,0,0,3,1,1910.299003,1,1,69.0
0,0,0,1,1,653.4401165,1,1,35.9
1,1,1,2,1,641.4662085,0,0,140.0
0,0,1,2,1,899.9742864,1,1,35.0
2,0,0,1,1,443.5578503,1,0,37.8
1,1,1,4,1,1304.034182,0,0,470.0
0,0,1,1,1,1000.0,1,1,28.0
0,0,0,2,1,939.8496241,1,1,30.0
1,0,0,3,1,1910.226983,1,1,74.9
0,0,0,2,1,968.9922481,1,1,30.0
0,1,1,2,1,1020.199959,0,1,50.0
1,1,0,2,1,709.113608,0,1,28.4
1,0,0,2,1,1050.098447,1,1,96.0
0,0,0,2,1,688.0733945000001,1,1,15.0
1,0,1,3,1,1253.989968,1,1,220.0
1,0,0,3,1,1652.6649220000002,1,1,120.0
1,1,1,2,1,748.9616668,0,0,220.0
1,0,0,2,1,966.0826234,1,1,60.1
0,0,1,4,1,2570.3270030000003,1,1,180.0
1,0,1,3,1,1650.165017,1,1,55.0
1,1,1,2,1,1164.483261,0,1,64.0
1,0,1,1,1,714.2857142999999,1,1,100.0
0,0,0,2,1,784.0062721,1,1,40.0
1,1,0,2,1,1500.0,0,1,0.48
1,1,1,3,1,1366.31331,0,1,58.0
1,0,0,3,1,1756.036375,1,1,280.0
0,0,0,3,1,1764.2341620000002,1,1,110.0
1,0,0,1,1,549.976088,1,1,11.5
1,0,0,7,1,10000.0,1,1,3500.0
0,0,0,2,1,1100.0,1,1,33.0
0,0,0,1,1,812.5,1,1,26.0
1,1,1,2,1,764.2338556,0,1,100.0
1,0,1,3,1,1710.526316,1,1,52.0
0,0,0,2,1,540.0864138,1,1,22.5
0,0,0,2,1,1241.2547960000002,1,1,55.0
1,0,0,3,1,1600.0,1,1,60.0
0,0,0,3,1,1560.096682,1,1,71.0
1,1,1,1,1,472.0017164,0,1,66.0
0,0,0,3,1,1801.152738,1,1,150.0
0,0,0,1,1,4500.0,1,1,99.0
1,0,0,2,1,1175.015461,1,1,95.0
1,1,1,2,1,679.4401412999999,0,1,100.0
1,0,1,2,1,1283.14799,1,1,75.0
0,0,0,2,1,1100.0,1,1,33.0
1,1,1,2,1,723.9382239,0,1,180.0
1,0,0,2,1,1100.173712,1,1,38.0
0,0,0,2,1,1116.071429,1,1,45.0
1,1,1,2,1,1125.0,0,1,36.0
1,0,1,3,1,1350.186728,1,1,47.0
0,0,1,2,1,1000.0,1,1,50.0
1,1,1,3,1,1587.061669,0,1,210.0
1,0,1,3,1,2000.444543,1,1,360.0
1,0,1,3,1,1380.330293,1,1,56.0
1,1,1,3,1,1424.963925,0,1,39.5
1,0,1,1,1,600.0705965,1,1,34.0
0,0,1,2,1,1336.302895,1,1,48.0
1,0,1,2,1,511.9279205,1,0,100.0
1,1,1,3,1,1046.325879,0,1,26.2
1,0,0,2,1,950.1965924,1,1,29.0
1,0,0,2,1,1200.192031,1,1,25.0
0,0,0,5,1,490.0459418,1,1,48.0
1,1,0,2,1,690.625,0,0,22.1
1,0,1,3,1,1145.387905,1,0,150.0
1,0,0,2,1,964.585917,1,1,140.0
0,0,0,3,1,1657.0008289999998,1,1,120.0
1,1,1,3,1,1799.084298,0,1,66.8
1,0,1,3,1,906.0159459,1,0,150.0
1,0,0,3,1,1480.0818769999998,1,1,94.0
1,0,0,3,1,1100.016923,1,1,65.0
0,0,1,2,1,737.1007371000001,1,1,24.0
1,1,1,1,1,676.3636364,0,1,18.6
0,0,0,3,1,1200.274348,1,1,35.0
1,0,0,3,1,1744.0938640000002,1,1,220.0
2,1,0,3,1,1233.870968,0,0,76.5
1,0,1,2,1,1035.196687,1,1,35.0
0,0,0,2,1,890.2077151000001,1,1,33.0
1,0,0,2,1,850.0188893,1,1,45.0
1,0,0,3,1,1969.91404,1,1,110.0
0,0,0,3,1,1525.423729,1,1,36.0
0,0,1,2,1,985.2216749,1,1,42.0
1,0,1,3,1,1637.835848,1,1,44.5
1,0,0,3,1,1811.76252,1,1,390.0
1,0,0,2,1,1209.482342,1,1,25.0
0,0,0,2,1,1145.127366,1,1,49.0
1,0,0,4,1,2275.808638,1,1,470.0
1,0,0,3,1,1693.093255,1,1,63.0
0,0,0,3,1,1200.120012,1,1,40.0
1,0,0,2,1,803.1206976,1,1,35.0
0,0,0,2,1,1250.0,1,1,31.0
0,0,0,2,1,845.0024142999999,1,1,35.0
0,0,0,2,1,1480.541455,1,1,35.0
1,0,0,2,1,576.0230409,1,1,48.0
1,0,0,3,1,1649.862511,1,1,72.0
2,1,1,2,1,709.0771938999999,0,0,84.6
1,0,1,1,1,750.0,1,1,120.0
2,0,1,2,1,1080.0,1,0,35.1
0,0,0,3,1,1700.1020059999998,1,1,150.0
0,0,0,3,1,1244.813278,1,1,42.0
1,1,1,2,1,1093.038386,0,1,67.2
0,0,0,2,1,900.0692361,1,1,39.0
0,0,0,3,1,1200.0,1,1,60.0
1,0,1,1,1,720.0250443,1,1,69.0
0,0,0,2,1,840.0,1,1,21.0
0,0,0,2,1,1289.785729,1,1,62.0
0,0,0,3,1,1373.074347,1,1,82.0
0,0,0,2,1,850.1594049,1,1,40.0
2,1,1,2,1,1150.180743,0,0,35.0
0,0,0,2,1,1000.0,1,1,30.0
1,0,1,3,1,1312.479493,1,0,120.0
0,0,0,2,1,700.0,1,1,21.0
0,0,0,3,1,1520.213832,1,1,91.0
1,0,0,3,1,1442.834882,1,1,250.0
1,0,1,2,1,1050.052503,1,1,90.0
1,0,0,3,1,1236.263736,1,1,27.0
1,1,1,2,1,1248.020272,0,1,39.4
1,0,1,4,1,3582.0158100000003,1,1,290.0
1,1,1,3,1,1500.032609,0,1,230.0
0,0,0,2,1,1100.244499,1,1,45.0
2,1,0,2,1,810.0,0,0,40.5
1,1,1,3,1,1564.102564,0,1,79.3
0,0,0,2,1,861.0658599,1,1,37.0
1,0,1,4,1,3306.666667,1,0,248.0
0,1,0,3,1,1300.0,0,1,65.0
1,1,0,2,1,1340.399002,0,1,43.0
0,0,0,2,1,1000.0,1,1,16.5
1,0,0,3,1,1536.09831,1,1,160.0
1,0,0,2,1,1300.264869,1,1,54.0
0,0,0,4,1,3025.245149,1,1,290.0
1,0,1,3,1,1624.69537,1,1,80.0
0,0,0,4,1,2100.350058,1,1,90.0
0,0,0,5,1,2025.111381,1,1,50.0
1,0,0,4,1,4119.100859,1,1,350.0
0,0,0,6,1,10799.13607,1,1,100.0
0,0,0,2,1,1400.037334,1,1,75.0
1,0,0,3,1,1450.017059,1,1,85.0
0,0,1,3,1,1587.989028,1,1,110.0
0,0,0,2,1,1140.215716,1,1,37.0
0,0,0,2,1,925.0902527,1,1,41.0
0,0,1,3,1,1374.381528,1,1,25.0
1,0,0,2,1,885.0381964,1,1,190.0
1,1,1,1,1,679.4117647,0,0,69.3
1,0,0,2,1,985.2038975,1,1,27.3
1,0,1,4,1,1488.182083,1,1,51.0
0,0,0,2,1,1100.0,1,1,55.0
1,0,0,2,1,1000.0,1,1,26.0
0,0,0,2,1,1303.1648289999998,1,1,91.0
1,0,0,2,1,925.7533395,1,1,59.6
1,0,0,1,1,775.0,1,1,31.0
0,0,0,2,1,880.0880087999999,1,1,40.0
1,0,0,2,1,1100.608572,1,1,170.0
1,1,1,3,1,788.9743334,0,0,79.0
1,0,0,2,1,1050.0,1,0,46.2
1,0,0,3,1,2165.488945,1,1,95.0
1,0,0,3,1,2326.8182420000003,1,1,350.0
1,0,0,2,1,1160.220994,1,1,42.0
1,1,1,2,1,1074.210742,0,1,52.4
0,0,1,3,1,1255.075674,1,1,68.0
0,0,0,2,1,960.1024109,1,1,45.0
0,0,0,2,1,1250.0,1,1,70.0
1,0,0,4,1,2300.025556,1,1,180.0
1,0,0,2,1,1136.040897,1,1,40.0
1,0,0,4,1,2549.872506,1,1,170.0
1,0,1,4,1,4425.354679,1,1,340.0
0,0,0,2,1,1080.065743,1,1,46.0
0,0,1,3,1,1275.0,1,1,51.0
1,1,1,2,1,731.0654059999999,0,1,75.0
1,0,1,3,1,1960.040465,1,1,310.0
1,1,1,2,1,612.0047077,0,0,78.0
1,0,1,3,1,2349.909817,1,1,91.2
0,0,0,3,1,1400.233372,1,1,60.0
0,0,0,2,1,710.1011894,1,1,40.0
1,1,1,2,1,580.9128631,0,0,21.0
0,0,0,2,1,1012.743691,1,1,120.0
0,0,0,2,1,1175.213675,1,1,49.5
0,1,1,2,1,950.0707499,0,1,47.0
1,0,0,3,1,2303.815695,1,1,160.0
1,1,1,2,1,924.4992296,0,1,120.0
1,0,0,2,1,956.5217391,1,1,110.0
1,0,0,2,1,1029.117582,1,1,46.3
0,0,0,2,1,1350.308642,1,1,35.0
1,1,1,1,1,437.0204914,0,0,90.0
0,1,0,3,1,1582.150101,0,1,78.0
1,0,0,3,1,1368.25645,1,1,70.0
1,1,1,4,1,2598.960416,0,1,130.0
0,0,0,2,1,1150.337168,1,1,29.0
0,0,0,2,1,868.8075677999999,1,1,34.9
0,0,0,2,1,712.0605251000001,1,1,32.0
1,0,0,3,1,1339.764202,1,1,50.0
0,0,0,3,1,2136.5536460000003,1,1,92.0
0,0,0,2,1,750.0750075,1,1,50.0
1,0,0,2,1,899.9638205,1,1,99.5
0,0,0,2,1,1150.218542,1,1,50.0
1,0,1,4,1,3563.4374740000003,1,1,430.0
1,0,0,3,1,2285.3411690000003,1,1,140.0
1,0,0,3,1,1079.988449,1,1,74.8
0,1,0,2,1,1075.011945,0,1,45.0
0,0,1,2,1,953.1590414,1,1,35.0
0,0,0,2,1,700.0,1,1,17.5
1,1,0,2,1,831.5789474,0,1,31.6
1,0,0,3,1,1038.333333,1,1,62.3
1,0,0,3,1,1088.8380140000002,1,1,390.0
1,1,1,2,1,823.0452675,0,1,110.0
0,0,1,2,1,1216.117216,1,1,83.0
0,0,0,2,1,1300.079597,1,1,49.0
0,0,0,3,1,849.9271491000001,1,1,35.0
0,0,0,3,1,1133.040936,1,1,62.0
1,0,0,5,1,4258.517034,1,1,170.0
0,0,0,2,1,880.0234673,1,1,30.0
0,0,0,3,1,1560.062402,1,1,140.0
1,0,0,3,1,2000.0,1,1,88.5
0,0,0,3,1,1025.280899,1,1,36.5
0,1,0,2,1,1270.00254,0,1,50.0
0,0,0,2,1,1250.0,1,1,32.0
2,1,1,3,1,1137.440758,0,0,26.4
0,0,0,1,1,449.973531,1,1,8.5
1,1,1,1,1,583.0223881000001,0,1,75.0
1,1,1,1,0,268.0143962,0,0,35.0
1,1,0,2,1,1105.527638,0,0,110.0
1,0,1,4,1,3466.666667,1,1,260.0
0,0,0,3,1,1028.221396,1,1,47.0
1,0,0,1,1,438.9362251,1,0,34.0
0,1,1,2,1,1269.983565,0,1,85.0
0,0,0,2,1,780.0312012,1,1,30.0
1,0,0,2,1,1097.213079,1,1,50.0
1,0,0,2,1,780.1161103,1,1,43.0
0,0,0,1,1,490.1960784,1,1,9.5
1,0,1,2,1,1115.688294,1,1,130.0
0,0,0,2,1,1040.312094,1,1,32.0
0,0,0,1,1,400.0,1,1,18.0
1,0,0,2,1,1164.940828,1,1,31.5
2,1,1,2,1,554.9343025000001,0,0,39.7
1,0,0,3,1,1600.0,1,1,92.0
1,0,0,1,1,574.0528128999999,1,1,30.0
1,1,1,4,1,2251.829612,0,1,240.0
0,0,0,2,1,1404.030393,1,1,85.0
1,0,1,3,1,1831.874618,1,1,180.0
1,0,0,2,1,1050.06364,1,1,99.0
1,0,1,2,1,1417.721519,1,1,56.0
1,0,0,2,1,627.6056842999999,1,1,140.0
0,0,0,2,1,950.0777336,1,1,55.0
0,0,0,2,1,950.0113097,1,1,42.0
0,0,0,3,1,1035.196687,1,1,30.0
1,0,0,3,1,1775.286148,1,1,76.0
1,0,0,2,1,1149.831948,1,1,65.0
1,0,0,2,1,1060.015588,1,1,68.0
1,0,0,3,1,1661.294322,1,1,67.0
1,1,1,3,1,2473.363775,0,1,130.0
1,1,1,2,1,59750.963,0,0,6670.0
0,0,0,2,1,975.088968,1,1,27.4
0,0,0,3,1,1399.776036,1,1,50.0
1,0,1,2,1,1204.477612,1,1,80.7
1,0,0,3,1,1756.183228,1,1,120.0
0,0,0,1,1,495.049505,1,1,15.0
1,0,0,2,1,1341.021859,1,1,200.0
1,1,0,3,1,1670.175439,0,1,47.6
1,0,0,2,1,909.0909091,1,1,54.0
1,1,1,3,1,1359.969987,0,1,290.0
1,0,0,3,1,2526.122402,1,1,220.0
0,0,0,3,1,1560.062402,1,1,80.0
0,0,0,2,1,1150.278293,1,1,31.0
0,0,0,1,1,552.0794994,1,1,15.0
1,0,0,2,1,1305.057096,1,1,160.0
1,0,1,2,1,935.0561034,1,1,55.0
1,1,0,2,1,911.4139693,0,1,32.1
1,0,1,3,1,1697.792869,1,1,260.0
1,1,1,3,1,1082.446329,0,1,180.0
1,0,0,3,1,1449.551783,1,1,76.0
0,0,0,1,1,417.0837504,1,1,12.5
1,0,0,5,1,12067.57844,1,1,750.0
0,0,0,2,1,1000.0,1,1,36.5
1,1,1,3,1,1206.030151,0,0,36.0
0,0,0,3,1,1820.250284,1,1,96.0
0,0,0,3,1,1600.0,1,1,90.0
1,0,1,3,1,1630.837658,1,1,110.0
0,0,0,2,1,1172.48567,1,1,22.5
0,0,0,3,1,1347.150259,1,1,52.0
0,0,0,2,1,1149.954002,1,1,50.0
1,0,0,2,1,1191.106406,1,1,90.0
1,0,0,2,1,1117.775354,1,1,61.5
0,0,0,2,1,680.1068739,1,1,28.0
1,0,1,2,1,968.6168152,1,1,100.0
0,0,0,1,1,450.0097828,1,1,23.0
0,0,0,2,1,1100.0,1,1,60.5
1,1,1,3,1,894.8545861,0,0,160.0
0,1,0,2,1,1186.131387,0,1,26.0
0,0,0,2,1,903.9548023,1,1,32.0
0,0,0,2,1,850.0991782,1,1,30.0
0,0,0,2,1,1250.0,1,1,32.9
1,0,1,1,1,458.9495156,1,1,18.0
1,0,0,4,1,2056.132415,1,0,200.0
1,0,1,3,1,2400.0,1,1,120.0
1,0,1,3,1,971.0982659,1,1,42.0
1,1,0,3,1,1365.853659,0,1,56.0
1,1,0,2,1,1019.444444,0,0,36.7
1,0,0,3,1,1668.663358,1,1,390.0
0,0,0,3,1,1237.964237,1,1,45.0
0,0,0,2,1,1066.350711,1,1,22.5
1,1,1,1,1,600.035823,0,1,33.5
1,1,1,2,1,667.7713339,0,1,40.3
1,1,1,2,1,1273.5712210000002,0,1,43.9
0,0,0,1,1,635.0757206000001,1,1,13.0
0,0,0,2,1,1300.191205,1,1,34.0
1,0,0,2,1,899.7429306,1,1,21.0
1,0,0,2,1,1000.0,1,1,14.0
1,0,0,3,1,1305.142261,1,1,50.0
0,0,0,2,1,1365.187713,1,1,84.0
0,0,0,2,1,1275.079692,1,1,68.0
2,1,1,2,1,702.459216,0,0,57.7
0,1,1,4,1,2375.296912,0,1,120.0
0,0,1,2,1,814.995925,1,1,50.0
1,1,0,3,1,1590.744758,0,1,110.0
1,0,0,2,1,775.1091703,1,1,35.5
0,0,0,2,1,1010.10101,1,1,55.0
1,0,1,3,1,1000.0,1,1,39.5
0,0,0,2,1,909.9181074,1,1,60.0
1,0,0,1,1,1321.212121,1,1,21.8
1,0,0,1,1,650.0541712,1,1,48.0
0,0,0,2,1,1225.323349,1,1,36.0
0,0,1,1,1,720.2016565,1,1,20.0
0,0,0,3,1,2250.647668,1,1,69.5
0,0,0,3,1,1520.0,1,1,76.0
1,0,0,1,1,630.0029647000001,1,1,85.0
0,0,0,2,1,1315.047905,1,1,70.0
0,0,0,2,1,1045.150502,1,1,50.0
1,0,0,3,1,2520.045819,1,1,110.0
0,0,0,2,1,700.152207,1,1,23.0
1,0,0,1,1,440.2920962,1,0,41.0
1,0,1,3,1,1654.385965,1,1,94.3
0,0,1,2,1,1175.088132,1,1,50.0
0,0,1,2,1,1267.248662,1,1,45.0
1,0,1,3,1,1292.944219,1,1,35.0
1,1,1,2,1,1229.230769,0,1,79.9
0,1,1,2,1,1179.941003,0,1,48.0
1,1,1,3,1,850.0,0,0,51.0
1,1,1,1,1,736.6235853,0,1,110.0
1,0,0,2,1,995.2949692,1,1,110.0
1,0,1,3,1,1075.0,1,1,21.5
1,0,0,3,1,1330.944459,1,1,260.0
1,0,0,2,1,1300.029214,1,1,44.5
1,0,1,3,1,1637.142857,1,1,57.3
1,0,1,2,1,954.5354226,1,1,86.5
0,0,1,3,1,1739.73556,1,1,75.0
1,1,1,1,1,396.0194963,0,1,78.0
1,0,0,1,1,660.0277906,1,1,57.0
1,0,1,3,1,1645.021645,1,1,190.0
1,0,0,1,1,610.0057316000001,1,1,74.5
0,0,0,2,1,1250.0,1,1,32.0
0,0,0,2,1,775.4551585,1,1,34.5
1,1,1,3,1,845.1519537,0,1,29.2
0,0,0,2,1,950.3239741,1,1,22.0
0,0,0,4,1,3380.009657,1,1,350.0
1,1,0,2,1,879.4117646999999,0,1,29.9
1,1,1,2,1,1013.024602,0,1,98.0
1,0,0,3,1,1695.337821,1,1,68.0
1,0,1,3,1,1147.206133,1,1,410.0
1,0,0,3,1,1150.019897,1,1,28.9
0,1,1,3,1,1614.086574,0,1,110.0
1,0,0,2,1,852.0037867000001,1,1,27.0
1,0,0,4,1,1410.640258,1,1,490.0
0,0,0,2,1,1100.110011,1,1,70.0
1,0,0,3,1,2139.9972390000003,1,1,310.0
1,0,0,3,1,1845.01845,1,1,55.0
0,0,0,2,1,1135.235732,1,1,36.6
1,0,1,3,1,3052.631579,1,1,290.0
1,0,0,3,1,1250.0,1,1,40.0
1,1,1,2,1,1350.018173,0,1,260.0
1,0,0,2,1,1050.0,1,1,73.5
1,0,0,2,1,1116.990006,1,1,57.0
0,0,0,2,1,1115.1079140000002,1,1,62.0
1,1,1,1,1,685.0690088,0,1,54.6
1,0,0,3,1,1951.337027,1,1,81.0
0,0,0,1,1,554.8549811,1,1,22.0
1,1,0,4,1,2900.763359,0,1,95.0
0,0,0,3,1,1750.0,1,1,84.0
1,0,0,3,1,1600.0,1,1,94.0
1,0,0,2,1,1137.656428,1,1,120.0
1,0,0,3,1,1209.031318,1,1,49.8
1,1,1,3,1,901.0919114,0,0,170.0
1,0,0,2,1,1100.038825,1,1,85.0
0,0,1,2,1,1120.1236,1,1,58.0
0,0,0,2,1,1045.068583,1,1,32.0
1,0,1,3,1,1291.382954,1,1,110.0
1,0,1,2,1,1155.747837,1,1,37.4
1,1,0,2,1,935.0,0,1,18.7
1,0,0,4,1,3039.027511,1,0,190.0
0,0,0,1,1,560.0672081,1,1,20.0
1,0,1,4,1,2040.066914,1,1,500.0
0,0,0,2,1,953.0069011,1,1,29.0
1,0,1,1,1,649.2374727999999,1,1,14.9
1,0,0,3,1,1350.21097,1,1,48.0
1,0,1,3,1,1935.341984,1,1,88.0
1,1,1,1,1,725.6016447000001,0,1,120.0
0,0,0,3,1,1745.200698,1,1,120.0
1,0,0,2,1,829.8755187,1,1,32.0
0,0,0,3,1,1565.020975,1,1,97.0
0,0,0,3,1,1344.086022,1,1,65.0
1,1,0,1,1,448.4792055,0,0,28.9
1,1,1,4,1,1408.0332,0,1,190.0
0,0,0,2,1,1096.9286,1,1,55.0
1,0,0,2,1,849.7167611,1,1,51.0
1,0,0,2,1,1259.74805,1,1,42.0
1,0,0,3,1,1850.294365,1,1,110.0
0,0,0,1,1,700.0259269,1,1,27.0
1,1,1,2,1,818.0216461,0,1,130.0
1,0,0,2,1,809.5854922,1,1,100.0
1,0,1,3,1,952.09759,1,0,160.0
0,0,0,3,1,1924.927815,1,1,80.0
0,0,0,3,1,1600.224593,1,1,85.5
0,0,0,2,1,1350.21097,1,1,16.0
0,1,1,3,1,1625.256865,0,1,87.0
1,0,0,3,1,1890.39932,1,1,89.0
0,0,1,2,1,1157.201353,1,1,65.0
1,0,1,3,1,1700.013077,1,1,130.0
1,0,0,2,1,865.0634603,1,1,25.9
1,0,0,2,1,1221.122112,1,1,74.0
1,1,1,3,1,1486.486486,0,1,110.0
0,0,0,3,1,1365.019011,1,1,35.9
1,0,1,1,1,718.9468947,1,0,63.9
0,0,0,2,1,999.000999,1,1,50.0
0,0,1,2,1,1095.238095,1,1,46.0
0,0,1,3,1,1666.666667,1,1,100.0
0,0,0,3,1,1460.248783,1,1,81.0
1,0,0,2,1,1003.11311,1,1,58.0
0,0,0,2,1,832.1445554,1,1,35.0
1,1,1,4,1,3024.955886,0,1,600.0
1,1,1,2,1,769.0515031,0,1,99.0
0,0,0,3,1,1913.121765,1,1,170.0
1,1,1,2,1,930.0147197,0,1,69.5
1,1,1,2,1,1096.394408,0,1,29.8
1,0,1,3,1,1728.081321,1,1,340.0
1,0,0,2,1,1290.322581,1,1,34.0
0,0,0,1,1,360.05760919999994,1,1,15.0
1,1,1,2,1,1106.006466,0,1,130.0
1,0,1,3,1,1851.192595,1,1,52.0
0,0,0,2,1,965.3605906,1,1,17.0
0,0,0,2,1,750.1119570000001,1,1,33.5
0,0,0,2,1,925.0693802,1,1,40.0
0,0,0,2,1,1240.03543,1,1,70.0
1,1,1,3,1,1694.72376,0,1,300.0
1,0,0,1,1,620.0177147999999,1,1,49.0
0,0,0,2,1,980.0,1,1,24.5
1,0,0,3,1,1665.329053,1,1,83.0
1,0,0,2,1,960.1335838,1,1,46.0
1,0,0,3,1,1503.358356,1,1,76.1
1,1,1,3,1,833.25618,0,0,180.0
1,1,1,3,1,2465.656921,0,1,420.0
1,0,1,2,1,1075.268817,1,1,29.0
1,0,0,4,1,3900.236067,1,1,380.0
0,0,0,3,1,1600.0,1,1,60.0
0,0,1,2,1,925.008259,1,1,28.0
1,1,1,2,1,1086.059066,0,1,34.2
1,0,1,4,1,1914.893617,1,0,180.0
0,0,0,2,1,1050.052503,1,1,60.0
0,0,0,3,1,1149.831948,1,1,65.0
1,0,0,4,1,2857.142857,1,0,350.0
1,0,1,3,1,1852.54491,1,1,49.5
0,0,0,1,1,600.0857265,1,1,14.0
2,1,1,3,1,1500.197394,0,0,38.0
0,0,0,3,1,1960.01568,1,1,250.0
0,0,0,1,1,588.0532343,1,1,19.0
0,0,0,2,1,750.0,1,1,23.4
0,0,0,2,1,1100.110011,1,1,30.0
1,1,0,4,1,2710.0271,0,0,270.0
1,1,0,1,1,650.0221597999999,0,1,88.0
1,0,0,3,1,1618.929016,1,1,260.0
1,1,0,3,1,1690.0,0,1,67.6
1,0,1,3,1,1054.852321,1,0,290.0
0,0,0,3,1,1765.316719,1,1,68.0
1,0,0,5,1,2750.008088,1,1,1700.0
1,1,1,3,1,919.9632015,0,1,60.0
1,0,0,4,1,3301.237964,1,1,240.0
1,0,0,4,1,6820.8284810000005,1,1,820.0
1,0,1,3,1,1870.07874,1,1,380.0
1,0,0,3,1,1433.038041,1,1,55.0
1,1,1,1,1,386.2768422,0,0,61.7
1,0,1,3,1,1832.760596,1,1,160.0
0,0,0,3,1,1586.042823,1,1,60.0
0,0,0,2,1,1271.070615,1,1,27.9
0,0,0,3,1,1448.064606,1,1,52.0
1,0,0,3,1,2350.176263,1,1,200.0
1,0,0,2,1,1233.585356,1,1,31.0
1,1,1,1,1,413.0262113,0,1,26.0
1,0,1,1,1,451.0571652,1,0,28.8
0,0,0,2,1,999.1311902999998,1,1,11.5
0,0,0,2,1,1000.0,1,1,20.0
0,0,0,3,1,1756.2533260000002,1,1,99.0
0,0,0,2,1,930.0883583999998,1,1,60.0
1,1,1,1,1,634.8914244,0,1,34.5
0,0,0,3,1,1390.076989,1,1,65.0
0,0,0,3,1,1200.192031,1,1,25.0
1,1,0,2,1,651.1829824,0,1,120.0
0,0,0,2,1,1000.0,1,1,32.0
0,0,0,2,1,851.1673152000001,1,1,35.0
1,0,1,2,1,959.0486238,1,1,200.0
0,0,0,2,1,1149.865849,1,1,30.0
1,0,0,2,1,925.008259,1,1,140.0
1,0,1,4,1,3430.0156460000003,1,1,570.0
1,0,0,1,1,650.0,1,1,39.0
1,0,1,2,1,1180.106772,1,1,84.0
0,0,0,2,1,1200.192031,1,1,25.0
1,0,0,5,1,4000.0,1,1,1000.0
1,0,0,3,1,1612.903226,1,1,120.0
1,1,0,1,1,443.1103488,0,0,15.5
1,0,0,1,1,580.00435,1,1,80.0
0,0,0,2,1,831.0249307,1,1,45.0
0,0,0,2,1,915.3318078,1,1,20.0
1,0,1,3,1,3011.514615,1,1,170.0
1,0,0,2,1,997.1236817,1,1,52.0
0,0,0,3,1,1100.052383,1,1,42.0
1,0,1,3,1,1850.357032,1,1,59.6
1,0,1,2,1,1040.897682,1,1,70.5
0,0,0,1,1,442.0215117,1,1,30.0
1,0,0,2,1,1206.272618,1,1,40.0
1,0,0,1,1,570.0171005,1,1,90.0
0,0,0,3,1,4500.4500450000005,1,1,100.0
1,0,1,1,1,615.0857883,1,1,38.0
1,0,0,2,1,786.440678,1,1,290.0
0,0,0,3,1,1500.214316,1,1,35.0
1,0,0,3,1,3600.05434,1,1,530.0
1,0,0,1,1,414.3016945,1,1,100.0
1,1,1,2,1,1260.0094210000002,0,1,53.5
2,1,1,2,1,919.878576,0,0,100.0
0,0,1,2,1,1095.0503720000002,1,1,50.0
0,1,0,2,1,955.1800147,0,1,39.0
0,0,0,3,1,1800.0,1,1,90.0
0,0,0,3,1,1549.755302,1,1,95.0
1,0,0,3,1,1849.924847,1,1,160.0
0,0,0,3,1,1400.124456,1,1,90.0
1,0,1,2,1,1080.190406,1,1,59.0
1,1,1,3,1,1571.428571,0,1,110.0
1,1,1,2,1,1024.89019,0,1,49.0
0,0,0,1,1,675.154321,1,1,17.5
1,0,0,2,1,1150.251618,1,1,48.0
1,0,0,2,1,1316.829076,1,1,100.0
1,0,1,2,1,1058.112193,1,1,63.0
1,0,0,2,1,1400.0643710000002,1,1,87.0
1,0,0,3,1,1724.698991,1,1,53.0
1,1,0,2,1,1103.117506,0,1,69.0
0,0,0,2,1,1120.029867,1,1,60.0
0,0,1,2,1,1074.895978,1,1,31.0
0,0,1,3,1,1430.013459,1,1,42.5
0,0,0,2,1,1203.877423,1,1,77.0
0,0,0,3,1,1850.239443,1,1,85.0
0,0,0,2,1,1269.035533,1,1,70.0
0,0,0,1,1,586.0579888999999,1,1,19.0
0,0,0,2,1,1140.024783,1,1,46.0
0,0,1,2,1,1050.175029,1,1,45.0
1,0,0,3,1,1620.062139,1,1,36.5
0,0,0,2,1,960.0,1,1,30.0
1,0,0,4,1,3000.0545460000003,1,1,1100.0
1,0,0,2,1,1276.744186,1,0,54.9
1,0,0,4,1,2622.0250100000003,1,1,260.0
0,0,0,2,1,907.2058061,1,1,35.0
1,0,1,4,1,2180.842141,1,1,130.0
1,0,0,2,1,1023.12257,1,1,50.0
1,0,0,2,1,1206.175619,1,1,75.0
1,0,0,4,1,2525.013414,1,1,800.0
0,0,0,2,1,968.2416731,1,1,25.0
0,0,0,2,1,700.0205887999999,1,1,34.0
0,0,0,3,1,1150.086256,1,1,40.0
0,0,0,2,1,1096.067054,1,1,85.0
1,0,1,4,1,2764.340014,1,1,160.0
1,0,1,2,1,1060.035665,1,1,53.5
0,1,1,2,1,974.8781402,0,1,26.0
1,0,1,3,1,1380.068393,1,1,56.5
1,0,0,2,1,1210.766508,1,1,130.0
1,1,0,2,1,818.6046512,0,1,17.6
1,0,0,3,1,1839.275608,1,1,130.0
1,1,1,2,1,968.054211,0,1,110.0
0,0,0,1,1,1100.28293,1,1,35.0
1,0,0,2,1,1150.040118,1,1,86.0
1,0,0,3,1,1600.170685,1,1,75.0
1,0,0,2,1,955.0618277,1,1,95.0
1,1,0,1,1,786.6666667000001,0,0,23.6
0,0,0,3,1,1555.067691,1,1,85.0
1,0,1,3,1,2325.581395,1,1,100.0
0,0,0,3,1,3000.096777,1,1,310.0
1,0,1,3,1,1279.962765,1,1,220.0
1,0,0,2,1,1055.056997,1,1,87.0
1,0,0,1,1,602.4550041,1,1,240.0
1,0,1,2,1,1028.037383,1,1,83.6
1,1,0,2,1,849.0300814999999,0,1,30.2
1,0,0,3,1,1964.019169,1,1,250.0
0,0,0,1,1,400.0,1,1,16.0
1,0,0,3,1,1620.17705,1,1,97.0
1,0,0,3,1,1334.044824,1,1,250.0
1,1,1,3,1,1883.030572,0,1,85.0
0,0,0,3,1,1547.0895380000002,1,1,80.0
1,1,1,3,1,1485.232068,0,1,52.8
1,0,1,2,1,1150.0261369999998,1,1,44.0
1,0,1,3,1,1355.792933,1,1,49.5
1,1,1,3,1,1956.388832,0,1,96.0
0,0,0,2,1,1259.899208,1,1,35.0
1,0,0,2,1,1248.246844,1,1,44.5
1,1,0,2,1,949.9683344,0,1,30.0
0,1,0,2,1,881.0572687000001,0,1,26.0
0,0,1,2,1,1174.1682970000002,1,1,60.0
1,0,0,3,1,1685.247602,1,1,130.0
2,1,1,2,1,915.2161707,0,0,16.3
1,0,0,2,1,1309.186123,1,1,120.0
1,0,1,3,1,1346.801347,1,1,36.0
0,0,0,2,1,1304.8016699999998,1,1,25.0
0,0,0,4,1,2000.0,1,1,70.0
0,0,0,3,1,1399.776036,1,1,50.0
0,0,0,2,1,820.0875374,1,1,35.6
1,0,0,2,1,1130.58225,1,1,100.0
0,0,0,3,1,1012.479397,1,1,86.0
0,0,0,2,1,970.042796,1,1,34.0
1,1,0,2,1,769.6536559,0,1,42.0
1,0,1,3,1,2206.531333,1,1,150.0
0,0,0,2,1,806.1561011,1,1,22.0
2,1,0,2,1,752.7272727000001,0,0,41.4
1,0,0,2,1,895.8422632000002,1,1,20.9
0,0,0,2,1,990.0990099,1,1,58.0
0,0,0,1,1,650.0847937000001,1,1,23.0
1,1,1,2,1,1245.108502,0,1,70.0
1,0,1,3,1,2378.3783780000003,1,1,110.0
0,0,0,2,1,1089.028042,1,1,40.0
1,0,0,3,1,1365.187713,1,1,80.0
1,0,0,2,1,650.0072223,1,1,180.0
1,0,0,3,1,1444.344299,1,1,64.1
1,0,1,2,1,958.0442683,1,1,29.0
0,0,0,2,1,150.69318869999998,1,1,20.0
1,1,1,3,1,943.5233859,0,1,140.0
1,0,1,4,1,3726.314120000001,1,1,470.0
1,0,0,4,1,1800.42722,1,1,59.0
1,1,0,3,1,2000.0,0,1,72.0
0,0,0,2,1,1004.016064,1,1,40.0
1,1,1,2,1,1063.0434779999998,0,1,48.9
1,1,1,3,1,1476.93706,0,1,65.0
1,0,0,2,1,1009.92411,1,1,86.5
0,0,0,2,1,820.0455581,1,1,18.0
1,0,1,3,1,1895.072811,1,1,95.0
1,0,0,3,1,1599.862377,1,1,93.0
0,0,0,4,1,1993.024415,1,1,120.0
1,0,0,3,1,1910.288582,1,1,60.9
1,0,1,3,1,1886.336155,1,1,78.0
1,1,1,1,1,414.9715216,0,0,51.0
0,0,0,4,1,1460.209297,1,1,60.0
1,0,0,3,1,1471.232877,1,1,53.7
1,0,0,2,1,1032.608696,1,1,47.5
1,0,0,3,1,2049.958242,1,1,270.0
1,0,0,2,1,548.417424,1,1,140.0
1,0,0,4,1,3067.190645,1,1,320.0
1,0,1,3,1,1319.565217,1,1,60.7
1,0,1,3,1,1245.189042,1,1,55.0
1,0,0,1,1,652.0025794,1,1,91.0
0,0,0,2,1,1054.852321,1,1,45.0
0,0,0,1,1,550.0,1,1,11.0
1,0,1,3,1,2067.649242,1,1,390.0
0,0,0,1,1,333.68091760000004,1,1,16.0
1,0,0,4,1,2180.885183,1,1,170.0
1,0,0,2,1,1175.0069119999998,1,1,85.0
1,0,0,3,1,850.2289078,1,1,13.0
1,0,0,2,1,1045.205122,1,1,40.0
1,0,0,2,1,1014.492754,1,1,49.7
1,0,1,4,1,2401.719125,1,0,190.0
0,0,0,2,1,1100.066269,1,1,49.8
1,0,0,2,1,1223.491028,1,1,180.0
0,0,0,2,1,845.0704225,1,1,21.0
0,0,0,2,1,1154.734411,1,1,40.0
1,0,1,2,1,891.9696572999999,1,1,34.1
0,0,0,2,1,1350.308642,1,1,35.0
1,0,1,1,1,648.0077209,1,1,47.0
0,0,0,2,1,1295.336788,1,1,25.0
1,0,0,3,1,1632.208923,1,1,45.0
0,0,1,3,1,2235.261246,1,1,160.0
0,0,0,2,1,892.8571429,1,1,35.0
1,0,1,2,1,1045.903544,1,1,90.0
0,0,0,2,1,1050.080775,1,1,52.0
0,0,0,2,1,890.3467666000001,1,1,19.0
1,1,1,1,1,415.379334,0,1,24.2
1,1,1,1,1,640.0310318,0,1,33.0
1,0,0,2,1,885.0381964,1,1,190.0
1,0,1,4,1,2236.636099,1,1,100.0
1,1,1,1,1,631.0224268999999,0,1,74.0
1,0,0,3,1,2026.085855,1,1,160.0
0,0,1,4,1,2375.122429,1,1,97.0
1,0,0,2,1,1350.135014,1,1,60.0
0,0,0,2,1,828.0127694,1,1,41.5
0,0,0,2,1,700.1647446000001,1,1,8.5
0,0,0,2,1,730.0481168,1,1,44.0
1,0,1,2,1,1289.4545050000002,1,1,230.0
1,0,0,2,1,1000.0,1,1,45.0
0,1,1,3,1,1475.14114,0,1,81.0
1,0,0,2,1,996.0159363,1,1,40.0
1,0,0,2,1,1027.115859,1,1,50.0
1,1,1,3,1,1539.250898,0,1,150.0
0,0,1,1,1,658.0343876000001,1,1,31.0
1,1,1,2,1,950.0,0,0,47.5
0,0,0,3,1,1050.144395,1,1,40.0
1,0,0,1,1,609.5330976,1,1,100.0
1,0,0,2,1,722.9832572,1,1,95.0
0,0,0,2,1,800.0,1,1,26.0
1,0,0,2,1,1393.048687,1,1,200.0
0,0,0,3,1,1300.0,1,1,52.0
1,0,1,3,1,1628.900446,1,1,87.7
1,0,1,3,1,1609.460831,1,1,460.0
0,0,0,2,1,1199.760048,1,1,40.0
1,0,0,1,1,635.0841057,1,1,37.0
0,0,0,2,1,1210.153483,1,1,82.0
0,0,1,2,1,1115.004779,1,1,70.0
0,0,0,1,1,516.7424556,1,1,12.5
0,0,0,3,1,1569.055211,1,1,93.5
0,0,0,3,1,1564.0084960000002,1,1,81.0
1,0,0,2,1,1060.0706710000002,1,1,75.0
1,0,0,3,1,1627.486438,1,1,45.0
0,0,1,3,1,1608.473911,1,1,41.0
1,0,0,4,1,1905.056122,1,1,370.0
1,0,1,3,1,1441.137937,1,1,77.0
1,1,0,3,1,2051.0191,0,1,160.0
0,0,0,2,1,736.0861759,1,1,41.0
1,0,0,2,1,1106.8360300000002,1,1,210.0
1,1,1,1,1,650.0893873,0,1,40.0
1,0,1,2,1,898.7341772,1,1,21.3
0,0,1,3,1,1550.1263689999998,1,1,92.0
1,0,0,4,1,3200.0,1,1,320.0
1,1,1,3,1,1710.0171,0,1,190.0
1,0,0,1,1,695.0122649,1,1,34.0
1,0,1,2,1,906.002265,1,1,80.0
0,0,0,2,1,1044.045677,1,1,32.0
1,0,1,3,1,1000.0,1,1,39.0
0,0,0,3,1,1400.203666,1,1,55.0
1,0,1,2,1,1229.508197,1,1,120.0
1,1,1,3,1,1876.407305,0,1,150.0
0,0,1,3,1,1244.788565,1,1,20.9
0,0,1,2,1,1240.927183,1,1,53.0
0,0,0,3,1,100.0,1,1,42.0
1,0,1,3,1,1520.036849,1,1,66.0
0,0,0,3,1,1800.032728,1,1,110.0
0,0,0,3,1,1230.0123,1,1,40.0
1,0,1,3,1,1269.805847,1,0,56.9
1,0,0,2,1,980.0918836,1,1,32.0
1,0,0,2,1,1193.317422,1,1,110.0
0,0,0,3,1,1300.156915,1,1,58.0
0,0,1,1,1,725.2946509999999,1,1,16.0
0,0,0,2,1,1143.074871,1,1,60.0
0,0,0,2,1,900.0,1,1,18.0
1,0,0,2,1,760.0657353999999,1,1,37.0
1,0,0,4,1,2157.031924,1,1,100.0
1,0,0,2,1,1078.122408,1,1,65.0
1,0,1,3,1,1178.146038,1,1,91.0
1,1,1,2,1,1105.060858,0,1,69.0
0,0,0,5,1,2300.405954,1,1,85.0
0,0,0,3,1,1309.823678,1,1,52.0
0,0,1,3,1,1353.179973,1,1,50.0
1,0,0,3,1,1762.1145370000002,1,1,100.0
1,0,0,2,1,1259.5591539999998,1,1,280.0
1,0,0,3,1,1652.528368,1,1,150.0
0,1,1,2,1,1000.0,0,1,30.0
1,0,0,1,1,608.6142322000001,1,1,19.5
1,0,1,1,1,438.1505689,1,1,18.1
0,0,0,3,1,840.0926999,1,1,72.5
1,1,1,2,1,1016.191315,0,1,150.0
0,0,0,3,1,1900.23753,1,1,80.0
1,0,0,2,1,1040.009788,1,1,85.0
1,0,0,2,1,1015.821647,1,1,56.5
1,0,0,2,1,1705.902422,1,1,100.0
0,0,0,4,1,2229.157379,1,1,100.0
1,0,1,2,1,1234.4506689999998,1,1,130.0
0,0,0,2,1,1000.0,1,1,55.0
0,0,0,2,1,1500.0,1,1,33.0
0,0,0,3,1,1130.136986,1,1,49.5
1,0,0,3,1,1300.0,1,1,49.4
1,0,0,1,1,690.0690069,1,1,46.0
0,0,0,2,1,1100.076394,1,1,72.0
0,0,0,3,1,975.243811,1,1,26.0
1,0,1,3,1,1600.0,1,1,73.6
1,0,1,3,1,2072.289157,1,1,86.0
1,0,1,2,1,1290.489095,1,1,100.0
1,1,1,3,1,2930.005426,0,1,270.0
1,1,0,3,1,2145.002145,0,1,200.0
1,0,1,2,1,1299.649533,1,1,44.5
2,0,1,1,1,534.8101266,1,0,16.9
1,0,0,2,1,581.0810811000001,1,0,55.9
1,0,1,4,1,1973.760594,1,1,850.0
0,0,0,2,1,1240.0,1,1,62.0
1,1,0,3,1,1385.037085,0,1,85.9
1,1,1,2,1,849.583761,0,1,74.5
0,0,1,2,1,737.0184255,1,1,17.6
0,0,0,3,1,1500.0,1,1,75.0
1,0,1,2,1,1275.045537,1,1,35.0
0,0,0,2,1,942.408377,1,1,18.0
0,0,0,3,1,1450.209475,1,1,45.0
1,0,1,2,1,1425.081433,1,1,70.0
1,1,0,2,1,762.2641509,0,1,20.2
2,1,1,2,1,562.1755976,0,0,76.9
0,0,0,8,1,1250.0,1,1,100.0
1,0,0,3,1,1220.0,1,1,61.0
1,0,1,3,1,1733.291693,1,1,111.0
1,0,0,2,1,1320.007543,1,1,140.0
1,0,0,3,1,1165.660998,1,1,170.0
1,1,0,2,1,688.372093,0,1,14.8
1,0,0,2,1,1263.976665,1,1,26.0
1,0,0,2,1,1258.020165,1,1,54.9
1,0,0,3,1,1170.138076,1,1,50.0
1,0,1,2,1,991.0425005,1,1,52.0
1,1,1,2,1,554.2570952000001,0,0,83.0
1,1,1,4,1,2209.72278,0,1,110.0
1,0,0,4,1,3915.055167,1,1,330.0
1,0,1,3,1,2070.141257,1,1,170.0
1,0,1,3,1,1224.489796,1,1,240.0
1,1,1,3,1,1615.1419560000002,0,1,76.8
1,0,1,2,1,1206.140351,1,1,88.0
1,0,1,3,1,1467.13615,1,1,150.0
1,0,0,2,1,808.9607965,1,1,39.0
1,0,0,2,1,1170.091324,1,1,82.0
1,0,0,3,1,1684.098564,1,1,95.0
1,1,1,2,1,1320.007543,0,1,210.0
0,0,0,1,1,516.0390516,1,1,18.5
1,0,1,2,1,974.3589744,1,1,45.6
0,0,0,2,1,1000.0,1,1,68.0
1,1,0,3,1,1924.097665,0,1,290.0
0,0,0,2,1,1005.025126,1,1,40.0
1,0,1,4,1,4082.082966,1,1,370.0
0,0,0,2,1,1300.148588,1,1,70.0
1,0,0,2,1,1242.236025,1,1,160.0
1,0,0,2,1,1100.029334,1,1,75.0
1,0,1,4,1,2427.184466,1,0,170.0
0,0,0,2,1,1200.192031,1,1,25.0
1,0,1,2,1,842.2416586,1,1,26.0
0,0,0,2,1,1100.352113,1,1,25.0
0,0,0,3,1,1050.128789,1,1,53.0
1,0,0,1,1,650.0072223,1,1,45.0
0,0,0,1,1,790.02079,1,1,38.0
1,0,1,3,1,1451.87602,1,1,89.0
0,0,0,2,1,1155.9064,1,1,82.0
2,0,1,3,1,1232.264845,1,0,46.9
1,0,0,3,1,1149.782474,1,1,37.0
0,0,0,2,1,1100.038825,1,1,85.0
1,1,1,1,1,322.9834819,0,1,56.9
1,0,0,2,1,1339.285714,1,1,49.5
0,0,0,3,1,1000.0,1,1,42.0
1,0,1,2,1,1126.797905,1,1,170.0
1,0,0,3,1,1394.466756,1,1,250.0
0,0,0,2,1,1175.015461,1,1,38.0
0,0,0,2,1,1000.0,1,1,20.0
1,0,0,2,1,1050.080775,1,1,65.0
1,0,0,3,1,1415.09434,1,1,78.0
2,1,1,3,1,1560.549313,0,0,100.0
1,0,1,2,1,1020.116807,1,1,78.6
0,0,0,3,1,1200.068575,1,1,70.0
0,0,0,3,1,2271.51256,1,1,85.0
0,0,0,1,1,400.0,1,1,10.0
1,0,1,2,1,1045.016077,1,1,52.0
1,0,0,3,1,1450.116009,1,1,75.0
0,0,0,1,1,700.0840101,1,1,25.0
1,1,1,1,1,414.9715216,0,0,51.0
1,0,0,4,1,2800.0,1,1,210.0
0,0,1,3,1,1398.210291,1,1,75.0
2,1,1,2,1,724.137931,0,0,21.0
1,0,1,2,1,934.0422474,1,1,130.0
1,0,0,2,1,1192.102322,1,1,96.0
1,1,1,2,1,661.2254554,0,0,55.9
1,1,1,3,1,3000.0,0,1,180.0
0,0,0,2,1,1000.0,1,1,20.0
1,0,0,2,1,840.0420021,1,1,120.0
1,0,0,3,1,3130.434783,1,1,360.0
1,1,1,2,1,829.9472638,0,1,96.0
0,0,0,2,1,1063.201418,1,1,18.0
0,0,1,3,1,958.3009582999998,1,1,37.0
1,0,0,3,1,1600.150602,1,1,85.0
1,0,1,3,1,2302.867384,1,1,77.1
0,0,0,1,1,648.2525366,1,1,11.5
0,0,1,3,1,1792.114695,1,1,170.0
1,0,0,2,1,2000.0,1,1,90.0
1,0,1,3,1,1608.539884,1,1,220.0
0,0,0,3,1,1584.158416,1,1,120.0
1,0,0,4,1,2911.409954,1,1,210.0
1,1,1,2,1,1128.7449390000002,0,1,69.7
1,0,1,3,1,2292.920608,1,1,160.0
0,1,1,2,1,989.8812143,0,1,45.0
0,0,1,3,1,1250.0,1,1,26.0
1,0,0,3,1,1232.201533,1,1,270.0
1,0,0,2,1,1176.74747,1,1,100.0
0,0,0,3,1,1800.327332,1,1,66.0
0,0,0,3,1,1685.1705,1,1,85.0
0,0,0,3,1,1250.0,1,1,63.0
1,0,0,2,1,998.3028851,1,1,100.0
1,0,0,3,1,1145.127366,1,1,49.0
1,0,1,2,1,950.0206526,1,1,92.0
1,0,0,2,1,1000.0,1,1,120.0
1,0,1,2,1,1068.03375,1,1,100.0
1,0,1,1,1,637.807377,1,1,24.9
1,0,0,6,1,3000.0,1,1,930.0
1,0,1,3,1,1297.0168609999998,1,1,120.0
1,0,0,2,1,1232.001232,1,1,160.0
1,1,1,3,1,1833.333333,0,1,77.0
0,0,0,2,1,1090.1162789999998,1,1,60.0
1,0,0,3,1,1250.0,1,1,100.0
0,0,0,2,1,1055.662188,1,1,16.5
1,0,0,1,1,605.0003644999999,1,1,83.0
0,0,0,3,1,1269.420235,1,1,33.5
1,0,0,2,1,1144.86338,1,1,150.0
1,0,0,2,1,1176.470588,1,1,100.0
1,0,1,2,1,1098.398169,1,1,120.0
1,1,1,2,1,1188.033265,0,1,220.0
1,0,1,2,1,796.9826172999999,1,1,24.3
1,0,0,2,1,1057.082452,1,1,50.0
1,0,0,3,1,1546.79041,1,1,100.0
1,0,0,2,1,1150.0261369999998,1,1,110.0
1,0,0,3,1,1244.010321,1,1,270.0
0,0,0,2,1,1070.090958,1,1,40.0
1,0,0,2,1,950.0059375,1,1,240.0
1,0,1,2,1,1322.910403,1,1,220.0
1,0,0,2,1,813.9314783,1,1,43.0
0,0,0,4,1,2200.1047670000003,1,1,84.0
1,1,1,2,1,1297.617944,0,0,140.0
1,0,1,2,1,1185.068141,1,1,60.0
0,0,0,2,1,849.9703499,1,1,43.0
0,0,0,2,1,1220.008133,1,1,60.0
1,0,0,3,1,1413.486322,1,1,170.0
1,0,0,4,1,2311.070025,1,1,100.0
0,0,0,2,1,1111.111111,1,1,25.0
1,0,0,2,1,1200.0,1,1,120.0
0,0,0,2,1,1000.0,1,1,78.0
2,0,1,1,1,699.1171558,1,0,29.3
1,1,0,3,1,1404.954807,0,1,600.0
1,0,0,2,1,693.0327111,1,1,75.0
1,0,0,4,1,6000.774293,1,1,310.0
1,0,0,1,1,305.0397878,1,1,23.0
1,1,0,2,1,800.0,0,1,40.0
1,1,0,2,1,1033.457249,0,1,27.8
1,1,1,2,1,914.3807149,0,1,110.0
0,0,0,3,1,1789.976134,1,1,120.0
1,1,1,3,1,1955.292217,0,1,72.6
1,0,0,1,1,550.0550055,1,1,15.0
0,0,1,1,1,493.9287919,1,1,24.0
1,0,1,3,1,1995.72345,1,1,140.0
1,0,0,4,1,3739.715782,1,1,350.0
2,0,1,2,1,800.0,1,0,20.0
0,0,0,3,1,1313.1497359999998,1,1,72.0
1,0,1,3,1,1850.294365,1,1,110.0
1,0,0,3,1,1696.782724,1,1,77.0
1,1,1,1,1,450.0061645,0,1,73.0
0,0,0,2,1,945.1299554,1,1,36.0
1,1,1,3,1,1338.095238,0,1,56.2
0,0,0,2,1,600.0,1,1,18.0
1,1,0,3,1,1460.624011,0,1,360.0
1,0,0,2,1,946.2656303,1,1,140.0
0,0,0,2,1,840.1344215,1,1,35.0
1,0,0,1,1,225.0045364,1,1,62.0
0,0,0,2,1,612.1449558999999,1,1,25.0
1,0,0,2,1,1085.048668,1,1,68.0
1,0,0,3,1,873.6669401,1,1,21.3
1,0,0,2,1,770.0770077000001,1,1,70.0
1,0,0,2,1,720.0,1,1,25.2
1,1,1,3,1,1412.993396,0,1,460.0
1,1,1,4,1,2430.289076,0,1,95.0
0,0,0,2,1,1124.615385,1,1,73.1
1,0,0,3,1,1825.983749,1,1,200.0
0,0,1,3,1,1097.453907,1,1,25.0
0,0,0,2,1,1179.142801,1,1,59.7
0,0,0,2,1,870.0380642000001,1,1,48.0
1,0,1,3,1,1567.270507,1,1,77.0
1,0,0,2,1,1241.087932,1,1,47.0
1,0,0,1,1,690.0768693,1,1,39.5
1,0,0,3,1,1600.512164,1,1,25.0
1,0,0,5,1,3554.165482,1,1,250.0
0,0,0,2,1,910.0101112,1,1,36.0
0,0,1,2,1,870.0696055999999,1,1,30.0
1,1,1,3,1,1400.094922,0,1,59.0
1,1,1,2,1,1047.549378,0,1,71.6
0,0,1,3,1,1791.530945,1,1,110.0
0,0,0,2,1,1425.081433,1,1,35.0
1,1,0,2,1,1088.582677,0,1,55.3
1,1,1,1,1,566.2323052,0,1,60.4
0,0,0,2,1,971.0832974,1,1,45.0
0,0,0,1,1,500.0,1,1,22.0
1,0,0,3,1,1910.545024,1,1,64.5
1,0,1,3,1,1376.2321,1,1,74.0
1,0,0,3,1,1534.420431,1,1,590.0
0,0,0,3,1,1665.812404,1,1,65.0
1,0,0,2,1,1024.030584,1,1,75.0
0,0,1,2,1,784.2387146000001,1,1,20.5
1,0,1,1,1,741.1067194,1,1,45.0
1,0,0,2,1,900.0276932,1,1,130.0
0,0,0,2,1,936.9144285,1,1,30.0
1,0,1,2,1,1446.117274,1,1,73.0
1,1,0,3,1,822.9639871,0,1,250.0
0,0,0,2,1,880.4108583999999,1,1,180.0
0,0,1,2,1,1079.9926779999998,1,1,59.0
1,1,1,3,1,645.0,0,0,25.8
0,0,0,1,1,449.8767461,1,1,21.9
0,0,0,2,1,1250.0,1,1,68.0
1,0,0,2,1,1000.0,1,1,18.0
1,0,1,1,1,800.0,1,1,39.4
0,0,0,1,1,625.0,1,1,8.5
1,0,1,2,1,1150.216781,1,1,45.1
1,0,0,2,1,1099.776857,1,1,34.5
1,0,0,3,1,1521.7391300000002,1,1,70.0
1,1,1,2,1,690.4170119,0,1,150.0
0,0,0,2,1,900.090009,1,1,40.0
0,0,0,2,1,1000.0,1,1,70.0
1,0,0,3,1,1331.14515,1,1,73.0
1,0,0,2,1,1250.0,1,1,99.0
1,1,1,3,1,2424.242424,0,1,140.0
1,0,1,2,1,1120.162933,1,1,66.0
1,0,0,2,1,985.1301115,1,1,26.5
0,0,0,2,1,985.2216749,1,1,40.0
0,0,0,2,1,899.8875141000001,1,1,40.0
1,1,1,2,1,525.0342414,0,1,34.5
1,0,0,2,1,1250.0,1,1,56.0
1,0,0,3,1,1565.1901710000002,1,1,100.0
1,1,1,3,1,2591.858515,0,1,170.0
1,1,1,3,1,907.6923077,0,0,82.6
1,0,0,2,1,912.0758847,1,1,100.0
0,0,0,3,1,1680.107527,1,1,100.0
0,0,0,2,1,820.2099738,1,1,25.0
0,0,0,3,1,1898.099261,1,1,71.9
1,0,0,3,1,1499.993478,1,1,1150.0
0,0,0,3,1,1237.815256,1,1,80.0
1,0,0,2,1,855.2049542999999,1,1,29.0
0,0,0,4,1,3000.0,1,1,90.0
1,0,1,1,1,620.0177147999999,1,1,42.0
1,0,1,2,1,959.8293637,1,1,27.0
1,0,0,1,1,578.0346821,1,1,38.0
0,0,0,3,1,1215.066829,1,1,60.0
1,0,0,3,1,1556.496255,1,1,47.8
1,0,0,3,1,1048.623316,1,1,35.8
0,0,0,3,1,1150.012778,1,1,90.0
1,0,1,2,1,1288.161793,1,1,100.0
1,0,1,4,1,2972.651605,1,1,150.0
0,0,1,3,1,1803.051318,1,1,130.0
1,0,0,3,1,2600.016774,1,1,310.0
1,0,0,2,1,1115.053218,1,1,44.0
1,1,1,2,1,1047.692308,0,1,68.1
1,0,0,2,1,1044.138586,1,1,66.0
0,0,0,1,1,650.026001,1,1,25.0
0,0,0,2,1,1209.7042210000002,1,1,36.4
0,0,0,2,1,1240.111182,1,1,58.0
1,1,1,4,1,1591.451631,0,0,140.0
0,0,0,3,1,1450.245426,1,1,65.0
1,0,0,3,1,1488.095238,1,1,90.0
0,0,0,2,1,1220.008133,1,1,60.0
1,0,0,3,1,1550.169109,1,1,110.0
0,0,0,2,1,917.2781855,1,1,27.5
1,0,0,3,1,2127.013066,1,1,140.0
0,0,0,2,1,1055.662188,1,1,16.5
1,0,1,2,1,825.0547230000001,1,1,98.0
0,0,0,2,1,1095.140315,1,1,48.0
0,0,0,2,1,700.0903342,1,1,31.0
1,0,1,1,1,605.073307,1,0,130.0
0,0,0,1,1,630.1050175,1,1,16.2
1,0,1,3,1,1850.152905,1,1,60.5
1,0,0,2,1,760.0,1,1,38.0
1,0,0,2,1,1108.074167,1,1,150.0
0,0,0,2,1,840.1503427000001,1,1,38.0
1,1,1,1,1,761.0350076000001,0,1,90.0
1,1,0,3,1,1658.056991,0,1,99.5
1,0,1,2,1,1079.913607,1,1,60.0
1,1,1,1,1,472.0161834,0,0,70.0
1,0,0,4,1,3944.773176,1,1,180.0
1,1,1,3,1,1914.07138,0,1,84.2
1,0,0,1,1,646.9662528,1,1,37.0
1,0,0,2,1,1000.0,1,1,110.0
0,0,0,2,1,875.0994431,1,1,44.0
1,0,0,3,1,1939.487975,1,1,100.0
0,0,0,2,1,1000.0,1,1,32.0
0,0,0,2,1,915.0700601,1,1,32.0
1,0,0,2,1,1050.06105,1,1,86.0
1,1,1,3,1,1220.198986,0,0,130.0
1,1,1,1,1,500.0,0,1,33.2
1,0,1,2,1,954.0519794,1,1,87.0
1,0,0,2,1,1107.01107,1,1,48.0
0,0,0,2,1,1000.0,1,1,18.0
0,0,1,1,1,625.0,1,1,16.5
0,0,0,4,1,2160.2938,1,1,100.0
1,0,0,3,1,1856.984479,1,1,67.0
1,0,0,2,1,900.0620732000001,1,1,29.0
1,0,1,2,1,1192.170819,1,1,67.0
0,0,0,3,1,849.9413833999998,1,1,14.5
1,0,0,3,1,1399.688958,1,1,36.0
0,0,0,3,1,1531.058618,1,1,70.0
1,1,1,2,1,908.9002307,0,0,390.0
0,0,1,2,1,849.8583569,1,1,30.0
1,0,0,2,1,1011.972634,1,1,71.0
1,0,0,3,1,1575.906146,1,1,180.0
1,1,1,1,1,363.6160215,0,0,130.0
0,0,0,2,1,1480.437081,1,1,42.0
0,0,0,3,1,990.2772776,1,1,27.5
1,0,0,3,1,1057.896332,1,1,34.9
0,0,0,1,1,450.0,1,1,18.0
1,0,1,3,1,1729.910714,1,1,62.0
1,0,0,2,1,1046.353458,1,1,100.0
1,0,1,2,1,1080.108011,1,1,60.0
1,0,0,2,1,820.0922604,1,1,16.0
1,1,1,2,1,1248.010912,0,1,54.9
0,0,0,2,1,1200.331126,1,1,29.0
1,0,0,3,1,1638.259143,1,1,99.0
1,0,0,2,1,1000.0,1,1,60.0
0,0,0,2,1,600.0521785,1,1,23.0
1,1,1,1,1,455.0729443,0,0,54.9
1,0,0,2,1,780.0678320000001,1,1,29.9
0,1,1,2,1,1159.913393,0,1,75.0
1,0,0,3,1,1789.709172,1,1,80.0
1,1,1,2,1,1527.183873,0,1,100.0
0,0,0,2,1,772.1046077000001,1,1,31.0
1,1,1,3,1,1721.443966,0,1,63.9
1,0,0,2,1,1100.0,1,1,110.0
0,0,0,2,1,786.0262008999999,1,1,27.0
1,1,1,3,1,1050.080775,0,1,39.0
1,1,1,4,1,2353.336695,0,1,140.0
0,0,0,3,1,1500.115393,1,1,130.0
1,0,1,2,1,799.6801279,1,1,120.0
1,0,0,4,1,2200.282087,1,1,78.0
1,0,1,3,1,1310.902338,1,1,240.0
1,0,0,2,1,1050.0,1,1,42.0
1,1,0,3,1,948.8888889,0,1,42.7
0,0,0,2,1,990.0990099,1,1,38.0
0,0,0,3,1,1305.104408,1,1,45.0
1,0,1,2,1,993.0255729,1,1,29.9
1,1,1,2,1,545.2292441000001,0,0,52.8
2,1,1,3,1,1930.827887,0,0,70.9
1,0,0,3,1,1544.493287,1,1,130.0
0,0,0,2,1,760.0,1,1,26.6
1,0,0,3,1,5382.131324,1,1,700.0
1,0,0,3,1,1450.411603,1,1,37.0
1,1,0,3,1,1309.52381,0,1,44.0
1,0,0,2,1,880.1449651,1,1,170.0
1,0,0,4,1,3850.102669,1,1,300.0
1,0,0,3,1,1512.096774,1,1,90.0
1,0,0,2,1,1200.0,1,1,36.0
1,0,0,3,1,1212.42485,1,1,24.2
1,1,1,2,1,1313.206149,0,0,70.9
1,0,0,4,1,2743.29607,1,1,400.0
0,0,0,1,1,675.1954513,1,1,19.0
0,0,0,2,1,1060.007186,1,1,59.0
1,1,0,2,1,506.0286125,0,1,81.0
0,0,0,3,1,1324.949472,1,1,59.0
1,0,0,2,1,1050.126015,1,1,75.0
1,0,0,2,1,1150.0261369999998,1,1,110.0
0,0,0,2,1,1090.08327,1,1,72.0
0,0,0,2,1,778.5192247,1,1,24.5
0,0,0,2,1,1200.120012,1,1,80.0
0,0,1,1,1,550.0101854,1,1,27.0
1,0,0,2,1,1099.908341,1,1,48.0
0,0,0,2,1,1400.0,1,1,56.0
1,0,1,2,1,1149.94363,1,1,51.0
0,0,1,3,1,17261.53846,1,1,56.1
1,0,0,4,1,2623.083132,1,1,390.0
0,0,0,2,1,942.1265141,1,1,35.0
1,0,0,3,1,2167.9148600000003,1,1,220.0
1,0,0,2,1,1050.070432,1,1,82.0
2,0,0,2,1,1213.910761,1,0,37.0
0,0,0,2,1,1100.052383,1,1,21.0
1,0,0,2,1,1086.281813,1,1,35.0
1,0,0,4,1,2813.348855,1,1,290.0
1,0,0,3,1,2955.400322,1,1,330.0
0,0,1,2,1,1380.056601,1,1,82.9
0,0,0,3,1,1459.143969,1,1,90.0
1,0,1,4,1,3689.572764,1,1,1760.0
1,0,1,3,1,1330.128205,1,1,41.5
1,0,1,1,1,616.5273909,1,1,33.2
0,0,0,2,1,1111.111111,1,1,60.0
1,1,1,1,1,360.0,0,1,97.2
1,0,1,1,1,709.0807175,1,1,25.3
1,0,0,2,1,985.2216749,1,1,24.0
0,0,0,3,1,1993.55927,1,1,130.0
1,0,0,2,1,1006.508757,1,1,150.0
0,0,0,6,1,4000.0,1,1,150.0
1,0,0,2,1,1277.465508,1,1,250.0
1,0,1,3,1,1500.068185,1,1,110.0
1,1,1,2,1,50302.36394,0,0,9150.0
1,0,1,2,1,1429.880843,1,1,62.4
1,0,1,1,1,649.9877361,1,1,26.5
1,1,1,2,1,1302.739726,0,1,95.1
1,1,0,1,1,355.20824080000006,0,1,120.0
0,0,0,3,1,1237.993597,1,1,58.0
0,0,0,3,1,1685.144124,1,1,190.0
0,0,0,1,1,576.0108426,1,1,25.5
1,0,1,2,1,974.0877842,1,1,92.1
0,0,0,1,1,500.0,1,1,12.0
1,0,0,3,1,1645.075057,1,1,240.0
0,0,0,3,1,1630.257581,1,1,100.0
0,0,0,1,1,329.0676417,1,1,9.0
0,0,0,2,1,1079.913607,1,1,20.0
0,0,0,2,1,818.3306056,1,1,20.0
1,0,0,4,1,1955.416504,1,1,250.0
0,0,0,2,1,1097.777778,1,1,49.4
1,0,1,1,1,400.0,1,1,24.0
1,0,0,2,1,1300.148588,1,1,35.0
1,0,0,2,1,1010.037245,1,1,160.0
2,1,1,2,1,407.7253219,0,0,24.7
1,0,0,1,1,585.0441442000001,1,1,55.0
1,0,1,3,1,1435.750179,1,1,100.0
0,0,0,2,1,824.8730964,1,1,39.0
0,1,1,2,1,1120.0,0,1,28.0
0,0,0,6,1,2400.0,1,1,600.0
1,0,0,3,1,1664.150943,1,1,88.2
0,0,0,2,1,1500.0,1,1,45.0
1,0,1,3,1,1485.009807,1,1,53.0
0,0,0,3,1,1635.111876,1,1,95.0
0,1,0,2,1,740.0098667999999,0,1,30.0
0,1,1,1,1,366.1971831,0,1,9.1
0,0,1,2,1,1100.057394,1,1,57.5
0,0,0,2,1,1099.943106,1,1,58.0
0,0,0,2,1,1850.424056,1,1,48.0
1,0,0,5,1,4909.0909090000005,1,1,270.0
0,0,1,2,1,1085.169352,1,1,33.0
0,0,0,2,1,1000.0,1,1,36.0
1,0,0,1,1,539.0463027000001,1,1,39.0
1,0,1,5,1,2856.462747,1,1,120.0
0,0,0,2,1,895.2551477,1,1,30.0
0,0,0,3,1,1611.215736,1,1,77.0
0,0,0,1,1,615.1142355000001,1,1,21.0
1,0,1,2,1,1097.157964,1,1,83.0
1,0,1,2,1,594.2091616,1,1,110.0
1,0,1,2,1,950.8990318,1,1,110.0
0,0,1,3,1,1645.639057,1,1,120.0
1,0,1,2,1,1210.287443,1,1,48.0
0,0,0,2,1,1070.854899,1,1,60.0
1,0,0,1,1,690.0878294,1,1,44.0
1,0,1,2,1,1110.274746,1,1,29.5
0,0,0,1,1,770.0,1,1,38.5
0,0,0,2,1,1200.0,1,1,30.0
1,0,1,2,1,592.120246,1,1,26.0
1,0,0,2,1,925.0035577,1,1,65.0
0,0,0,2,1,1025.0,1,1,32.8
0,0,0,3,1,1451.131029,1,1,68.0
0,0,0,3,1,1530.091806,1,1,45.0
1,0,0,2,1,1280.956447,1,1,90.0
0,0,1,3,1,1625.049544,1,1,82.0
1,0,0,3,1,1725.838264,1,1,35.0
1,0,0,1,1,647.8999106000001,1,1,14.5
0,1,0,2,1,1162.401339,0,1,48.6
1,0,0,2,1,785.2193995,1,1,17.0
0,1,0,3,1,1775.147929,0,1,63.0
1,0,0,1,1,718.6454026,1,1,36.5
0,0,0,3,1,1812.631177,1,1,95.0
1,1,1,1,1,428.3572499,0,0,100.0
0,0,0,2,1,1099.830795,1,1,32.5
1,0,1,2,1,755.3820973999999,1,1,120.0
1,1,1,3,1,1019.359937,0,1,25.8
1,1,0,1,1,615.1468315000001,0,1,19.9
1,1,1,3,1,1400.0,0,1,65.8
1,0,1,4,1,1974.333662,1,1,100.0
0,0,0,3,1,1350.135014,1,1,45.0
1,0,0,1,1,700.0538502999999,1,1,65.0
1,0,1,2,1,798.4790875,1,1,23.1
1,0,1,2,1,1109.193986,1,1,180.0
1,0,0,2,1,1107.419712,1,1,130.0
0,0,0,1,1,340000.0,1,1,17.0
1,0,0,2,1,1299.084736,1,1,44.0
0,0,0,4,1,1694.915254,1,1,68.0
1,0,1,2,1,1070.135002,1,1,65.0
1,0,1,2,1,1059.025074,1,1,68.0
1,0,0,3,1,1423.333333,1,1,42.7
1,0,0,3,1,1849.796522,1,1,100.0
1,1,1,2,1,749.2101700000001,0,1,49.8
1,0,1,3,1,3205.128205,1,1,180.0
1,1,1,2,1,577.9630929,0,0,140.0
1,0,1,3,1,1891.734575,1,1,130.0
0,0,1,3,1,1503.194288,1,1,80.0
1,0,0,2,1,700.2074689,1,1,13.5
1,0,0,3,1,1830.4431600000005,1,1,57.0
0,0,0,1,1,631.1139161,1,1,20.0
0,0,0,1,1,800.0,1,1,22.0
1,0,0,3,1,1350.135014,1,1,75.0
1,1,1,3,1,720.0,0,0,180.0
1,0,1,2,1,1233.045623,1,1,50.0
0,0,0,1,1,600.0960154,1,1,25.0
1,0,0,3,1,1471.734049,1,1,170.0
0,0,0,3,1,1635.127687,1,1,89.0
0,0,0,2,1,760.0228007000001,1,1,40.0
0,0,0,2,1,900.1406470000001,1,1,32.0
1,1,1,3,1,1523.780206,0,0,99.0
0,0,0,3,1,1550.034192,1,1,68.0
1,1,0,1,1,575.9858218999999,0,1,26.0
1,0,1,2,1,1149.9781369999998,1,1,52.6
1,0,1,3,1,1730.337079,1,1,61.6
1,0,0,3,1,1425.008906,1,1,40.0
1,1,1,3,1,84210.52632,0,0,9200.0
1,0,0,3,1,1612.19405,1,1,110.0
1,0,1,3,1,1274.813331,1,0,140.0
1,0,0,2,1,761.2087996,1,1,200.0
1,0,1,3,1,1380.04896,1,1,45.1
1,0,0,3,1,1250.0,1,1,210.0
0,0,0,2,1,950.1187648,1,1,36.0
1,0,0,1,1,900.024325,1,1,37.0
1,0,0,3,1,1510.269835,1,1,75.0
0,0,0,2,1,1055.026893,1,1,25.5
1,0,1,3,1,2161.100196,1,1,220.0
1,0,1,2,1,718.4940365,1,1,150.0
1,0,0,2,1,775.0699161,1,1,19.4
1,0,0,2,1,825.0068751,1,1,90.0
0,0,0,3,1,1136.156648,1,1,49.9
1,0,1,2,1,925.0,1,1,40.7
1,0,0,2,1,1000.0,1,1,75.0
1,0,0,4,1,2615.3114600000004,1,1,220.0
1,0,0,3,1,1400.147384,1,1,95.0
1,1,0,3,1,1816.100122,0,1,460.0
1,1,1,4,1,2645.078551,0,1,330.0
0,0,0,2,1,1150.139882,1,1,37.0
0,0,1,2,1,685.2667646000001,1,1,14.0
1,0,0,2,1,1007.142857,1,0,42.3
1,0,0,3,1,1664.1242550000002,1,1,120.0
1,1,1,1,1,616.8703193,0,0,31.3
1,0,1,2,1,1150.086256,1,1,120.0
0,0,0,2,1,840.0746732999999,1,1,27.0
1,1,0,3,1,1475.182228,0,1,85.0
0,0,0,2,1,1000.0,1,1,28.0
1,0,1,2,1,1017.408998,1,1,180.0
0,0,0,2,1,1300.108342,1,1,60.0
1,0,0,2,1,1280.788177,1,1,130.0
1,0,0,3,1,1528.1736460000002,1,1,69.7
1,0,0,2,1,1080.069124,1,1,75.0
1,0,0,3,1,1652.619402,1,1,100.0
1,1,1,2,1,799.5178787000001,0,1,19.9
1,0,0,4,1,2291.666667,1,1,55.0
1,0,0,3,1,1956.035768,1,1,210.0
1,0,0,4,1,3105.245647,1,1,280.0
1,1,0,2,1,960.9224856,0,1,90.0
1,0,1,2,1,771.9783385,1,1,67.0
1,0,0,2,1,1340.068034,1,1,130.0
0,0,1,2,1,1072.293324,1,1,31.0
1,0,0,3,1,1500.0,1,1,150.0
0,0,0,2,1,950.0542888,1,1,52.5
1,0,0,2,1,1350.09311,1,1,29.0
0,0,1,2,1,855.0256508,1,1,45.0
1,0,0,2,1,1094.8905109999998,1,1,48.0
0,0,0,2,1,750.0,1,1,27.0
1,0,0,2,1,900.0252007000001,1,1,250.0
1,0,0,1,1,599.8998498,1,1,59.9
0,0,0,2,1,1190.0532859999998,1,1,33.5
1,1,0,3,1,1340.0,0,1,46.9
1,0,0,1,1,645.0291798999999,1,1,63.0
0,0,0,3,1,1370.071548,1,1,90.0
1,0,1,1,1,550.1222494,1,1,13.5
1,0,0,2,1,1000.0,1,1,25.5
1,0,0,5,1,2364.926323,1,1,130.0
1,0,1,4,1,3648.303539,1,1,300.0
1,0,1,1,1,660.1029312999999,1,1,29.5
0,0,0,3,1,1400.258509,1,1,65.0
0,0,0,2,1,1200.0,1,1,51.6
1,1,1,2,1,1108.9813800000002,0,1,81.0
1,0,0,2,1,993.0134411,1,1,280.0
1,1,0,2,1,727.1815446,0,1,14.5
2,1,0,2,1,1062.1861720000002,0,0,27.5
0,0,1,2,1,989.9029895,1,1,50.0
1,0,1,1,1,500.0,1,1,28.0
0,0,0,2,1,1046.0251050000002,1,1,45.0
1,0,0,3,1,1559.992869,1,1,350.0
0,0,1,1,1,466.9987547,1,1,15.0
1,0,0,1,1,869.9855002,1,1,450.0
1,1,0,2,1,1300.0,0,1,26.0
1,0,1,3,1,2775.1347920000003,1,1,350.0
0,0,0,3,1,1320.217448,1,1,51.0
0,0,0,2,1,920.0690052,1,1,48.0
0,0,1,5,1,7000.0,1,1,140.0
1,1,0,2,1,1275.0,0,1,66.3
1,1,1,3,1,1260.858121,0,0,47.9
1,0,1,3,1,1000.0,1,1,43.0
1,0,0,3,1,1783.687368,1,1,110.0
1,1,1,2,1,1003.705991,0,1,130.0
0,0,0,1,1,750.0986972000001,1,1,19.0
1,1,1,2,1,872.0296490000001,0,1,40.0
0,0,0,3,1,1255.02008,1,1,50.0
0,0,0,1,1,545.0581394999999,1,1,30.0
0,0,0,1,1,500.0,1,1,26.0
0,0,1,1,1,790.0142202999999,1,1,50.0
1,0,1,2,1,1080.139373,1,1,31.0
1,1,1,1,1,680.0151114,0,1,36.0
1,0,0,2,1,850.0659534,1,1,58.0
1,0,0,2,1,1095.290252,1,1,100.0
1,1,1,3,1,714.6783947,0,1,26.0
0,0,1,2,1,1360.129923,1,1,67.0
1,0,0,3,1,1629.659809,1,1,160.0
1,0,0,3,1,1624.035729,1,1,120.0
0,0,0,2,1,741.0021171,1,1,42.0
1,0,0,3,1,1280.113368,1,1,54.2
0,0,1,2,1,1418.216199,1,1,45.0
0,0,0,2,1,717.9487178999999,1,1,28.0
1,0,0,4,1,1589.132943,1,1,730.0
1,1,1,2,1,1099.627945,0,1,53.2
0,0,0,3,1,1625.025391,1,1,80.0
1,0,1,3,1,1346.348031,1,1,160.0
0,0,0,1,1,574.9486653,1,1,28.0
0,0,0,1,1,694.8465547000001,1,1,24.0
2,1,1,2,1,1148.453608,0,0,55.7
1,0,0,2,1,1044.776119,1,1,35.0
0,0,0,2,1,750.1875468999999,1,1,20.0
0,0,0,2,1,1041.028781,1,1,85.0
0,0,0,1,1,634.057971,1,1,56.0
1,0,1,3,1,1368.421053,1,1,260.0
1,1,1,3,1,1300.0,0,0,39.0
0,0,0,2,1,1133.086115,1,1,55.0
1,1,1,3,1,1211.361738,0,1,290.0
0,0,0,1,1,603.9076377,1,1,20.4
1,0,0,3,1,1337.593184,1,1,62.8
1,0,0,3,1,2550.019616,1,1,1300.0
0,0,0,2,1,1069.270107,1,1,23.0
1,0,0,3,1,1910.348977,1,1,63.5
1,0,1,2,1,1160.092807,1,1,75.0
1,0,0,2,1,875.0994431,1,1,55.0
0,0,0,7,1,3563.596491,1,1,130.0
0,0,0,2,1,940.0705053,1,1,24.0
1,0,0,2,1,1065.117405,1,1,88.0
1,0,0,3,1,1553.277415,1,1,150.0
1,0,0,4,1,1670.186216,1,1,87.0
0,0,0,3,1,1200.120012,1,1,40.0
0,0,0,1,1,750.1875468999999,1,1,10.0
0,0,0,2,1,960.0357223,1,1,43.0
1,0,0,2,1,990.0990099,1,1,86.0
1,0,1,3,1,1214.705882,1,1,41.3
1,0,0,3,1,1350.21097,1,1,48.0
1,0,0,3,1,1400.437637,1,1,32.0
0,1,1,2,1,1050.213325,0,1,32.0
1,1,1,1,1,728.6416904,0,1,120.0
1,0,0,2,1,1110.095338,1,1,85.0
0,0,0,3,1,1575.0,1,1,37.8
1,0,0,2,1,796.9185815000001,1,1,120.0
1,0,1,1,1,406.1371841,1,0,36.0
1,0,0,4,1,5575.344587,1,1,360.0
1,0,0,2,1,935.0935094,1,1,85.0
0,0,0,2,1,602.7727547000001,1,1,20.0
1,0,0,2,1,550.0442,1,1,56.0
0,0,0,2,1,1570.937653,1,1,160.0
1,0,1,2,1,1250.0,1,1,200.0
0,0,0,4,1,2757.251572,1,1,250.0
1,1,1,4,1,2634.178466,0,1,240.0
1,0,1,2,1,910.00091,1,1,100.0
1,0,0,3,1,1605.272051,1,1,47.5
1,0,0,1,1,394.9367089,1,0,7.8
0,0,0,3,1,1213.1715769999998,1,1,49.0
1,0,0,2,1,1150.0261369999998,1,1,110.0
2,0,0,2,1,1128.080528,1,0,130.0
1,0,0,2,1,1190.146692,1,1,43.0
0,0,0,2,1,1173.17011,1,1,46.0
1,0,0,2,1,760.0324281000001,1,1,75.0
0,0,0,2,1,970.0722394,1,1,47.0
0,0,0,2,1,850.0991782,1,1,30.0
1,0,0,2,1,1362.215275,1,1,61.0
1,0,0,1,1,600.0521785,1,1,46.0
2,0,1,2,1,1414.939125,1,0,43.0
0,0,1,3,1,1468.189233,1,1,90.0
0,0,1,1,1,675.0871080000001,1,1,15.5
1,0,0,3,1,1238.134544,1,1,120.0
1,0,1,2,1,1199.976,1,1,200.0
1,0,0,3,1,1749.734889,1,1,99.0
1,0,0,2,1,1206.030151,1,1,84.0
0,0,0,3,1,1648.484848,1,1,54.4
0,0,0,1,1,906.6183137,1,1,30.0
1,0,1,2,1,1200.048002,1,1,100.0
1,0,0,2,1,1288.368336,1,1,31.9
1,0,0,3,1,1497.75337,1,1,120.0
1,0,0,2,1,1136.00996,1,1,36.5
1,1,0,2,1,900.0,0,1,27.9
1,0,0,2,1,1100.173712,1,1,38.0
1,0,0,2,1,1200.0,1,1,87.0
0,0,0,1,1,480.0349116,1,1,22.0
1,0,0,3,1,1770.14531,1,0,67.0
0,1,0,3,1,2375.0,0,1,190.0
0,0,0,2,1,700.152207,1,1,23.0
1,0,0,4,1,3500.1750090000005,1,1,600.0
1,0,1,3,1,1665.400573,1,1,570.0
1,0,0,1,1,655.0004888,1,1,67.0
0,0,0,4,1,2400.0,1,1,90.0
1,0,0,2,1,1245.210728,1,1,65.0
1,0,1,3,1,1037.013401,1,1,390.0
1,0,1,2,1,1094.99852,1,1,37.0
1,0,0,2,1,1500.028847,1,1,260.0
0,0,0,3,1,1360.039565,1,1,55.0
0,0,0,1,1,540.0914001,1,1,13.0
0,0,0,1,1,550.0728038,1,1,34.0
0,0,0,3,1,1780.1513129999998,1,1,120.0
1,0,0,3,1,1475.071295,1,1,300.0
1,0,1,4,1,2259.059132,1,1,740.0
1,0,0,3,1,1222.222222,1,1,220.0
1,1,0,2,1,1294.219154,0,1,75.0
1,0,0,2,1,1167.618059,1,1,180.0
0,0,1,3,1,1395.197923,1,1,86.0
1,0,0,3,1,1300.012235,1,1,850.0
0,0,0,4,1,1762.1145370000002,1,1,100.0
1,0,0,2,1,1190.47619,1,1,180.0
1,0,0,2,1,906.0681629,1,1,54.5
1,0,0,2,1,1218.1857730000002,1,1,56.0
1,1,1,2,1,490.2564103,0,0,47.8
1,1,0,3,1,2113.636364,0,1,83.7
0,0,0,1,1,698.494826,1,1,29.7
1,1,0,3,1,1325.0,0,1,31.8
2,1,1,2,1,1038.834951,0,0,53.5
0,0,1,4,1,2296.819788,1,1,130.0
0,0,1,2,1,1248.175182,1,1,34.2
1,0,1,3,1,1640.464798,1,1,48.0
1,0,0,3,1,1976.184444,1,1,78.0
0,0,0,2,1,900.1097695000001,1,1,41.0
1,0,1,3,1,1523.925632,1,1,100.0
0,1,0,2,1,1500.272777,0,1,55.0
1,0,1,2,1,1135.0737800000002,1,1,30.0
1,0,0,3,1,1300.236407,1,1,55.0
1,0,0,2,1,1140.021459,1,1,85.0
1,0,1,4,1,2500.0,1,1,140.0
1,0,0,5,1,6125.434265999999,1,1,670.0
0,0,0,2,1,1485.884101,1,1,130.0
1,0,0,2,1,1020.106446,1,1,69.0
0,0,0,2,1,1250.0,1,1,46.0
1,0,1,4,1,2350.028984,1,1,1500.0
0,0,1,2,1,1130.12086,1,1,72.0
1,0,0,3,1,1400.1680199999998,1,1,100.0
1,1,1,2,1,1048.88402,0,1,76.6
1,0,0,2,1,1275.8356720000002,1,1,100.0
1,0,1,3,1,1750.198886,1,1,110.0
1,0,1,2,1,1255.172414,1,1,91.0
1,0,1,2,1,1234.567901,1,1,29.0
0,0,0,2,1,1050.2283109999998,1,1,23.0
1,0,0,3,1,2462.121212,1,1,130.0
0,0,0,3,1,1302.083333,1,1,30.0
1,0,0,4,1,1814.882033,1,1,140.0
1,0,0,3,1,2985.76022,1,1,130.0
1,0,1,3,1,1847.187238,1,1,110.0
1,1,1,2,1,649.0588646000001,0,0,130.0
0,0,0,4,1,2591.026865,1,1,190.0
1,0,1,2,1,864.8274669,1,1,100.0
0,0,0,1,1,484.4144903,1,1,11.5
1,1,1,2,1,633.8742394,0,0,37.5
1,1,1,3,1,1774.479755,0,1,110.0
1,0,1,3,1,1355.9903880000002,1,1,79.0
1,0,1,3,1,1884.172947,1,1,95.0
1,1,1,2,1,1020.092736,0,1,66.0
0,0,0,2,1,1210.074574,1,1,86.0
1,0,0,2,1,778.0013414,1,1,58.0
1,1,1,3,1,2228.571429,0,1,78.0
0,0,0,2,1,718.0960197,1,1,35.0
1,1,1,3,1,1778.041191,0,1,120.0
1,1,1,3,1,1720.917823,0,1,64.5
1,0,0,2,1,965.2509652999998,1,1,25.0
1,1,1,3,1,1715.492214,0,1,130.0
1,1,1,2,1,1100.0445960000002,0,1,74.0
1,1,1,2,1,649.0588646000001,0,0,130.0
1,0,0,2,1,1110.095338,1,1,85.0
1,0,1,3,1,1503.081317,1,1,100.0
1,0,0,4,1,2250.0,1,1,90.0
1,0,0,3,1,1799.775028,1,1,160.0
0,0,0,2,1,1000.0,1,1,37.0
1,1,1,2,1,1022.96023,0,0,49.9
1,1,0,2,1,1155.306156,0,1,140.0
0,0,0,2,1,790.0280899,1,1,45.0
0,1,1,4,1,3332.323538,0,1,110.0
0,0,0,3,1,1433.691756,1,1,60.0
1,0,0,2,1,975.0233738,1,1,73.0
1,0,0,1,1,660.0324939,1,1,65.0
1,1,1,3,1,799.3874426,0,1,26.1
1,0,0,1,1,635.0792065,1,1,44.5
1,1,1,3,1,1898.253607,0,1,75.0
1,0,0,2,1,1273.261508,1,1,39.0
0,0,0,3,1,1954.666667,1,1,73.3
1,0,0,2,1,1250.0,1,1,160.0
0,0,0,3,1,1418.2800539999998,1,1,63.0
1,0,1,2,1,1265.022138,1,1,60.0
1,0,0,4,1,1944.012442,1,1,850.0
1,0,0,4,1,3137.478608,1,1,220.0
1,0,0,2,1,1060.031243,1,1,95.0
0,0,1,1,1,656.0580681,1,1,47.0
0,0,0,2,1,900.090009,1,1,30.0
1,0,0,3,1,1484.241774,1,1,470.0
1,1,1,3,1,932.8358209,0,0,140.0
1,0,0,1,1,630.0023774,1,1,79.5
1,1,1,3,1,1647.058824,0,1,140.0
1,0,0,1,1,543.056633,1,1,28.0
0,0,0,2,1,882.038489,1,1,49.5
1,1,0,3,1,1416.717264,0,1,350.0
0,0,0,3,1,1546.029515,1,1,110.0
1,0,1,3,1,1625.320787,1,1,76.0
1,0,1,3,1,1155.234657,1,1,32.0
1,1,0,3,1,1502.0,0,1,75.1
0,1,0,2,1,800.0,0,1,35.0
0,0,1,2,1,1009.174312,1,1,55.0
0,0,0,2,1,1250.0,1,1,72.0
2,0,0,1,1,592.8705441000001,1,0,47.4
0,1,1,3,1,2061.85567,0,1,140.0
1,1,0,3,1,1363.539672,0,1,64.1
0,0,0,1,1,505.9265684,1,1,35.0
0,0,0,3,1,1365.08418,1,1,90.0
1,0,0,2,1,1316.104331,1,1,55.0
0,0,1,3,1,1497.75337,1,1,120.0
1,0,0,2,1,1100.110011,1,1,70.0
1,1,1,3,1,1174.027935,0,1,31.1
1,0,1,3,1,1340.044743,1,1,59.9
0,0,0,2,1,999.6140486,1,1,25.9
1,0,0,2,1,1148.105626,1,1,70.0
1,0,1,1,1,792.7927927999999,1,1,110.0
1,1,1,2,1,1146.411483,0,1,59.9
1,0,1,2,1,975.1960992,1,1,46.0
0,0,0,3,1,1875.360646,1,1,65.0
1,0,0,2,1,986.3317325,1,1,26.7
1,0,0,2,1,850.0303582,1,1,28.0
0,0,0,3,1,1564.210856,1,1,100.0
1,0,0,1,1,550.017188,1,1,48.0
1,0,1,3,1,961.1918779,1,1,160.0
0,0,0,2,1,1096.067054,1,1,34.0
1,1,1,4,1,2265.5298420000004,0,0,93.0
1,0,1,1,1,665.077174,1,1,53.0
1,0,0,3,1,1470.002756,1,1,480.0
1,0,0,3,1,1976.528721,1,1,320.0
0,0,0,3,1,2299.908004,1,1,300.0
0,0,0,2,1,750.0,1,1,45.0
0,0,0,3,1,1210.136674,1,1,85.0
1,1,0,3,1,1084.030557,0,1,59.6
0,0,0,2,1,1041.816871,1,1,57.8
0,0,0,2,1,627.6747504,1,1,13.2
1,0,0,2,1,1101.159888,1,1,75.0
1,0,1,3,1,1774.647887,1,1,50.4
0,0,0,2,1,700.1166861,1,1,18.0
1,0,0,2,1,935.0393701,1,1,38.0
0,0,0,3,1,1236.312257,1,1,35.0
1,0,1,2,1,1008.082622,1,1,44.9
0,1,1,1,1,589.9705015,0,1,24.0
1,0,0,1,1,775.3540784,1,1,150.0
1,1,1,2,1,899.6471972,0,1,45.9
1,0,1,2,1,836.9981558,1,1,59.0
0,0,0,3,1,1500.0,1,1,90.0
1,0,1,3,1,811.9878940000001,1,1,110.0
1,1,1,1,1,473.771334,0,0,83.0
1,0,0,3,1,3500.228276,1,1,230.0
1,0,0,3,1,1399.892934,1,1,52.3
0,0,0,3,1,1571.179178,1,1,99.0
0,0,0,2,1,1400.037334,1,1,75.0
1,1,1,3,1,1475.048249,0,1,53.5
1,0,1,1,1,528.8232492,1,1,22.2
0,0,0,2,1,1078.91492,1,1,35.0
1,0,1,2,1,956.2084257,1,1,34.5
0,0,0,3,1,1024.182077,1,1,36.0
1,0,1,2,1,1030.181087,1,1,25.6
1,1,1,1,1,411.01520760000005,0,0,50.0
1,0,0,3,1,1582.278481,1,1,140.0
1,0,0,3,1,1275.184902,1,1,50.0
0,1,0,1,1,747.6190475999999,0,1,15.7
1,0,0,2,1,1700.060716,1,1,140.0
0,1,0,2,1,1445.0867050000002,0,1,55.0
1,1,1,2,1,636.0424028,0,1,90.0
0,0,0,3,1,1000.0,1,1,12.0
0,0,0,1,1,444.9938195,1,1,10.8
1,0,0,1,1,774.1027445000001,1,1,22.0
1,0,1,4,1,2134.4101530000003,1,1,74.0
0,0,0,3,1,2000.0,1,1,62.0
0,0,0,3,1,1920.0,1,1,120.0
1,0,0,3,1,1361.2850529999998,1,1,100.0
1,0,1,4,1,1579.960357,1,1,550.0
0,0,0,3,1,1400.560224,1,1,30.0
1,0,0,1,1,550.0868558,1,1,19.0
0,0,1,3,1,1704.694466,1,1,65.0
0,0,0,3,1,1169.113649,1,1,43.0
1,0,0,3,1,2231.384914,1,1,92.0
1,1,1,2,1,1059.322034,0,1,130.0
1,1,1,1,1,450.0112503,0,1,60.0
1,0,0,2,1,1386.748844,1,1,36.0
0,0,0,2,1,910.1069775,1,1,57.0
1,0,1,3,1,1623.025319,1,1,300.0
1,1,1,3,1,2017.703723,0,1,77.5
1,0,0,3,1,1949.917898,1,1,190.0
1,0,1,3,1,1900.161031,1,1,59.0
1,0,0,2,1,1101.101101,1,1,66.0
1,0,0,3,1,1489.361702,1,1,140.0
0,0,0,2,1,773.0881737999999,1,1,37.0
1,0,0,2,1,913.5802469,1,0,37.0
1,0,0,3,1,2107.9258010000003,1,1,150.0
1,0,0,2,1,880.0880087999999,1,1,80.0
0,1,0,3,1,1129.943503,0,1,30.0
1,0,0,3,1,1250.0,1,1,62.0
1,1,1,2,1,970.2009702,0,1,42.0
1,0,0,2,1,1100.046318,1,1,95.0
1,0,0,2,1,974.9303621,1,1,28.0
0,0,0,2,1,975.5501222,1,1,39.9
1,0,0,2,1,800.0,1,1,35.0
1,1,0,2,1,844.6951888,0,1,53.9
0,0,1,4,1,2123.252201,1,1,41.0
1,0,0,3,1,1318.637275,1,1,32.9
1,1,1,2,1,1017.857143,0,1,28.5
1,0,1,2,1,1202.039825,1,1,99.0
1,1,1,3,1,1356.085433,0,1,120.0
1,0,0,3,1,1804.6922,1,1,270.0
1,0,0,1,1,685.0357741,1,1,45.0
0,0,0,1,1,640.1137980000001,1,1,13.5
1,1,1,1,1,444.2132223,0,0,55.5
1,1,0,3,1,2000.0,0,1,70.0
0,0,0,2,1,809.9352052,1,1,30.0
1,0,0,3,1,1829.826167,1,1,140.0
1,0,1,2,1,1286.173633,1,1,84.0
0,0,0,2,1,899.8342411,1,1,38.0
1,0,0,3,1,1023.67688,1,1,44.1
1,0,0,3,1,1905.165114,1,1,180.0
0,0,0,1,1,549.9541705,1,1,18.0
1,0,0,3,1,1485.282204,1,1,110.0
1,1,1,4,1,3450.557103,0,1,99.1
0,0,0,2,1,904.9773756,1,1,50.0
2,0,1,2,1,505.7010135,1,0,47.9
1,0,0,3,1,2925.292529,1,1,130.0
1,1,1,3,1,763.0311412000001,0,0,160.0
0,0,0,3,1,1660.210293,1,1,90.0
1,0,0,2,1,1020.122262,1,1,80.1
1,0,1,2,1,1190.0,1,1,59.5
1,1,1,3,1,1844.090528,0,1,110.0
0,0,0,3,1,1449.275362,1,1,26.0
1,0,1,3,1,1601.514159,1,1,220.0
1,1,0,3,1,961.9406106,0,1,23.0
1,1,0,1,1,868.0555555999999,0,1,32.5
1,0,0,2,1,1100.066269,1,1,83.0
1,0,1,2,1,1008.96861,1,1,180.0
1,1,0,3,1,1051.428571,0,0,18.4
1,0,0,2,1,1337.862556,1,1,51.2
1,0,0,2,1,1050.006563,1,1,80.0
0,0,1,2,1,1022.146508,1,1,36.0
0,0,0,2,1,1055.099648,1,1,90.0
1,0,1,3,1,1160.0316369999998,1,1,220.0
1,0,1,2,1,849.0766292000002,1,1,40.0
0,0,0,3,1,1302.559415,1,1,57.0
1,0,0,2,1,870.0481302999999,1,1,23.5
1,0,0,3,1,1350.364964,1,1,37.0
1,0,1,3,1,1980.067322,1,1,300.0
1,0,0,2,1,997.1014493,1,1,17.2
1,0,1,2,1,1249.917769,1,1,190.0
1,0,0,2,1,1342.175904,1,1,85.0
1,0,0,3,1,1650.077181,1,1,310.0
1,0,0,2,1,1317.027281,1,1,70.0
0,0,0,2,1,1197.809719,1,1,35.0
0,0,0,2,1,1146.072098,1,1,55.0
1,0,0,1,1,525.030525,1,1,86.0
1,0,1,3,1,1640.240569,1,1,90.0
1,1,1,1,1,743.8231469,0,1,28.6
1,1,1,2,1,1250.0,0,1,55.0
0,0,0,2,1,630.1197227000001,1,1,20.0
1,0,0,2,1,1480.0818769999998,1,1,94.0
1,0,0,2,1,1098.538425,1,0,69.9
0,0,0,2,1,650.0541712,1,1,30.0
1,0,1,4,1,2535.101404,1,1,130.0
1,1,1,3,1,84210.52632,0,0,9200.0
1,0,0,1,1,604.0361865,1,1,43.4
0,0,0,3,1,1300.052002,1,1,100.0
1,0,1,3,1,1240.226476,1,1,46.0
0,0,0,2,1,1155.234657,1,1,32.0
1,0,0,1,1,650.0426257,1,1,61.0
0,0,0,3,1,1800.288046,1,1,75.0
0,0,0,3,1,1350.256549,1,1,50.0
0,0,0,1,1,750.1875468999999,1,1,20.0
1,0,0,4,1,2800.0,1,1,75.6
1,1,1,1,1,676.3636364,0,1,37.2
1,0,0,3,1,1434.13235,1,1,140.0
1,1,1,2,1,627.0499711,0,0,65.0
1,0,0,1,1,790.0487477,1,1,47.0
1,1,1,2,1,941.2167365,0,1,110.0
1,0,0,1,1,529.6394378,1,1,130.0
1,1,1,2,1,735.1837959,0,0,29.4
0,0,0,3,1,1350.08438,1,1,72.0
1,0,1,1,1,644.9803702,1,1,34.5
1,0,1,3,1,2069.8892,1,1,170.0
0,0,0,1,1,339.8058252,1,1,4.9
1,1,0,2,1,884.1036414999999,0,1,50.5
2,0,1,3,1,1307.317073,1,0,26.8
0,0,0,2,1,500.0,1,1,20.0
1,1,1,2,1,845.0406676000001,0,1,160.0
1,1,1,3,1,980.4339486,0,1,230.0
0,0,0,3,1,1594.202899,1,1,110.0
1,0,0,2,1,960.9884453,1,1,84.0
1,1,1,3,1,1733.860994,0,1,70.1
1,0,0,3,1,1200.0,1,1,48.0
1,0,0,3,1,2920.317063,1,1,490.0
1,1,0,2,1,11744.96644,0,1,35.0
0,0,0,3,1,1305.948,1,1,110.0
1,0,0,2,1,749.9318244,1,1,55.0
1,1,0,4,1,4450.11996,0,1,1150.0
0,0,0,2,1,1222.120379,1,1,80.0
1,0,0,3,1,951.1170095,1,1,43.0
1,0,0,2,1,1300.156331,1,1,49.9
1,0,1,5,1,5705.655311,1,0,340.0
1,0,1,3,1,174909.0909,1,0,9620.0
1,1,0,1,1,635.039223,0,1,34.0
0,0,0,2,1,1062.281723,1,1,36.5
2,1,0,2,1,718.4210526,0,0,27.3
0,0,0,3,1,1420.959147,1,1,120.0
0,0,0,2,1,1100.244499,1,1,45.0
1,0,0,3,1,1610.070258,1,1,220.0
1,0,0,2,1,1046.167842,1,1,46.0
0,0,1,2,1,930.2325581,1,1,32.0
0,0,1,3,1,1601.195559,1,1,75.0
1,0,0,2,1,750.0,1,1,45.0
1,0,1,2,1,936.2279512,1,1,41.4
1,0,0,2,1,1275.0223130000002,1,1,500.0
1,0,0,1,1,700.0,1,1,98.0
1,1,1,3,1,842.4226301000001,0,0,190.0
0,0,1,2,1,1099.29078,1,1,15.5
0,0,1,3,1,1562.2128289999998,1,1,85.0
0,0,0,2,1,1000.0,1,1,44.5
1,1,0,3,1,1163.027953,0,1,57.0
0,0,0,3,1,1400.180668,1,1,31.0
0,0,0,2,1,1255.01133,1,1,72.0
0,0,0,1,1,725.0880463999999,1,1,35.0
1,1,0,3,1,1097.959184,0,1,26.9
1,0,0,1,1,734.9762214,1,1,68.0
1,1,1,1,1,8072.009292,0,1,69.5
0,0,0,1,1,749.6592458,1,1,16.5
1,0,0,2,1,780.2340702,1,1,18.0
1,0,0,2,1,1146.114244,1,1,93.5
1,0,0,1,0,350.0072918,1,1,24.0
1,0,0,4,1,2550.239723,1,1,250.0
1,0,1,2,1,824.0197007,1,1,87.0
0,0,0,2,1,935.1432881,1,1,31.0
1,1,0,2,1,823.3333332999999,0,1,24.7
1,0,1,1,1,750.0,1,1,60.0
0,0,0,2,1,1110.026836,1,1,45.5
2,1,1,1,0,366.5776195,0,0,49.4
0,0,1,2,1,1098.059244,1,1,43.0
0,0,0,2,1,900.0,1,1,63.0
1,0,0,2,1,1094.391245,1,1,24.0
0,0,1,3,1,1375.305623,1,1,45.0
1,0,1,3,1,1981.178801,1,1,120.0
1,0,0,2,1,1157.024793,1,1,70.0
1,1,0,2,1,1219.688744,0,1,33.7
1,0,0,4,1,1910.079342,1,1,130.0
0,0,0,3,1,1297.0168609999998,1,1,60.0
1,1,1,2,1,993.75,0,1,47.7
1,0,0,3,1,1953.506544,1,1,100.0
1,0,1,1,1,618.0175897,1,1,52.0
1,0,1,2,1,1250.0,1,1,57.5
1,0,0,2,1,1106.074343,1,1,61.0
0,0,0,2,1,1000.0,1,1,32.0
1,0,1,3,1,2205.620776,1,1,62.0
0,0,0,2,1,816.2031439,1,1,27.0
1,0,0,2,1,638.076866,1,1,43.0
1,0,1,3,1,1724.853746,1,1,91.4
1,0,0,1,1,665.0496831,1,1,85.0
0,0,0,3,1,1300.148588,1,1,70.0
1,1,0,3,1,3187.641758,0,1,520.0
1,0,1,3,1,1183.548673,1,1,240.0
1,0,0,2,1,1186.186186,1,1,47.4
1,1,0,1,1,759.6970392000001,0,1,33.1
1,0,0,3,1,1650.165017,1,1,150.0
1,0,1,2,1,592.0913512,1,1,28.0
1,0,0,2,1,955.1098376,1,1,80.0
1,0,1,2,1,702.8332967,1,1,160.0
0,0,0,3,1,910.2730819,1,1,28.0
1,0,0,2,1,700.022106,1,1,95.0
0,0,0,3,1,1980.00198,1,1,200.0
1,0,1,3,1,1350.037801,1,1,250.0
1,1,1,2,1,711.6804555,0,1,160.0
1,1,0,2,1,689.9563319,0,1,15.8
1,0,1,3,1,1730.214675,1,1,108.0
1,1,0,2,1,620.0140537000001,0,1,150.0
1,0,0,3,1,1625.406352,1,1,130.0
0,0,0,2,1,740.0098667999999,1,1,30.0
0,0,0,1,1,439.0779363,1,1,20.0
1,0,0,2,1,1015.056674,1,1,120.0
0,0,0,3,1,2400.0,1,1,330.0
1,0,0,2,1,850.0510031,1,1,25.0
1,0,0,3,1,1299.929095,1,1,55.0
1,1,1,3,1,1661.129568,0,1,80.0
0,0,0,2,1,719.3143557,1,1,23.5
1,1,1,2,1,729.9962078,0,1,77.0
1,0,1,1,1,533.0019331999999,1,1,19.3
0,0,0,1,1,667.0372428999999,1,1,36.0
1,0,0,2,1,1018.0472,1,1,110.0
1,1,1,3,1,1428.137344,0,1,47.0
0,0,0,3,1,1796.324444,1,1,130.0
1,0,1,2,1,807.0054945,1,1,23.5
1,1,1,3,1,1342.182891,0,1,91.0
1,0,0,3,1,2400.0,1,1,750.0
0,0,0,3,1,1153.039832,1,1,55.0
1,0,0,2,1,1150.0,1,1,92.0
0,0,0,2,1,900.0,1,1,36.0
0,0,0,2,1,1199.904008,1,1,50.0
1,1,1,2,1,603.4140532,0,0,76.0
0,0,0,3,1,1325.205407,1,1,50.0
0,0,0,2,1,1200.141193,1,1,34.0
1,0,1,3,1,1865.403932,1,1,130.0
0,0,0,3,1,1900.121803,1,1,78.0
1,0,0,2,1,865.0952858999999,1,1,34.5
1,1,1,3,1,1100.125331,0,0,79.0
1,1,1,2,1,1108.62069,0,1,64.3
1,0,1,2,1,812.3270632,1,1,320.0
0,0,0,2,1,797.1412864,1,1,29.0
1,0,0,1,1,650.0541712,1,1,48.0
1,1,1,3,1,1582.946391,0,0,150.0
1,0,1,3,1,1600.0,1,1,180.0
0,0,0,3,1,1920.307249,1,1,40.0
1,0,0,3,1,1725.3774260000002,1,1,48.0
0,0,0,3,1,1260.239445,1,1,60.0
0,0,0,3,1,1414.027149,1,1,200.0
1,1,1,2,1,1315.037164,0,1,46.0
1,1,1,3,1,1219.059734,0,1,230.0
1,0,1,3,1,745.0523865,1,1,32.0
1,0,0,3,1,1717.8441059999998,1,1,160.0
0,0,0,2,1,1075.046516,1,1,52.0
1,0,0,2,1,925.0243427,1,1,28.5
0,0,0,3,1,1224.846894,1,1,42.0
1,0,0,3,1,1782.042495,1,1,390.0
0,0,0,2,1,1449.835685,1,1,75.0
0,0,0,2,1,857.1428571,1,1,45.0
1,0,0,2,1,1079.136691,1,1,81.0
1,0,0,4,1,3252.244048,1,1,250.0
0,0,0,3,1,1223.362273,1,1,31.0
0,0,0,3,1,1592.215834,1,1,72.0
1,0,0,1,1,430.0101845,1,1,76.0
1,0,1,2,1,901.463144,1,1,130.0
0,0,0,2,1,1100.034376,1,1,32.0
1,0,1,4,1,2258.064516,1,0,140.0
1,1,1,2,1,683.0341897000001,0,1,180.0
1,0,0,3,1,1782.8200969999998,1,1,110.0
1,1,0,1,1,404.0237467,0,1,49.0
0,0,0,2,1,1180.376245,1,1,32.0
1,1,0,2,1,998.8776655,0,1,44.5
0,0,0,2,1,1800.0,1,1,45.0
0,0,0,3,1,1571.16451,1,1,85.0
1,0,0,5,1,3375.0,1,0,270.0
1,0,0,3,1,1840.168244,1,1,70.0
1,0,1,3,1,1883.767535,1,1,84.6
1,0,1,1,1,700.0,1,1,35.0
1,0,0,1,1,550.0550055,1,1,15.0
1,0,0,3,1,1300.7122949999998,1,1,210.0
0,0,1,3,1,1480.111008,1,1,80.0
1,0,0,3,1,1433.928965,1,1,130.0
0,0,0,2,1,1059.907834,1,1,23.0
0,0,0,2,1,1280.2275960000002,1,1,54.0
1,1,1,4,1,1149.852886,0,1,680.0
1,0,0,3,1,1500.115393,1,1,130.0
0,0,0,3,1,2027.369488,1,1,80.0
1,0,0,1,1,747.1049682,1,1,20.0
0,0,0,3,1,2000.0,1,1,69.0
0,0,0,2,1,719.9868345,1,1,350.0
1,0,0,1,1,800.0,1,1,56.0
0,0,0,3,1,2059.569075,1,1,65.0
1,0,0,4,1,3500.011667,1,1,1500.0
0,0,0,2,1,1000.0,1,1,30.0
1,0,0,3,1,1624.187906,1,1,130.0
1,0,0,2,1,1401.755241,1,1,230.0
0,0,0,3,1,1600.0,1,1,80.0
0,0,1,3,1,1350.024546,1,1,55.0
1,0,1,1,1,685.0272613,1,1,49.0
0,0,1,3,1,1648.160999,1,1,95.0
1,0,0,1,1,600.0282366,1,1,85.0
2,1,1,2,1,1102.071006,0,0,59.6
0,0,0,2,1,898.8764045,1,1,60.0
1,1,1,3,1,2345.17502,0,0,270.0
1,1,0,2,1,1100.0,0,1,55.0
1,0,0,1,1,500.0,1,1,31.0
2,1,1,3,1,1202.857143,0,0,42.1
1,0,1,3,1,1550.227367,1,1,75.0
1,0,0,3,1,1292.407108,1,1,40.0
1,1,1,2,1,72851.97887,0,0,7860.0
0,0,0,3,1,1202.115724,1,1,75.0
2,0,0,2,1,1050.0,1,0,33.6
0,1,1,3,1,1495.170877,0,1,80.5
1,1,1,2,1,580.0,0,0,23.2
0,0,0,3,1,1388.337961,1,1,35.0
1,1,0,2,1,750.1129687999999,0,1,16.6
1,1,1,2,1,1190.227605,0,1,57.0
0,0,0,2,1,932.9187028,1,1,42.0
1,1,1,3,1,634.3046638,0,0,89.9
1,0,0,1,1,550.0550055,1,1,45.0
2,1,1,3,1,1474.418605,0,0,63.4
1,0,0,2,1,849.0566037999998,1,1,45.0
1,0,1,2,1,725.0665877,1,1,24.5
1,0,0,4,1,3571.0742979999995,1,1,360.0
1,0,0,2,1,919.8423127,1,1,35.0
1,0,1,3,1,1557.285873,1,1,140.0
1,0,0,2,1,970.0618833,1,1,58.0
1,0,0,2,1,660.0115502,1,1,160.0
1,0,0,2,1,800.0,1,1,81.0
1,1,1,1,1,449.01582,0,1,86.0
1,0,0,2,1,1358.024691,1,1,38.5
0,0,0,2,1,1050.213325,1,1,32.0
1,1,0,3,1,1300.348874,0,1,41.0
0,0,0,3,1,1100.070972,1,1,31.0
1,0,0,3,1,1962.580139,1,1,150.0
0,0,0,3,1,1600.0,1,1,46.0
1,0,1,2,1,1267.759563,1,1,23.2
0,0,0,2,1,639.0359686,1,1,70.0
1,0,0,3,1,1650.456823,1,1,56.0
0,0,0,2,1,1430.0,1,1,57.2
0,0,0,2,1,784.0940913,1,1,56.0
1,0,0,2,1,752.0746888,1,1,29.0
1,0,0,2,1,1102.978041,1,1,110.0
0,1,1,2,1,1147.540984,0,1,74.2
0,0,0,2,1,1070.184171,1,1,43.0
1,0,1,1,1,545.0185306,1,1,25.0
0,0,0,3,1,1500.182949,1,1,41.0
0,0,0,2,1,712.1057986000001,1,1,35.0
0,0,1,3,1,1440.144014,1,1,80.0
1,0,0,3,1,1469.797455,1,1,82.0
0,0,0,1,1,520.0208008000001,1,1,30.0
1,0,0,3,1,1862.089031,1,1,64.0
1,1,1,2,1,480.4532578,0,0,42.4
1,0,1,4,1,3846.153846,1,0,250.0
1,0,0,3,1,1524.003048,1,1,120.0
0,0,0,1,1,400.0,1,1,28.0
1,0,0,2,1,1224.489796,1,1,120.0
0,1,0,2,1,1399.956924,0,1,65.0
1,0,0,3,1,1790.243175,1,1,120.0
1,0,0,2,1,1127.626858,1,1,22.0
1,0,0,2,1,593.3351395,1,1,21.9
1,1,1,2,1,872.0296490000001,0,1,120.0
1,1,1,3,1,1882.916809,0,1,110.0
1,0,1,3,1,1986.276634,1,1,110.0
1,0,0,2,1,1207.5471699999998,1,1,22.4
0,0,0,1,1,539.9568035,1,1,25.0
1,0,0,3,1,1862.208129,1,1,64.6
0,0,0,2,1,1400.180668,1,1,62.0
0,0,1,4,1,1909.959072,1,1,28.0
1,0,0,3,1,1948.148148,1,1,52.6
1,0,0,3,1,1672.240803,1,1,65.0
1,0,0,3,1,1675.579323,1,1,47.0
1,0,0,2,1,850.0088542999999,1,1,48.0
1,0,0,3,1,1480.191554,1,1,68.0
1,0,0,3,1,1476.708283,1,1,110.0
1,0,0,3,1,1226.004194,1,1,76.0
0,0,0,2,1,9900.990099,1,1,20.0
1,0,0,3,1,2089.0668,1,1,83.5
1,0,0,2,1,760.0857533,1,1,39.0
1,0,0,1,1,715.0518413,1,1,60.0
0,0,0,2,1,1070.234114,1,1,48.0
1,0,1,2,1,1300.031516,1,1,82.5
1,0,0,1,1,555.1969012,1,1,43.0
1,0,0,1,1,788.6435331,1,1,50.0
1,0,1,3,1,733.7390479,1,0,170.0
0,0,1,2,1,1150.218542,1,1,50.0
1,1,0,3,1,1342.824163,0,1,34.9
0,0,0,2,1,920.0283086,1,1,65.0
0,1,1,2,1,1064.908722,0,1,42.0
0,0,0,3,1,2550.428936,1,1,110.0
2,0,0,4,1,2394.1532260000004,1,1,95.0
1,0,0,2,1,1200.068575,1,1,70.0
1,0,0,2,1,1171.652422,1,1,65.8
0,0,0,1,1,600.0960154,1,1,12.5
1,1,0,4,1,2769.162605,0,1,250.0
0,0,0,3,1,714.9666348999999,1,1,30.0
1,0,1,2,1,703.9066821,1,1,140.0
1,0,0,1,1,650.1182033,1,1,16.5
1,0,0,1,1,562.9926184999999,1,1,45.0
1,0,1,2,1,1046.1538460000002,1,0,81.6
1,0,1,3,1,1884.863303,1,1,84.8
1,0,1,3,1,1600.0,1,1,68.0
0,0,0,3,1,1550.108147,1,1,43.0
1,0,0,1,1,650.0029546,1,1,110.0
0,0,0,2,1,900.2057613,1,1,35.0
1,0,0,2,1,980.1053248,1,1,67.0
1,0,0,3,1,2867.225408,1,1,260.0
1,0,0,2,1,1115.625,1,1,35.7
1,1,1,3,1,1850.103832,0,1,98.0
1,0,0,3,1,2113.52657,1,1,210.0
1,0,1,3,1,1410.002203,1,1,64.0
1,1,1,4,1,2090.410243,0,1,80.0
2,1,0,3,1,1449.82831,0,0,38.0
0,0,0,1,1,670.0441248999999,1,1,41.0
1,0,0,3,1,1550.387597,1,1,60.0
1,0,1,2,1,1248.603352,1,1,44.7
1,0,0,1,1,600.0436394999999,1,1,55.0
1,0,1,2,1,1066.666667,1,1,160.0
1,0,0,2,1,1271.726535,1,1,43.9
1,0,0,2,1,1098.370549,1,1,18.2
1,1,0,1,1,621.0272521,0,1,85.0
1,0,1,3,1,1848.484848,1,1,61.0
0,0,0,1,1,556.916908,1,1,25.0
0,0,0,1,1,530.1524188,1,1,16.0
0,0,0,2,1,1215.189873,1,1,48.0
0,0,0,2,1,1150.22656,1,1,33.0
1,0,1,3,1,1577.0707619999998,1,1,230.0
1,1,1,3,1,1610.371075,0,1,67.7
1,0,0,3,1,1509.892398,1,1,87.0
1,1,1,2,1,1084.990958,0,0,42.0
1,0,0,2,1,1100.046318,1,1,95.0
0,0,0,2,1,800.0,1,1,31.0
0,0,0,2,1,793.166565,1,1,26.0
1,0,0,3,1,1530.054645,1,1,56.0
0,0,0,3,1,1200.154859,1,1,62.0
1,0,0,3,1,1756.954612,1,1,120.0
1,0,0,2,1,1000.0,1,1,95.0
1,0,0,4,1,2035.179532,1,1,140.0
1,1,1,2,1,576.6482956,0,0,56.5
1,0,0,1,1,550.0301386,1,1,73.0
1,0,1,2,1,567.1230657000001,1,0,140.0
1,0,1,2,1,572.6872247,1,1,19.5
0,0,0,1,1,600.0,1,1,36.0
1,0,0,3,1,1779.173208,1,1,68.0
1,0,0,3,1,1595.179015,1,1,90.0
0,0,0,4,1,2384.196185,1,1,140.0
0,0,0,1,1,660.2112676,1,1,15.0
0,0,0,2,1,948.2525061,1,1,35.0
1,1,1,2,1,1152.959262,0,1,270.0
1,1,0,1,1,621.875,0,0,19.9
1,0,1,3,1,1014.507457,1,1,200.0
1,0,0,4,1,5155.6613130000005,1,1,520.0
1,1,0,3,1,1420.929455,0,1,85.0
1,0,1,2,1,809.5455985,1,0,230.0
1,0,0,3,1,1699.790795,1,1,65.0
1,1,1,1,1,643.7435367,0,0,24.9
1,0,0,3,1,1625.355547,1,1,40.0
0,0,0,3,1,1150.146382,1,1,55.0
1,0,1,2,1,1050.006563,1,1,160.0
1,0,0,3,1,1529.411765,1,0,260.0
1,1,0,3,1,1115.082202,0,1,31.2
1,0,0,1,1,650.0426257,1,1,61.0
1,0,0,2,1,950.0503815,1,1,66.0
1,0,1,2,1,1240.1352869999998,1,1,66.0
0,0,0,3,1,1690.0907309999998,1,1,95.0
1,0,0,3,1,1950.268162,1,1,80.0
1,0,1,3,1,2390.091982,1,1,330.0
1,1,1,1,1,692.2077922,0,1,53.3
0,0,0,1,1,410.0084104,1,1,58.5
1,0,0,2,1,1022.835395,1,1,43.0
2,1,1,3,1,1113.793103,0,0,32.3
1,0,1,2,1,1137.065876,1,1,92.0
1,0,0,1,1,640.0877835,1,1,35.0
1,0,0,3,1,1850.016518,1,1,280.0
1,1,1,4,1,2445.531347,0,0,110.0
0,0,0,3,1,2181.818182,1,1,120.0
2,0,1,2,1,1034.328358,1,0,69.3
1,0,0,2,1,1020.408163,1,1,160.0
1,1,1,1,1,736.7025195,0,1,100.0
1,1,1,1,1,599.0016638999999,0,1,18.0
1,1,1,3,1,2164.093768,0,1,75.7
1,0,0,3,1,1450.292398,1,1,62.0
1,1,0,1,1,368.2338237,0,1,38.3
1,0,0,3,1,1430.184419,1,1,76.0
0,0,0,2,1,750.0468779,1,1,40.0
1,0,0,3,1,1500.150015,1,1,100.0
0,0,0,2,1,1322.685301,1,1,53.0
1,0,0,3,1,1244.625481,1,1,110.0
1,0,1,3,1,3125.465099,1,1,210.0
1,0,1,1,1,347.0368393,1,1,26.0
0,0,0,2,1,1200.274348,1,1,35.0
1,0,0,1,1,693.0443548,1,1,55.0
1,0,0,1,1,601.8518518999999,1,1,130.0
1,0,0,3,1,1950.35461,1,1,55.0
1,1,1,2,1,693.0346517,0,1,99.0
1,0,1,2,1,719.0977216,1,1,190.0
1,0,0,2,1,969.9769053,1,1,46.2
1,1,1,1,1,644.0677966,0,1,38.0
1,0,0,3,1,1202.207331,1,1,61.0
1,0,0,3,1,1434.017063,1,1,79.0
0,0,0,2,1,1559.5463140000002,1,1,33.0
0,0,0,3,1,1730.1038059999998,1,1,60.0
1,0,1,3,1,1935.389134,1,1,65.9
0,0,0,2,1,999.1435912,1,1,35.0
0,0,0,2,1,950.0542888,1,1,35.0
1,0,1,3,1,2256.7485460000003,1,1,260.0
1,0,1,3,1,1400.0,1,1,28.0
1,0,1,2,1,1055.262427,1,1,38.0
0,0,0,3,1,1937.090674,1,1,210.0
1,0,0,2,1,828.0887711,1,0,25.0
1,0,0,2,1,870.1957941,1,1,24.0
1,1,0,2,1,768.8284518999999,0,1,29.4
1,0,0,3,1,1291.155584,1,1,80.0
1,0,0,3,1,1538.108356,1,1,33.5
1,0,0,4,1,2140.205285,1,1,98.0
1,0,0,2,1,1250.0,1,1,48.0
0,0,0,2,1,699.6268657,1,1,30.0
1,0,1,3,1,1623.137081,1,1,110.0
1,1,1,4,1,2700.270027,0,1,240.0
1,0,0,3,1,1506.642926,1,1,110.0
1,0,0,3,1,1406.997467,1,1,150.0
1,0,0,3,1,1722.158439,1,1,150.0
1,1,1,1,1,441.796972,0,1,17.8
0,0,0,2,1,1440.092166,1,1,50.0
1,1,1,3,1,1470.0,0,0,44.1
1,0,0,2,1,1243.232404,1,1,62.0
1,0,1,3,1,2353.257581,1,1,350.0
0,0,1,2,1,1190.082645,1,1,72.0
1,1,1,1,1,394.6774921,0,0,35.0
0,0,0,6,1,2474.94122,1,1,200.0
0,0,0,2,1,1067.887109,1,1,70.0
1,0,0,2,1,888.1199538999999,1,1,38.5
0,0,1,2,1,1200.0,1,1,36.0
2,1,1,2,1,683.0601092999999,0,0,77.5
1,0,0,2,1,1093.0848,1,1,95.0
1,0,0,3,1,2187.404619,1,0,430.0
1,0,1,2,1,1231.060606,1,1,130.0
0,0,0,3,1,1400.0,1,1,42.0
0,0,0,2,1,810.0445525,1,1,40.0
0,0,1,1,1,640.1137980000001,1,1,18.0
0,0,1,2,1,805.3055423999999,1,1,17.0
1,0,0,2,1,943.057302,1,1,210.0
1,1,1,3,1,1575.157516,0,1,87.5
0,0,0,2,1,1100.0,1,1,44.0
1,0,0,3,1,1563.762262,1,1,81.3
1,0,1,1,1,450.4504505,1,0,47.0
0,0,0,3,1,1435.204728,1,1,68.0
1,0,0,3,1,1733.47779,1,1,64.0
0,0,0,2,1,1100.0,1,1,66.0
0,0,0,2,1,1069.518717,1,1,22.0
1,0,0,2,1,965.5172414,1,1,140.0
0,0,0,2,1,1395.186606,1,1,40.0
1,1,1,1,1,321.7142857,0,0,56.3
1,0,0,3,1,1440.1661,1,1,76.3
0,0,0,2,1,961.0456176,1,1,75.0
0,0,0,4,1,1528.428775,1,1,75.0
0,0,1,3,1,1511.254019,1,1,47.0
0,0,0,3,1,1400.037334,1,1,75.0
0,0,0,3,1,1584.933806,1,1,85.0
1,0,0,1,1,817.0515098,1,1,46.0
1,0,0,2,1,1075.037626,1,1,100.0
0,0,0,3,1,3100.088574,1,1,140.0
1,0,0,3,1,17454.06824,1,1,66.5
1,0,0,2,1,950.1689189,1,1,45.0
1,1,0,1,1,575.0,0,1,23.0
1,1,1,2,1,503.8961039,0,0,38.8
0,0,1,3,1,1814.058957,1,1,120.0
0,0,1,2,1,980.7928075,1,1,24.0
1,0,0,2,1,1222.166416,1,1,73.0
1,1,1,2,1,1141.476111,0,1,61.4
1,0,1,3,1,1684.001981,1,1,170.0
0,0,0,2,1,1195.151101,1,1,70.0
1,0,0,2,1,1150.0473550000002,1,1,170.0
1,0,0,3,1,1544.9735449999998,1,1,73.0
1,0,0,3,1,2018.545386,1,1,320.0
0,0,0,2,1,1800.670017,1,1,43.0
1,0,0,2,1,935.0579359,1,1,34.7
0,0,1,7,1,4651.162791,1,1,160.0
0,0,0,2,1,900.1058947999999,1,1,51.0
1,1,1,2,1,750.1609788,0,1,23.3
1,0,0,4,1,1850.13876,1,1,120.0
0,0,0,2,1,925.0693802,1,1,30.0
1,1,1,2,1,794.2992012,0,1,87.5
0,0,0,5,1,2382.978723,1,1,140.0
1,0,0,4,1,2049.446975,1,1,63.0
1,0,0,3,1,1450.209475,1,1,90.0
1,0,0,3,1,1490.066225,1,1,90.0
1,0,1,3,1,2172.173317,1,1,190.0
1,0,0,3,1,1100.004783,1,1,230.0
1,1,0,2,1,1017.19052,0,1,100.0
0,0,0,2,1,820.1892744,1,1,26.0
1,1,0,2,1,858.1524483,0,1,34.0
1,0,0,3,1,1473.684211,1,1,280.0
0,0,1,2,1,1255.098839,1,1,40.0
1,0,0,3,1,1400.037334,1,1,75.0
1,0,0,3,1,1772.962325,1,1,72.0
0,0,0,3,1,1330.023054,1,1,75.0
0,0,0,1,1,649.2335437,1,1,7.2
1,0,0,3,1,1770.8612829999995,1,1,66.0
0,0,0,3,1,1400.195376,1,1,43.0
2,1,1,2,1,846.3165992999999,0,0,44.0
1,0,0,3,1,1396.508728,1,1,140.0
0,0,0,1,1,644.0677966,1,1,19.0
1,0,0,1,1,555.0095392000001,1,1,96.0
1,0,0,3,1,1450.116009,1,1,50.0
1,0,0,3,1,1599.803101,1,1,65.0
1,1,1,3,1,1560.0,0,1,62.4
0,0,0,2,1,1000.0,1,1,40.0
0,0,1,2,1,1150.3856039999998,1,1,17.9
1,0,0,2,1,650.1182033,1,1,22.0
1,1,0,2,1,1019.028803,0,1,98.0
0,0,0,4,1,1295.196978,1,1,48.0
0,0,0,2,1,1000.0,1,1,35.0
1,0,1,2,1,1060.108131,1,1,100.0
0,0,0,1,1,500.0,1,1,16.0
1,0,0,3,1,1779.846659,1,1,130.0
1,1,1,2,1,929.5531505,0,1,140.0
1,1,1,2,1,1104.850293,0,1,100.0
1,1,1,3,1,1344.967014,0,0,63.2
1,1,0,2,1,1227.336123,0,1,26.4
1,0,0,3,1,1910.447761,1,1,64.0
0,0,0,2,1,1100.110011,1,1,30.0
1,0,0,3,1,2068.416866,1,1,130.0
1,0,0,4,1,2409.058058,1,1,200.0
1,1,0,1,1,393.0092654,0,1,89.5
1,0,0,1,1,550.4789167,1,1,100.0
0,0,1,1,1,550.1618123,1,1,17.0
2,1,1,2,1,1118.805786,0,0,72.7
0,0,0,2,1,833.7965536,1,1,30.0
0,0,0,2,1,1068.050046,1,1,35.0
1,0,0,3,1,1478.1966,1,1,200.0
1,1,1,4,1,2375.0310870000003,0,1,95.5
0,0,0,2,1,899.9280058,1,1,50.0
0,0,0,3,1,1784.917448,1,1,120.0
0,1,0,2,1,1130.298273,0,1,36.0
0,0,0,2,1,992.094249,1,1,64.0
1,0,0,2,1,1339.069642,1,1,49.8
1,1,1,2,1,1278.887924,0,1,73.6
1,0,0,2,1,1102.11426,1,1,73.5
1,0,0,2,1,889.8776418,1,1,32.0
1,0,1,2,1,669.2544505,1,0,150.0
0,0,0,3,1,1666.319517,1,1,80.0
2,0,1,2,1,1160.46832,1,0,33.7
0,0,1,2,1,994.1520468,1,1,34.0
0,0,0,2,1,601.3326832,1,1,37.0
0,0,0,2,1,1000.0,1,1,35.0
0,0,0,2,1,1157.050293,1,1,75.0
1,0,1,3,1,2058.1113800000003,1,1,170.0
0,0,0,3,1,1500.170474,1,1,44.0
0,0,0,2,1,883.1521739,1,1,45.5
1,0,0,3,1,1424.907838,1,1,88.9
1,0,0,2,1,1229.895932,1,1,39.0
1,0,0,3,1,2575.107296,1,1,120.0
1,0,1,3,1,1975.0,1,1,79.0
1,0,0,2,1,1099.949774,1,1,21.9
1,0,1,2,1,971.4396736,1,1,100.0
1,0,0,1,1,640.0487656,1,1,42.0
1,0,0,1,1,678.694644,1,1,120.0
0,0,0,2,1,1350.0,1,1,27.0
1,0,1,4,1,3205.128205,1,1,400.0
0,0,0,2,1,669.9679581,1,1,23.0
0,0,0,2,1,960.1024109,1,1,45.0
1,0,1,2,1,1100.016923,1,1,65.0
1,0,0,2,1,950.0886749,1,1,75.0
0,0,0,2,1,1150.234742,1,1,49.0
1,0,0,3,1,1359.663866,1,1,80.9
0,0,0,2,1,700.1166861,1,1,30.0
1,0,1,3,1,2104.0974530000003,1,1,190.0
1,1,1,3,1,1481.246027,0,1,69.9
1,0,0,4,1,2275.002275,1,1,250.0
0,0,0,3,1,1210.0586119999998,1,1,64.0
1,0,0,3,1,2550.297535,1,1,90.0
0,0,0,2,1,1150.234742,1,1,49.0
0,0,0,3,1,2044.15372,1,1,100.0
1,0,0,3,1,1817.080557,1,1,120.0
1,0,0,2,1,1085.161595,1,1,46.0
1,0,0,1,1,457.14285710000007,1,1,100.0
1,1,1,2,1,836.8580059999999,0,1,55.4
0,0,0,2,1,1099.1426689999998,1,1,50.0
1,0,1,1,1,665.1376147000001,1,1,26.1
1,0,0,2,1,1174.64894,1,1,220.0
1,0,0,3,1,1396.670727,1,1,34.4
1,0,0,2,1,902.0618557,1,1,28.0
0,0,0,3,1,1150.146382,1,1,55.0
0,0,0,2,1,800.0,1,1,32.0
1,0,0,4,1,4200.063001,1,1,1200.0
0,0,0,3,1,1602.288984,1,1,56.0
0,1,1,3,1,989.9175069,0,1,54.0
0,0,0,4,1,1900.538486,1,1,60.0
1,0,1,3,1,1969.737667,1,1,440.0
0,0,0,3,1,1359.197677,1,1,51.5
1,0,1,2,1,1242.138365,1,0,79.0
1,0,0,3,1,1534.598214,1,1,110.0
0,0,0,2,1,753.2467532000001,1,1,23.2
0,0,0,2,1,600.0,1,1,15.0
1,0,1,1,1,630.0204757,1,1,80.0
1,0,0,2,1,716.6666667000001,1,1,21.5
1,0,0,2,1,1450.099517,1,1,51.0
1,0,0,3,1,1450.0,1,1,31.9
1,1,1,2,1,530.0041223000001,0,1,90.0
0,0,0,2,1,1365.079365,1,1,43.0
1,0,1,2,1,1087.885617,1,1,140.0
0,0,0,2,1,1155.1448369999998,1,1,65.0
1,0,0,3,1,1280.878317,1,1,56.0
1,0,0,3,1,1579.551982,1,1,110.0
0,0,0,3,1,1979.871308,1,1,120.0
1,0,1,3,1,1294.820717,1,1,65.0
2,1,1,3,1,997.0089731,0,0,110.0
1,0,0,2,1,1225.0,1,1,98.0
1,0,0,1,1,685.016814,1,1,55.0
0,0,0,3,1,1700.071582,1,1,95.0
1,0,0,2,1,500.0,1,1,16.0
1,1,1,1,1,761.0216935,0,1,87.0
1,0,0,4,1,1405.662813,1,1,490.0
1,0,0,2,1,1175.019094,1,1,200.0
0,0,0,2,1,990.0990099,1,1,28.0
0,0,0,2,1,712.1661721,1,1,24.0
1,1,1,2,1,800.1049318,0,1,30.5
0,0,0,3,1,2071.108043,1,1,60.0
1,0,0,2,1,1038.7357869999998,1,1,53.9
1,0,1,2,1,902.0960467,1,1,68.0
1,1,1,2,1,798.6916669999999,0,0,210.0
1,0,1,3,1,1913.043478,1,1,110.0
1,0,0,2,1,1285.347044,1,1,40.0
1,0,0,2,1,702.8332967,1,1,160.0
1,1,1,2,1,611.3654727,0,0,68.1
1,1,0,3,1,1281.012658,0,1,25.3
0,0,1,2,1,1075.268817,1,1,31.0
0,0,1,3,1,1600.232761,1,1,55.0
1,0,1,3,1,1890.404403,1,1,79.0
1,1,1,3,1,1423.333333,0,1,42.7
1,0,1,1,1,550.0317326,1,1,26.0
2,0,0,2,1,1066.666667,1,0,32.0
1,1,1,1,1,533.7439056,0,1,20.8
1,0,1,2,1,656.7281802,1,1,100.0
1,1,1,4,1,2228.163993,0,1,100.0
0,0,0,1,1,506.0088552,1,1,32.0
0,0,0,1,1,678.2608696000001,1,1,31.2
0,0,0,2,1,1050.175029,1,1,45.0
1,0,0,2,1,1050.0,1,1,84.0
1,0,0,3,1,1800.5540170000002,1,1,52.0
1,0,0,1,1,620.0306368,1,1,85.0
1,1,1,2,1,535.0018136,0,1,29.5
0,0,0,2,1,1200.0,1,1,60.0
1,0,0,2,1,1060.116354,1,1,82.0
0,0,0,3,1,1137.109119,1,1,52.0
1,1,1,3,1,1259.734311,0,1,110.0
1,0,0,3,1,1800.0,1,1,90.0
0,0,0,2,1,1080.201243,1,1,36.5
0,0,1,3,1,1825.127334,1,1,43.0
1,1,1,5,1,6570.7909740000005,0,1,530.0
0,1,0,2,1,1000.0,0,1,30.0
1,0,0,2,1,884.7320526000001,1,1,17.5
1,0,0,2,1,1052.2288119999998,1,1,110.0
1,0,1,2,1,943.0894309,1,1,29.0
0,0,0,3,1,1100.244499,1,1,45.0
0,0,0,2,1,1290.201945,1,1,69.0
1,0,0,3,1,1000.0,1,1,47.0
0,0,0,2,1,1106.074343,1,1,61.0
1,0,0,3,1,1106.595811,1,1,35.4
1,0,1,2,1,984.2519685,1,1,30.0
1,0,0,2,1,767.3076923,1,1,39.9
2,1,1,3,1,1733.3333329999998,0,0,78.0
1,1,1,3,1,928.9921102,0,0,83.6
0,0,0,2,1,1244.08384,1,1,92.0
0,0,0,2,1,1362.9431949999998,1,1,71.5
1,0,0,2,1,1292.685554,1,1,120.0
1,1,0,2,1,1080.033232,0,1,78.0
1,0,0,3,1,2095.494686,1,1,140.0
1,0,0,3,1,1749.781277,1,1,120.0
1,0,1,3,1,1250.0,1,1,200.0
1,1,1,2,1,1047.60034,0,1,160.0
0,0,0,2,1,900.0473708999999,1,1,38.0
1,0,0,3,1,1124.567474,1,1,26.0
0,0,0,3,1,1459.321416,1,1,120.0
1,0,1,3,1,1708.914839,1,1,120.0
1,1,1,2,1,1102.535832,0,1,170.0
1,0,0,3,1,1725.1293850000002,1,1,120.0
1,0,1,3,1,1767.272727,1,1,97.2
0,0,0,3,1,3200.0,1,1,160.0
1,0,0,4,1,3157.265978,1,1,370.0
1,0,0,4,1,2811.142346,1,1,220.0
1,0,1,2,1,472.8413763,1,0,43.7
0,0,1,2,1,1097.867001,1,1,35.0
1,0,0,3,1,1997.203915,1,1,100.0
1,1,1,2,1,641.4882527000001,0,1,160.0
0,0,0,3,1,1650.165017,1,1,150.0
1,0,0,3,1,1877.279554,1,1,350.0
0,0,0,2,1,1309.212092,1,1,55.0
0,0,0,4,1,2690.012716,1,1,550.0
0,0,0,4,1,2200.220022,1,1,80.0
0,0,0,3,1,1500.375094,1,1,40.0
0,0,0,3,1,1357.466063,1,1,120.0
1,0,0,3,1,1500.0,1,1,54.0
0,0,0,2,1,851.0638298,1,1,38.0
1,0,0,3,1,1567.211055,1,1,49.9
1,0,0,4,1,1918.158568,1,1,120.0
0,0,0,2,1,1871.490954,1,1,60.0
1,0,1,2,1,1171.833387,1,1,110.0
1,0,0,2,1,650.0847937000001,1,1,46.0
1,0,0,3,1,1927.105153,1,1,46.0
0,1,1,3,1,1415.285079,0,1,70.0
1,0,1,3,1,1340.225924,1,1,70.0
0,0,0,2,1,1207.091664,1,1,32.0
0,0,0,3,1,1742.49758,1,1,18.0
0,0,1,2,1,735.2941176,1,1,16.5
1,0,1,3,1,1000.0,1,1,42.0
0,0,0,1,1,380.0217155,1,1,10.5
0,0,0,2,1,1036.096257,1,1,62.0
1,0,1,2,1,1313.061507,1,1,95.0
1,0,1,3,1,2640.161516,1,1,170.0
1,0,0,4,1,2195.204323,1,1,65.0
1,0,0,3,1,1672.427249,1,1,150.0
2,1,1,3,1,1489.716509,0,0,26.8
0,0,0,2,1,650.026001,1,1,25.0
1,0,0,3,1,1700.0,1,1,85.0
1,0,1,3,1,1549.714852,1,1,62.5
0,0,0,2,1,1100.110011,1,1,40.0
1,0,0,2,1,1060.028585,1,1,89.0
0,0,0,2,1,1269.914569,1,1,55.0
1,0,1,3,1,2637.187001,1,1,99.0
1,0,1,2,1,939.4952873,1,1,30.9
1,0,1,3,1,1399.936367,1,1,220.0
1,0,0,2,1,1250.0,1,1,60.0
1,1,1,1,1,673.9973102999999,0,1,85.2
0,0,0,2,1,756.1929596,1,1,29.0
1,1,0,1,1,470.0131604,0,1,75.0
1,1,1,1,1,476.346912,0,1,58.0
1,0,1,2,1,999.0287221,1,1,72.0
1,1,1,2,1,930.0162752999998,0,1,120.0
0,0,0,2,1,1199.040767,1,1,60.0
0,0,0,2,1,745.1991975,1,1,26.0
0,0,0,2,1,1054.111033,1,1,45.0
1,0,0,2,1,1220.037319,1,1,170.0
0,0,0,2,1,1299.82669,1,1,75.0
1,0,0,2,1,1170.194459,1,1,68.0
0,1,0,2,1,959.8603839,0,1,22.0
0,0,0,3,1,2613.890963,1,1,35.0
1,1,1,2,1,572.1716514999999,0,0,110.0
1,0,1,3,1,1102.029571,1,1,360.0
0,0,1,2,1,1030.15546,1,1,55.0
1,0,0,3,1,1434.13235,1,1,140.0
1,1,1,2,1,955.0138226,0,1,190.0
1,1,0,2,1,1023.171049,0,1,39.3
1,0,0,2,1,1200.0,1,1,81.0
0,0,0,3,1,1459.854015,1,1,80.0
1,0,0,2,1,1060.335594,1,1,29.7
1,0,0,3,1,1500.0,1,1,750.0
0,0,1,3,1,1810.118563,1,1,200.0
0,0,0,3,1,1200.14771,1,1,65.0
1,1,1,2,1,639.9590426,0,1,150.0
1,0,1,2,1,1310.211946,1,1,68.0
1,0,0,1,1,795.5148117000001,1,1,420.0
1,1,0,4,1,3944.254536,0,1,150.0
1,0,1,4,1,3164.556962,1,0,250.0
0,0,0,1,1,669.8920728999999,1,1,18.0
1,0,0,2,1,1120.1236,1,1,87.0
1,1,1,1,1,680.0618238,0,1,66.0
1,1,1,3,1,1550.788317,0,1,120.0
0,0,0,2,1,965.3356735,1,1,22.0
1,0,1,3,1,2307.692308,1,1,120.0
0,0,0,2,1,1050.328228,1,1,24.0
0,1,1,2,1,1252.13432,0,1,44.0
1,0,0,2,1,1337.345369,1,1,40.0
0,0,0,3,1,1440.167583,1,1,55.0
1,1,0,2,1,895.2254642000001,0,1,27.0
0,0,0,3,1,1450.116009,1,1,50.0
1,0,0,1,1,665.0446067,1,1,82.0
0,0,0,1,1,625.0,1,1,70.0
0,0,0,4,1,1300.108342,1,1,48.0
0,0,1,3,1,2367.664468,1,1,140.0
1,0,0,3,1,1275.00425,1,1,450.0
0,0,0,4,1,2052.27911,1,1,95.0
1,0,0,2,1,1000.0,1,1,80.0
0,0,0,2,1,1100.034376,1,1,32.0
1,0,0,3,1,2666.158827,1,1,280.0
1,0,0,3,1,2249.2127760000003,1,1,50.0
1,1,0,2,1,1020.03643,0,1,39.2
1,0,0,2,1,1397.116352,1,1,250.0
0,1,0,3,1,1425.0,0,1,39.9
1,0,0,3,1,1300.034211,1,1,38.0
1,0,0,2,1,1169.950739,1,1,38.0
0,0,0,2,1,678.0171763999999,1,1,45.0
0,0,0,1,1,1089.9182560000002,1,1,8.0
1,0,0,3,1,1550.017885,1,1,260.0
0,0,0,2,1,882.2232025000001,1,1,20.0
1,0,0,1,1,400.0,1,1,70.0
1,1,0,1,1,424.3339742,0,1,30.9
1,0,0,3,1,1200.0,1,1,46.2
1,0,0,3,1,1264.880952,1,1,85.0
1,0,0,3,1,1100.070972,1,1,31.0
0,0,0,2,1,1118.039131,1,1,52.0
1,0,0,2,1,1005.025126,1,1,60.0
0,0,0,5,1,5714.285714,1,1,300.0
1,1,1,1,1,402.8461959,0,0,73.6
1,0,0,2,1,949.8480243,1,1,50.0
1,1,1,3,1,908.0,0,0,90.8
0,1,1,2,1,1089.588378,0,1,45.0
1,1,0,2,1,603.9638794,0,0,51.5
1,0,0,3,1,2100.6564550000003,1,1,48.0
1,0,0,1,1,600.0,1,1,87.0
0,0,0,3,1,2050.2306510000003,1,1,160.0
1,0,0,2,1,967.1672181,1,1,38.0
0,0,0,2,1,1120.134416,1,1,40.0
1,1,1,3,1,1600.0,0,1,480.0
1,0,1,3,1,1950.078003,1,1,250.0
0,0,1,2,1,1212.245737,1,1,59.0
1,0,0,3,1,1733.3333329999998,1,1,130.0
1,0,0,2,1,813.2974127,1,1,320.0
0,0,0,2,1,950.0805153,1,1,29.5
0,0,0,3,1,1340.388007,1,1,38.0
1,0,1,3,1,3061.536892,1,1,300.0
1,0,0,3,1,2060.015107,1,1,600.0
0,0,0,2,1,1006.289308,1,1,27.2
1,1,1,2,1,1325.966851,0,0,120.0
1,1,1,1,1,731.0475912,0,1,100.0
1,0,0,2,1,950.0351865,1,1,81.0
1,0,1,1,1,610.0217865000001,1,1,98.0
0,0,0,2,1,1230.198854,1,1,73.0
0,0,1,1,1,750.0,1,1,18.0
1,1,0,2,1,857.1428571,0,1,30.0
0,0,1,4,1,4100.761570000001,1,1,210.0
1,0,0,4,1,2949.852507,1,1,180.0
1,1,1,1,1,454.97686560000005,0,0,76.7
1,0,1,2,1,475.070555,1,1,20.2
0,0,0,3,1,1775.271512,1,1,85.0
0,0,0,2,1,1160.019069,1,1,73.0
0,0,0,2,1,1079.310345,1,1,62.6
1,0,0,3,1,1610.057345,1,1,73.0
1,0,1,3,1,1735.316552,1,1,91.0
0,0,0,2,1,1138.147567,1,1,58.0
0,0,0,1,1,630.0438907,1,1,44.5
0,0,1,2,1,1155.226022,1,1,48.3
0,0,0,2,1,1165.1816310000002,1,1,34.0
0,0,1,1,1,543.5630689,1,1,20.9
1,0,1,1,1,716.2297665,1,1,100.0
1,0,0,2,1,963.1728045,1,1,51.0
1,0,1,2,1,1224.860124,1,1,81.0
1,1,1,2,1,1092.436975,0,1,130.0
1,0,0,1,1,619.0800471,1,1,100.0
1,0,0,2,1,960.170697,1,1,27.0
0,0,0,3,1,1665.186501,1,1,75.0
0,0,0,2,1,1000.0,1,1,48.0
0,0,0,2,1,929.0226682,1,1,50.0
1,1,1,2,1,1022.399851,0,1,220.0
0,0,1,2,1,1019.084677,1,1,55.0
0,0,0,2,1,1314.800902,1,1,35.0
0,0,0,2,1,899.8875141000001,1,1,32.0
1,0,1,2,1,1294.964029,1,1,73.8
1,0,1,2,1,700.0030435,1,1,230.0
1,0,0,1,1,480.0529714,1,1,29.0
1,1,1,2,1,1225.086853,0,1,67.0
1,0,0,2,1,1100.173712,1,1,38.0
1,0,1,3,1,1157.894737,1,0,110.0
0,0,0,2,1,648.1036966,1,1,27.0
0,0,1,2,1,587.9208978999999,1,1,11.0
0,0,0,2,1,1000.0,1,1,35.0
1,0,1,1,1,719.9576496000001,1,1,68.0
0,0,0,3,1,1325.478645,1,1,36.0
1,0,0,1,1,625.0,1,1,25.0
0,0,0,2,1,909.9181074,1,1,40.0
1,0,1,2,1,1020.176831,1,1,45.0
1,0,0,4,1,3840.035109,1,1,1400.0
0,0,0,1,1,511.0336818,1,1,22.0
1,0,1,3,1,1200.0,1,1,24.0
1,0,0,3,1,1643.7742050000002,1,1,1320.0
1,0,0,3,1,1857.064018,1,1,67.3
1,0,1,3,1,1555.512347,1,1,160.0
1,0,1,2,1,1124.974432,1,1,110.0
0,0,1,2,1,1200.120012,1,1,80.0
0,0,0,3,1,1695.2488050000002,1,1,60.3
1,0,0,2,1,1338.2402140000002,1,1,160.0
0,0,0,2,1,1299.18337,1,1,35.0
1,0,0,3,1,1447.963801,1,1,80.0
0,0,0,2,1,950.209046,1,1,25.0
1,0,1,2,1,1445.85726,1,1,70.5
0,0,0,3,1,1410.437236,1,1,40.0
1,0,0,3,1,2000.0,1,1,1300.0
0,0,0,4,1,2500.0,1,1,350.0
0,0,0,2,1,1069.900143,1,1,30.0
0,0,0,3,1,1525.010167,1,1,75.0
0,0,1,3,1,1579.970831,1,1,32.5
1,0,0,3,1,1500.0,1,1,120.0
0,0,1,4,1,2366.666667,1,1,78.1
0,0,0,2,1,900.090009,1,1,30.0
1,0,0,3,1,3498.098859,1,1,690.0
0,0,1,1,1,584.8680936000001,1,1,23.5
1,0,1,3,1,2275.1403,1,1,150.0
0,0,0,2,1,1360.081605,1,1,40.0
0,0,0,3,1,1715.94509,1,1,65.0
0,0,0,2,1,1000.0,1,1,75.0
1,1,0,2,1,1174.934726,0,1,58.5
2,1,1,2,1,1165.892099,0,0,57.7
1,0,0,2,1,1262.907659,1,1,170.0
1,0,1,2,1,1040.068201,1,1,61.0
1,0,0,2,1,1100.038825,1,1,85.0
1,0,1,2,1,1239.473684,1,1,47.1
0,0,0,2,1,968.6866411,1,1,43.0
1,1,0,2,1,980.1009801,0,1,33.0
0,0,0,1,1,700.097688,1,1,21.5
2,1,1,1,1,565.1302605000001,0,0,14.1
0,0,0,1,1,344.4756315,1,1,13.5
1,1,0,2,1,723.0851633999999,0,1,54.0
0,0,0,3,1,1250.0,1,1,32.0
0,0,0,2,1,840.1453223999999,1,1,18.5
1,0,0,4,1,5092.00324,1,1,440.0
0,0,0,2,1,759.9901937000001,1,1,31.0
1,1,1,3,1,1410.029499,0,1,47.8
1,0,0,3,1,1340.083383,1,1,180.0
0,0,0,1,1,786.163522,1,1,35.0
1,0,0,3,1,1596.715328,1,1,35.0
1,0,1,3,1,1073.1916720000002,1,1,200.0
0,1,1,3,1,1578.947368,0,1,150.0
1,1,1,2,1,633.2533013,0,0,63.3
1,0,0,2,1,1084.864392,1,1,62.0
1,0,1,3,1,1649.52381,1,1,86.6
1,1,1,2,1,754.7169811000001,0,1,120.0
1,0,1,3,1,1476.01476,1,1,180.0
2,1,1,2,1,381.7768947,0,0,26.9
0,0,0,2,1,1100.244499,1,1,31.5
1,0,1,2,1,1211.680601,1,1,100.0
1,0,0,4,1,2014.189988,1,1,51.1
1,0,0,3,1,1390.02453,1,1,85.0
0,0,0,2,1,1250.0,1,1,93.0
1,0,0,3,1,1700.060716,1,1,84.0
1,0,0,3,1,2400.0,1,1,120.0
1,0,0,2,1,1273.133376,1,1,39.9
1,1,1,2,1,449.41800369999993,0,0,100.0
0,0,0,3,1,1295.336788,1,1,40.0
1,1,1,2,1,1100.110011,0,1,80.0
1,1,1,3,1,1857.142857,0,1,130.0
1,0,0,3,1,1086.229947,1,1,130.0
1,0,1,3,1,1293.103448,1,1,36.0
2,0,1,2,1,1173.156587,1,0,70.8
0,0,0,2,1,1250.0,1,1,18.0
1,0,0,2,1,1130.311615,1,1,39.9
1,1,0,2,1,1100.052383,0,1,42.0
1,1,1,2,1,527.0092227,0,1,100.0
0,0,0,2,1,800.0,1,1,40.0
1,0,0,5,1,2889.0450530000003,1,1,370.0
0,0,0,3,1,1200.192031,1,1,50.0
1,1,1,3,1,1850.029522,0,1,94.0
1,0,1,3,1,1944.981732,1,1,90.5
1,0,0,3,1,1500.205508,1,1,73.0
1,0,0,2,1,980.0718719,1,1,90.0
1,0,1,3,1,1350.007105,1,1,95.0
1,0,0,1,1,350.0093336,1,1,75.0
1,0,0,2,1,1214.697844,1,1,200.0
1,0,0,2,1,1305.158484,1,1,63.0
0,0,0,3,1,1700.111483,1,1,61.0
0,0,0,2,1,900.090009,1,1,50.0
1,0,0,1,1,575.0,1,1,46.0
0,0,0,3,1,1237.815256,1,1,80.0
1,0,1,3,1,1850.0,1,1,59.2
1,1,1,2,1,668.9282812999999,0,0,140.0
1,0,1,2,1,977.9614325,1,1,71.0
0,0,0,2,1,905.192949,1,1,38.0
0,0,0,3,1,1050.080775,1,1,78.0
0,0,0,2,1,949.7964722000002,1,1,35.0
0,0,0,3,1,1100.086281,1,1,51.0
1,0,0,3,1,1912.557397,1,1,95.8
1,0,0,3,1,1478.373144,1,1,45.8
1,1,1,2,1,1200.051066,0,1,94.0
0,0,0,3,1,1230.228471,1,1,56.0
0,0,0,3,1,1615.034503,1,1,110.0
1,0,0,3,1,1836.158192,1,1,130.0
1,0,1,3,1,1373.78183,1,1,43.7
1,0,1,2,1,1374.200872,1,1,230.0
0,0,0,2,1,1201.201201,1,1,32.0
1,0,1,2,1,1048.148148,1,1,28.3
1,0,0,5,1,7500.0,1,1,6900.0
1,1,1,2,1,1296.701516,0,1,160.0
0,0,0,1,1,740.0555042000001,1,1,16.0
1,0,0,2,1,1000.0,1,1,100.0
1,0,1,2,1,750.032329,1,1,58.0
1,0,1,2,1,915.1921904,1,1,30.0
0,0,0,2,1,1433.006926,1,1,120.0
1,0,1,3,1,1669.23472,1,1,130.0
1,0,1,3,1,1852.464439,1,1,56.0
0,0,1,2,1,1155.115512,1,1,84.0
1,0,0,3,1,1911.483605,1,1,130.0
1,0,0,3,1,1296.023564,1,1,88.0
1,0,0,4,1,2839.833396,1,1,300.0
0,0,0,1,1,700.1647446000001,1,1,25.5
0,0,0,2,1,1075.268817,1,1,42.0
1,0,0,2,1,1362.048894,1,1,58.5
0,0,0,3,1,1057.082452,1,1,40.0
1,1,0,2,1,1163.170163,0,1,49.9
0,0,1,2,1,900.2770082999999,1,1,13.0
1,1,1,2,1,1107.769424,0,0,88.4
0,0,0,1,1,609.8938333,1,1,27.0
0,0,0,2,1,872.6327516000001,1,1,23.5
0,0,0,2,1,1250.0,1,1,65.0
0,0,0,3,1,850.0647667999999,1,1,52.5
2,1,1,1,0,282.7763496,0,0,9.9
1,1,0,2,1,1125.443685,0,1,130.0
1,1,1,3,1,940.0535107,0,0,130.0
0,0,0,3,1,1816.403521,1,1,130.0
1,0,1,2,1,1035.018113,1,1,60.0
1,0,1,3,1,1649.450183,1,1,49.5
1,0,0,3,1,1948.473696,1,1,180.0
1,0,0,2,1,1250.0,1,1,110.0
1,0,0,1,1,690.1475488,1,1,29.0
0,0,0,2,1,1272.015656,1,1,65.0
0,0,0,3,1,1500.182949,1,1,82.0
1,1,1,2,1,969.6969697,0,1,160.0
1,0,1,2,1,1125.204583,1,1,55.0
1,0,0,1,1,600.0184621000001,1,1,130.0
1,0,0,3,1,1670.269208,1,1,85.0
1,0,0,2,1,891.4336652999999,1,1,520.0
0,0,1,3,1,1508.62069,1,1,35.0
1,1,1,3,1,1840.652117,0,1,140.0
1,0,1,1,1,598.1136416,1,1,26.0
1,0,1,1,1,392.7068724,1,1,14.0
0,0,1,3,1,1390.176089,1,1,75.0
1,1,1,2,1,1240.233164,0,1,100.0
1,0,1,2,1,1084.782609,1,1,49.9
1,0,1,2,1,1141.91461,1,1,180.0
1,0,0,2,1,824.5614035,1,1,47.0
0,0,1,3,1,2637.227844,1,1,86.0
1,0,0,1,1,630.0403226,1,1,50.0
1,0,0,2,1,1102.767421,1,1,210.0
1,0,0,2,1,1050.262566,1,1,28.0
1,0,0,1,1,600.0705965,1,1,34.0
0,1,0,9,1,6000.0,0,1,240.0
1,0,0,3,1,1731.601732,1,1,120.0
1,0,0,4,1,3158.559697,1,1,150.0
0,0,0,2,1,896.4955175000001,1,1,55.0
0,0,0,1,1,690.0878294,1,1,22.0
0,0,0,3,1,1340.140396,1,1,42.0
1,0,1,2,1,706.5806208,1,1,150.0
1,0,0,3,1,1200.0,1,1,33.0
1,0,1,2,1,1080.080235,1,1,140.0
0,0,0,2,1,1300.169587,1,1,23.0
0,0,0,3,1,1500.154655,1,1,97.0
1,0,0,2,1,1186.2396199999998,1,1,260.0
1,0,1,3,1,1565.495208,1,1,49.0
0,1,0,3,1,1275.045537,0,1,70.0
1,0,0,2,1,1001.221001,1,1,41.0
0,0,0,3,1,1196.911197,1,1,21.7
1,0,0,2,1,951.0869565,1,1,42.0
0,1,1,3,1,2071.638599,0,1,310.0
0,0,0,2,1,650.026001,1,1,25.0
1,0,1,3,1,1603.849238,1,1,140.0
0,0,0,2,1,1105.083384,1,1,55.0
2,1,1,2,1,1043.275274,0,0,58.1
0,0,0,2,1,1058.076652,1,1,45.0
0,0,0,3,1,1352.045182,1,1,79.0
1,0,0,4,1,3049.853372,1,1,260.0
0,0,0,2,1,1158.748552,1,1,40.0
1,1,0,2,1,849.9787505,0,1,80.0
0,0,1,3,1,1235.330451,1,1,20.0
1,0,0,4,1,2718.8689510000004,1,1,650.0
1,0,1,1,1,720.0338839,1,1,68.0
0,0,0,2,1,984.7640282,1,1,26.5
1,0,0,2,1,800.0,1,1,350.0
2,1,0,2,1,1003.448276,0,0,29.1
2,0,0,3,1,1664.926931,1,0,31.9
0,0,0,2,1,1180.040459,1,1,70.0
1,0,0,4,1,2200.282087,1,1,78.0
1,0,1,1,1,540.0795907,1,1,28.5
1,0,1,2,1,1090.1162789999998,1,1,60.0
1,0,1,2,1,1200.229161,1,1,41.9
0,0,0,2,1,950.0609013,1,1,39.0
1,0,0,5,1,5500.146671,1,1,750.0
1,0,0,3,1,1378.091873,1,1,31.2
1,0,0,2,1,1071.393786,1,1,110.0
0,0,1,2,1,1121.076233,1,1,65.0
1,1,1,3,1,1754.499968,0,1,270.0
0,0,0,2,1,958.9566552,1,1,75.0
0,0,0,1,1,590.1044031,1,1,26.0
1,1,1,1,1,471.0113899,0,0,110.0
1,0,0,3,1,1560.574949,1,1,38.0
0,0,0,2,1,830.0252616,1,1,23.0
1,0,0,3,1,2079.002079,1,1,270.0
0,0,0,3,1,1474.480151,1,1,39.0
1,0,1,3,1,2250.08036,1,1,70.0
0,0,0,1,1,750.0,1,1,30.0
1,1,1,3,1,2005.347594,0,1,120.0
2,0,0,2,1,1062.068966,1,0,46.2
1,0,0,3,1,1622.060016,1,1,100.0
1,1,0,2,1,1349.983125,0,0,120.0
0,0,0,2,1,957.008245,1,1,65.0
0,0,0,4,1,1704.918033,1,1,130.0
1,1,1,2,1,963.3333332999998,0,1,28.9
1,0,0,2,1,1000.0,1,1,280.0
2,1,1,1,1,783.1729693,0,0,35.0
1,0,0,3,1,2453.430259,1,1,270.0
0,0,0,4,1,1700.1020059999998,1,1,200.0
0,0,0,3,1,1690.140845,1,1,78.0
1,0,0,3,1,1450.21645,1,1,67.0
1,0,0,2,1,1800.055386,1,1,65.0
1,0,0,2,1,870.213824,1,1,35.0
0,0,0,3,1,1829.407729,1,1,80.0
0,0,0,3,1,1250.0,1,1,31.0
1,0,0,3,1,1697.970025,1,1,89.5
1,1,1,2,1,1043.478261,0,1,48.0
1,0,1,3,1,2011.158687,1,1,310.0
0,0,0,1,1,754.0603248,1,1,26.0
1,0,1,3,1,1800.379027,1,1,28.5
1,0,0,3,1,1173.6252550000002,1,1,46.1
1,0,0,2,1,900.0,1,1,180.0
0,0,0,3,1,1700.0,1,1,85.0
1,1,1,2,1,1079.76785,0,1,160.0
0,0,0,3,1,1900.170164,1,1,67.0
1,0,0,3,1,1557.522124,1,1,44.0
1,1,0,2,1,810.9642365,0,1,100.0
1,0,0,3,1,1364.285714,1,1,57.3
1,0,0,3,1,1540.332388,1,1,38.0
1,0,0,2,1,1270.894136,1,1,47.9
1,1,1,2,1,866.0008082999999,0,1,150.0
0,0,0,3,1,1200.300075,1,1,32.0
0,0,0,3,1,1890.359168,1,1,50.0
0,0,0,3,1,705.1803633999999,1,1,26.0
1,0,0,2,1,1050.019091,1,1,55.0
1,1,0,3,1,1600.0,0,1,64.0
1,0,0,3,1,1525.105584,1,1,65.0
1,0,1,2,1,1250.0,1,1,250.0
0,0,0,3,1,1346.04599,1,1,48.0
0,0,0,3,1,1388.888889,1,1,35.0
1,0,0,1,1,615.0061501,1,1,40.0
1,0,0,3,1,1275.00425,1,1,450.0
0,0,0,2,1,1215.092731,1,1,57.0
0,0,0,3,1,908.8843445,1,1,40.0
0,0,0,2,1,1100.352113,1,1,25.0
1,1,1,1,1,625.0,0,0,26.9
0,0,0,2,1,1055.011304,1,1,28.0
1,0,0,3,1,1460.31746,1,1,46.0
1,0,0,2,1,714.2857142999999,1,1,100.0
1,0,0,2,1,792.0,1,1,19.8
1,0,1,2,1,666.6666667000001,1,1,180.0
1,0,0,1,1,535.0242741999999,1,1,54.0
1,0,0,2,1,1014.816318,1,1,50.0
1,0,0,3,1,1677.202942,1,1,130.0
1,0,0,2,1,1257.142857,1,1,52.8
0,0,0,3,1,1651.300399,1,1,120.0
0,0,0,1,1,640.4782237000001,1,1,7.5
1,0,0,2,1,754.1263517000001,1,1,26.5
0,0,0,2,1,899.9653858999999,1,1,26.0
1,0,0,3,1,2500.0,1,1,120.0
0,0,0,2,1,1226.277372,1,1,42.0
0,0,0,3,1,2000.0,1,1,95.0
1,0,0,3,1,1425.313569,1,1,250.0
0,0,0,2,1,1000.0,1,1,19.5
0,1,0,2,1,650.1880709,0,1,12.1
0,0,1,2,1,855.1438196,1,1,33.0
1,0,0,3,1,1394.444444,1,1,75.3
0,0,1,2,1,900.2770082999999,1,1,26.0
1,0,0,3,1,1610.017889,1,1,45.0
1,0,0,3,1,1581.395349,1,1,170.0
1,0,0,2,1,760.0228007000001,1,1,160.0
1,0,1,4,1,1625.406352,1,0,130.0
1,0,0,3,1,1563.11059,1,1,200.0
0,0,1,2,1,1069.74754,1,1,25.0
1,1,1,3,1,645.8742632999999,0,1,26.3
0,0,0,2,1,1000.0,1,1,26.0
1,0,0,2,1,980.1214798,1,1,71.0
1,0,0,2,1,800.0,1,1,140.0
0,0,0,2,1,820.9080248,1,1,49.0
1,0,0,3,1,1950.0487510000005,1,1,260.0
0,1,1,2,1,770.0101317000001,0,1,38.0
1,0,0,2,1,1090.047393,1,1,92.0
1,0,0,2,1,1026.694045,1,1,220.0
0,0,0,2,1,1200.076805,1,1,62.5
0,0,0,3,1,1618.122977,1,1,55.0
1,1,1,3,1,1320.007543,0,1,210.0
1,1,0,2,1,1245.714286,0,1,43.6
1,0,0,2,1,1000.0,1,1,75.0
1,0,0,2,1,949.9307342,1,1,48.0
0,0,0,2,1,905.2504526,1,1,30.0
1,0,0,2,1,978.2608696,1,1,45.0
0,0,0,2,1,850.0188893,1,1,45.0
1,0,0,4,1,1975.035551,1,1,1000.0
0,0,0,3,1,1080.093054,1,1,65.0
2,1,1,2,1,1387.283237,0,0,62.4
1,0,1,2,1,985.915493,1,1,23.8
1,1,1,2,1,678.119349,0,1,120.0
0,0,0,1,1,37.68069607,1,1,16.5
1,0,0,2,1,980.1252382,1,1,72.0
0,0,0,3,1,1500.0,1,1,390.0
0,0,0,2,1,1200.082764,1,1,58.0
1,0,0,3,1,1400.124456,1,1,90.0
0,0,0,2,1,1000.0,1,1,89.0
1,1,0,1,1,385.0473287,0,1,24.0
0,0,0,1,1,675.1389992000001,1,1,17.0
1,0,0,2,1,952.3809524,1,1,100.0
0,0,0,2,1,1402.810925,1,1,52.9
1,0,0,3,1,1501.952538,1,1,250.0
0,0,0,3,1,1555.209953,1,1,80.0
1,1,1,3,1,1901.769472,0,1,230.0
1,0,0,3,1,1889.106968,1,1,77.0
1,0,0,2,1,1112.055532,1,1,78.5
2,1,1,3,1,1660.114908,0,0,54.9
0,0,0,2,1,840.1084011,1,1,31.0
0,0,0,2,1,760.0116925,1,1,26.0
0,0,0,2,1,1151.953084,1,1,110.0
1,1,0,1,1,350.0102944,0,1,85.0
0,0,1,2,1,890.1476836,1,1,44.0
1,0,1,1,1,710.0181834,1,1,82.0
1,0,1,2,1,1075.011945,1,1,90.0
0,0,1,2,1,1300.0,1,1,58.5
1,0,1,1,1,600.0,1,1,66.0
1,0,0,1,1,305.0397878,1,1,23.0
1,1,0,2,1,1071.811361,0,1,190.0
0,0,0,2,1,1170.177198,1,1,35.0
1,0,0,3,1,2132.082512,1,1,400.0
1,0,1,2,1,1007.204823,1,1,68.5
1,0,0,3,1,1611.7216119999998,1,1,110.0
1,0,0,3,1,1500.0,1,1,60.0
0,0,0,3,1,630.1502666,1,1,26.0
1,0,0,3,1,1646.944004,1,1,270.0
1,1,1,2,1,731.4344721,0,0,170.0
0,0,0,3,1,1800.411523,1,1,70.0
1,0,0,3,1,1499.18633,1,1,73.7
1,0,0,2,1,850.0772798,1,1,22.0
1,0,1,3,1,1650.260567,1,1,57.0
1,1,1,3,1,1000.0,0,1,29.5
1,0,0,1,1,650.0171057,1,1,95.0
1,0,0,3,1,1445.0867050000002,1,1,110.0
1,0,0,2,1,1033.005795,1,1,41.0
1,0,0,2,1,1039.996533,1,1,240.0
0,0,0,2,1,625.0,1,1,25.0
1,1,1,2,1,47543.50305,0,0,9590.0
0,0,0,2,1,815.2173912999999,1,1,27.0
1,0,1,3,1,906.0159459,1,0,150.0
0,0,0,2,1,1206.015891,1,1,85.0
1,0,0,2,1,950.0662837,1,1,43.0
1,0,0,2,1,1110.083256,1,1,60.0
0,0,0,3,1,1300.178775,1,1,80.0
1,1,1,4,1,3246.753247,0,1,250.0
1,0,0,1,1,600.0738552,1,1,32.5
0,0,0,1,1,758.2515611,1,1,17.0
1,0,0,2,1,1240.096452,1,1,36.0
1,0,0,3,1,1300.027858,1,1,140.0
0,0,0,2,1,1100.535396,1,1,18.5
0,0,1,2,1,809.5854922,1,1,100.0
1,0,1,2,1,1060.113239,1,1,88.0
0,0,1,2,1,1112.126752,1,1,73.0
1,0,1,2,1,1188.888889,1,1,32.1
1,1,1,1,1,690.0397296,0,1,99.0
1,0,0,3,1,1377.777778,1,1,310.0
1,0,0,2,1,1194.872909,1,1,110.0
1,1,0,3,1,1874.819729,0,1,130.0
0,0,0,2,1,800.0,1,1,60.0
0,0,1,2,1,1222.034217,1,1,130.0
1,0,1,3,1,1773.529412,1,1,60.3
1,1,1,4,1,3174.603175,0,0,200.0
1,0,1,3,1,2050.306489,1,1,97.0
0,0,0,3,1,1500.272777,1,1,55.0
0,0,0,2,1,1230.0123,1,1,70.0
1,0,0,3,1,1849.894292,1,1,140.0
1,0,1,4,1,4544.716767,1,1,280.0
1,1,0,3,1,1484.431571,0,1,41.0
1,0,0,3,1,1955.05618,1,1,87.0
2,0,0,3,1,1558.872305,1,0,47.0
1,0,0,3,1,1860.465116,1,1,48.0
0,0,0,3,1,1968.048159,1,1,170.0
1,0,1,3,1,1348.016342,1,1,650.0
1,0,0,2,1,599.6863179,1,0,65.0
1,0,0,3,1,1400.180668,1,0,62.0
1,0,0,1,1,789.8894155,1,1,25.0
1,0,0,2,1,1000.0,1,1,80.0
0,0,0,2,1,1000.0,1,1,55.0
1,0,1,1,1,480.009366,1,1,82.0
1,1,1,1,1,718.8653585,0,1,37.0
0,0,0,1,1,579.0772736,1,1,30.5
0,0,0,2,1,1104.041916,1,1,59.0
1,0,1,2,1,990.0990099,1,1,40.0
1,0,1,1,1,691.1111111,1,1,31.1
1,0,0,2,1,1280.267186,1,1,46.0
0,0,0,2,1,1207.906296,1,1,33.0
1,0,1,4,1,2357.142857,1,0,330.0
0,0,0,3,1,1275.045537,1,1,70.0
0,0,0,2,1,1020.042949,1,1,57.0
1,1,0,3,1,1649.9835,0,1,150.0
1,0,0,3,1,1625.840017,1,1,150.0
1,0,0,3,1,1740.166865,1,1,73.0
0,0,0,1,1,780.141844,1,1,22.0
1,0,0,2,1,1205.121768,1,1,48.0
0,0,1,2,1,667.9190147999999,1,1,32.0
1,0,1,2,1,1314.857894,1,1,130.0
1,0,1,1,1,477.5734108,1,1,14.8
0,1,1,2,1,708.5561497,0,1,21.2
1,1,0,3,1,1509.677419,0,1,46.8
1,0,0,3,1,1488.095238,1,1,120.0
0,0,0,3,1,1500.214316,1,1,70.0
1,0,0,3,1,1748.863239,1,1,150.0
0,0,0,3,1,1870.07874,1,1,95.0
0,1,0,3,1,1405.025669,0,1,52.0
0,0,0,2,1,1000.0,1,1,38.0
1,0,0,4,1,4000.0,1,1,1400.0
1,0,0,2,1,1176.75901,1,1,48.0
0,1,1,3,1,2428.571429,0,1,170.0
0,0,0,3,1,1694.915254,1,1,110.0
1,0,0,2,1,1180.124224,1,1,57.0
0,0,0,1,1,447.295423,1,1,12.9
1,0,0,2,1,1078.008624,1,1,110.0
1,0,0,2,1,620.0676437000001,1,1,16.5
1,0,0,3,1,1444.043321,1,1,100.0
1,1,1,2,1,1176.93213,0,1,180.0
1,0,0,3,1,1350.078493,1,1,43.0
1,0,0,1,1,595.0391121,1,1,89.0
1,1,0,3,1,823.6842105000001,0,1,31.3
0,0,0,3,1,1962.708538,1,1,60.0
1,0,0,3,1,1400.329489,1,1,34.0
0,0,0,2,1,1614.391144,1,1,35.0
1,0,1,3,1,1329.626496,1,1,110.0
1,0,0,3,1,1586.629998,1,1,150.0
1,0,0,1,1,680.0,1,1,51.0
1,1,0,3,1,2012.072435,0,1,180.0
0,0,0,2,1,1330.304997,1,1,41.0
2,1,1,3,1,876.3432723,0,0,57.9
0,0,0,3,1,1460.12046,1,1,80.0
0,0,0,3,1,1800.411523,1,1,70.0
1,1,1,3,1,1388.406803,0,1,120.0
1,0,0,2,1,925.0123335,1,1,75.0
1,0,0,1,1,650.1011268,1,1,22.5
0,0,0,2,1,960.0614439,1,1,75.0
1,0,0,2,1,1000.0,1,1,64.0
1,0,0,2,1,1028.066207,1,1,100.0
0,0,0,2,1,916.1237785,1,1,45.0
1,0,0,4,1,2818.7919460000003,1,0,210.0
0,0,0,2,1,1300.264869,1,1,54.0
1,0,0,2,1,900.0276932,1,1,130.0
1,0,0,3,1,1500.150015,1,1,100.0
1,0,1,4,1,2748.385324,1,1,200.0
1,0,0,2,1,1135.169224,1,1,54.0
0,0,0,2,1,5407.493240999999,1,1,140.0
1,0,0,2,1,907.6606559,1,1,150.0
0,0,1,2,1,1071.428571,1,1,19.5
0,0,0,2,1,1095.181203,1,1,55.0
1,0,0,3,1,2064.338552,1,1,120.0
1,0,0,2,1,1150.0261369999998,1,1,44.0
1,0,0,4,1,934.7919456,1,1,370.0
1,0,0,2,1,1062.910474,1,1,61.5
1,0,1,2,1,1343.1706390000002,1,1,71.0
1,0,1,4,1,2350.42735,1,1,99.0
0,0,0,3,1,1750.2917149999998,1,1,90.0
1,1,1,2,1,1070.137383,0,1,29.6
0,0,0,1,1,649.6881497,1,1,12.5
0,0,0,2,1,919.8423127,1,1,35.0
1,0,0,4,1,2500.0,1,1,850.0
0,0,0,3,1,1149.718958,1,1,45.0
1,0,1,3,1,2235.213205,1,1,130.0
0,0,0,2,1,1079.429735,1,1,26.5
1,0,1,2,1,1095.0,1,0,65.7
0,0,0,2,1,959.7806216,1,1,31.5
1,0,0,4,1,3265.795788,1,0,490.0
1,1,1,1,1,716.0268129,0,1,94.0
1,0,1,3,1,1472.166331,1,1,43.9
1,0,0,2,1,1074.58604,1,1,220.0
0,0,0,2,1,1343.201754,1,1,49.0
0,0,0,2,1,931.01989,1,1,22.0
1,0,0,2,1,1125.028996,1,1,97.0
1,0,1,2,1,1430.064353,1,1,260.0
1,0,0,3,1,1217.603285,1,1,94.9
1,0,1,2,1,1216.037597,1,1,82.8
1,0,0,3,1,1349.527665,1,1,30.0
0,0,1,2,1,1373.880827,1,1,89.0
0,0,0,3,1,1850.481125,1,1,50.0
0,0,0,3,1,1684.670782,1,1,65.5
1,0,0,3,1,1043.364852,1,1,160.0
0,0,0,2,1,800.0,1,1,40.0
1,0,1,3,1,1725.3774260000002,1,1,48.0
0,0,0,3,1,1100.110011,1,1,40.0
1,0,0,3,1,1860.032551,1,1,160.0
1,0,1,2,1,963.2495164,1,1,24.9
1,0,0,3,1,1666.042681,1,1,89.0
0,0,0,2,1,1179.245283,1,1,55.0
1,0,0,2,1,1138.495093,1,1,52.2
1,1,1,2,1,600.0,0,1,54.0
1,0,0,2,1,1000.0,1,1,120.0
0,0,0,2,1,1041.214751,1,1,48.0
1,0,0,4,1,3000.0,1,1,2250.0
0,0,0,2,1,1165.113182,1,1,35.0
0,0,0,2,1,1200.0,1,1,45.0
1,0,0,3,1,1982.553529,1,1,150.0
0,0,0,2,1,1200.0,1,1,45.0
1,0,0,3,1,1850.13876,1,1,100.0
1,1,1,2,1,973.8933031,0,1,42.9
1,0,0,3,1,1040.9437890000002,1,1,60.0
0,1,1,3,1,1689.5969100000002,0,1,140.0
0,0,0,3,1,1536.21068,1,1,63.0
1,0,0,3,1,1562.907007,1,1,120.0
0,0,0,3,1,3520.261973,1,1,430.0
1,0,0,3,1,1082.055906,1,1,60.0
0,0,1,2,1,990.0990099,1,1,43.0
1,0,1,2,1,920.2453988,1,1,25.5
1,0,1,3,1,1373.815084,1,1,100.0
1,0,0,2,1,1081.081081,1,1,20.0
1,1,0,4,1,2967.35905,0,1,180.0
1,0,0,3,1,1342.539317,1,1,210.0
1,0,0,2,1,1114.206128,1,1,100.0
0,1,1,2,1,984.9362688,0,1,85.0
1,0,0,5,1,2500.0,1,1,450.0
1,0,0,2,1,900.2250562999999,1,1,24.0
0,0,0,2,1,906.0315817,1,1,35.0
0,0,0,2,1,1205.134923,1,1,46.0
1,1,1,2,1,852.5345622000001,0,0,37.0
0,1,1,2,1,1185.050137,0,1,52.0
0,0,0,3,1,2365.664076,1,1,140.0
1,0,1,3,1,1535.390757,1,1,100.0
0,0,0,2,1,946.8497008,1,1,26.9
1,0,1,3,1,3113.2230050000003,1,1,190.0
1,0,1,3,1,1610.526316,1,1,61.2
1,1,1,2,1,700.0736919999999,0,1,38.0
1,0,1,2,1,1059.322034,1,1,130.0
1,0,0,2,1,1100.151745,1,1,58.0
1,0,0,3,1,1660.210293,1,1,60.0
1,1,1,2,1,606.575276,0,0,100.0
1,0,0,2,1,1224.862888,1,1,33.5
1,0,0,2,1,1135.159679,1,1,75.0
1,0,0,3,1,1454.449293,1,1,110.0
0,0,0,3,1,2000.0,1,1,140.0
1,0,0,2,1,1150.086256,1,1,120.0
0,0,0,2,1,1100.173712,1,1,57.0
1,0,0,3,1,1456.157012,1,1,92.0
0,0,0,2,1,1149.802891,1,1,35.0
1,0,1,3,1,1258.162128,1,1,79.0
0,0,0,2,1,1020.03643,1,1,28.0
1,0,1,2,1,1425.081433,1,1,35.0
0,0,0,1,1,570.0325732999999,1,1,17.5
0,0,0,2,1,8998.875141,1,0,80.0
0,0,0,3,1,1087.087813,1,1,90.0
1,0,0,3,1,1600.0,1,1,110.0
0,0,0,2,1,869.7079094000001,1,1,26.5
1,0,0,2,1,1064.509261,1,1,150.0
1,1,0,2,1,869.6741855,0,0,34.7
0,0,0,2,1,1300.091771,1,1,85.0
0,0,0,2,1,1100.110011,1,1,40.0
0,0,0,1,1,500.0,1,1,13.0
0,1,0,1,1,754.1046201,0,1,39.5
1,0,0,3,1,1950.100373,1,1,340.0
0,0,0,2,1,1171.193621,1,1,47.0
1,0,0,3,1,1600.170685,1,1,75.0
1,1,1,2,1,720.9077072000001,0,1,52.1
1,1,0,2,1,1104.347826,0,1,50.8
1,1,1,1,1,651.5151515,0,0,43.0
1,0,0,3,1,67454.54545,1,0,7420.0
0,0,0,2,1,1092.150171,1,1,32.0
1,0,0,2,1,863.9648131000001,1,1,55.0
1,0,1,2,1,1189.031243,1,1,52.9
1,0,0,2,1,959.8771357,1,1,50.0
1,0,0,3,1,1515.151515,1,1,140.0
0,0,1,2,1,1181.047659,1,1,85.0
1,0,1,2,1,1248.129303,1,1,41.7
0,0,0,1,1,494.0711462,1,1,20.0
0,0,0,3,1,1720.4301079999998,1,1,40.0
1,1,0,2,1,971.4285714,0,1,170.0
0,0,0,2,1,1049.748973,1,1,23.0
0,0,0,3,1,1162.166994,1,1,65.0
1,0,0,3,1,2200.1365600000004,1,1,290.0
1,0,0,2,1,938.0863038999998,1,1,100.0
2,1,1,2,1,642.4678186000001,0,0,55.4
1,0,0,4,1,2330.166697,1,1,130.0
0,0,0,2,1,1349.693252,1,1,55.0
0,1,1,2,1,902.119982,0,1,20.0
0,0,0,5,1,2445.302445,1,1,95.0
1,0,0,3,1,1650.165017,1,1,140.0
1,0,0,3,1,1577.702703,1,1,46.7
1,0,0,2,1,1000.0,1,1,92.0
0,0,0,1,1,289.017341,1,1,8.0
1,0,0,3,1,1668.422901,1,1,95.0
1,1,0,3,1,1291.364003,0,1,32.0
1,1,0,3,1,1289.14405,0,1,49.4
1,0,0,3,1,1479.681979,1,1,67.0
1,0,1,2,1,771.7750827000001,1,0,210.0
0,0,0,3,1,950.0285009,1,1,50.0
1,0,0,3,1,1700.087184,1,1,78.0
1,0,1,2,1,1072.386059,1,1,28.0
1,0,0,1,1,410.0161078,1,1,28.0
1,0,0,1,1,548.0905232999999,1,1,31.0
0,0,0,1,1,550.0868558,1,1,19.0
1,1,1,2,1,1116.4867880000002,0,1,120.0
0,0,0,2,1,750.0,1,1,12.0
0,0,0,1,1,250.0,1,1,6.0
1,0,0,1,1,650.026001,1,1,50.0
1,0,1,3,1,1779.359431,1,1,85.0
1,0,1,2,1,1395.139514,1,1,93.0
1,0,0,3,1,1970.021413,1,1,92.0
1,0,0,3,1,1664.145234,1,1,110.0
0,0,0,3,1,2601.908066,1,1,270.0
0,1,0,3,1,1681.870011,0,0,59.0
1,0,1,1,1,630.1050175,1,1,27.0
0,1,0,2,1,1224.707135,0,1,46.0
0,1,0,2,1,869.8561392000001,0,1,26.0
1,1,1,2,1,640.556369,0,0,140.0
1,1,0,2,1,1051.082615,0,1,100.0
0,0,0,3,1,1740.139211,1,1,120.0
1,0,1,3,1,1280.150923,1,1,95.0
1,0,0,2,1,1200.120012,1,1,40.0
1,0,0,3,1,2600.104004,1,1,250.0
0,0,1,4,1,2922.333371,1,1,260.0
1,0,0,2,1,819.6721311000001,1,1,24.0
1,1,1,3,1,912.0620202,0,0,240.0
0,0,0,2,1,1050.105011,1,1,70.0
1,0,1,4,1,4355.155943,1,1,310.0
1,0,0,2,1,900.0,1,1,90.0
0,0,1,2,1,810.0810081000001,1,1,45.0
0,1,0,2,1,839.8656215,0,1,30.0
1,0,1,3,1,2151.378838,1,1,220.0
0,0,0,2,1,1000.0,1,1,38.0
1,1,1,1,1,688.0089862000001,0,1,49.0
0,0,1,2,1,1100.146199,1,1,60.2
1,0,0,3,1,1350.09311,1,1,58.0
0,0,0,1,1,444.0855874,1,1,22.0
0,0,1,1,1,705.0705071000001,1,1,23.5
0,0,0,2,1,1099.908341,1,1,48.0
1,0,1,2,1,1511.97953,1,1,130.0
0,0,0,2,1,983.4834835,1,1,26.2
1,1,1,2,1,740.0555042000001,0,1,64.0
0,0,0,2,1,815.0248051,1,1,23.0
1,0,1,2,1,1121.1832060000002,1,1,47.0
1,1,1,3,1,1644.230769,0,1,85.5
1,1,0,2,1,511.9953188999999,0,0,35.0
1,0,0,3,1,1230.0123,1,1,90.0
0,0,0,3,1,1300.0,1,1,65.0
1,0,0,3,1,1498.229365,1,1,55.0
1,0,0,3,1,1608.687975,1,1,91.1
1,1,1,2,1,495.1768489,0,0,77.0
0,0,0,2,1,1195.219124,1,1,51.0
1,0,0,2,1,1194.678251,1,1,44.0
1,0,1,2,1,1250.0,1,1,44.0
1,0,0,3,1,1384.083045,1,1,52.0
0,0,0,2,1,1150.012778,1,1,45.0
1,1,1,3,1,1938.361719,0,1,71.7
1,1,1,1,1,330.0043422,0,1,76.0
1,0,0,3,1,2209.131075,1,1,270.0
0,0,0,1,1,520.069808,1,1,14.9
1,1,0,3,1,2034.070684,0,1,320.0
0,0,1,3,1,1555.869873,1,1,110.0
1,0,0,2,1,875.0341810000001,1,1,160.0
0,0,0,2,1,899.8119796,1,1,33.5
1,0,0,2,1,663.4159286,1,1,200.0
1,1,1,1,1,445.8917836,0,0,44.5
0,0,0,1,1,700.0538502999999,1,1,13.0
0,1,0,1,1,350.1094092,0,1,8.0
0,0,0,1,1,596.0896518999999,1,1,25.0
1,0,0,2,1,1250.0,1,1,30.0
0,0,1,2,1,1267.159451,1,1,60.0
0,0,1,2,1,1258.257314,1,1,40.0
0,0,1,2,1,792.0792079,1,1,28.0
1,0,0,3,1,1517.2413789999998,1,1,110.0
0,0,0,2,1,640.0487656,1,1,21.0
2,1,1,2,1,686.8956319,0,0,20.6
0,0,0,2,1,770.156438,1,1,32.0
1,1,1,2,1,1159.971046,0,1,64.1
0,0,0,3,1,1167.315175,1,1,30.0
0,0,0,1,1,565.0715169,1,1,32.0
1,0,0,1,1,680.0077715,1,1,35.0
0,0,0,2,1,1039.799211,1,1,29.0
0,1,0,3,1,1637.692114,0,1,65.0
0,0,0,4,1,2050.149819,1,1,130.0
0,0,0,2,1,899.820036,1,1,30.0
1,0,0,2,1,1200.0,1,1,75.0
1,0,0,2,1,1085.714286,1,1,30.4
0,0,0,2,1,720.1355549,1,1,25.5
1,0,1,2,1,701.2324692000001,1,1,16.5
1,0,0,4,1,3214.091915,1,1,770.0
1,0,0,2,1,1000.0,1,1,180.0
0,0,1,3,1,1877.199844,1,1,48.0
1,0,1,2,1,1069.887834,1,1,62.0
2,0,0,3,1,2363.636364,1,0,130.0
1,0,1,2,1,880.400921,1,1,130.0
1,1,1,3,1,1399.951726,0,1,290.0
1,0,1,2,1,1150.0261369999998,1,1,66.0
0,0,0,3,1,1833.333333,1,1,110.0
1,1,1,1,1,373.1425427,0,0,33.9
1,0,1,2,1,1214.798454,1,1,110.0
0,0,0,3,1,1340.206186,1,1,52.0
1,0,1,2,1,1431.107167,1,1,64.5
1,1,1,2,1,569.3199789,0,0,43.2
0,0,0,2,1,890.0316456,1,1,45.0
0,0,0,3,1,1449.912127,1,1,33.0
1,0,0,3,1,1376.215408,1,1,36.8
1,0,1,2,1,684.0881105000001,1,1,150.0
1,0,0,2,1,1099.908341,1,1,48.0
0,0,0,3,1,1562.202324,1,1,82.0
1,1,0,2,1,849.2601726,0,1,55.1
1,0,0,2,1,1141.552511,1,1,120.0
0,0,0,2,1,850.0991782,1,1,30.0
1,0,1,1,1,600.0,1,1,31.5
1,0,0,3,1,67422.81033,1,0,7490.0
0,0,0,2,1,784.9293564,1,1,30.0
2,1,1,1,0,419.6078431,0,0,10.7
0,0,0,2,1,998.0582524,1,0,25.7
0,0,0,2,1,850.2289078,1,1,13.0
0,0,0,2,1,800.0,1,1,35.0
0,0,0,2,1,1150.909091,1,1,63.3
1,1,0,2,1,1013.847676,0,1,41.0
0,0,0,2,1,1000.0,1,1,32.0
0,0,0,1,1,625.0,1,1,35.0
0,0,0,2,1,990.0990099,1,1,25.0
1,0,0,3,1,1500.0789519999998,1,1,95.0
1,0,1,2,1,1089.045484,1,1,85.0
0,0,0,2,1,295.033601,1,1,18.0
1,0,0,3,1,1695.274423,1,1,80.0
0,0,0,2,1,1349.163519,1,1,50.0
1,0,0,5,1,4074.630066,1,1,380.0
1,0,0,3,1,1136.076748,1,1,90.0
0,0,0,2,1,1411.859621,1,1,70.0
1,1,1,3,1,1772.297104,0,1,61.8
1,0,0,1,1,660.0369621,1,1,75.0
1,1,1,2,1,512.1996647,0,1,110.0
0,1,1,2,1,854.8632219000001,0,1,45.0
1,1,1,3,1,1935.796096,0,0,120.0
1,0,0,3,1,2638.888889,1,1,190.0
1,0,1,2,1,1119.068935,1,1,50.0
1,0,0,2,1,1100.110011,1,1,40.0
0,0,0,3,1,1268.115942,1,1,70.0
0,0,1,2,1,1100.151745,1,1,58.0
1,1,1,1,1,665.0750341,0,1,39.0
1,0,0,2,1,1000.0,1,1,77.0
0,0,1,2,1,1123.404255,1,1,52.8
1,1,1,3,1,1369.141654,0,1,130.0
1,0,0,2,1,802.2999265,1,1,240.0
0,1,1,2,1,867.9706601,0,1,35.5
1,0,1,2,1,761.0112067000001,1,1,58.4
0,0,0,2,1,743.9972946,1,1,44.0
1,0,0,4,1,2167.8155460000003,1,1,91.2
0,0,0,1,1,549.8533723999999,1,1,15.0
1,0,1,2,1,619.3228737000001,1,1,210.0
0,0,0,3,1,1760.150199,1,1,75.0
1,0,0,3,1,1704.121845,1,1,160.0
1,1,0,2,1,1000.0,0,1,22.0
1,0,1,1,1,649.0599821000001,1,1,14.5
0,0,0,2,1,910.1251422,1,1,40.0
1,0,0,2,1,1020.10201,1,1,68.0
0,0,0,1,1,699.9125109,1,1,32.0
1,1,0,3,1,1358.300184,0,1,280.0
1,0,0,2,1,1147.081315,1,1,45.0
1,1,1,1,1,485.790072,0,0,64.1
1,0,1,2,1,848.7179487,1,0,33.1
0,1,0,3,1,1600.0,0,1,90.0
1,0,0,1,1,645.0645065,1,1,43.0
0,0,0,1,1,390.1895206,1,1,7.0
0,0,0,2,1,1000.0,1,1,28.0
0,1,0,3,1,1317.829457,0,1,68.0
0,0,0,4,1,2775.574941,1,1,280.0
0,0,0,2,1,860.2890571,1,1,25.0
1,0,0,2,1,1273.209549,1,1,48.0
1,0,0,2,1,900.0321439999999,1,1,28.0
0,0,0,3,1,1330.082022,1,1,60.0
2,1,1,2,1,700.0,0,0,24.5
1,0,0,3,1,1460.08077,1,1,47.0
1,0,0,1,1,589.9060519999999,1,1,27.0
1,0,0,3,1,1830.065359,1,1,140.0
2,0,1,1,1,351.8728717,1,0,15.5
1,0,0,3,1,1728.2277190000002,1,1,51.0
1,0,0,5,1,3220.538873,1,1,710.0
1,0,1,3,1,1584.90566,1,1,420.0
1,1,0,3,1,1243.7810949999998,0,1,130.0
1,0,1,2,1,878.3255086000001,1,1,44.9
1,0,0,3,1,1790.28133,1,1,84.0
1,0,0,2,1,1217.857143,1,1,34.1
1,1,0,2,1,724.2424242000001,0,1,23.9
1,0,0,2,1,959.9561162999998,1,1,35.0
0,0,0,2,1,990.3441446,1,1,40.0
0,0,0,2,1,898.1818182,1,1,24.7
1,0,0,2,1,999.3661525,1,1,47.3
0,0,0,2,1,1500.272777,1,1,55.0
1,0,1,2,1,1099.494098,1,1,32.6
1,1,1,3,1,907.5708314,0,0,97.7
0,0,0,2,1,974.025974,1,1,66.0
0,0,0,2,1,861.1410117999999,1,1,40.0
0,0,0,2,1,760.0434311,1,1,28.0
1,0,0,3,1,2160.186108,1,1,65.0
0,0,0,2,1,700.0321853999999,1,1,43.5
0,0,1,3,1,1430.123099,1,1,39.5
0,0,0,2,1,914.8572822999998,1,1,37.5
1,0,0,1,1,519.4805195,1,1,14.4
1,1,1,1,1,402.9475408,0,0,68.9
0,0,0,4,1,4300.363877000001,1,1,130.0
1,0,0,2,1,950.0609013,1,1,78.0
0,0,0,2,1,1026.260187,1,1,34.0
1,1,0,3,1,1250.0,0,1,86.0
1,0,0,4,1,2830.674215,1,1,220.0
1,0,0,2,1,1000.0,1,1,55.0
0,0,0,3,1,1270.772239,1,1,65.0
0,1,1,2,1,1100.323625,0,1,34.0
1,0,1,3,1,1459.854015,1,1,78.0
0,0,0,1,1,520.0308166,1,1,13.5
1,0,0,3,1,2121.504339,1,1,110.0
1,0,0,2,1,1073.333333,1,1,48.3
1,0,1,2,1,1040.014102,1,1,59.0
1,0,1,2,1,1283.370859,1,1,39.9
1,1,1,2,1,1120.0,0,1,42.0
1,1,0,2,1,898.2182083999999,0,1,36.8
0,0,0,2,1,1022.625591,1,1,80.0
1,0,1,3,1,1836.210062,1,1,100.0
1,0,1,4,1,3596.146017,1,1,530.0
1,0,0,3,1,1482.799526,1,1,150.0
1,0,1,1,1,670.0738217,1,1,59.0
1,0,1,3,1,1328.050713,1,1,41.9
0,0,0,3,1,1230.068337,1,1,54.0
1,0,1,2,1,988.372093,1,1,23.8
1,0,1,3,1,1320.1933800000002,1,1,71.0
1,0,1,2,1,453.0011325,1,1,120.0
1,0,0,3,1,1555.159566,1,1,96.0
1,0,0,3,1,1258.125393,1,1,120.0
1,1,1,2,1,709.9121484,0,0,160.0
1,0,1,3,1,1515.151515,1,1,93.0
0,0,0,2,1,1284.796574,1,1,36.0
1,0,1,3,1,1380.5220880000002,1,1,110.0
1,0,0,2,1,1020.14125,1,1,39.0
1,0,0,2,1,995.0248756,1,1,60.0
1,1,1,3,1,740.2195328,0,1,26.3
1,0,0,3,1,2365.264403,1,1,140.0
1,1,1,2,1,1170.0468019999998,0,1,90.0
0,0,1,3,1,1530.328325,1,1,55.0
0,0,0,4,1,1895.016108,1,1,100.0
1,0,1,2,1,478.3648619,1,1,22.0
1,0,0,6,1,4166.666667,1,1,220.0
1,0,1,3,1,1285.176158,1,1,58.0
1,1,0,6,1,3740.182022,0,1,300.0
1,0,1,3,1,1710.0236489999998,1,1,94.0
0,1,1,2,1,1129.943503,0,1,50.0
0,0,0,2,1,1040.149782,1,1,50.0
1,1,1,2,1,1050.15674,0,1,67.0
1,0,0,3,1,1700.1545600000002,1,1,55.0
0,0,0,2,1,994.3714822,1,1,15.9
0,0,0,2,1,1190.23603,1,1,59.0
1,0,0,3,1,2000.0,1,1,82.0
1,0,0,3,1,1802.3014,1,1,260.0
1,0,0,3,1,1378.478504,1,1,320.0
0,0,0,2,1,1123.374064,1,1,28.5
0,0,0,2,1,1026.045777,1,1,52.0
0,0,1,3,1,1591.005515,1,1,150.0
0,0,0,2,1,1100.352113,1,1,25.0
0,0,0,1,1,610.0422337,1,1,65.0
1,0,0,2,1,990.0990099,1,1,88.0
1,0,0,2,1,1200.0,1,1,48.0
0,0,1,3,1,1224.977592,1,1,41.0
1,0,1,1,1,594.0033943,1,1,31.5
1,1,1,1,1,445.9805998,0,1,80.0
1,1,0,1,1,710.0012241000001,0,1,58.0
0,0,0,2,1,986.1932939,1,1,45.0
1,0,0,2,1,950.0,1,1,38.0
0,0,0,2,1,770.0770077000001,1,1,35.0
1,0,0,3,1,2536.023055,1,1,220.0
1,0,0,3,1,2806.24695,1,1,230.0
1,0,0,2,1,896.4388047,1,1,21.9
1,1,1,2,1,1168.861529,0,1,150.0
2,0,0,3,1,753.8461538,1,0,4.9
0,0,0,2,1,1200.0,1,1,42.0
1,0,1,4,1,2707.000981,1,1,800.0
1,0,0,2,1,970.1202949,1,1,75.0
1,0,0,7,1,3405.865658,1,1,180.0
1,1,1,2,1,965.7170449,0,1,160.0
1,0,1,3,1,1468.109401,1,1,270.0
1,0,0,2,1,1084.01084,1,1,68.0
0,0,0,2,1,1180.173092,1,1,30.0
1,0,0,2,1,800.0,1,1,25.0
1,0,0,3,1,2187.103147,1,1,310.0
1,0,0,3,1,2133.160957,1,1,99.0
1,1,1,2,1,1076.848952,0,1,44.7
1,0,0,4,1,3586.678053,1,1,210.0
1,0,0,2,1,1206.071948,1,1,58.0
1,1,1,3,1,1261.034048,0,1,280.0
1,0,1,3,1,1021.053143,1,0,210.0
0,0,0,2,1,9904.153355,1,1,31.0
0,0,0,2,1,805.040252,1,1,23.0
1,0,1,3,1,1791.184745,1,1,57.3
1,0,1,2,1,1150.356448,1,1,35.5
1,0,1,1,1,690.0517539,1,1,60.0
1,0,1,3,1,1339.869281,1,1,41.0
1,0,0,2,1,1005.116959,1,1,55.0
0,0,0,2,1,1223.091977,1,1,50.0
0,0,0,3,1,1450.326323,1,1,60.0
1,0,0,4,1,2756.719504,1,1,320.0
0,0,0,2,1,1110.083256,1,1,60.0
1,0,1,3,1,1649.824706,1,1,80.0
1,0,1,4,1,1480.414516,1,0,370.0
0,0,0,3,1,1275.167785,1,1,38.0
1,0,0,2,1,975.0812568,1,1,63.0
0,0,0,3,1,2669.514148,1,1,100.0
1,0,0,3,1,1500.133941,1,1,56.0
1,0,0,2,1,1250.0,1,1,75.0
1,0,1,2,1,810.0017609,1,1,46.0
0,0,0,2,1,965.561635,1,1,30.0
1,1,1,4,1,2263.636364,0,1,99.6
1,1,1,3,1,1715.41638,0,1,99.7
1,0,0,3,1,2150.537634,1,1,60.0
1,0,0,2,1,1060.029957,1,1,92.0
1,0,0,2,1,1349.1006,1,1,40.5
0,0,0,3,1,2320.185615,1,1,80.0
0,0,0,2,1,1100.127551,1,1,34.5
1,0,0,1,1,689.9296802,1,1,52.0
0,1,0,3,1,1500.214316,0,1,70.0
1,0,0,3,1,1600.0,1,1,72.0
1,0,0,2,1,2000.0,1,1,80.0
1,0,0,1,1,1339.393939,1,1,22.1
2,0,1,3,1,1277.419355,1,0,39.6
1,0,1,1,1,650.0235516,1,1,69.0
0,0,0,2,1,810.0810081000001,1,1,27.0
1,0,0,2,1,1019.021739,1,1,45.0
2,1,1,2,1,996.875,0,0,31.9
1,1,0,2,1,1050.080775,0,1,58.5
0,0,1,2,1,840.3361345000001,1,1,15.0
0,0,0,4,1,2654.462243,1,1,290.0
0,0,0,2,1,1122.754491,1,1,30.0
0,0,0,2,1,900.1465355,1,1,43.0
1,0,0,3,1,1191.701425,1,1,220.0
1,0,0,2,1,1115.215725,1,1,160.0
0,0,0,2,1,1000.0,1,1,28.0
0,0,1,2,1,1125.082727,1,1,51.0
1,1,1,2,1,947.1076789,0,1,65.0
1,0,0,1,1,495.049505,1,1,21.0
0,0,0,3,1,2201.027146,1,1,90.0
0,0,0,1,1,601.0171058999999,1,1,13.0
1,0,0,2,1,1044.117647,1,1,71.0
1,0,1,3,1,1705.901322,1,1,52.9
1,1,1,3,1,1343.0029550000002,0,1,100.0
1,0,0,2,1,1049.685094,1,1,30.0
0,0,0,1,1,375.0721293,1,1,13.0
1,1,1,1,1,300.3102105,0,0,91.0
1,0,1,3,1,1746.138348,1,1,130.0
1,0,1,3,1,1490.182328,1,1,85.0
2,1,1,3,1,1023.913043,0,0,47.1
0,0,0,3,1,1700.5196030000002,1,1,36.0
1,0,0,1,1,560.0395322,1,1,34.0
1,1,1,3,1,1593.262775,0,1,140.0
1,0,0,2,1,980.1095417,1,1,68.0
1,1,0,2,1,1045.478306,0,1,20.0
1,0,0,3,1,1725.5216690000002,1,1,43.0
1,0,0,3,1,1250.0,1,1,48.0
0,0,0,2,1,1050.247117,1,1,25.5
1,1,0,2,1,1154.142088,0,1,45.0
1,1,0,2,1,847.711928,0,1,33.9
1,0,0,3,1,1300.022609,1,1,230.0
0,0,1,2,1,1216.365647,1,1,33.0
1,0,1,2,1,986.4364982,1,1,120.0
0,0,0,2,1,1108.166707,1,1,46.0
0,0,0,2,1,1100.196464,1,1,28.0
1,0,0,2,1,979.9272957,1,1,62.0
1,0,0,1,1,411.3072091,1,1,110.0
1,0,1,4,1,1306.0214460000002,1,1,47.5
2,0,0,2,1,1138.888889,1,0,41.0
0,0,0,3,1,1600.0,1,1,110.0
0,0,0,3,1,1056.338028,1,1,30.0
1,1,1,2,1,980.8942289,0,1,49.8
0,0,0,1,1,450.065703,1,1,13.7
0,0,0,2,1,1110.053917,1,1,35.0
1,0,0,5,1,2892.069171,1,1,97.0
1,0,1,1,1,637.005096,1,1,65.0
0,0,0,2,1,9.397110316,1,1,32.5
1,0,1,4,1,4930.237144,1,1,1000.0
2,1,1,3,1,1281.650516,0,0,41.0
1,0,0,3,1,1910.385551,1,1,110.0
1,0,0,2,1,1000.0,1,1,95.0
1,0,0,2,1,1350.0135,1,1,150.0
1,1,1,3,1,1398.709677,0,0,54.2
0,0,1,3,1,1560.0,1,1,78.0
1,1,1,2,1,677.1289732000001,0,1,170.0
0,0,0,2,1,806.1265619,1,1,20.0
0,0,0,2,1,1250.0,1,1,70.0
1,1,1,4,1,2380.952381,0,0,100.0
0,0,0,3,1,1149.831948,1,1,65.0
1,0,1,2,1,1250.0,1,1,120.0
1,0,0,2,1,1085.347805,1,1,110.0
0,0,1,2,1,1362.007168,1,1,57.0
1,0,0,4,1,2381.762504,1,1,420.0
0,0,0,2,1,1109.11271,1,1,37.0
1,0,1,2,1,1000.0,1,1,47.0
0,0,1,2,1,1000.0,1,1,21.0
1,1,1,1,1,744.8717949,0,1,58.1
0,0,0,2,1,1006.404392,1,1,22.0
1,0,0,1,1,680.0832755,1,1,49.0
2,0,1,2,1,726.5135699,1,0,17.4
1,0,0,2,1,900.0,1,1,42.3
1,1,1,1,1,490.6990231,0,0,110.0
1,0,1,3,1,1605.605021,1,1,110.0
1,0,0,3,1,2256.733802,1,1,93.0
1,0,1,3,1,2013.152597,1,1,150.0
1,1,1,1,1,457.0042902,0,0,98.0
0,0,0,3,1,1150.121065,1,1,38.0
1,0,0,3,1,1856.887061,1,1,280.0
1,0,0,3,1,2300.049068,1,1,750.0
1,0,0,3,1,2200.362413,1,1,85.0
1,1,1,3,1,1478.743068,0,1,160.0
0,0,0,3,1,1398.019802,1,1,35.3
1,0,1,3,1,1204.714099,1,1,27.6
0,0,0,2,1,982.9059829,1,1,46.0
0,0,0,2,1,870.0696055999999,1,1,45.0
1,0,1,4,1,2400.0,1,1,300.0
0,0,0,2,1,625.0,1,1,16.0
1,0,0,3,1,1800.041144,1,1,350.0
1,0,0,3,1,2300.3614850000004,1,1,140.0
0,0,0,1,1,32.0,1,1,16.0
0,0,0,3,1,1520.176893,1,1,55.0
0,0,0,2,1,1300.052002,1,1,75.0
0,0,0,2,1,874.7949699,1,1,16.0
1,0,0,4,1,2075.195313,1,1,170.0
1,1,1,3,1,1466.666667,0,0,110.0
1,0,1,3,1,1775.0258,1,1,86.0
0,0,0,3,1,1900.418092,1,1,50.0
0,0,0,1,1,333.68926860000005,1,1,25.0
1,0,0,2,1,757.9038545,1,1,140.0
1,0,1,3,1,1543.890604,1,1,140.0
2,0,1,1,1,714.1903618,1,0,53.5
0,0,0,2,1,800.0,1,1,24.0
0,0,0,3,1,1935.234163,1,1,150.0
0,0,0,1,1,650.1182033,1,1,22.0
1,1,0,3,1,1448.193491,0,1,48.5
1,1,1,3,1,1425.324675,0,1,43.9
1,0,1,2,1,1100.034376,1,1,160.0
0,0,1,3,1,1295.116773,1,1,61.0
1,0,0,4,1,2282.062985,1,1,350.0
0,0,0,2,1,1250.0,1,1,42.0
0,0,0,2,1,1030.017657,1,1,35.0
1,0,0,2,1,1150.012778,1,1,180.0
0,0,0,1,1,600.0375022999999,1,1,32.0
0,0,0,1,1,501.002004,1,1,15.0
0,1,1,2,1,1250.0,0,1,42.0
1,0,0,3,1,1390.126537,1,1,78.0
1,0,0,3,1,1450.025893,1,1,56.0
2,1,1,2,1,690.0212313999999,0,0,52.0
1,0,0,2,1,1099.961405,1,1,28.5
1,0,0,4,1,2275.365684,1,1,98.0
1,0,0,2,1,1578.531965,1,1,100.0
0,0,0,3,1,1175.088132,1,1,50.0
0,0,0,3,1,4500.4500450000005,1,1,100.0
0,1,0,1,1,625.0,0,1,21.0
0,0,1,3,1,1400.437637,1,1,32.0
1,0,0,1,1,600.1091107000001,1,1,22.0
1,1,1,3,1,1035.522939,0,1,230.0
1,0,0,4,1,2020.016527,1,1,1100.0
0,0,0,2,1,600.0,1,1,42.0
0,0,0,2,1,1050.080775,1,1,52.0
1,1,1,1,1,358.9090909,0,1,98.7
0,0,0,3,1,1020.842195,1,1,24.0
0,0,0,3,1,1631.191566,1,1,82.0
1,0,0,3,1,1148.0,1,1,57.4
0,0,0,1,1,599.9235765999999,1,1,15.7
0,1,0,2,1,1200.192031,0,1,50.0
1,0,1,2,1,830.2767589,1,1,24.9
1,1,1,1,1,605.0955414,0,1,19.0
1,0,1,1,1,565.0143137,1,1,75.0
1,0,1,2,1,1331.735251,1,1,200.0
0,0,0,1,1,400.0,1,1,24.0
1,0,0,3,1,1880.199667,1,1,79.1
1,0,1,3,1,1800.032728,1,1,550.0
1,0,0,2,1,4082.914573,1,1,65.0
1,0,0,1,1,22026.43172,1,1,50.0
1,1,1,2,1,580.2988539,0,1,120.0
1,0,1,3,1,1413.028119,1,1,100.0
1,0,0,3,1,2051.948052,1,1,55.3
0,1,0,3,1,1574.80315,0,1,70.0
0,0,0,1,1,1190.082645,1,1,36.0
1,0,0,2,1,917.2508681,1,1,140.0
1,0,1,2,1,829.3370945,1,1,29.4
1,0,0,1,1,629.9796183,1,1,170.0
1,0,1,2,1,925.0,1,1,33.3
1,1,1,2,1,1099.925429,0,0,59.0
0,1,1,3,1,1430.048243,0,1,83.0
0,0,0,2,1,853.1383302999999,1,1,28.0
1,0,0,3,1,1947.133284,1,1,52.3
1,0,0,2,1,1065.022422,1,1,76.0
1,0,0,2,1,556.8187091,1,1,120.0
1,0,1,3,1,1879.579484,1,1,59.0
0,0,0,3,1,1450.039547,1,1,55.0
1,0,0,2,1,1287.139333,1,1,120.0
0,0,0,2,1,910.1251422,1,1,32.0
0,0,0,2,1,1100.029334,1,1,75.0
0,0,0,1,1,400.0,1,1,8.5
1,0,0,3,1,1450.0,1,1,87.0
1,0,1,3,1,1797.9836899999998,1,1,280.0
1,0,0,3,1,1740.860482,1,1,140.0
1,0,0,4,1,2460.811147,1,1,98.9
1,0,0,2,1,1033.860045,1,1,22.9
1,0,0,3,1,1242.147344,1,1,43.5
1,0,0,2,1,1325.019486,1,1,51.0
1,1,1,2,1,1097.54236,0,0,71.9
1,0,1,2,1,1150.003594,1,1,160.0
1,0,0,3,1,1891.029429,1,1,160.0
1,0,0,2,1,855.1020407999999,1,1,41.9
0,0,0,3,1,1099.830795,1,1,52.0
0,0,1,2,1,800.0,1,1,45.0
0,0,0,1,1,700.0,1,0,42.0
0,0,0,3,1,1698.054955,1,1,110.0
1,0,0,2,1,1150.0261369999998,1,1,110.0
0,0,0,2,1,900.0562535,1,1,48.0
1,0,1,3,1,1310.168043,1,0,46.0
0,0,1,1,1,692.0762287,1,1,34.5
1,0,0,3,1,1935.099732,1,1,260.0
0,0,1,3,1,1250.0,1,1,30.0
0,0,0,2,1,1220.173536,1,1,45.0
0,0,0,3,1,1324.132786,1,1,71.0
1,0,0,2,1,1195.020747,1,1,72.0
1,0,1,2,1,1400.0,1,1,350.0
0,0,0,2,1,765.1540245,1,1,23.1
2,1,1,1,0,237.0546947,0,0,17.9
0,0,0,2,1,2231.036192,1,1,45.0
1,1,1,4,1,2089.592275,0,1,77.9
0,0,0,2,1,1079.601017,1,1,55.2
1,0,0,2,1,1047.668937,1,1,100.0
1,0,0,3,1,1650.01162,1,1,71.0
0,0,0,2,1,809.8727342999999,1,1,21.0
1,1,1,1,1,644.983462,0,1,58.5
0,0,0,1,1,600.0521785,1,1,23.0
1,0,0,1,1,630.3030302999999,1,1,130.0
1,0,1,3,1,1202.947221,1,1,240.0
1,0,0,3,1,1540.226118,1,1,94.0
0,0,0,2,1,1125.2813199999998,1,1,30.0
0,1,1,4,1,3474.0092640000003,0,1,270.0
1,0,1,2,1,1014.301653,1,1,100.0
1,1,1,2,1,644.2468754,0,0,100.0
1,0,0,2,1,920.9599653,1,1,170.0
1,0,0,4,1,3649.293534,1,1,390.0
1,0,0,5,1,4389.815628,1,1,200.0
1,0,0,2,1,1275.066651,1,1,110.0
1,1,1,1,1,680.0793426,0,1,48.0
1,0,0,2,1,1139.9508939999998,1,1,65.0
1,1,1,3,1,1524.816003,0,0,80.8
0,0,0,1,1,600.0705965,1,1,17.0
1,0,0,2,1,900.0321439999999,1,1,28.0
1,0,0,2,1,1400.098831,1,1,170.0
1,1,0,2,1,870.0102354,0,1,85.0
1,0,1,2,1,935.0057013,1,1,41.0
1,0,0,3,1,1277.5,1,1,51.1
0,0,0,2,1,1098.146877,1,1,48.0
1,0,0,1,1,580.0025218,1,1,92.0
1,0,0,2,1,698.3606557,1,1,21.3
0,0,0,1,1,817.1206225999999,1,1,42.0
1,0,1,2,1,994.6537362,1,1,160.0
0,0,0,2,1,1000.0,1,1,20.0
0,0,0,2,1,1233.737102,1,1,55.0
0,0,0,3,1,1653.94402,1,1,65.0
1,0,0,4,1,2465.078061,1,1,390.0
1,0,1,1,1,615.0433555,1,1,30.5
0,0,0,3,1,1000.0,1,1,70.1
0,0,0,2,1,1200.0,1,1,54.0
0,0,0,2,1,1033.004494,1,1,200.0
1,1,1,3,1,1339.660522,0,1,73.4
0,0,0,2,1,825.0825083,1,1,45.0
1,0,1,2,1,900.250941,1,1,28.7
1,0,0,2,1,832.2698774,1,1,150.0
1,0,1,3,1,1578.014184,1,1,62.3
1,0,0,2,1,969.8465879,1,1,55.0
1,0,0,3,1,1765.952437,1,1,150.0
0,0,0,3,1,1406.593407,1,1,32.0
0,0,0,1,1,344.6601942,1,1,7.1
1,0,1,2,1,1150.306748,1,1,37.5
0,0,0,3,1,1400.0,1,1,35.0
0,0,0,2,1,1200.0,1,1,90.0
1,0,1,4,1,2169.522644,1,1,70.9
1,0,0,2,1,1050.006563,1,1,160.0
0,0,0,3,1,1818.181818,1,1,100.0
1,0,0,7,1,8199.932578,1,1,9000.0
0,0,0,2,1,953.961012,1,1,46.0
1,1,1,2,1,680.2721088,0,1,50.0
1,0,1,2,1,1201.05693,1,1,100.0
1,1,0,1,1,530.0788955,0,1,21.5
1,0,0,3,1,1300.091771,1,1,85.0
0,0,0,2,1,900.1465355,1,1,43.0
1,0,1,4,1,2534.318902,1,1,120.0
1,0,0,2,1,1200.0,1,1,45.0
1,1,0,2,1,1012.145749,0,1,65.0
1,1,0,2,1,1099.932931,0,1,82.0
0,0,0,3,1,1436.007898,1,1,80.0
1,0,1,2,1,1066.666667,1,1,28.8
0,0,0,3,1,1533.1747289999998,1,1,58.0
0,0,0,3,1,1790.07323,1,1,110.0
1,1,1,3,1,1624.905087,0,1,85.6
1,0,0,2,1,957.0957096,1,1,58.0
1,0,0,2,1,1069.230769,1,1,27.8
1,0,0,2,1,1075.05071,1,1,58.3
0,0,0,1,1,450.1969612,1,1,8.0
1,0,1,2,1,1028.080229,1,1,89.7
1,0,0,2,1,1000.0,1,1,210.0
1,0,0,3,1,1365.187713,1,1,52.0
0,1,1,2,1,925.0693802,0,1,50.0
0,0,0,2,1,1500.0,1,1,42.0
1,0,0,2,1,829.1673849,1,1,48.1
1,0,1,1,1,800.0,1,1,160.0
0,0,0,3,1,1733.3333329999998,1,1,130.0
0,0,0,2,1,1000.0,1,1,42.0
1,0,0,2,1,1263.914143,1,1,570.0
2,0,1,2,1,969.9869508,1,0,22.3
0,0,0,2,1,648.011782,1,1,22.0
1,0,0,1,1,665.0,1,1,39.9
0,0,0,3,1,1200.0,1,1,60.0
0,0,0,3,1,1377.75036,1,1,67.0
0,0,0,3,1,1929.26045,1,1,120.0
0,0,0,2,1,950.1187648,1,1,32.0
1,1,0,1,1,600.0282366,0,1,85.0
1,0,0,3,1,1600.0,1,1,60.0
1,1,1,2,1,684.9169152000001,0,0,64.3
0,0,0,3,1,1593.026751,1,1,53.0
0,1,1,3,1,590.034965,0,1,13.5
1,0,0,1,1,486.1663573,1,1,110.0
0,0,0,2,1,800.0,1,1,28.0
1,0,1,2,1,1332.726564,1,1,410.0
1,1,0,3,1,1448.225923,0,1,140.0
1,0,1,1,1,404.4444444,1,1,18.2
0,0,1,3,1,1285.288042,1,1,56.0
0,0,1,3,1,1748.2808920000002,1,1,83.9
0,0,0,2,1,1375.027722,1,1,62.0
1,0,0,3,1,2400.0,1,1,180.0
2,0,1,3,1,1503.793976,1,0,65.4
1,0,0,2,1,967.7419355,1,1,150.0
1,0,1,2,1,61348.02421,1,0,9020.0
0,0,1,3,1,1575.078754,1,1,90.0
0,0,0,4,1,1554.356771,1,1,170.0
0,0,0,3,1,1369.863014,1,1,63.0
1,1,0,3,1,1374.313941,0,1,62.6
0,0,0,2,1,1100.352113,1,1,25.0
0,0,0,3,1,1424.095699,1,1,100.0
0,0,0,2,1,1007.879787,1,1,55.0
1,0,0,3,1,1650.907999,1,1,220.0
1,0,0,2,1,1189.296333,1,1,36.0
1,0,0,3,1,1744.017053,1,1,180.0
0,0,0,3,1,1500.110302,1,1,68.0
1,0,1,2,1,1480.263158,1,1,63.0
1,1,0,3,1,1528.8461539999998,0,1,79.5
1,1,1,2,1,1100.0,0,0,62.7
1,0,0,2,1,1224.621334,1,1,38.0
0,0,0,2,1,599.2385367,1,1,36.2
1,0,1,4,1,2758.836083,1,1,530.0
0,0,0,3,1,1200.120012,1,1,40.0
1,0,1,4,1,5000.0,1,1,5500.0
1,0,0,2,1,1000.0,1,1,42.1
1,0,0,2,1,517.7591384,1,1,150.0
0,0,0,3,1,1250.0,1,1,41.0
1,0,0,3,1,1658.202923,1,1,160.0
0,0,0,3,1,1649.6465039999998,1,1,42.0
0,1,1,1,1,468.9521345,0,1,14.5
1,0,1,3,1,1500.115393,1,1,65.0
1,0,0,3,1,1250.0,1,1,60.0
0,0,0,3,1,1300.0890470000002,1,1,73.0
1,0,0,2,1,900.1956947000001,1,1,23.0
1,1,1,1,1,390.9902252,0,0,46.0
1,0,1,2,1,1014.301653,1,1,100.0
1,1,0,3,1,2476.609796,0,1,180.0
1,0,0,3,1,2095.118374,1,1,100.0
0,1,1,2,1,1120.0,0,1,42.0
0,0,0,3,1,1800.0947420000002,1,1,76.0
0,0,0,3,1,1820.38835,1,1,120.0
0,0,0,3,1,1439.6021460000002,1,1,110.0
1,1,0,3,1,1534.782609,0,1,70.6
1,0,0,4,1,1421.989648,1,1,750.0
1,0,0,3,1,1458.1244869999998,1,1,160.0
0,0,0,2,1,1199.517782,1,1,19.9
1,1,1,1,1,750.0,0,1,36.9
0,0,1,2,1,964.9404953,1,1,30.0
0,0,0,2,1,1100.323625,1,1,17.0
1,1,1,2,1,572.8314239,0,0,84.0
0,0,0,2,1,599.8956703,1,1,23.0
1,1,0,1,1,550.0550055,0,1,40.0
0,0,0,1,1,650.0,1,1,13.0
1,0,0,1,1,745.0006535,1,1,57.0
1,1,1,3,1,1800.106045,0,1,67.9
1,0,0,2,1,998.1422057,1,1,59.1
0,0,0,2,1,825.0825083,1,1,35.0
1,0,0,2,1,751.9310958,1,1,220.0
1,0,0,2,1,1500.0,1,1,600.0
1,0,0,3,1,1709.573612,1,1,170.0
1,0,0,2,1,779.8791187,1,1,40.0
1,0,0,2,1,1013.077915,1,1,110.0
1,0,0,1,1,659.4581749,1,1,55.5
1,0,1,3,1,1590.361446,1,1,66.0
0,1,1,3,1,1738.0312850000005,0,1,110.0
1,0,0,3,1,1501.072194,1,1,84.0
1,0,0,3,1,1270.207852,1,1,55.0
0,0,0,3,1,1700.235417,1,1,65.0
1,0,0,2,1,1223.404255,1,1,32.2
1,1,1,2,1,1041.016032,0,1,100.0
0,0,0,2,1,1180.012041,1,1,98.0
1,1,1,2,1,958.5889571,0,1,37.5
1,0,0,3,1,2315.261432,1,1,120.0
1,0,0,3,1,1440.057602,1,1,120.0
1,0,1,3,1,1578.650099,1,1,55.9
1,0,1,3,1,1738.353035,1,1,350.0
1,0,0,2,1,1170.128846,1,1,89.0
1,1,0,3,1,1288.888889,0,1,52.2
1,1,0,3,1,1378.043179,0,1,60.0
1,1,1,1,1,500.0,0,1,85.0
1,0,0,2,1,1150.251618,1,1,32.0
1,1,1,3,1,1625.1354279999998,0,1,75.0
1,0,1,2,1,1151.719902,1,1,150.0
1,0,0,2,1,950.0,1,1,26.6
1,0,0,1,1,650.0,1,1,52.0
1,0,0,2,1,1125.990268,1,1,280.0
1,0,1,3,1,1000.0,1,1,40.0
0,0,0,2,1,1139.028476,1,1,68.0
1,1,1,1,1,380.0,0,0,38.0
0,0,0,2,1,1050.119332,1,1,22.0
0,0,0,2,1,1038.781163,1,1,30.0
0,0,0,2,1,1261.9888939999998,1,1,100.0
1,0,0,3,1,1377.018044,1,1,290.0
1,0,0,1,1,700.0736919999999,1,1,57.0
1,0,1,1,1,487.012987,1,1,15.0
0,0,0,2,1,865.0125198999999,1,1,38.0
1,0,0,1,1,534.9544073,1,1,44.0
1,0,0,2,1,1300.014445,1,1,270.0
0,1,1,3,1,1225.259189,0,1,52.0
0,0,0,3,1,1040.041602,1,1,100.0
0,0,0,1,1,650.1422186000001,1,1,16.0
1,0,1,1,1,833.6602588999999,1,1,170.0
0,0,1,3,1,1675.28948,1,1,68.0
1,0,0,3,1,1586.026902,1,1,79.0
1,0,1,3,1,2426.763737,1,1,140.0
0,0,0,2,1,1075.011945,1,1,45.0
1,1,1,2,1,762.0164127,0,0,78.0
1,0,1,3,1,2000.0,1,1,170.0
0,0,0,3,1,2000.0,1,1,85.0
1,0,0,3,1,1200.0,1,1,600.0
0,0,1,3,1,1016.702977,1,1,28.0
1,1,1,3,1,1649.122807,0,0,94.0
1,0,0,3,1,2549.519514,1,1,130.0
1,1,1,2,1,1238.019169,0,1,46.5
1,0,0,2,1,1200.1010609999998,1,1,95.0
1,1,1,4,1,4655.803126,0,1,420.0
1,1,1,3,1,1776.859504,0,1,55.9
1,1,0,2,1,3600.0,0,1,79.2
1,0,1,4,1,2224.059764,1,1,780.0
0,0,0,3,1,1432.117625,1,1,150.0
0,0,0,2,1,1172.370089,1,1,37.0
0,0,1,2,1,880.0393313999999,1,1,35.8
1,0,0,3,1,1900.036945,1,1,360.0
1,0,0,2,1,829.8755187,1,1,42.0
0,0,0,2,1,1200.171453,1,1,28.0
1,0,0,4,1,2377.079945,1,1,190.0
1,0,1,2,1,802.0002831,1,1,340.0
1,0,1,3,1,1349.892009,1,1,75.0
0,0,0,1,1,215.285253,1,1,14.0
1,0,0,2,1,1070.281841,1,1,180.0
0,0,0,3,1,1855.28757,1,1,70.0
1,0,1,4,1,2340.923601,1,1,110.0
1,0,0,2,1,1348.387097,1,1,41.8
1,1,0,4,1,1600.170685,0,1,75.0
1,0,1,3,1,1310.225716,1,1,220.0
1,0,0,2,1,1042.028482,1,1,60.0
1,0,1,1,1,290.0012609,1,0,46.0
0,0,0,2,1,720.1245621,1,1,37.0
1,1,1,2,1,1001.078084,0,1,65.0
0,0,0,3,1,1121.212121,1,1,37.0
1,0,0,2,1,1149.865849,1,1,30.0
0,0,0,4,1,1533.154465,1,1,120.0
0,0,0,3,1,1602.136182,1,1,60.0
1,0,0,3,1,1261.261261,1,1,37.8
1,1,0,1,1,292.0012514,0,1,56.0
1,1,1,2,1,1000.0,0,1,130.0
1,0,0,3,1,1350.096712,1,1,34.9
0,0,0,2,1,883.0950377999999,1,1,42.0
1,0,0,2,1,1009.18357,1,1,100.0
0,0,0,2,1,1200.369344,1,1,26.0
0,0,0,2,1,900.2057613,1,1,17.5
1,0,0,3,1,1717.229536,1,1,60.0
1,0,0,3,1,1522.007404,1,1,74.0
1,0,0,2,1,1032.204789,1,1,100.0
1,0,0,4,1,4000.0,1,1,500.0
0,0,0,2,1,1400.0,1,1,35.0
1,0,0,3,1,1375.0,1,1,99.0
1,0,0,2,1,1065.684945,1,1,55.0
1,0,1,2,1,1343.101343,1,1,77.0
1,0,0,3,1,1584.90566,1,1,42.0
0,0,0,2,1,1270.033263,1,1,42.0
1,0,1,1,1,1090.146751,1,1,52.0
2,1,1,4,1,1881.876086,0,0,65.0
0,0,0,3,1,2000.0,1,1,45.0
1,0,0,2,1,859.7147769999999,1,1,170.0
1,0,1,2,1,1246.092005,1,1,27.9
0,0,0,3,1,1365.242531,1,1,42.5
1,0,1,2,1,1200.120012,1,1,40.0
1,0,0,2,1,1100.025582,1,1,43.0
1,0,1,3,1,1563.477173,1,1,50.0
0,0,0,2,1,900.4237287999998,1,1,17.0
1,0,1,3,1,1556.420233,1,1,56.0
1,0,0,2,1,795.0178879,1,1,180.0
1,1,1,4,1,2594.95164,0,1,220.0
1,1,1,1,1,714.2857142999999,0,1,100.0
1,1,1,3,1,1800.180018,0,1,60.0
1,0,0,2,1,825.6501995,1,1,120.0
1,1,1,1,1,443.5483871,0,1,17.6
1,0,0,4,1,3088.365057,1,1,490.0
0,0,0,2,1,1066.295781,1,1,23.0
0,0,0,1,1,768.5352622,1,1,25.5
1,0,0,3,1,2024.584237,1,1,140.0
0,1,1,2,1,1300.153782,0,1,93.0
0,0,1,2,1,1041.214751,1,1,48.0
0,0,0,2,1,1031.207598,1,1,38.0
1,0,0,1,1,664.4034918,1,1,54.8
0,0,0,2,1,712.081652,1,1,30.0
1,1,0,3,1,2027.809965,0,1,70.0
0,0,0,1,1,515.0554675,1,1,26.0
1,1,0,3,1,1602.160216,0,1,89.0
1,0,0,2,1,960.0,1,1,45.6
1,0,0,2,1,524.7619048,1,0,55.1
0,0,1,2,1,1225.239943,1,1,60.0
1,0,0,3,1,1851.045296,1,1,85.0
0,0,0,2,1,950.269243,1,1,30.0
0,0,0,2,1,1250.0,1,1,52.0
1,0,1,3,1,1880.877743,1,1,120.0
1,1,1,3,1,1612.903226,0,0,100.0
1,1,0,1,1,509.6774194,0,1,15.8
0,0,0,2,1,676.056338,1,1,24.0
1,0,0,3,1,1377.410468,1,1,45.0
0,0,0,2,1,915.0326797,1,1,42.0
0,0,0,4,1,2000.0,1,1,130.0
1,1,1,4,1,2147.766323,0,0,150.0
1,0,0,2,1,850.0088542999999,1,1,96.0
0,0,0,2,1,1250.0,1,1,42.0
1,0,0,2,1,850.0772798,1,1,33.0
0,0,0,2,1,1000.0,1,1,65.0
0,0,1,4,1,2204.884668,1,1,65.0
0,0,0,2,1,1100.323625,1,1,34.0
1,0,0,2,1,1050.105011,1,1,35.0
1,1,1,2,1,524.2005941000001,0,0,60.0
1,0,1,2,1,592.0041004999999,1,1,23.1
1,1,0,3,1,2262.443439,0,1,110.0
1,0,1,2,1,1558.0736539999998,1,1,110.0
1,0,0,2,1,649.9011019999999,1,1,23.0
1,0,1,3,1,1663.201663,1,1,64.0
0,0,0,3,1,1555.045061,1,1,88.0
1,0,1,3,1,1731.976618,1,1,160.0
1,0,0,4,1,4700.185159000001,1,1,330.0
1,0,1,2,1,969.8038351,1,1,44.0
1,0,1,2,1,1080.190406,1,1,59.0
1,0,1,2,1,820.1411406000001,1,1,43.0
0,0,0,3,1,1350.024546,1,1,55.0
0,0,0,2,1,1170.275015,1,1,40.0
1,0,1,3,1,1654.324878,1,1,210.0
0,0,0,3,1,1412.71443,1,1,28.0
1,1,1,3,1,1550.094518,0,1,82.0
2,0,0,1,1,885.0289495,1,0,42.8
1,0,1,2,1,1301.714868,1,1,230.0
1,0,0,2,1,1290.198344,1,1,67.0
1,0,0,3,1,1358.064516,1,1,42.1
1,1,1,1,1,466.994382,0,1,39.9
1,0,0,2,1,876.1329304999999,1,1,29.0
1,0,0,3,1,1300.108342,1,1,48.0
1,1,1,3,1,1565.966332,0,1,120.0
1,0,1,3,1,2362.204724,1,0,150.0
0,0,0,2,1,1100.110011,1,1,30.0
0,0,0,2,1,827.2276057999999,1,1,35.0
0,0,0,3,1,1378.254211,1,1,72.0
0,0,0,3,1,1599.671862,1,1,39.0
0,0,1,4,1,2280.328367,1,1,75.0
1,1,0,3,1,1723.8902460000002,0,1,120.0
1,0,0,3,1,1904.901458,1,1,260.0
1,1,0,2,1,998.9142237,0,1,46.0
1,0,1,3,1,2085.747393,1,1,72.0
1,1,1,2,1,1223.404255,0,1,230.0
1,1,1,4,1,2210.759027,0,0,210.0
0,0,0,1,1,950.0542888,1,1,35.0
1,0,1,2,1,948.0,1,1,47.4
0,0,0,2,1,1220.275344,1,1,39.0
1,0,0,2,1,1100.016923,1,1,130.0
1,0,0,2,1,1300.052002,1,1,150.0
1,1,0,1,1,658.000321,0,1,41.0
1,0,0,2,1,1225.0210550000002,1,1,160.0
1,0,0,3,1,1515.151515,1,1,95.0
1,0,1,4,1,2283.105023,1,1,140.0
1,0,0,3,1,1169.047619,1,1,49.1
0,0,1,2,1,1303.950971,1,1,100.0
1,0,1,2,1,1018.200331,1,1,160.0
0,0,0,2,1,915.2642456,1,1,31.0
0,0,0,3,1,1276.233693,1,1,45.0
1,1,1,1,1,710.032066,0,1,62.0
1,0,0,2,1,1000.0,1,1,240.0
0,0,0,6,1,2000.0,1,1,100.0
1,0,0,2,1,1250.0,1,1,72.0
1,0,0,2,1,1034.855028,1,1,67.1
0,0,0,1,1,600.0315806,1,1,38.0
0,0,0,2,1,1151.46147,1,1,26.0
1,1,1,1,1,635.0550381,0,1,60.0
0,0,0,3,1,1100.110011,1,1,30.0
1,0,1,3,1,1366.082517,1,1,99.0
1,0,1,2,1,757.9672696,1,1,44.0
0,0,0,2,1,1400.103075,1,1,81.5
0,0,0,3,1,1800.370665,1,1,68.0
1,0,1,3,1,1852.537977,1,1,100.0
0,0,1,2,1,1030.284109,1,1,33.0
0,0,1,2,1,1025.498891,1,1,18.5
0,0,0,3,1,2025.036819,1,1,55.0
0,0,0,3,1,1199.862873,1,1,35.0
1,0,0,2,1,862.2222222000001,1,1,38.8
0,0,0,2,1,775.1937984,1,1,30.0
1,0,0,2,1,902.8831563,1,1,59.5
1,0,0,3,1,1300.034211,1,1,76.0
1,0,0,3,1,1225.231176,1,1,74.2
1,0,0,2,1,1169.064748,1,1,32.5
1,0,0,3,1,1828.432119,1,1,120.0
1,0,0,2,1,1439.5886890000002,1,1,140.0
0,0,0,2,1,1150.035386,1,1,65.0
0,0,0,1,1,465.1162791,1,1,5.0
1,0,1,2,1,1147.866013,1,1,110.0
1,0,1,1,1,600.0436394999999,1,1,55.0
1,0,1,2,1,881.2856402000001,1,1,170.0
1,0,0,1,1,547.645126,1,1,100.0
1,1,0,2,1,540.0,0,0,21.6
2,1,0,3,1,1330.885727,0,0,58.0
1,0,0,3,1,1409.52381,1,0,37.0
1,0,1,3,1,1523.925632,1,1,100.0
1,0,0,3,1,1515.151515,1,1,72.0
1,0,1,4,1,2439.285714,1,0,68.3
0,0,0,4,1,3400.204012,1,1,300.0
1,0,1,3,1,1882.142857,1,1,52.7
0,0,0,3,1,1359.031381,1,1,55.0
1,0,0,3,1,1548.946716,1,1,25.0
0,0,0,2,1,1219.943423,1,1,69.0
0,0,0,2,1,968.2299546,1,1,32.0
1,0,0,2,1,1359.084406,1,1,95.0
1,0,0,2,1,1268.255188,1,1,33.0
2,1,0,2,1,948.2758621,0,0,55.0
1,0,0,2,1,965.046487,1,1,82.0
1,0,0,3,1,1400.560224,1,1,30.0
1,0,0,4,1,2082.120629,1,1,930.0
1,0,1,3,1,1340.003573,1,1,75.0
1,0,0,1,1,625.0,1,0,18.5
1,0,0,2,1,1165.048544,1,1,180.0
0,0,0,3,1,2050.326188,1,1,110.0
0,0,0,3,1,1450.511945,1,1,34.0
2,0,0,2,1,937.0314843,1,0,75.0
1,0,0,1,1,650.0171057,1,1,95.0
1,0,0,2,1,2473.684211,1,1,470.0
1,0,0,1,1,478.2608696,1,1,110.0
1,0,1,2,1,1080.074488,1,1,29.0
1,0,0,1,1,675.0,1,1,54.0
1,0,0,2,1,1000.0,1,1,63.0
1,0,1,6,1,2300.025556,1,1,270.0
1,0,0,3,1,1085.0365880000002,1,1,86.0
1,1,1,2,1,1200.048002,0,1,200.0
0,0,1,2,1,880.1095247000002,1,1,45.0
1,0,0,3,1,1200.0,1,1,330.0
0,0,0,2,1,900.0,1,1,72.0
1,0,0,2,1,1059.92662,1,1,78.0
0,0,1,2,1,850.2598016000001,1,1,18.0
1,0,1,2,1,740.0098667999999,1,1,180.0
1,0,0,3,1,1045.088086,1,1,35.0
1,0,0,4,1,3304.692664,1,1,150.0
1,0,0,2,1,950.0,1,1,28.5
1,0,0,3,1,1300.169587,1,1,69.0
0,0,0,3,1,1038.062284,1,1,75.0
1,0,0,2,1,1196.888091,1,1,40.0
0,0,0,2,1,960.1181684,1,1,26.0
0,1,1,2,1,1090.023083,0,1,85.0
1,0,0,3,1,1000.434972,1,1,23.0
0,1,1,3,1,1229.823213,0,1,48.0
1,1,1,2,1,1077.970878,0,1,45.9
1,0,1,4,1,3487.894953,1,1,170.0
1,0,0,2,1,1140.978534,1,1,59.0
1,0,0,3,1,2500.0,1,1,1800.0
1,0,0,2,1,1148.813803,1,1,79.9
0,0,0,2,1,725.1631617,1,1,30.0
0,1,0,2,1,900.0,0,1,40.5
1,0,0,2,1,1107.419712,1,1,130.0
1,0,0,2,1,862.9314657,1,1,34.5
0,0,0,1,1,782.0469228,1,1,23.0
1,1,1,3,1,1373.606616,0,1,38.2
1,0,0,1,1,620.0032632,1,1,38.0
0,0,0,3,1,1450.039547,1,1,55.0
1,0,0,2,1,1245.915033,1,1,61.0
0,0,0,2,1,1289.308176,1,1,69.7
2,1,0,1,1,573.8095238,0,0,24.1
0,0,0,2,1,851.0638298,1,1,36.0
0,0,0,2,1,980.1176141,1,1,35.0
1,0,0,3,1,1402.070751,1,1,65.0
0,0,0,2,1,1000.0,1,1,27.0
0,0,1,3,1,1550.169109,1,1,55.0
1,0,1,3,1,1665.3127539999998,1,1,41.0
1,1,0,3,1,983.6065574,0,1,300.0
1,0,0,4,1,4021.110832,1,1,480.0
0,0,0,2,1,900.0321439999999,1,1,28.0
1,1,0,2,1,1088.101088,0,1,31.0
1,0,1,3,1,2000.0,1,1,99.0
1,0,0,3,1,1460.017969,1,1,130.0
1,0,1,2,1,1198.202696,1,1,48.0
1,0,1,2,1,1476.232654,1,1,100.0
1,0,0,3,1,1636.943224,1,1,190.0
0,1,0,3,1,1750.198886,0,1,110.0
1,1,1,4,1,2652.519894,0,1,230.0
2,1,1,2,1,949.0406437,0,0,46.0
1,0,1,3,1,1550.044287,1,1,70.0
1,0,0,2,1,1025.01025,1,1,100.0
1,1,1,3,1,815.0646431,0,1,87.0
1,1,0,3,1,1416.726665,0,1,610.0
1,0,0,2,1,1138.998772,1,1,83.5
1,0,0,1,1,622.2222222,1,1,11.2
1,1,0,4,1,3347.630505,0,1,320.0
0,0,0,2,1,960.0960096,1,1,32.0
1,1,1,2,1,917.3333332999998,0,1,34.4
1,0,1,3,1,1380.319149,1,1,51.9
1,1,1,2,1,1067.5,0,0,42.7
1,0,1,3,1,2474.776318,1,1,130.0
1,0,1,4,1,2190.425247,1,1,81.9
0,0,1,1,1,370.9810387,1,1,18.0
0,0,0,3,1,1499.888068,1,1,67.0
0,0,0,3,1,2000.0,1,1,120.0
1,0,1,3,1,2148.8469600000003,1,1,410.0
1,0,0,3,1,1810.10367,1,1,110.0
1,0,0,2,1,1180.0,1,1,47.2
1,0,1,4,1,2427.184466,1,0,170.0
1,1,1,4,1,3086.980207,0,1,170.0
0,0,0,2,1,885.2168780999999,1,1,30.0
0,0,0,3,1,1200.0,1,1,45.0
1,0,0,2,1,698.8416988,1,1,18.1
0,0,1,2,1,1145.172657,1,1,65.0
0,0,0,2,1,1279.978442,1,1,95.0
1,1,1,2,1,630.0161613,0,1,230.0
1,0,0,2,1,1250.0,1,1,140.0
1,0,0,3,1,2896.551724,1,0,210.0
0,0,0,3,1,1350.186728,1,1,47.0
1,0,0,2,1,1160.013647,1,1,34.0
1,0,1,5,1,7427.905622,1,1,510.0
0,0,1,2,1,1149.755677,1,1,40.0
1,1,1,2,1,720.0299233,0,1,77.0
1,0,0,3,1,1577.287066,1,1,70.0
0,0,1,3,1,2079.722704,1,1,180.0
1,0,0,2,1,2396.866841,1,1,45.9
1,0,0,3,1,1464.84375,1,1,75.0
1,0,0,2,1,1093.0367130000002,1,1,170.0
1,0,1,1,1,699.9805561000001,1,1,36.0
1,0,1,1,1,418.9066536,1,1,120.0
0,0,0,2,1,773.1092437000001,1,1,23.0
1,0,1,4,1,2527.113825,1,1,480.0
0,0,0,2,1,1000.0,1,1,25.0
0,0,0,2,1,1136.363636,1,1,31.0
1,0,0,3,1,1884.057971,1,0,130.0
1,0,1,3,1,1925.13369,1,1,270.0
0,0,0,2,1,1055.312955,1,1,29.0
0,0,0,2,1,1200.087279,1,1,55.0
1,0,0,3,1,1200.0,1,1,90.0
0,0,0,2,1,965.0646593,1,1,50.0
2,1,1,2,1,2413.984462,0,0,43.5
1,0,0,3,1,1586.042823,1,1,200.0
1,1,1,2,1,738.5028533,0,0,110.0
1,0,0,2,1,1285.008237,1,1,39.0
1,0,0,2,1,950.0059375,1,1,80.0
0,0,0,3,1,1617.686708,1,1,120.0
0,0,1,3,1,1852.475581,1,1,55.0
0,1,0,3,1,1194.690265,0,1,18.9
1,1,1,3,1,1665.909091,0,1,73.3
1,0,0,1,1,700.0840101,1,1,50.0
1,1,1,2,1,1272.774597,0,1,97.8
2,1,1,1,1,679.0622473999999,0,0,42.0
1,0,0,2,1,1150.159744,1,1,36.0
1,0,0,3,1,2281.021898,1,1,200.0
1,0,0,1,1,450.0450045,1,1,25.0
1,0,1,3,1,1541.17129,1,1,70.0
1,1,1,2,1,1150.442478,0,1,130.0
1,0,1,3,1,1052.198931,1,1,25.6
0,0,0,2,1,920.2453988,1,1,31.5
0,0,0,3,1,4300000.0,1,1,43.0
0,0,0,2,1,1346.718903,1,1,55.0
2,1,1,2,1,1206.959043,0,0,66.6
1,1,1,2,1,1024.0,0,1,51.2
1,0,0,2,1,585.0396991,1,1,28.0
0,0,0,2,1,700.0840101,1,1,50.0
0,0,0,3,1,2032.244953,1,1,150.0
1,0,0,4,1,2200.012572,1,1,700.0
1,0,0,2,1,1174.844506,1,1,85.0
0,0,0,3,1,1300.052002,1,1,75.0
1,0,0,3,1,1449.89339,1,1,68.0
1,1,0,3,1,1513.79233,0,1,270.0
0,0,0,2,1,1025.01025,1,1,50.0
1,0,1,3,1,1585.089141,1,1,48.9
1,0,0,3,1,1298.532417,1,1,69.9
1,1,1,3,1,1897.689769,0,1,69.0
1,0,0,1,1,649.5987772000001,1,1,34.0
1,0,0,2,1,1238.615665,1,1,170.0
1,1,1,1,1,781.4285714,0,1,54.7
1,0,1,1,1,675.0524109,1,1,64.4
0,0,0,3,1,1500.0,1,1,33.0
1,0,1,2,1,1093.299134,1,1,34.1
0,0,0,2,1,608.3364626,1,1,16.2
1,0,1,3,1,172000.0,1,0,9460.0
1,0,0,1,1,679.967791,1,1,76.0
1,0,0,3,1,1820.12848,1,1,85.0
0,0,0,2,1,954.6539379,1,1,20.0
1,0,0,2,1,1107.88783,1,1,80.2
1,0,0,2,1,750.1875468999999,1,1,20.0
1,0,1,3,1,1990.44586,1,1,100.0
0,0,0,3,1,1380.330293,1,1,56.0
0,0,0,3,1,1763.6684300000002,1,1,70.0
1,0,1,4,1,2574.73895,1,0,180.0
1,0,0,2,1,1072.021742,1,1,71.0
0,1,0,2,1,1050.175029,0,1,45.0
1,0,1,3,1,1434.907383,1,1,110.0
1,0,0,3,1,1482.679606,1,1,110.0
0,0,0,2,1,750.0707614,1,1,26.5
1,1,1,1,1,451.9827998,0,0,94.6
1,0,0,1,1,620.0296536000001,1,1,46.0
1,1,0,1,1,525.1520177,0,1,9.5
1,1,1,2,1,915.0326797,0,1,91.0
0,0,0,3,1,1438.284519,1,1,55.0
1,0,1,3,1,1504.190244,1,1,210.0
1,1,1,2,1,649.1398896000001,0,1,120.0
0,0,0,2,1,1163.019909,1,1,59.0
0,0,1,2,1,650.0784577000001,1,1,29.0
1,0,1,3,1,1660.210293,1,1,120.0
1,0,1,2,1,640.0,1,0,96.0
1,0,0,3,1,1461.538462,1,1,190.0
1,1,1,1,1,350.02822810000004,0,0,43.4
0,0,0,3,1,1450.039547,1,1,55.0
1,0,0,4,1,3760.766711,1,1,310.0
1,1,1,2,1,820.0040494,0,1,81.0
0,0,0,1,1,697.0227671,1,1,19.9
0,0,0,3,1,1479.013991,1,1,44.4
0,0,0,3,1,1644.135915,1,1,45.0
0,0,0,3,1,1800.288046,1,1,75.0
0,0,0,3,1,1726.817475,1,1,100.0
0,0,1,3,1,1722.158439,1,1,150.0
1,1,0,4,1,7228.915663,0,1,540.0
0,0,0,3,1,3401.360544,1,1,70.0
1,0,0,2,1,919.2307692,1,1,23.9
0,0,1,2,1,1020.029674,1,1,55.0
2,1,1,1,1,499.83338889999993,0,0,15.0
1,0,0,2,1,1093.004769,1,1,110.0
1,0,0,3,1,1300.108342,1,1,60.0
0,0,0,3,1,1224.008258,1,1,83.0
0,0,0,4,1,1765.398195,1,1,45.0
1,0,1,4,1,3335.89941,1,1,260.0
0,0,0,3,1,1390.232108,1,1,57.5
1,0,0,1,1,627.6056842999999,1,1,140.0
0,0,0,2,1,800.0,1,1,35.0
1,0,0,2,1,1100.110011,1,1,40.0
0,1,0,2,1,1199.862873,0,1,35.0
0,0,0,1,1,460.1226994,1,1,13.5
1,0,0,4,1,2203.036618,1,1,740.0
1,0,0,2,1,1065.022422,1,1,76.0
1,0,0,2,1,1283.932502,1,1,70.0
1,0,0,3,1,2428.571429,1,1,170.0
1,1,1,2,1,1260.940513,0,1,170.0
1,1,1,1,1,444.9360865,0,1,54.3
1,0,0,2,1,935.0872176,1,1,32.7
1,0,0,2,1,721.0845111000001,1,1,50.0
1,0,0,2,1,865.0207244999999,1,1,48.0
0,0,0,4,1,1800.411523,1,1,70.0
0,0,0,2,1,1175.040519,1,1,29.0
1,0,0,3,1,2016.129032,1,1,210.0
1,0,0,2,1,967.7419355,1,1,150.0
1,0,0,3,1,2016.942315,1,1,100.0
0,0,0,3,1,1719.251842,1,1,91.0
0,0,0,2,1,1111.111111,1,1,24.0
1,1,1,2,1,1041.948579,0,1,38.5
1,0,0,3,1,1330.108827,1,1,44.0
0,0,0,3,1,1400.162338,1,1,69.0
0,0,0,2,1,860.2711157,1,1,16.5
1,0,0,3,1,1560.6710890000002,1,1,440.0
0,1,0,2,1,828.125,0,1,26.5
1,0,0,3,1,1400.0,1,1,18.9
1,1,1,2,1,956.937799,0,1,100.0
1,0,0,3,1,1520.112254,1,1,130.0
1,0,0,3,1,2012.882448,1,1,150.0
0,1,1,2,1,1220.198986,0,1,65.0
0,0,1,2,1,970.1049297,1,1,49.0
0,0,0,3,1,1204.149685,1,1,65.0
0,0,0,2,1,1133.95827,1,1,75.0
0,0,0,2,1,1080.019637,1,1,22.0
0,0,0,5,1,3142.801021,1,1,160.0
0,0,1,3,1,1823.985408,1,1,160.0
1,0,1,4,1,1550.169109,1,1,55.0
1,1,1,2,1,1193.435309,0,0,74.9
1,0,0,2,1,650.0113044999999,1,1,230.0
0,0,1,2,1,1195.090439,1,1,37.0
1,0,0,3,1,990.0990099,1,1,60.0
0,0,0,2,1,954.0519794,1,1,87.0
1,0,0,3,1,1756.146513,1,1,280.0
1,0,0,2,1,1280.0,1,1,88.0
0,0,0,3,1,1500.133941,1,1,56.0
1,0,1,3,1,1277.197464,1,1,280.0
1,1,0,3,1,1840.264998,0,1,50.0
1,0,0,3,1,1560.714286,1,1,87.4
1,0,0,2,1,1175.318315,1,1,36.0
0,0,0,3,1,912.0620202,1,1,120.0
1,1,1,3,1,1750.0,0,0,140.0
1,0,0,2,1,1095.290252,1,1,100.0
1,1,1,1,1,514.2637841,0,1,40.2
1,0,0,1,1,686.0158311,1,1,39.0
0,0,0,2,1,1000.0,1,1,30.0
0,0,0,3,1,1528.888889,1,1,68.8
0,0,0,2,1,1170.013,1,1,81.0
1,0,1,2,1,1264.864865,1,1,46.8
1,0,0,2,1,1149.954002,1,1,200.0
0,0,0,3,1,1020.110755,1,1,35.0
0,0,0,2,1,850.0772798,1,1,22.0
1,0,0,3,1,650.0101563999999,1,1,160.0
1,1,1,3,1,645.8333332999999,0,1,31.0
1,0,0,3,1,1917.004962,1,1,170.0
0,0,0,1,1,530.102234,1,1,14.0
1,0,0,4,1,2800.0,1,1,280.0
1,1,1,3,1,1012.006072,0,0,220.0
1,0,0,3,1,1862.556198,1,1,58.0
1,0,0,2,1,1082.155477,1,1,49.0
0,0,0,2,1,1240.221332,1,1,65.0
0,0,0,3,1,1750.0,1,1,280.0
1,0,0,2,1,1183.939602,1,1,69.0
1,0,1,3,1,1583.782072,1,1,100.0
1,0,0,3,1,1800.041144,1,1,87.5
0,0,1,1,1,683.0601092999999,1,1,35.0
1,0,0,2,1,750.0487045,1,1,77.0
1,1,1,2,1,600.0436394999999,0,1,110.0
0,0,0,2,1,1140.007125,1,1,32.0
0,0,0,3,1,1350.256549,1,1,50.0
0,0,0,3,1,1500.272777,1,1,55.0
1,0,0,4,1,2400.017455,1,1,1100.0
0,0,0,3,1,2050.580998,1,1,60.0
1,1,1,3,1,1709.91178,0,1,65.9
1,1,1,2,1,1293.940047,0,1,120.0
1,0,0,3,1,2400.020211,1,1,950.0
1,0,0,2,1,888.8888889000001,1,1,160.0
1,0,0,3,1,1761.97341,1,1,110.0
1,0,0,2,1,950.0,1,1,95.0
1,0,0,4,1,1650.428107,1,1,55.9
1,0,1,4,1,1650.015412,1,1,910.0
1,0,1,1,1,597.0149253999999,1,1,32.0
0,0,0,3,1,1599.634369,1,1,35.0
1,1,1,2,1,1139.473684,0,0,43.3
1,0,1,4,1,3829.787234,1,1,360.0
1,1,1,2,1,650.6745326,0,1,150.0
0,0,0,2,1,750.0914746000001,1,1,20.5
0,0,1,3,1,1341.424465,1,1,42.0
1,0,0,2,1,1048.565121,1,1,28.5
0,0,0,1,1,338.4396152,1,1,9.5
1,0,0,3,1,1223.021583,1,1,34.0
1,0,0,5,1,3067.171046,1,1,300.0
1,1,1,2,1,1264.488936,0,1,120.0
1,0,0,3,1,1391.212468,1,1,790.0
0,0,0,3,1,1451.216789,1,1,65.0
1,1,1,2,1,1163.636364,0,1,160.0
0,0,0,3,1,1300.020313,1,1,64.0
0,0,0,2,1,1100.092966,1,1,35.5
1,0,0,3,1,1395.11709,1,1,140.0
0,0,0,2,1,1400.037334,1,1,75.0
0,1,0,2,1,712.0605251000001,0,1,32.0
1,0,0,4,1,2323.6163920000004,1,1,440.0
1,0,0,3,1,1200.056473,1,1,85.0
2,0,0,2,1,847.6977568,1,0,35.9
1,0,0,2,1,1123.304243,1,1,130.0
1,0,0,1,1,616.7763158,1,1,150.0
0,0,0,2,1,1050.317538,1,1,21.5
0,0,0,1,1,500.0,1,1,25.0
1,0,1,2,1,711.8902439,1,1,46.7
0,0,1,2,1,1073.071027,1,1,42.0
1,0,0,2,1,1050.006563,1,1,160.0
2,1,1,2,1,1000.0,0,0,28.5
0,0,0,1,1,675.0049633,1,1,34.0
0,0,0,2,1,1250.0,1,1,100.0
1,0,0,2,1,1104.878049,1,1,45.3
1,1,1,3,1,875.4267706,0,0,100.0
1,1,1,1,1,603.9273805,0,1,16.3
0,0,0,2,1,1375.24558,1,1,70.0
0,0,0,3,1,1000.0,1,1,21.0
1,1,1,2,1,1201.145708,0,1,130.0
1,1,0,1,1,640.0,0,1,30.4
0,1,0,2,1,830.1404852999999,0,1,26.0
1,0,1,1,1,620.0234956,1,1,95.0
0,0,0,2,1,929.9442033,1,1,45.0
0,1,0,3,1,1514.881483,0,1,85.0
1,0,1,3,1,1327.700664,1,1,110.0
1,0,0,3,1,1464.682258,1,1,62.0
0,0,0,2,1,1089.952393,1,1,87.0
2,1,1,3,1,1606.122449,0,0,78.7
0,0,0,3,1,1680.268843,1,1,70.0
1,0,1,5,1,4666.666667,1,0,210.0
1,0,0,3,1,2528.613255,1,1,190.0
0,0,1,2,1,970.0548292,1,1,46.0
0,0,0,2,1,1089.054315,1,1,39.5
1,0,0,2,1,1156.153959,1,1,79.0
1,0,0,4,1,6947.368420999999,1,0,660.0
0,0,0,2,1,938.6733417000002,1,1,22.5
0,0,0,2,1,855.2049542999999,1,1,29.0
1,0,0,1,1,425.0278707,1,1,61.0
1,1,1,3,1,1699.39577,0,0,45.0
1,1,1,3,1,912.0620202,0,0,240.0
1,0,1,3,1,1490.256018,1,1,78.0
1,0,0,3,1,1208.151383,1,1,49.8
1,0,0,3,1,1577.287066,1,1,180.0
1,0,1,4,1,3332.407665,1,1,240.0
1,0,0,2,1,1000.0,1,1,44.0
0,1,0,2,1,950.0959693,0,1,49.5
1,0,0,1,1,675.0441375,1,1,65.0
0,0,0,2,1,1500.0,1,1,97.5
1,0,0,2,1,957.1074087000002,1,1,54.0
1,0,1,2,1,950.0886749,1,1,75.0
1,0,1,1,1,442.9514917,1,0,38.9
1,0,0,3,1,1341.107872,1,1,69.0
1,0,0,4,1,3123.048095,1,1,250.0
0,0,1,2,1,1244.813278,1,1,57.0
0,0,0,2,1,1093.102149,1,1,58.0
0,0,0,2,1,1165.077924,1,1,77.0
1,1,0,2,1,960.9224856,0,1,90.0
1,1,0,4,1,4499.826929999999,0,1,650.0
0,0,0,3,1,1385.681293,1,1,42.0
1,0,0,2,1,1199.9904,1,1,500.0
1,0,1,2,1,1199.171965,1,0,81.1
1,0,0,3,1,1600.205374,1,1,93.5
1,0,1,1,1,471.409243,1,1,66.2
1,0,0,2,1,1000.0,1,1,57.0
0,1,1,2,1,1125.100455,0,1,42.0
0,0,0,3,1,1549.833095,1,1,65.0
0,0,1,2,1,1170.177198,1,1,70.0
1,0,0,2,1,740.0555042000001,1,1,40.0
1,1,1,2,1,694.5784295,0,0,180.0
2,0,0,3,1,1498.5830970000002,1,0,89.9
1,1,1,3,1,1125.100455,0,1,42.0
1,0,0,2,1,964.4444444,1,1,43.4
1,0,1,4,1,3200.0,1,1,700.0
1,0,0,3,1,1599.466844,1,1,48.0
0,0,0,1,1,695.0122649,1,1,25.5
1,1,1,2,1,1001.059946,0,1,85.0
0,0,0,1,1,534.061239,1,1,22.5
1,1,1,4,1,2105.263158,0,0,100.0
1,1,1,2,1,1017.081758,0,1,78.0
1,1,1,3,1,1000.0,0,1,26.0
1,0,0,1,1,575.0431282000001,1,1,60.0
1,0,0,3,1,2550.019616,1,1,1300.0
1,0,0,2,1,1030.065023,1,1,160.0
1,0,1,2,1,1156.232375,1,1,41.0
1,1,0,2,1,1342.945999,0,1,190.0
1,0,0,2,1,1060.030395,1,1,27.9
1,0,0,2,1,1100.0,1,1,55.0
1,0,0,4,1,3705.010586,1,1,210.0
1,0,0,3,1,1420.9928,1,1,75.0
1,0,0,4,1,3800.0,1,1,950.0
0,0,0,3,1,4587.155963,1,0,60.0
1,0,0,2,1,1100.110011,1,1,100.0
1,0,1,3,1,1550.068587,1,1,56.5
1,1,1,1,1,491.1220249,0,1,130.0
0,0,0,2,1,1100.070972,1,1,31.0
0,0,0,2,1,850.0303582,1,1,42.0
1,0,0,3,1,1754.086363,1,1,71.9
0,0,1,2,1,929.1521487,1,1,32.0
0,0,0,3,1,2200.220022,1,1,120.0
1,0,1,2,1,953.0533004,1,1,27.0
1,0,0,2,1,1132.125733,1,1,85.0
1,1,1,2,1,595.5926147000001,0,0,130.0
0,0,0,3,1,1800.124146,1,1,58.0
1,0,0,4,1,3533.123028,1,1,280.0
1,0,0,3,1,1598.540146,1,1,87.6
1,0,0,2,1,650.0847937000001,1,1,23.0
1,0,0,2,1,1100.110011,1,1,90.0
0,0,0,3,1,1664.397034,1,1,110.0
0,0,0,3,1,1955.05618,1,1,87.0
1,0,1,3,1,2400.083481,1,1,230.0
1,1,0,2,1,1200.0,0,1,35.4
0,0,0,1,1,8064.516129000001,1,1,15.0
1,1,1,2,1,918.0415114,0,1,69.0
0,1,0,3,1,1120.134416,0,1,40.0
1,0,0,4,1,4037.399065,1,1,190.0
1,1,1,3,1,1518.181818,0,1,50.1
0,0,0,3,1,1420.21721,1,1,85.0
1,1,0,1,1,465.5799226,0,0,39.7
1,1,1,2,1,924.9858996,0,1,82.0
1,0,1,2,1,1050.052503,1,1,30.0
1,0,0,3,1,1400.115473,1,1,97.0
1,1,1,3,1,1099.275671,0,1,25.8
0,0,0,2,1,600.1091107000001,1,1,22.0
1,0,1,1,1,369.5667896,1,0,51.1
1,0,0,4,1,4400.633691,1,1,250.0
0,0,0,2,1,710.1525512999999,1,1,27.0
0,0,0,2,1,1145.203111,1,1,53.0
1,1,1,3,1,1500.0,0,1,60.0
1,1,1,1,1,456.6439181,0,1,45.5
0,0,0,3,1,1323.251418,1,1,49.0
0,0,0,2,1,911.1617312,1,1,44.0
1,1,1,2,1,1324.908276,0,1,260.0
0,0,0,2,1,750.0436072000001,1,1,43.0
2,1,0,2,1,1145.339652,0,0,43.5
0,0,1,2,1,1190.181007,1,1,48.0
0,0,0,2,1,1070.205479,1,1,50.0
1,1,1,4,1,3010.752688,0,1,140.0
1,1,0,3,1,1479.62963,0,1,79.9
0,0,0,3,1,1332.741004,1,1,120.0
0,0,0,2,1,1120.110288,1,1,65.0
1,1,0,2,1,951.1323004,0,1,39.9
1,1,0,2,1,1250.0,0,1,39.4
1,0,0,3,1,1825.055403,1,1,140.0
0,0,0,3,1,1500.115393,1,1,130.0
1,0,0,2,1,1021.907134,1,1,160.0
1,0,0,2,1,808.3265747,1,1,29.9
1,1,1,3,1,1019.85722,0,1,170.0
0,0,0,1,1,400.0,1,1,5.0
1,1,1,3,1,1629.931469,0,0,88.0
1,0,0,3,1,1450.0,1,1,81.2
0,0,0,2,1,1096.698113,1,1,46.5
0,0,0,3,1,1440.0,1,1,90.0
0,0,0,2,1,900.2057613,1,1,35.0
0,0,0,2,1,1219.149569,1,1,41.0
1,1,1,3,1,1447.66147,0,1,26.0
1,0,0,3,1,1600.0,1,1,220.0
1,1,1,2,1,1084.444444,0,0,48.8
0,0,0,2,1,1066.217733,1,1,38.0
0,0,0,2,1,750.1071582000001,1,1,35.0
1,1,0,2,1,748.5714286,0,1,26.2
1,0,0,3,1,1244.625481,1,1,110.0
0,0,0,3,1,1615.308151,1,1,65.0
0,0,0,3,1,1437.157042,1,1,110.0
0,0,0,2,1,1049.82764,1,1,33.5
0,0,0,3,1,1216.051885,1,1,90.0
1,0,0,3,1,1100.3757380000002,1,1,20.5
1,0,1,4,1,2438.4296510000004,1,1,100.0
0,0,0,1,1,600.0008571000001,1,1,1400.0
0,0,0,15,1,8000.0,1,1,500.0
0,0,0,2,1,1139.018692,1,1,78.0
1,0,0,2,1,1040.100251,1,1,41.5
0,0,1,2,1,1480.05148,1,1,69.0
2,1,0,2,1,1341.418596,0,0,36.5
1,1,1,1,1,713.1102578,0,1,26.0
1,1,0,3,1,1650.165017,0,1,110.0
1,1,1,3,1,1650.7614210000002,0,0,81.3
1,0,0,2,1,920.0178068,1,1,62.0
0,0,0,2,1,830.81571,1,1,16.5
0,0,0,2,1,1060.0706710000002,1,1,36.0
1,0,0,4,1,2365.082778,1,1,110.0
1,1,1,2,1,1296.551724,0,1,37.6
0,0,0,2,1,880.1274392999999,1,1,44.2
1,0,0,3,1,1522.248244,1,1,78.0
0,0,1,3,1,1043.956044,1,1,39.9
1,0,1,2,1,1178.032188,1,1,71.0
2,1,1,1,1,479.8405642,0,0,31.3
0,0,0,1,1,780.1899592999999,1,1,23.0
2,1,1,3,1,903.0612245,0,0,35.4
1,0,1,3,1,2932.073628,1,1,180.0
1,0,1,2,1,1037.449393,1,1,20.5
0,0,0,3,1,1735.3077280000002,1,1,75.0
0,0,0,2,1,800.0,1,1,11.0
1,1,0,3,1,1400.270149,0,1,62.2
1,0,0,3,1,2080.732418,1,1,150.0
1,0,0,2,1,670.0017867,1,1,300.0
1,1,0,2,1,726.3107262999999,0,1,15.1
0,0,0,2,1,1087.774295,1,1,34.7
1,1,1,2,1,1152.055072,0,1,56.9
1,0,1,3,1,1661.415067,1,1,58.0
0,0,0,1,1,510.0801555,1,1,21.0
0,0,0,2,1,9000.0,1,1,36.0
0,0,0,2,1,700.0,1,1,21.0
0,0,0,2,1,862.0689654999999,1,1,28.5
1,0,0,2,1,929.9781182,1,1,25.5
1,0,1,2,1,1094.154909,1,1,38.0
1,1,0,4,1,2500.0,0,1,520.0
0,0,0,2,1,760.0116925,1,1,26.0
0,0,0,2,1,850.2024291000001,1,1,21.0
1,1,0,2,1,615.5594488,0,1,130.0
0,0,0,2,1,704.9700387999999,1,1,20.0
1,0,1,4,1,2391.304348,1,1,110.0
0,0,0,2,1,1000.0,1,1,33.0
1,1,0,1,1,374.5318352,0,1,39.0
0,0,1,1,1,700.1166861,1,1,30.0
1,0,1,2,1,1219.130978,1,1,39.0
1,0,0,3,1,1247.6967619999998,1,1,47.4
0,0,0,3,1,1360.015543,1,1,70.0
0,0,0,3,1,1880.002149,1,1,350.0
0,0,0,3,1,1140.10641,1,1,45.0
0,0,1,2,1,880.0880087999999,1,1,32.0
0,0,0,2,1,855.1411498,1,1,41.5
1,0,1,1,1,500.0,1,1,25.5
1,0,0,2,1,925.0953129,1,1,82.5
0,0,1,2,1,1155.207751,1,1,62.0
1,0,0,2,1,952.0182787999998,1,1,50.0
0,0,0,2,1,1000.0,1,1,25.0
1,0,0,2,1,868.9715100999999,1,1,140.0
0,0,0,3,1,1260.005929,1,1,85.0
0,0,0,2,1,828.0104093,1,1,35.0
1,0,1,4,1,1700.005667,1,1,300.0
1,0,0,4,1,3251.551877,1,1,220.0
0,0,0,3,1,1644.736842,1,1,60.0
0,0,0,1,1,501.002004,1,1,25.0
0,0,0,2,1,900.1285898,1,1,21.0
1,0,0,2,1,1200.0,1,1,180.0
0,0,0,1,1,477.0075498,1,1,13.9
1,0,0,2,1,1196.612666,1,1,130.0
1,0,0,2,1,1245.283019,1,1,42.9
1,0,0,3,1,1659.6258300000002,1,1,55.0
0,0,1,2,1,1050.213325,1,1,32.0
1,0,0,2,1,945.9459459,1,1,35.0
0,0,0,2,1,1159.885796,1,1,65.0
1,0,0,3,1,1602.075069,1,1,210.0
0,0,0,2,1,1020.03643,1,1,28.0
1,0,0,2,1,1050.023596,1,1,89.0
1,0,0,2,1,740.7407407000001,1,1,15.4
1,0,1,3,1,2200.0,1,1,550.0
0,0,0,2,1,1076.542147,1,1,100.0
1,1,0,1,1,573.8309485,0,1,38.9
0,0,0,3,1,1530.541255,1,1,110.0
1,0,0,2,1,1065.088757,1,1,90.0
0,0,0,2,1,796.0808327999999,1,1,26.0
1,0,0,3,1,1159.885796,1,1,260.0
1,1,1,1,1,461.0029165,0,1,49.0
1,0,0,3,1,1769.1415309999998,1,1,61.0
1,0,0,1,1,480.0,1,1,51.0
0,0,0,3,1,1580.172987,1,1,95.0
1,0,0,2,1,1409.077425,1,1,95.0
1,0,0,2,1,955.1623432,1,1,55.6
0,0,0,2,1,1053.844887,1,1,64.0
1,0,0,1,1,570.062523,1,1,31.0
1,0,0,2,1,1040.366209,1,1,25.0
0,0,1,2,1,1363.016811,1,1,90.0
1,0,1,3,1,1275.076505,1,0,75.0
1,0,0,1,1,649.6415771000001,1,1,14.5
0,0,0,2,1,1450.326323,1,1,40.0
0,0,0,2,1,590.0621118,1,1,19.0
0,0,0,2,1,1100.052383,1,1,21.0
0,0,1,3,1,1405.190941,1,1,85.0
0,0,1,1,1,504.0023718000001,1,1,17.0
1,0,1,2,1,1200.120012,1,1,80.0
1,0,0,3,1,1325.478645,1,1,27.0
0,0,0,3,1,1599.865275,1,1,95.0
0,0,0,3,1,1510.019757,1,1,53.5
0,0,1,1,1,679.7853309,1,1,19.0
0,0,0,2,1,1500.214316,1,1,70.0
0,0,0,3,1,1600.996175,1,1,180.0
1,0,0,3,1,2080.856124,1,1,140.0
1,0,0,4,1,3003.0030030000003,1,1,120.0
1,0,0,3,1,1446.416831,1,1,110.0
1,0,0,2,1,987.3617694,1,1,150.0
1,0,0,3,1,1200.0,1,1,36.0
0,0,0,2,1,1010.10101,1,1,45.0
0,0,1,2,1,973.0330831,1,1,35.0
0,0,0,2,1,1450.589302,1,1,32.0
0,0,0,1,1,625.0,1,1,40.0
0,0,0,2,1,921.0194297,1,1,36.5
1,0,0,2,1,999.0662932,1,1,53.5
0,0,0,3,1,1800.180018,1,1,100.0
0,0,0,2,1,950.0351865,1,1,54.0
0,0,0,2,1,946.0737938,1,1,40.0
0,0,1,3,1,1415.174766,1,1,83.0
1,1,1,3,1,1750.059661,0,1,220.0
0,0,0,1,1,650.0445236,1,1,14.6
0,0,0,3,1,166.002656,1,1,65.0
1,0,0,3,1,1500.0,1,0,120.0
1,1,0,2,1,1041.30809,0,1,24.2
0,0,0,3,1,1294.219154,1,1,60.0
0,0,0,3,1,1600.0,1,1,70.0
0,0,0,2,1,817.2362555999999,1,1,22.0
1,0,0,2,1,1147.866013,1,1,110.0
0,0,0,1,1,618.1374542000001,1,1,15.2
0,0,0,2,1,950.1187648,1,1,48.0
0,0,1,3,1,1356.187606,1,1,72.0
1,0,0,5,1,2686.858818,1,1,220.0
1,1,1,4,1,3473.491773,0,0,190.0
0,0,0,2,1,1080.246914,1,1,28.0
1,0,0,1,1,560.0194789,1,1,23.0
0,0,0,2,1,598.8023952000001,1,1,15.0
1,0,0,1,1,624.2905789,1,1,44.0
0,0,0,1,1,450.016072,1,1,14.0
1,0,0,1,1,510.0487211,1,1,33.5
1,0,1,2,1,1235.099813,1,1,86.0
0,0,0,4,1,3149.606299,1,1,68.0
1,1,0,3,1,2533.333333,0,1,190.0
0,0,0,1,1,900.090009,1,1,50.0
1,1,0,2,1,870.0237278999999,0,1,33.0
0,0,0,3,1,1270.289344,1,1,36.0
1,1,1,1,1,420.0580036,0,0,89.8
0,0,0,2,1,860.1062483999999,1,1,34.0
1,0,0,3,1,2200.018333,1,1,1200.0
0,0,0,2,1,1000.0,1,1,42.5
1,0,0,2,1,701.9185774,1,1,180.0
1,0,1,3,1,1712.15631,1,1,170.0
0,0,0,3,1,1664.7081859999998,1,1,85.0
1,0,0,2,1,2368.031574,1,1,48.0
1,0,0,3,1,1323.218066,1,1,75.0
1,0,0,2,1,1305.057096,1,1,160.0
0,0,1,2,1,1265.270506,1,1,58.0
1,1,1,1,1,630.1075268999999,0,1,29.3
1,0,0,3,1,1540.178571,1,1,69.0
0,0,0,2,1,779.8960139,1,1,45.0
0,0,0,2,1,1375.0,1,1,110.0
0,0,1,3,1,1668.518519,1,1,90.1
0,0,0,2,1,1265.822785,1,1,31.0
1,0,0,2,1,1131.2700109999998,1,1,31.8
1,0,0,3,1,1768.3912690000002,1,1,350.0
1,0,1,3,1,2130.449033,1,1,130.0
1,0,0,2,1,1295.1503810000002,1,1,90.0
2,0,1,4,1,1944.012442,1,0,100.0
1,0,0,3,1,1440.415964,1,1,410.0
1,1,1,2,1,1164.725458,0,1,49.0
1,1,1,1,1,663.5166382,0,0,66.0
0,0,0,2,1,850.1335924000001,1,1,35.0
0,0,0,3,1,725.0524709,1,1,38.0
1,0,0,3,1,1476.186776,1,1,190.0
1,0,1,3,1,2246.349682,1,1,240.0
1,0,0,4,1,2743.484225,1,1,140.0
0,0,0,2,1,1100.151745,1,1,29.0
1,0,1,3,1,1684.919966,1,1,60.0
0,0,0,2,1,1250.0,1,1,23.0
1,0,1,4,1,2566.295979,1,1,120.0
1,1,1,2,1,898.1830648,0,1,26.2
0,0,0,6,1,2800.5170190000003,1,1,65.0
2,1,0,2,1,1080.0,0,0,37.8
1,0,0,2,1,942.2110553,1,1,120.0
1,1,1,5,1,3815.789474,0,0,290.0
1,1,1,3,1,1443.001443,0,1,150.0
0,0,0,3,1,1560.24964,1,1,65.0
1,0,0,2,1,1250.0,1,1,35.0
0,0,0,3,1,2121.790791,1,1,100.0
1,0,0,1,1,630.0023774,1,1,79.5
1,0,0,3,1,1299.69419,1,1,34.0
0,0,0,1,1,300.0,1,1,12.0
1,1,1,2,1,1100.125331,0,1,79.0
0,0,0,3,1,1916.810427,1,1,100.0
0,0,0,3,1,1645.338208,1,1,45.0
1,0,0,2,1,851.5463917999999,1,1,41.3
1,0,0,1,1,333.0353152,1,1,14.9
1,0,0,3,1,1509.892398,1,1,87.0
1,0,1,3,1,1730.1038059999998,1,1,60.0
1,1,1,2,1,1100.185529,0,1,59.3
0,0,0,2,1,1150.086256,1,1,80.0
1,0,0,2,1,1087.843351,1,1,160.0
1,0,1,3,1,1990.166237,1,1,85.0
1,0,1,1,1,665.0041562999999,1,1,120.0
1,0,0,1,1,639.952742,1,1,65.0
0,0,0,3,1,1565.133638,1,1,65.0
1,0,0,3,1,1301.347355,1,1,79.2
0,0,1,1,1,800.1828989,1,1,17.5
1,0,1,2,1,909.526089,1,1,38.0
1,0,0,2,1,1180.080245,1,1,50.0
1,0,0,2,1,1000.0,1,1,80.0
1,0,0,2,1,1050.037501,1,1,98.0
1,1,0,3,1,1584.447145,0,1,65.2
0,0,0,2,1,1050.525263,1,1,21.0
0,0,0,3,1,2600.0,1,1,65.0
0,0,0,3,1,1600.0,1,1,110.0
1,0,0,2,1,939.9805041,1,1,270.0
0,0,0,2,1,1290.322581,1,1,70.0
0,0,1,4,1,3483.065097,1,1,290.0
0,0,0,2,1,900.0562535,1,1,48.0
1,0,1,2,1,948.7761797,1,1,37.6
0,0,0,2,1,1206.010281,1,1,61.0
0,0,0,3,1,1153.8461539999998,1,1,60.0
0,0,0,2,1,1250.0,1,1,72.5
0,0,0,1,1,587.9732739,1,1,13.2
0,0,1,2,1,845.210474,1,1,25.5
0,0,1,2,1,1135.288553,1,1,36.0
0,0,0,2,1,648.0041472,1,1,25.0
0,0,0,2,1,850.2289078,1,1,26.0
0,0,0,2,1,700.1166861,1,1,12.0
1,0,0,2,1,1050.06105,1,1,86.0
1,0,1,3,1,1266.666667,1,1,34.2
1,0,0,2,1,794.8243993,1,1,12.9
1,0,1,3,1,1706.207345,1,1,52.5
1,0,0,1,1,400.0,1,1,35.0
1,0,1,3,1,2194.0516820000003,1,1,450.0
1,0,0,3,1,1820.01456,1,1,650.0
0,0,0,1,1,701.9783025,1,1,22.0
0,0,0,3,1,1500.093756,1,1,80.0
1,1,0,3,1,650.1472031000001,0,1,26.5
0,0,0,2,1,979.9118079,1,1,40.0
1,0,0,3,1,1100.110011,1,1,60.0
0,0,0,2,1,880.1341156999999,1,1,42.0
0,1,0,3,1,1250.0,0,1,110.0
1,0,0,4,1,2170.724553,1,1,370.0
0,0,0,2,1,1001.001001,1,1,50.0
0,0,0,2,1,1000.0,1,1,13.5
0,0,0,3,1,1500.0,1,1,210.0
0,0,0,3,1,2000.714541,1,1,56.0
1,0,0,2,1,1355.202121,1,1,40.9
1,0,0,2,1,1285.347044,1,1,45.0
1,0,0,3,1,1449.704142,1,1,49.0
1,0,1,3,1,1340.0,1,1,40.2
1,1,0,4,1,2158.55573,0,1,330.0
1,0,0,2,1,1017.737714,1,1,140.0
0,0,0,2,1,824.9463785,1,1,50.0
1,1,1,1,1,710.0591716,0,1,60.0
1,0,0,3,1,1449.787836,1,1,41.0
1,0,1,3,1,1250.0,1,1,44.0
0,0,0,3,1,944.8818898,1,1,30.0
1,0,0,1,1,576.0368664,1,1,30.0
1,0,0,2,1,1152.472053,1,1,100.0
1,0,1,2,1,607.8453161,1,0,54.7
0,0,1,3,1,1265.365148,1,1,35.0
2,0,1,2,1,1225.806452,1,0,34.2
0,0,0,3,1,1968.039046,1,1,250.0
1,0,0,3,1,1600.0,1,1,120.0
1,0,0,2,1,1550.087192,1,1,160.0
1,0,0,2,1,972.2645535,1,1,31.9
0,0,1,2,1,805.3097345,1,1,18.2
1,1,1,1,1,425.5445076,0,0,71.9
0,0,0,3,1,1580.13544,1,1,63.0
1,0,0,3,1,1690.238013,1,1,98.0
1,0,0,4,1,2118.644068,1,1,200.0
1,1,1,1,1,600.0960154,0,1,25.0
1,1,1,3,1,1455.068756,0,1,91.0
0,0,0,2,1,1120.1236,1,1,58.0
0,0,0,2,1,800.0,1,1,35.0
1,0,0,4,1,1800.180018,1,0,100.0
1,0,1,2,1,1349.037514,1,1,260.0
0,0,0,2,1,750.0,1,1,30.0
1,0,0,3,1,2065.111759,1,1,170.0
1,1,1,2,1,998.6111111,0,1,71.9
1,0,0,3,1,1709.7496440000002,1,1,84.0
1,1,1,2,1,1333.333333,0,1,17.0
0,0,0,2,1,710.4515313999999,1,1,45.0
1,0,0,1,1,652.2625357000001,1,1,16.0
0,0,0,2,1,1140.798559,1,1,38.0
1,0,0,1,1,449.9775011,1,1,60.0
0,0,1,3,1,1076.233184,1,1,36.0
1,0,0,4,1,1650.060291,1,1,260.0
1,0,0,3,1,1715.265866,1,1,110.0
1,1,1,2,1,859.3174564,0,1,140.0
1,1,1,3,1,921.6589862,0,0,240.0
0,0,0,3,1,1170.0468019999998,1,1,60.0
1,0,0,3,1,927.2510435,1,1,31.1
0,0,0,1,1,720.0338839,1,1,34.0
1,0,0,1,1,650.0661084,1,1,59.0
1,0,0,3,1,1756.697409,1,1,120.0
1,0,1,3,1,1600.5909869999998,1,1,130.0
0,0,0,3,1,1559.674503,1,1,69.0
1,0,1,3,1,1498.033831,1,1,240.0
1,0,1,2,1,1210.507203,1,1,100.0
0,1,1,3,1,1415.09434,0,1,60.0
1,1,1,3,1,742.3208191000001,0,1,26.1
1,1,1,2,1,693.1753734,0,1,110.0
1,0,1,3,1,1857.010214,1,1,380.0
1,0,0,2,1,1139.060275,1,1,72.0
1,0,1,3,1,1312.623058,1,1,120.0
1,0,0,2,1,950.0542888,1,1,35.0
0,0,0,3,1,1700.3676469999998,1,1,74.0
1,0,0,3,1,1715.186353,1,1,92.5
1,0,0,3,1,2450.379809,1,1,100.0
1,0,1,2,1,1285.046729,1,1,33.0
0,0,0,2,1,899.9052731,1,1,57.0
0,1,0,2,1,925.1916468,0,1,35.0
1,0,1,2,1,1247.120763,1,1,37.9
0,0,1,2,1,1076.040172,1,1,45.0
0,0,0,1,1,864.1975309000001,1,1,14.0
1,0,0,3,1,1600.0,1,1,70.0
0,0,0,2,1,1175.742574,1,1,38.0
0,0,0,1,1,465.0441791999999,1,1,30.0
1,0,0,2,1,1199.696279,1,1,63.2
1,0,0,2,1,1129.943503,1,1,70.0
0,0,0,3,1,1600.0,1,1,48.0
0,0,0,1,1,650.0626566000001,1,1,41.5
1,0,0,4,1,3252.03252,1,1,240.0
1,0,1,2,1,886.4039275,1,1,130.0
1,1,0,3,1,1206.349206,0,1,53.2
1,0,0,2,1,1112.711088,1,1,170.0
0,0,0,2,1,574.9770009,1,1,25.0
1,0,0,1,1,489.1999699,1,1,130.0
1,0,1,3,1,1430.1985029999998,1,1,87.9
1,0,1,3,1,1750.0,1,1,87.5
0,0,0,1,1,968.7699171,1,1,76.0
1,0,1,2,1,1190.233978,1,1,58.5
1,0,0,2,1,1351.68346,1,1,110.0
0,0,0,2,1,860.0469116,1,1,44.0
1,0,0,2,1,850.0,1,1,170.0
1,0,0,2,1,1149.976042,1,1,48.0
1,1,1,2,1,1094.159347,0,1,71.0
1,0,0,3,1,1603.010873,1,1,230.0
0,0,0,2,1,1000.0,1,1,22.0
1,0,0,2,1,1250.0,1,1,80.0
1,0,0,2,1,1255.02008,1,1,75.0
0,0,0,1,1,219.0149374,1,1,21.7
0,0,0,1,1,376.6951281,1,1,15.0
1,0,0,3,1,2134.797194,1,1,140.0
1,0,1,2,1,856.1643836000001,1,1,42.5
0,1,0,2,1,1050.105011,0,1,35.0
1,1,1,3,1,950.0751378,0,1,56.9
0,0,0,3,1,2100.210021,1,1,70.0
1,1,1,2,1,485.208312,0,0,47.4
1,1,1,3,1,138006.0221,0,0,8250.0
0,0,0,2,1,560.0672081,1,1,40.0
1,1,1,3,1,2387.01464,0,1,750.0
0,0,0,3,1,1235.987353,1,1,43.0
1,0,0,3,1,2769.230769,1,1,180.0
1,0,1,3,1,2293.13969,1,1,240.0
1,0,0,2,1,1076.388889,1,1,27.9
1,0,0,2,1,1070.079731,1,1,51.0
1,0,1,2,1,1323.6267369999998,1,1,160.0
1,0,0,3,1,1250.0,1,1,150.0
1,1,1,2,1,1260.257913,0,1,43.0
1,0,1,3,1,967.7196378,1,1,280.0
0,0,0,2,1,880.4108583999999,1,1,180.0
1,0,0,3,1,1717.229536,1,1,120.0
1,1,0,4,1,3230.391523,0,1,250.0
1,0,0,2,1,1207.513417,1,1,27.0
0,0,0,3,1,1600.0,1,1,90.0
1,0,0,3,1,1442.377037,1,1,100.0
1,0,0,4,1,2758.9666420000003,1,1,110.0
1,0,0,2,1,868.8281416000001,1,1,41.0
0,0,0,3,1,1173.184358,1,1,25.2
1,0,1,2,1,685.9382656,1,1,140.0
0,0,0,2,1,899.8875141000001,1,1,40.0
0,0,0,3,1,1086.088484,1,1,68.0
1,0,1,2,1,940.1441554,1,1,60.0
1,0,0,1,1,685.0217363,1,1,52.0
0,0,1,3,1,2007.276377,1,1,160.0
0,0,0,2,1,720.1225741000001,1,1,14.1
0,1,0,2,1,699.9125109,0,1,32.0
1,0,1,2,1,1121.14606,1,1,72.0
0,0,0,5,1,2150.2942510000003,1,1,95.0
0,0,0,1,1,650.0691562999999,1,1,23.5
0,0,0,2,1,650.0139289,1,1,70.0
1,0,1,2,1,1208.151383,1,1,83.0
1,1,0,3,1,1238.244514,0,1,63.2
1,0,0,2,1,1349.812978,1,1,83.0
1,1,1,2,1,655.8641974999999,0,1,170.0
0,0,0,2,1,1250.0,1,1,42.5
0,0,0,1,1,580.1687764,1,1,16.5
0,0,0,1,1,600.0,1,1,45.0
0,0,1,2,1,1232.147858,1,1,88.0
1,0,0,3,1,1110.157368,1,0,38.8
1,0,1,4,1,2563.128916,1,1,270.0
1,0,0,1,1,406.3088686,1,1,110.0
1,0,0,2,1,798.1580967,1,1,20.8
0,0,0,2,1,1250.0,1,1,39.0
1,0,0,2,1,1273.274918,1,1,46.5
0,0,0,3,1,2235.350471,1,1,140.0
1,0,0,3,1,1500.0,1,1,90.0
1,0,0,2,1,1260.169086,1,1,79.0
1,0,1,5,1,7514.193477,1,1,1350.0
0,0,0,1,1,450.0703235,1,1,16.0
1,1,1,3,1,805.5235903,0,0,98.0
1,1,1,2,1,50300.71077,0,0,9200.0
1,0,0,2,1,1046.552328,1,1,29.9
1,0,0,2,1,900.090009,1,1,20.0
1,1,0,3,1,1357.868615,0,1,290.0
0,0,0,4,1,107407.4074,1,1,29.0
1,0,0,3,1,1825.657895,1,1,44.4
1,1,0,4,1,2895.193978,0,1,300.0
1,0,1,2,1,1050.047729,1,1,77.0
0,0,0,2,1,1100.110011,1,1,40.0
1,0,0,2,1,1020.024695,1,1,190.0
0,0,0,2,1,949.8680739,1,1,36.0
0,0,0,3,1,2836.879433,1,1,120.0
1,0,0,2,1,990.0236083,1,1,130.0
0,0,0,2,1,860.2150537999999,1,1,32.0
0,0,1,2,1,1190.019194,1,1,62.0
1,0,0,1,1,751.0729614,1,1,42.0
1,0,0,1,1,680.9669731,1,1,100.0
0,0,0,2,1,1195.151101,1,1,70.0
1,0,0,2,1,1079.842932,1,1,49.5
1,1,1,2,1,1093.613298,0,1,150.0
1,1,1,2,1,1184.249482,0,1,120.0
0,0,0,1,1,450.0450045,1,1,15.0
1,0,0,2,1,875.0820389,1,1,40.0
1,1,1,3,1,907.5708314,0,0,97.7
0,1,0,3,1,2200.033847,0,0,650.0
1,0,0,2,1,900.1883239,1,1,23.9
1,0,0,2,1,1165.740931,1,1,170.0
1,0,0,2,1,500.0,1,1,83.0
0,0,1,3,1,2400.174558,1,1,110.0
0,0,0,3,1,1141.2629980000002,1,1,45.0
0,0,0,2,1,633.0716637,1,1,50.0
1,0,0,4,1,2994.676131,1,1,270.0
1,0,0,3,1,1446.036545,1,1,220.0
1,0,0,2,1,725.1153592999999,1,1,22.0
1,0,0,5,1,6599.975486,1,1,7000.0
1,0,1,2,1,978.2608696,1,1,360.0
1,0,1,3,1,2206.896552,1,0,160.0
1,0,0,3,1,1545.221884,1,1,320.0
1,1,0,1,1,645.0194239,0,1,88.0
1,0,0,2,1,991.2536443,1,1,23.8
0,0,0,3,1,1850.13876,1,1,80.0
1,0,1,3,1,1950.10423,1,1,290.0
0,0,0,3,1,1583.113456,1,1,180.0
0,1,0,2,1,970.0366458,0,1,45.0
1,0,1,2,1,1199.971765,1,1,340.0
1,0,0,2,1,1343.070894,1,1,37.7
1,1,1,2,1,866.1417323,0,1,110.0
1,1,0,2,1,1295.097132,0,1,28.0
1,0,0,3,1,2933.333333,1,1,440.0
1,0,1,2,1,1029.136594,1,1,77.0
0,0,0,3,1,1040.259389,1,1,38.5
1,0,0,2,1,1050.262566,1,1,28.0
0,0,0,3,1,2000.0,1,1,61.0
1,0,1,2,1,1238.053866,1,1,28.5
1,0,1,2,1,1082.206035,1,1,52.0
1,0,0,3,1,1881.059181,1,1,130.0
1,0,0,2,1,1241.036955,1,1,45.0
1,0,0,1,1,550.0317326,1,1,26.0
1,0,1,3,1,1809.681798,1,1,120.0
2,1,1,3,1,1298.850575,0,0,56.5
1,0,1,2,1,1174.089069,1,1,58.0
1,0,0,3,1,2478.929103,1,1,200.0
1,0,1,3,1,1600.0,1,1,250.0
0,0,0,2,1,715.1370678999999,1,1,18.0
2,1,0,2,1,707.2463767999999,0,0,24.4
0,0,0,3,1,1500.0,1,1,75.0
1,1,1,1,1,644.9212452,0,1,52.0
2,1,0,2,1,893.9393938999999,0,0,29.5
1,0,0,2,1,932.579955,1,1,170.0
2,0,0,2,1,1050.0,1,0,33.6
1,0,0,1,1,560.0,1,1,56.0
0,0,0,2,1,779.1017415,1,1,34.0
0,0,0,3,1,2100.134409,1,1,250.0
1,1,1,3,1,1475.198626,0,1,68.7
1,0,1,2,1,1158.059468,1,1,74.0
0,0,0,3,1,2000.0,1,1,72.0
0,0,0,3,1,1274.859765,1,1,50.0
0,0,0,2,1,1100.244499,1,1,45.0
1,1,0,2,1,1006.181319,0,1,29.3
1,0,0,4,1,1776.198934,1,1,120.0
1,0,0,4,1,2180.006229,1,1,140.0
0,0,0,3,1,1080.205239,1,1,40.0
1,0,0,4,1,4667.444574,1,1,520.0
0,0,0,2,1,1205.05345,1,1,62.0
1,1,1,2,1,625.6144427999999,0,0,140.0
1,1,1,3,1,1572.821642,0,1,100.0
1,0,1,3,1,2037.074761,1,1,100.0
1,1,0,3,1,1839.015419,0,1,130.0
1,0,1,1,1,459.3459728,1,1,36.1
0,0,0,3,1,2229.215841,1,1,170.0
1,0,0,3,1,1580.61117,1,1,30.0
0,1,1,2,1,871.9066547,0,1,68.0
0,1,1,3,1,2250.984806,0,1,120.0
0,0,0,2,1,900.2770082999999,1,1,26.0
1,0,0,2,1,1170.005318,1,1,66.0
1,0,1,3,1,1350.048216,1,1,280.0
1,0,1,1,1,685.0048164,1,1,64.0
0,0,0,2,1,807.3196986,1,1,30.0
1,0,1,2,1,1153.596889,1,1,35.6
1,0,0,3,1,1150.064923,1,1,62.0
0,0,0,2,1,650.1950585,1,1,20.0
0,0,0,2,1,989.9105273,1,1,52.0
1,0,0,2,1,1050.080775,1,1,32.5
1,1,1,2,1,618.0193596,0,1,41.5
0,0,1,2,1,1065.719361,1,1,48.0
1,1,1,3,1,1700.417375,0,1,220.0
1,1,1,4,1,2311.111111,0,1,130.0
1,0,0,2,1,654.2361793,1,1,100.0
0,0,0,2,1,10891.4885,1,1,270.0
0,0,0,2,1,883.0869649,1,1,46.0
1,0,0,1,1,450.0450045,1,1,15.0
0,0,0,2,1,1050.06105,1,1,43.0
1,0,1,4,1,5354.900657,1,1,1450.0
1,1,0,3,1,1725.422532,0,1,440.0
0,0,0,2,1,950.0113097,1,1,42.0
1,0,1,3,1,1148.717949,1,0,44.8
1,0,0,2,1,975.0501864,1,1,68.0
1,0,0,3,1,1119.837115,1,1,38.5
0,0,0,2,1,1050.032916,1,1,31.9
1,0,0,2,1,1339.218159,1,1,53.1
0,0,0,3,1,2500.0,1,1,250.0
1,0,0,3,1,1561.036528,1,1,200.0
0,0,0,2,1,781.0894142000001,1,1,38.0
0,0,0,2,1,1050.328228,1,1,24.0
1,0,0,3,1,1090.512541,1,1,110.0
1,0,1,3,1,1563.003545,1,1,48.5
0,0,0,3,1,1155.423034,1,1,31.0
1,0,0,3,1,1446.078431,1,1,59.0
1,0,1,3,1,1532.097441,1,1,100.0
1,0,0,6,1,3152.464654,1,1,330.0
1,0,1,3,1,1046.928573,1,1,400.0
1,1,0,2,1,1342.945999,0,1,190.0
1,0,0,6,1,2749.809629,1,1,650.0
0,0,0,3,1,1278.178015,1,1,55.0
0,0,0,3,1,1863.217887,1,1,170.0
0,0,0,3,1,1434.828576,1,1,95.0
1,0,1,2,1,1084.2564619999998,1,1,32.3
0,0,0,1,1,430.4160688999999,1,1,6.0
0,0,0,2,1,869.1206543999999,1,1,34.0
1,0,0,4,1,3013.69863,1,1,90.2
0,0,0,3,1,1829.965688,1,1,48.0
0,0,0,3,1,1199.862873,1,1,35.0
1,0,0,2,1,1000.0,1,1,75.0
0,0,0,3,1,1700.223714,1,1,38.0
1,0,0,2,1,688.7052342000001,1,1,110.0
1,0,0,3,1,1400.304414,1,1,46.0
0,0,1,2,1,1017.195447,1,1,42.0
1,0,0,3,1,1536.024576,1,1,320.0
1,1,1,3,1,1550.27933,0,1,55.5
1,0,0,3,1,1735.0050829999998,1,1,51.2
0,0,0,3,1,1100.352113,1,1,25.0
0,0,0,3,1,1650.0,1,1,85.8
0,0,1,2,1,1000.0,1,1,25.0
1,0,0,2,1,860.5577688999999,1,1,32.4
0,0,0,3,1,1740.2945109999998,1,1,65.0
0,0,0,2,1,1111.111111,1,1,55.0
0,0,0,2,1,850.1335924000001,1,1,35.0
1,0,0,3,1,1465.494271,1,1,110.0
1,0,0,1,1,710.1011894,1,1,40.0
0,0,1,2,1,1097.132826,1,1,37.5
0,0,0,2,1,1260.080645,1,1,50.0
0,0,0,2,1,900.4237287999998,1,1,17.0
0,0,0,2,1,800.0,1,1,25.0
1,0,0,3,1,2000.0,1,1,210.0
0,0,0,2,1,1200.154859,1,1,62.0
0,0,0,1,1,526.5920223999999,1,1,30.1
0,0,0,2,1,1023.065476,1,1,55.0
1,0,0,3,1,1474.926254,1,1,110.0
0,0,0,3,1,1200.331126,1,1,29.0
1,0,0,2,1,870.0870087000001,1,1,29.0
1,0,1,2,1,1330.72407,1,0,340.0
0,0,0,2,1,1050.019091,1,1,55.0
1,0,0,20,1,11983.12236,1,1,710.0
1,0,0,2,1,1365.088586,1,1,94.0
1,0,0,2,1,850.0772798,1,1,22.0
0,0,0,3,1,1500.205508,1,1,73.0
0,0,0,2,1,1030.30303,1,1,28.9
1,0,0,3,1,1550.169109,1,1,55.0
1,0,1,4,1,3123.698459,1,1,300.0
0,0,0,4,1,1849.672104,1,1,110.0
0,0,0,3,1,1365.291262,1,1,45.0
1,0,1,2,1,714.1723536000001,1,1,180.0
0,0,1,1,1,612.0664529000001,1,1,42.0
1,0,0,3,1,1476.190476,1,1,310.0
0,0,0,2,1,1250.0,1,1,38.0
0,0,0,2,1,842.0718144,1,1,26.5
1,1,1,3,1,1392.550143,0,1,48.6
2,1,1,1,1,624.1307371,0,0,35.9
1,1,1,3,1,1931.537719,0,1,180.0
0,0,0,3,1,3150.525088,1,1,81.0
0,1,1,4,1,1750.2917149999998,0,1,75.0
0,0,1,2,1,920.076902,1,1,67.0
1,0,0,3,1,1350.074254,1,1,200.0
0,0,0,2,1,979.9651568,1,1,22.5
0,0,0,2,1,1100.244499,1,1,36.0
0,0,0,3,1,1350.2285,1,1,65.0
1,0,0,3,1,1350.033751,1,1,180.0
0,0,0,2,1,870.259481,1,1,21.8
1,0,0,2,1,1149.897331,1,1,28.0
1,0,0,2,1,1151.919866,1,1,69.0
0,1,0,1,1,585.106383,0,1,22.0
0,0,1,2,1,922.8497601,1,1,50.0
1,0,1,3,1,1750.0661899999998,1,1,66.1
1,0,0,2,1,1359.9274710000002,1,1,60.0
1,0,0,3,1,1560.062402,1,1,260.0
0,0,0,10,1,7500.0,1,1,600.0
1,1,1,1,1,457.5659768,0,1,24.1
1,0,0,2,1,857.6923077,1,1,22.3
1,0,0,2,1,946.4631085,1,1,230.0
0,0,0,2,1,1000.0,1,1,42.0
1,1,0,2,1,782.5,0,1,31.3
0,0,0,3,1,1441.29979,1,1,55.0
1,0,0,4,1,1795.332136,1,1,120.0
1,0,0,4,1,5263.157895,1,1,900.0
0,0,1,1,1,834.0649693,1,1,38.0
0,0,0,2,1,840.1344215,1,1,35.0
0,0,0,3,1,1655.052265,1,1,95.0
0,0,0,3,1,1600.0,1,1,62.0
1,1,1,2,1,1049.868766,0,1,56.0
0,0,0,2,1,1185.031185,1,1,28.5
1,0,0,2,1,1162.790698,1,1,58.0
0,0,0,2,1,1160.220994,1,1,42.0
1,0,0,3,1,1077.586207,1,1,240.0
1,0,1,3,1,2599.833611,1,1,250.0
1,1,1,1,1,395.0071101,0,0,75.0
1,0,1,4,1,2161.227577,1,1,200.0
1,0,0,3,1,1250.0,1,1,40.0
0,0,0,2,1,600.0,1,1,9.0
0,0,1,2,1,1353.679547,1,1,55.0
0,0,0,2,1,980.0226159,1,1,26.0
0,0,0,2,1,728.041334,1,1,31.0
1,0,0,2,1,678.8002206,1,1,160.0
0,0,1,3,1,1150.269212,1,1,47.0
0,0,0,3,1,1701.268743,1,1,59.0
1,0,0,2,1,1358.411703,1,1,39.0
1,0,0,2,1,921.1814152,1,1,160.0
1,1,1,2,1,672.4601697,0,1,130.0
1,1,1,2,1,604.3478261,0,0,55.6
0,0,0,2,1,1218.08386,1,1,52.0
1,0,0,3,1,1480.05148,1,1,69.0
1,0,0,3,1,1460.187086,1,1,64.0
1,0,1,3,1,1827.125791,1,1,130.0
0,0,1,3,1,1313.255122,1,1,150.0
1,0,0,2,1,836.1204012999999,1,1,40.0
0,0,0,2,1,1400.037334,1,1,75.0
1,0,0,2,1,1065.074906,1,1,91.0
1,1,1,1,1,550.011786,0,1,70.0
0,0,0,2,1,1320.197044,1,1,67.0
1,1,0,2,1,780.0,0,1,15.6
2,1,1,3,1,1584.749655,0,0,34.5
0,0,0,2,1,879.9497172,1,1,70.0
2,0,0,1,1,600.0857265,1,0,14.0
1,1,1,2,1,1230.0123,0,1,140.0
0,0,0,3,1,2314.3489640000003,1,1,230.0
1,0,1,3,1,1600.0,1,1,180.0
1,0,1,2,1,567.8131084,1,0,140.0
0,0,0,3,1,1550.008158,1,1,190.0
2,1,1,2,1,558.5344057,0,0,12.5
1,1,0,3,1,1250.0,0,1,76.5
1,0,0,3,1,1349.1414550000002,1,1,33.0
0,0,0,3,1,1200.218221,1,1,22.0
1,1,1,3,1,955.0396709,0,0,130.0
0,0,0,2,1,900.0,1,1,18.0
0,0,1,2,1,850.0510031,1,1,50.0
0,0,0,3,1,1230.0123,1,1,50.0
1,0,0,2,1,1205.115593,1,1,49.0
0,0,0,2,1,900.090009,1,1,50.0
0,0,0,2,1,1100.110011,1,1,40.0
1,1,1,3,1,756.0007559999999,0,0,160.0
1,0,0,3,1,1763.046544,1,1,200.0
1,1,1,1,0,246.9577666,0,0,13.8
1,0,1,3,1,1387.096774,1,1,38.7
1,1,1,2,1,990.0135618,0,1,80.3
1,0,0,3,1,1650.165017,1,1,80.0
1,0,1,3,1,2193.563027,1,1,580.0
0,1,1,1,1,598.067781,0,1,39.0
0,0,0,4,1,1963.21554,1,1,95.0
0,1,1,2,1,1250.0,0,1,75.0
1,0,0,3,1,1292.152537,1,1,41.0
1,0,0,3,1,1635.704576,1,1,72.2
0,0,0,2,1,1000.0,1,1,22.0
0,0,0,2,1,800.0,1,1,34.0
1,0,0,2,1,580.0370579,1,1,72.0
0,1,1,2,1,849.3518105,0,1,19.0
1,0,0,1,1,610.0217865000001,1,1,70.0
0,1,0,3,1,4000.0,0,1,73.0
1,0,0,2,1,1025.077796,1,1,56.0
0,0,0,2,1,700.0,1,1,28.0
1,0,1,3,1,2620.221948,1,1,170.0
1,1,1,2,1,998.3982915,0,1,74.8
0,0,0,2,1,750.0669703,1,1,28.0
0,0,0,2,1,965.1474531,1,1,36.0
1,0,0,3,1,2619.047619,1,1,110.0
1,0,1,2,1,1039.947177,1,1,63.0
0,0,0,3,1,1650.165017,1,1,65.0
1,1,0,1,1,453.9951574,0,1,60.0
0,0,0,3,1,900.090009,1,1,50.0
1,1,1,1,1,42345.43915,0,0,8500.0
1,0,0,3,1,1200.160021,1,1,90.0
1,0,0,2,1,1137.114901,1,1,86.0
0,0,1,2,1,1190.003967,1,1,60.0
1,0,1,4,1,4529.370134000001,1,1,320.0
1,0,0,2,1,1350.032531,1,1,41.5
0,0,0,3,1,1086.102179,1,1,30.4
1,1,0,2,1,800.0,0,1,38.4
1,0,0,3,1,1428.1419119999998,1,1,95.0
1,0,0,3,1,1509.769094,1,1,85.0
1,1,0,2,1,890.0,0,1,44.5
1,1,1,3,1,2284.263959,0,1,90.0
1,0,0,1,1,584.6153846,1,1,15.2
1,0,0,3,1,2371.1340210000003,1,1,230.0
0,0,0,1,1,549.1009682,1,1,39.7
1,0,0,2,1,1246.105919,1,1,320.0
0,0,0,1,1,1045.478306,1,1,20.0
2,0,0,3,1,1875.0,1,0,67.5
0,0,0,2,1,950.0,1,1,38.0
1,1,0,3,1,1425.0,0,1,57.0
1,0,0,2,1,975.0733138,1,1,26.6
1,0,1,3,1,1150.0,1,1,48.3
1,0,0,3,1,1480.0,1,1,370.0
1,1,1,2,1,999.2089596,0,1,240.0
0,0,0,3,1,1316.135825,1,1,100.0
0,0,0,2,1,900.1636661,1,1,27.5
1,0,0,3,1,2031.43535,1,1,68.5
1,0,1,2,1,592.1052632,1,1,25.2
1,1,1,3,1,1615.271659,0,1,77.0
1,0,0,3,1,1550.120565,1,1,90.0
0,0,0,5,1,2509.410289,1,1,120.0
0,0,0,2,1,1159.745604,1,1,31.0
1,0,0,3,1,1437.1812699999998,1,1,62.0
1,0,0,2,1,1100.110011,1,1,80.0
0,0,0,2,1,700.1448576,1,1,29.0
0,0,0,2,1,1100.080494,1,1,82.0
1,0,0,3,1,1768.033946,1,1,100.0
0,0,0,2,1,1100.110011,1,1,70.0
0,0,0,3,1,1425.239699,1,1,55.0
1,0,0,1,1,549.9699235,1,1,64.0
1,1,1,3,1,1106.050748,0,1,85.0
0,0,1,2,1,1250.0,1,1,55.0
1,1,1,3,1,2015.467542,0,1,86.0
1,0,0,1,1,670.0167504,1,1,28.0
0,0,0,2,1,840.1008121,1,1,30.0
1,0,0,3,1,1971.830986,1,1,140.0
0,1,0,3,1,1173.170732,0,1,48.1
1,0,0,3,1,1396.802058,1,1,76.0
1,0,0,2,1,1100.110011,1,1,70.0
0,0,0,2,1,1291.618829,1,1,45.0
1,1,1,2,1,1013.171226,0,1,110.0
1,0,1,2,1,819.6721311000001,1,1,21.5
1,1,1,3,1,1047.16227,0,1,26.2
1,0,0,2,1,51724.13793,1,1,15.0
0,0,0,2,1,1000.0,1,1,17.0
1,0,0,3,1,1571.091909,1,1,60.0
0,0,0,3,1,1595.744681,1,1,42.0
0,0,0,2,1,1025.290499,1,1,30.0
0,0,1,3,1,1505.0505050000002,1,1,74.5
0,0,0,2,1,750.1071582000001,1,1,35.0
1,0,0,3,1,1546.146527,1,1,65.0
1,0,1,2,1,1214.864221,1,1,51.0
0,0,0,2,1,800.0,1,1,40.0
1,0,0,1,1,402.0100503,1,1,8.0
0,0,0,2,1,1000.0,1,1,38.0
1,0,1,3,1,1875.0,1,0,150.0
0,0,0,2,1,1300.0,1,1,130.0
1,0,1,1,1,450.00330880000007,1,1,68.0
0,0,1,2,1,1084.990958,1,1,60.0
1,0,1,3,1,1829.43991,1,1,130.0
1,0,0,3,1,992.6653063,1,1,180.0
0,0,0,2,1,1131.03894,1,1,70.0
1,0,1,3,1,1000.0,1,1,75.0
1,0,0,2,1,969.9769053,1,1,21.0
1,0,0,2,1,1350.078493,1,1,86.0
1,0,0,3,1,1350.1510039999998,1,1,76.0
1,0,0,2,1,1009.693053,1,1,100.0
1,0,0,2,1,1108.186729,1,1,160.0
1,0,0,3,1,1291.382954,1,1,110.0
1,0,1,3,1,1076.320939,1,1,33.0
1,0,1,4,1,2914.885348,1,1,150.0
1,0,0,1,1,344.45640469999995,1,1,16.0
0,0,0,2,1,731.8858257999999,1,1,30.0
1,0,1,2,1,1100.110011,1,1,60.0
0,0,0,1,1,1100.0,1,1,13.2
1,0,0,2,1,999.3337775,1,1,30.0
1,0,1,1,1,629.2479718999999,1,1,28.7
1,0,0,4,1,2500.0,1,1,1500.0
1,1,1,1,1,624.7439574,0,0,30.5
1,0,0,3,1,1450.039547,1,1,110.0
1,1,0,5,1,3312.396488,0,1,1060.0
0,0,1,2,1,944.924406,1,1,35.0
0,0,0,3,1,1325.063434,1,1,47.0
0,0,0,3,1,1658.0310880000002,1,1,64.0
0,1,1,2,1,862.0689654999999,0,1,19.0
1,1,1,3,1,1019.85722,0,1,170.0
0,0,0,1,1,699.7742664,1,1,15.5
0,0,0,2,1,1200.192031,1,1,50.0
0,0,0,2,1,850.0772798,1,1,16.5
1,0,0,2,1,904.9773756,1,1,54.0
1,1,0,2,1,1092.727972,0,1,28.4
1,0,0,3,1,1499.91177,1,1,85.0
1,0,0,3,1,1636.079101,1,1,230.0
1,1,1,2,1,596.0413855,0,0,53.0
1,1,1,2,1,702.8053769999999,0,1,48.1
1,0,0,4,1,1750.087504,1,1,150.0
0,0,0,1,1,480.0667919,1,1,23.0
1,1,1,2,1,905.0233882,0,1,89.0
0,0,1,2,1,1288.1679390000002,1,1,27.0
1,0,0,3,1,1200.0,1,1,180.0
0,0,0,2,1,1100.034376,1,1,32.0
0,0,0,3,1,1319.841619,1,1,60.0
0,0,0,2,1,1076.136669,1,1,40.0
0,0,0,2,1,823.782235,1,1,23.0
0,0,0,3,1,1443.850267,1,1,27.0
1,0,0,2,1,993.8797929,1,1,190.0
0,0,0,1,1,675.1054852000001,1,1,16.0
1,0,0,2,1,1020.134228,1,1,76.0
1,1,1,2,1,1310.06865,0,1,45.8
1,0,0,2,1,1200.1010609999998,1,1,95.0
1,0,0,4,1,2429.149798,1,1,150.0
1,0,0,2,1,989.4711654,1,1,82.7
0,1,1,2,1,1230.138391,0,1,48.0
1,0,1,2,1,1346.471632,1,1,220.0
1,1,1,2,1,639.0421094999999,0,1,95.0
1,0,1,2,1,852.9250957,1,1,31.2
1,0,1,2,1,942.0289855,1,1,32.5
0,0,0,2,1,1160.092807,1,1,30.0
1,0,0,4,1,4000.0,1,1,250.0
1,0,0,3,1,1282.654742,1,0,54.5
0,0,0,2,1,1054.9636039999998,1,1,200.0
1,1,1,1,1,386.0362024,0,1,20.9
1,0,0,4,1,1900.0,1,1,95.0
0,0,0,2,1,750.1071582000001,1,1,35.0
1,0,0,1,1,550.0207555,1,1,53.0
1,0,0,2,1,896.0200042000001,1,1,43.0
1,0,0,3,1,1358.490566,1,1,72.0
0,0,0,2,1,980.0427655,1,1,55.0
1,0,0,1,1,650.0278087,1,1,93.5
1,0,0,2,1,1282.270474,1,1,150.0
1,1,1,2,1,1034.5454550000002,0,0,56.9
1,0,1,3,1,1523.478261,1,0,87.6
1,0,0,2,1,847.2222222000001,1,1,30.5
0,0,0,2,1,900.2520706,1,1,25.0
0,0,0,3,1,750.0750075,1,1,25.0
0,0,0,3,1,1710.151283,1,1,78.0
1,1,1,2,1,717.0868347,0,1,51.2
1,0,0,2,1,1100.080494,1,1,41.0
1,0,0,3,1,1449.975834,1,1,30.0
1,0,1,3,1,1105.157401,1,1,66.0
0,0,0,2,1,650.0541712,1,1,18.0
1,0,0,1,1,800.1361933999999,1,1,23.5
1,0,0,2,1,1100.070972,1,1,93.0
0,0,0,2,1,1000.0,1,1,70.0
1,0,0,2,1,974.025974,1,1,45.0
1,1,1,2,1,1171.830986,0,1,41.6
0,0,0,3,1,1480.347116,1,1,58.0
0,0,0,1,1,633.0716637,1,1,25.0
0,0,0,1,1,10.0,1,1,8.0
0,0,0,4,1,2540.289538,1,1,93.0
1,1,1,3,1,2223.951963,0,1,200.0
0,0,0,2,1,1147.065926,1,1,95.0
0,0,1,2,1,1148.197597,1,1,43.0
0,0,0,2,1,650.0541712,1,1,30.0
1,0,0,3,1,1608.125264,1,1,38.0
1,1,1,2,1,708.9552239,0,0,190.0
1,0,0,3,1,1550.587931,1,1,120.0
1,0,0,2,1,928.8135593,1,1,27.4
1,0,0,2,1,990.0990099,1,1,58.0
0,0,0,2,1,1022.364217,1,1,32.0
0,0,0,1,1,621.0011291000001,1,1,99.0
1,0,0,4,1,2563.281,1,1,160.0
1,0,1,2,1,1203.548711,1,1,71.9
1,0,0,2,1,1023.100533,1,1,190.0
0,0,0,2,1,1119.917298,1,1,32.5
0,0,0,2,1,1245.124512,1,1,83.0
1,0,1,2,1,1400.147384,1,1,76.0
0,0,0,2,1,750.0750075,1,1,25.0
1,0,1,3,1,1945.146859,1,1,100.0
0,0,0,3,1,1090.215318,1,1,40.0
0,0,1,2,1,1156.199678,1,1,35.9
1,0,1,3,1,1730.329742,1,1,53.0
1,0,0,3,1,1550.008158,1,1,95.0
0,0,1,2,1,900.1636661,1,1,27.5
1,0,0,3,1,990.2977584,1,1,29.6
0,0,1,2,1,1070.868884,1,1,61.5
0,0,1,3,1,1474.926254,1,1,60.0
0,0,0,1,1,501.7246786,1,1,16.0
1,0,0,3,1,1250.0,1,1,27.0
2,1,1,2,1,731.8308433,0,0,28.9
1,0,0,2,1,1190.121988,1,1,80.0
1,0,1,4,1,3034.243606,1,1,210.0
1,0,1,3,1,1818.867925,1,1,96.4
1,0,0,3,1,1253.970908,1,1,75.0
0,0,1,2,1,1193.584483,1,1,32.0
1,0,0,4,1,3185.310099,1,1,170.0
1,0,0,2,1,1148.869271,1,1,190.0
1,0,0,1,1,649.9133449,1,1,45.0
0,0,0,1,1,557.0409982000001,1,1,12.5
1,0,0,2,1,1235.506558,1,1,130.0
1,0,0,2,1,1100.096712,1,1,91.0
0,0,0,2,1,957.1209801,1,1,50.0
1,0,0,1,1,650.0029546,1,1,110.0
1,0,0,3,1,1579.586877,1,1,52.0
0,0,0,2,1,845.0024142999999,1,1,35.0
1,0,0,2,1,940.2682239,1,1,190.0
1,0,0,2,1,714.9666348999999,1,1,45.0
1,0,1,2,1,1322.199026,1,1,380.0
2,0,0,3,1,982.9763866,1,0,35.8
0,0,0,3,1,1500.115393,1,1,65.0
1,0,1,4,1,2925.486147,1,1,170.0
0,0,0,2,1,960.1024109,1,1,45.0
0,0,0,2,1,1000.0,1,1,31.0
0,0,0,1,1,625.0,1,1,25.0
1,0,0,2,1,923.4219379,1,1,140.0
1,0,0,3,1,1172.418847,1,1,160.0
1,0,0,2,1,1143.318313,1,1,170.0
0,0,0,2,1,901.0632546,1,1,50.0
0,0,0,2,1,791.9447901000001,1,1,70.0
1,0,0,2,1,1114.881241,1,1,46.0
1,1,1,2,1,869.6408382999999,0,1,100.0
1,1,1,3,1,1409.6783890000002,0,1,46.9
0,0,0,2,1,1130.399677,1,1,28.0
1,0,1,2,1,682.0461384,1,0,68.0
1,0,1,2,1,1057.674361,1,1,170.0
1,0,1,3,1,1840.317101,1,1,65.0
1,0,0,4,1,2087.682672,1,1,130.0
0,0,0,2,1,750.1172058,1,1,32.0
0,0,0,1,1,650.0784577000001,1,1,29.0
1,1,1,4,1,2834.46712,0,1,150.0
0,0,0,3,1,1250.0,1,1,1040.0
1,0,0,1,1,650.0198177,1,1,82.0
1,0,0,3,1,1420.09707,1,1,79.0
1,0,0,1,1,457.7968526000001,1,1,9.6
1,0,1,4,1,3131.021195,1,1,130.0
1,0,1,2,1,1436.988073,1,1,100.0
0,0,0,3,1,1199.815413,1,1,52.0
1,0,1,1,1,773.9263135,1,1,71.0
1,0,0,1,1,619.0800471,1,1,100.0
1,0,0,3,1,1700.198356,1,1,120.0
1,1,0,2,1,741.6666667000001,0,0,17.8
0,0,1,2,1,1063.201418,1,1,36.0
0,0,0,2,1,1530.115454,1,1,110.0
1,0,0,1,1,674.9294392,1,1,55.0
0,0,0,3,1,2250.0,1,1,270.0
1,1,1,3,1,1285.055023,0,1,72.4
0,0,0,2,1,1399.868248,1,1,85.0
0,1,1,2,1,849.8309995,0,1,35.2
1,0,0,3,1,1234.285714,1,1,43.2
1,0,0,2,1,1162.340178,1,1,210.0
0,0,0,2,1,845.0704225,1,1,45.0
0,0,0,3,1,1280.2275960000002,1,1,45.0
0,1,0,2,1,739.9577167,0,1,49.0
1,0,1,3,1,1590.974834,1,1,110.0
1,0,0,2,1,1107.064822,1,1,76.0
1,0,1,2,1,1293.514108,1,1,70.6
1,0,0,2,1,1272.669424,1,1,40.0
1,0,0,2,1,970.0286034,1,1,78.0
0,1,0,3,1,2400.2954210000003,0,1,65.0
1,0,0,3,1,1350.438893,1,1,40.0
1,0,0,2,1,1246.105919,1,1,320.0
1,0,0,2,1,887.1146596000001,1,1,40.0
0,1,0,2,1,1150.0,0,1,34.5
1,0,1,2,1,1095.008052,1,1,34.0
1,0,0,3,1,1868.181818,1,1,82.2
0,0,1,2,1,928.0742459,1,1,32.0
0,0,1,2,1,815.1382824,1,1,28.0
1,0,1,2,1,1328.74313,1,1,220.0
0,0,0,3,1,1748.5296460000002,1,1,110.0
1,0,1,2,1,1265.306122,1,1,37.2
1,0,1,3,1,1695.217702,1,1,95.0
1,0,0,2,1,1000.0,1,1,19.5
1,1,1,2,1,1243.266537,0,1,57.7
1,0,0,3,1,999.6563681,1,1,320.0
0,0,0,3,1,2333.152469,1,1,86.0
0,0,0,3,1,1649.560117,1,1,45.0
0,0,0,2,1,1200.120012,1,1,40.0
1,0,0,3,1,1474.744992,1,1,120.0
1,0,0,2,1,942.0864736,1,1,95.0
1,0,0,3,1,1607.329843,1,1,92.1
2,0,0,3,1,1312.903226,1,0,40.7
0,0,0,3,1,1771.533293,1,1,58.0
2,1,0,2,1,930.1886792,0,0,49.3
1,0,1,3,1,1341.127923,1,1,78.0
1,0,0,1,1,639.7497867999999,1,1,22.5
0,0,0,2,1,1500.0,1,1,23.1
1,0,0,3,1,2058.058925,1,1,95.0
0,0,0,2,1,871.9596144999999,1,1,38.0
1,0,0,3,1,1571.58573,1,1,100.0
0,1,0,1,1,427.4533414,0,1,14.2
1,0,1,3,1,1512.5,1,1,48.4
2,0,0,2,1,1450.116009,1,0,75.0
0,0,0,2,1,1149.844862,1,1,63.0
1,0,1,2,1,900.5918175,1,1,210.0
1,1,1,2,1,1116.4867880000002,0,1,180.0
0,0,0,3,1,1060.220526,1,1,50.0
0,0,0,3,1,1257.142857,1,1,110.0
1,0,0,4,1,3984.313725,1,1,1270.0
1,1,0,2,1,1285.092922,0,1,65.0
0,0,0,4,1,3000.0,1,1,150.0
1,1,1,3,1,2181.818182,0,1,120.0
0,0,1,3,1,1250.0,1,1,56.0
1,1,0,2,1,692.0835357000001,0,1,57.0
0,0,0,2,1,866.0508082999999,1,1,60.0
0,0,0,3,1,1159.868548,1,1,60.0
0,0,0,1,1,650.0541712,1,1,18.0
1,0,0,3,1,2339.409299,1,1,240.0
1,1,0,1,1,845.0024142999999,0,1,140.0
1,0,0,2,1,909.8639456,1,1,21.4
0,0,1,2,1,1250.0,1,1,60.0
0,0,0,2,1,1100.187266,1,1,47.0
1,0,0,2,1,1247.271593,1,1,40.0
0,0,0,2,1,1013.958388,1,1,38.5
2,0,0,1,1,440.4255319,1,0,20.7
1,0,0,3,1,1859.816343,1,1,160.0
2,1,1,2,1,652.9072509,0,0,180.0
1,0,0,3,1,1439.089692,1,1,86.0
0,0,0,3,1,2438.3635870000003,1,1,180.0
1,1,1,1,1,270.0113231,0,1,62.0
1,0,0,1,1,640.8495834,1,1,140.0
1,1,1,1,1,343.0400976,0,1,22.5
1,0,1,3,1,1647.1750949999998,1,1,100.0
0,0,1,2,1,1050.0,1,1,42.0
1,0,1,1,1,600.0436394999999,1,1,55.0
0,0,0,2,1,1110.083256,1,1,72.0
1,0,0,1,1,639.9317406,1,1,45.0
1,1,1,2,1,984.415072,0,1,49.9
0,0,0,2,1,1229.268293,1,1,50.4
1,1,1,2,1,1231.846473,0,1,95.0
0,0,0,3,1,1367.818951,1,1,55.0
1,1,0,1,1,550.0213897000001,0,1,90.0
1,0,0,4,1,2579.274769,1,1,170.0
1,0,0,3,1,1489.952885,1,1,740.0
1,0,0,2,1,1058.049757,1,1,74.0
1,1,1,3,1,1260.311641,0,0,55.0
1,0,0,2,1,1075.132811,1,1,85.0
0,1,0,2,1,750.0220595,0,1,85.0
0,0,1,3,1,1458.823529,1,1,49.6
1,1,0,2,1,1149.680644,0,1,41.4
0,1,0,3,1,1590.141125,0,1,80.0
0,0,0,3,1,1845.280341,1,1,78.0
1,1,1,4,1,1570.583888,0,0,170.0
1,1,0,2,1,988.8888889,0,1,44.5
0,0,0,2,1,1260.375038,1,1,41.0
1,0,0,2,1,988.1782358,1,1,32.6
0,1,1,3,1,1450.0,0,1,87.0
0,0,0,2,1,782.0646507,1,1,45.0
1,0,1,2,1,900.0423549000001,1,1,85.0
1,0,0,4,1,4000.0,1,1,350.0
1,0,0,2,1,1046.207498,1,1,48.0
0,0,0,2,1,1600.29773,1,1,43.0
0,0,0,3,1,1700.1866059999998,1,1,82.0
1,0,1,3,1,1350.21097,1,1,32.0
1,0,1,3,1,1469.465649,1,1,77.0
0,0,1,3,1,1430.387794,1,1,45.0
1,1,0,2,1,1007.117438,0,1,28.3
1,0,0,2,1,1209.9213550000002,1,1,120.0
0,0,0,2,1,1200.0,1,1,42.0
1,1,0,2,1,1140.150851,0,1,65.0
1,0,0,2,1,600.0342877,1,1,35.0
1,1,1,2,1,913.6420526,0,1,36.5
0,0,0,3,1,1350.063532,1,1,85.0
0,0,0,2,1,930.4871374,1,1,17.0
1,0,0,2,1,1588.360918,1,1,59.5
1,0,0,1,1,629.0363164,1,1,150.0
0,0,0,2,1,1480.086114,1,1,55.0
1,1,1,4,1,2406.1597690000003,0,1,100.0
1,0,0,4,1,2155.94682,1,1,120.0
1,1,0,1,1,491.9606431,0,1,41.0
1,0,0,3,1,1550.387597,1,1,52.0
1,0,1,2,1,1230.329041,1,1,43.0
1,0,1,3,1,1368.75,1,1,65.7
0,0,0,2,1,860.1346298000001,1,1,23.0
1,0,1,3,1,1355.019892,1,1,57.9
0,0,0,2,1,900.0473708999999,1,1,38.0
1,0,1,3,1,1600.0,1,1,250.0
0,0,0,2,1,1150.218542,1,1,50.0
1,0,0,1,1,800.0,1,1,49.0
1,0,0,2,1,1060.119961,1,1,76.0
0,0,1,2,1,1065.013511,1,1,67.0
1,0,1,3,1,2298.618133,1,1,68.2
1,0,0,1,1,650.0742942,1,1,35.0
0,0,0,2,1,860.0917431,1,1,30.0
1,0,0,3,1,1767.1747289999998,1,1,80.0
0,0,0,2,1,1106.19469,1,1,45.0
0,1,0,2,1,776.2211284,0,1,20.5
1,0,0,3,1,1540.332388,1,1,38.0
1,0,0,3,1,2327.272727,1,1,160.0
1,0,1,3,1,1599.302123,1,1,55.0
1,0,0,2,1,1136.959944,1,1,65.0
0,0,0,3,1,1800.04865,1,1,74.0
1,0,1,2,1,1350.030259,1,1,290.0
1,0,0,2,1,1260.126013,1,1,70.0
1,1,0,2,1,1207.0006039999998,0,1,120.0
0,0,0,2,1,1000.0,1,1,25.0
1,0,0,2,1,1004.382761,1,1,110.0
0,0,0,3,1,1400.233372,1,1,60.0
0,0,0,4,1,3305.004721,1,1,210.0
0,0,0,2,1,846.1131676000001,1,1,48.0
1,1,1,3,1,1708.054132,0,1,130.0
0,0,0,1,1,699.6268657,1,1,30.0
1,0,1,2,1,1000.0,1,1,100.0
0,0,0,4,1,1650.071124,1,1,58.0
1,1,1,4,1,2689.0756300000003,0,1,240.0
1,0,0,2,1,987.2554299,1,1,110.0
1,1,1,3,1,932.8979809,0,0,140.0
1,1,0,2,1,957.0765661,0,1,49.5
1,0,1,2,1,1073.138517,1,1,65.0
1,0,0,3,1,1482.937288,1,1,83.0
1,1,1,2,1,1520.630505,0,1,65.6
1,1,0,3,1,1281.262024,0,1,33.3
1,0,0,3,1,1600.0,1,1,140.0
1,1,1,3,1,930.0595238,0,0,100.0
1,1,1,2,1,627.9774794,0,0,72.5
1,1,0,2,1,1312.828207,0,1,52.5
1,1,1,3,1,1691.166905,0,1,130.0
1,1,1,2,1,1336.898396,0,1,100.0
2,1,1,2,1,651.0712392999999,0,0,86.0
1,0,1,4,1,2501.683826,1,1,260.0
1,1,1,4,1,1997.657918,0,0,290.0
1,0,0,2,1,1100.173712,1,1,38.0
1,0,1,1,1,609.9815157,1,1,33.0
1,0,0,3,1,1459.6900970000002,1,1,65.0
1,0,0,2,1,1025.0449119999998,1,1,97.0
1,1,0,2,1,899.9532492000001,0,1,38.5
0,0,0,2,1,1125.175809,1,1,40.0
1,0,0,1,1,690.0517539,1,1,48.0
2,1,0,4,1,3428.571429,0,0,180.0
1,0,0,2,1,1150.109062,1,1,58.0
0,0,0,3,1,1235.714286,1,1,34.6
1,0,0,3,1,1534.781742,1,1,77.0
1,1,0,3,1,1329.62963,0,1,35.9
0,0,0,2,1,900.1406470000001,1,1,32.0
1,1,1,3,1,1563.931695,0,1,75.1
1,0,0,2,1,835.2474421000001,1,1,120.0
1,0,1,2,1,976.1388286,1,1,36.0
1,0,0,3,1,1760.176018,1,1,160.0
1,0,0,2,1,908.6403436,1,1,110.0
0,0,1,2,1,732.1681625,1,1,15.5
1,0,0,1,1,550.0550055,1,1,40.0
1,1,1,3,1,1391.788448,0,1,160.0
1,0,1,2,1,1272.500446,1,1,71.4
1,0,1,3,1,1735.194266,1,1,92.0
1,0,0,3,1,1738.0509,1,1,140.0
1,0,0,1,1,708.0899274,1,1,40.0
0,0,0,2,1,650.0426257,1,1,30.5
1,0,0,2,1,1240.169389,1,1,41.0
1,0,1,3,1,1651.2354779999998,1,1,280.0
0,0,0,2,1,1120.193763,1,1,37.0
1,1,0,2,1,1250.0,0,1,28.0
1,0,1,3,1,1673.640167,1,1,100.0
0,0,0,1,1,668.002672,1,1,40.0
1,1,1,3,1,1685.185185,0,1,91.0
0,0,0,3,1,1399.868248,1,1,42.5
1,0,0,2,1,1341.991342,1,1,34.1
1,0,1,3,1,1594.72677,1,1,75.0
1,0,0,5,1,2700.4570000000003,1,1,130.0
1,0,0,3,1,1500.0,1,1,48.0
1,0,0,2,1,1210.153483,1,1,41.0
1,0,0,2,1,1016.174104,1,1,120.0
0,0,0,2,1,1149.718958,1,1,45.0
0,0,0,2,1,1250.0,1,1,60.0
1,0,1,2,1,1100.025582,1,1,43.0
0,0,0,3,1,1387.237416,1,1,70.0
0,0,0,2,1,1250.0,1,1,39.0
0,0,0,2,1,1800.0947420000002,1,1,38.0
1,0,0,3,1,1600.0,1,1,130.0
1,0,1,3,1,1608.422284,1,1,110.0
1,1,1,1,1,427.9866022,0,1,23.0
0,0,1,2,1,805.0679689,1,1,61.0
1,0,0,2,1,1280.045513,1,1,90.0
0,0,0,3,1,1300.169587,1,1,46.0
1,0,0,2,1,1400.1545,1,1,72.5
1,0,1,3,1,1251.877817,1,1,100.0
1,0,0,2,1,1042.83054,1,1,140.0
0,1,0,3,1,1425.0,0,1,39.9
0,0,0,3,1,1686.746988,1,1,49.0
0,0,0,2,1,850.0188893,1,1,45.0
0,0,0,2,1,1355.0,1,1,54.2
0,0,0,3,1,1685.293596,1,1,95.0
1,0,0,2,1,1070.034443,1,1,46.6
1,0,1,4,1,2419.457532,1,1,190.0
1,1,0,2,1,965.1285663999998,0,1,27.4
0,0,0,1,1,900.0692361,1,1,39.0
1,0,0,3,1,3895.381191,1,1,350.0
1,0,1,3,1,3486.671915,1,1,310.0
1,1,0,4,1,1450.751252,0,0,86.9
0,0,0,2,1,947.1191792,1,1,24.0
1,0,1,2,1,1085.018482,1,1,49.9
1,0,0,2,1,1050.030883,1,1,85.0
1,0,1,4,1,2292.214959,1,1,270.0
1,0,0,5,1,2200.220022,1,1,120.0
1,1,1,2,1,1050.199538,0,1,50.0
1,0,1,1,1,297.029703,1,0,27.0
1,0,1,2,1,748.8299532000001,1,1,120.0
1,0,1,2,1,1022.025036,1,1,64.5
1,1,1,2,1,1004.219409,0,1,59.5
1,0,0,2,1,935.1325758,1,1,39.5
0,0,0,3,1,1994.960101,1,1,47.5
1,0,0,3,1,1794.124243,1,1,160.0
1,1,0,2,1,1080.139373,0,1,27.9
0,0,0,1,1,650.026001,1,1,25.0
1,0,0,4,1,1873.071838,1,1,170.0
1,0,0,1,1,600.1263424,1,1,19.0
1,0,0,3,1,1360.245722,1,1,62.0
0,0,0,2,1,1200.0,1,0,30.0
0,0,0,2,1,1276.227558,1,1,59.0
1,0,1,2,1,819.6721311000001,1,1,24.0
1,0,0,2,1,998.6206897,1,1,36.2
1,0,1,2,1,1290.077784,1,1,68.0
0,0,0,2,1,1330.140995,1,1,50.0
1,1,1,2,1,800.0703359,0,1,45.5
0,0,1,2,1,1293.7323210000002,1,1,86.9
0,0,0,2,1,700.0538502999999,1,1,26.0
1,0,0,3,1,2300.025556,1,1,450.0
1,0,0,2,1,1135.659715,1,1,110.0
0,0,0,1,1,500.0,1,1,9.0
0,0,0,2,1,1400.359066,1,1,39.0
0,0,0,3,1,1650.456823,1,1,56.0
1,0,1,2,1,1095.140315,1,1,32.0
1,0,0,2,1,1250.0,1,1,160.0
1,1,1,1,1,845.0704225,0,1,36.0
0,0,0,2,1,880.1341156999999,1,1,42.0
1,1,1,3,1,1647.584474,0,1,59.0
0,0,0,2,1,1350.894968,1,1,80.0
1,0,0,3,1,1660.258651,1,1,95.0
0,0,1,2,1,973.1413001,1,1,50.0
1,0,1,2,1,700.7963595,1,0,61.6
1,0,0,3,1,1750.345463,1,1,76.0
0,1,0,2,1,1150.306748,0,1,30.0
1,0,1,3,1,1306.506402,1,1,150.0
1,0,0,3,1,1300.0330800000002,1,1,39.3
1,0,0,2,1,1200.0,1,1,90.0
0,0,0,2,1,773.8528769,1,1,42.5
1,0,0,2,1,1100.029334,1,1,75.0
1,0,1,2,1,64079.74367999999,1,0,9000.0
1,0,0,3,1,1470.815916,1,1,95.0
1,1,1,1,1,670.0470843999999,0,1,37.0
1,0,0,2,1,1518.987342,1,1,150.0
0,0,0,2,1,986.1932939,1,1,50.0
1,1,1,2,1,89508.65887999999,0,0,8890.0
1,0,0,2,1,1150.442478,1,1,26.0
0,0,0,2,1,856.5834557000001,1,1,17.5
1,0,0,4,1,2104.581512,1,1,130.0
0,0,1,2,1,950.1187648,1,1,40.0
1,0,0,2,1,1250.0,1,1,90.0
1,0,1,4,1,2486.236903,1,1,140.0
0,0,0,3,1,1699.39577,1,1,45.0
0,0,0,3,1,1600.0,1,1,59.2
0,0,0,2,1,1270.016565,1,1,46.0
0,0,0,2,1,920.1324991,1,1,25.0
0,0,0,2,1,1200.0,1,1,36.0
0,0,0,2,1,907.0294785,1,1,40.0
1,0,0,3,1,224238.1949,1,0,9640.0
1,0,0,2,1,1015.02233,1,1,75.0
0,0,0,3,1,1410.002203,1,1,64.0
1,0,1,2,1,1475.9674,1,1,230.0
0,0,0,2,1,1184.156799,1,1,29.0
1,0,0,3,1,2500.0,1,1,530.0
0,0,0,3,1,1355.01355,1,1,50.0
1,0,1,3,1,1622.405713,1,1,72.7
1,0,0,2,1,1095.114106,1,1,71.5
1,0,1,3,1,1295.057198,1,1,60.0
0,0,1,2,1,1047.101449,1,1,28.9
1,0,0,4,1,1939.86421,1,1,180.0
0,0,0,3,1,1360.092884,1,1,82.0
0,0,0,2,1,1207.186974,1,1,43.0
1,0,1,2,1,743.3333332999999,1,1,22.3
1,1,1,3,1,2234.242709,0,1,190.0
1,0,0,3,1,1649.994844,1,1,160.0
0,0,0,2,1,890.1116686,1,1,55.0
1,1,1,2,1,1110.49417,0,1,180.0
1,0,1,3,1,1343.033016,1,1,360.0
0,0,0,2,1,949.742778,1,1,24.0
1,0,1,1,1,724.2105263,1,1,34.4
2,0,0,2,1,800.0,1,0,24.0
1,0,0,3,1,1547.029703,1,1,75.0
0,0,0,1,1,400.0,1,1,19.0
0,0,0,3,1,2500.0,1,1,35.0
1,0,0,4,1,3000.063159,1,1,950.0
2,1,1,2,1,886.8421053,0,0,33.7
0,0,0,2,1,824.9312557,1,1,27.0
1,0,0,2,1,1284.8516,1,1,100.0
0,0,0,3,1,1230.180426,1,1,45.0
0,0,0,3,1,1650.7098050000002,1,1,100.0
1,0,1,2,1,1689.655172,1,0,98.0
0,1,1,2,1,914.8486981,0,1,39.0
0,0,0,3,1,1512.235359,1,1,55.0
0,0,0,2,1,840.3361345000001,1,1,17.0
1,0,0,2,1,1100.060277,1,1,73.0
1,0,1,2,1,1350.028688,1,1,400.0
1,1,1,3,1,2017.5,0,1,80.7
1,0,0,3,1,2120.807478,1,1,270.0
0,0,0,3,1,2000.0,1,1,120.0
2,0,1,3,1,929.1813159,1,0,74.0
0,0,0,2,1,960.0614439,1,1,25.0
1,0,0,2,1,833.1404767000001,1,1,36.0
0,0,1,1,1,425.0495891,1,1,15.0
0,0,0,3,1,1274.787535,1,1,45.0
1,1,0,1,1,626.005054,0,1,54.5
1,0,1,3,1,2177.554439,1,1,52.0
1,0,0,2,1,1171.444322,1,1,170.0
1,1,0,2,1,1150.070126,0,1,41.0
1,1,1,2,1,1110.053917,0,1,70.0
1,1,1,2,1,904.0683074,0,1,36.0
1,1,0,1,1,630.0160513999999,0,1,15.7
0,0,0,2,1,970.1202949,1,1,25.0
1,0,1,3,1,1304.595248,1,1,91.7
1,0,0,3,1,2000.0,1,1,74.0
1,0,0,2,1,1060.304838,1,1,32.0
1,1,1,3,1,860.2520538999999,0,0,200.0
0,0,0,2,1,960.0,1,1,42.0
1,0,1,2,1,1155.975252,1,1,35.5
0,0,0,2,1,745.8563536,1,1,27.0
0,0,0,3,1,1500.159591,1,1,47.0
1,0,0,3,1,1405.86136,1,1,130.0
1,0,0,3,1,1725.200246,1,1,140.0
1,0,0,2,1,1100.164204,1,1,67.0
1,0,0,3,1,1800.232288,1,1,62.0
1,0,0,3,1,1749.883341,1,1,150.0
0,0,1,3,1,1996.007984,1,1,140.0
0,0,0,4,1,2400.0,1,1,120.0
1,0,1,1,1,454.9978672,1,1,160.0
1,1,1,4,1,1892.816856,0,1,990.0
0,0,0,2,1,1352.045182,1,1,79.0
0,0,0,3,1,4152.823920000001,1,1,50.0
1,0,1,1,1,628.8990052,1,1,37.3
1,0,0,2,1,909.0909091,1,1,54.0
0,0,0,2,1,899.8659774,1,1,47.0
1,0,0,4,1,1781.5540629999998,1,1,130.0
0,0,0,2,1,800.0,1,1,27.0
1,1,1,1,1,352.5983487,0,0,36.3
1,0,0,3,1,1200.107875,1,1,44.5
1,0,0,2,1,1060.0706710000002,1,1,90.0
1,1,1,2,1,580.1450363,0,0,23.2
1,0,0,2,1,841.6327676000001,1,1,180.0
1,1,1,2,1,1575.2409189999998,0,0,85.0
2,1,1,1,1,444.56371039999993,0,0,99.4
0,0,0,2,1,880.2816901000001,1,1,17.5
0,0,0,2,1,1200.234192,1,1,41.0
1,0,1,3,1,1777.983921,1,1,230.0
1,0,1,3,1,1705.1913600000005,1,1,90.0
0,0,0,2,1,1170.145478,1,1,37.0
2,1,1,2,1,1023.684211,0,0,38.9
1,0,0,2,1,800.0,1,1,30.0
1,0,1,3,1,1380.065717,1,1,63.0
1,0,1,3,1,1995.034581,1,1,450.0
1,0,0,3,1,1600.134748,1,1,95.0
1,0,1,2,1,955.0239234,1,1,49.9
0,0,0,1,1,480.1097394,1,1,14.0
1,0,1,3,1,1647.220316,1,1,96.0
0,0,0,3,1,780.0312012,1,1,60.0
0,1,1,2,1,1139.742319,0,1,46.0
1,1,1,2,1,1311.020408,0,0,80.3
1,0,1,3,1,2305.918524,1,1,180.0
1,1,1,2,1,697.2420205,0,1,180.0
1,0,1,3,1,1917.086029,1,1,80.0
0,0,0,3,1,1394.894685,1,1,100.0
1,1,1,3,1,1778.628611,0,1,51.1
0,0,0,2,1,670.0758244,1,1,38.0
1,0,1,3,1,2082.741645,1,1,220.0
1,0,0,2,1,1257.647859,1,1,18.5
0,0,0,1,1,430.5705059,1,1,20.0
0,0,0,4,1,2300.025556,1,1,270.0
0,0,0,2,1,1200.0,1,1,30.0
1,0,0,2,1,832.4324324,1,1,30.8
1,0,0,3,1,1250.0,1,1,70.0
1,0,1,3,1,1564.5000710000002,1,1,220.0
1,0,0,3,1,2295.332823,1,1,210.0
1,1,1,2,1,808.9631598999999,0,0,42.6
1,0,0,2,1,1350.048216,1,1,70.0
1,1,1,2,1,1049.017738,0,1,110.0
1,0,0,2,1,1000.0,1,1,62.0
0,0,0,3,1,1200.0,1,1,75.0
1,0,0,3,1,1935.015722,1,1,240.0
0,0,0,3,1,1160.092807,1,1,40.0
1,1,1,4,1,1449.55756,0,0,670.0
0,0,0,2,1,870.0980392000001,1,1,35.5
1,0,1,2,1,1043.841336,1,1,130.0
0,0,0,2,1,850.0,1,1,42.5
1,0,1,2,1,1053.007318,1,1,59.0
1,0,1,1,1,630.2521008,1,1,15.0
0,0,1,2,1,845.1957295,1,1,19.0
1,0,0,2,1,746.9056764999999,1,1,35.0
0,0,1,3,1,1540.229885,1,1,67.0
1,0,0,3,1,1523.151909,1,1,75.0
0,0,0,2,1,994.3714822,1,1,15.9
1,0,1,3,1,932.638094,1,0,220.0
1,1,0,3,1,1422.648565,0,1,350.0
1,1,1,1,1,486.00223960000005,0,0,65.1
1,0,1,2,1,473.4350342,1,0,45.0
1,0,1,3,1,1606.511728,1,1,150.0
1,0,1,1,1,384.2230534,1,1,33.9
1,0,1,2,1,987.6033058,1,1,23.9
1,0,0,3,1,1471.753651,1,1,260.0
0,0,0,3,1,1580.194891,1,1,60.0
1,0,0,3,1,1723.77158,1,1,64.9
0,0,1,3,1,1480.165779,1,1,75.0
1,1,1,3,1,174909.0909,0,0,9620.0
0,0,0,2,1,1090.047393,1,1,46.0
1,0,1,3,1,1650.165017,1,1,85.0
1,0,1,2,1,667.022412,1,1,50.0
0,0,1,2,1,1050.213325,1,1,32.0
0,0,0,1,1,450.0450045,1,1,20.0
1,0,0,2,1,1100.06854,1,1,32.1
1,0,0,2,1,1203.703704,1,1,130.0
1,1,1,3,1,1814.882033,0,1,130.0
1,0,0,1,1,589.9060519999999,1,1,27.0
1,1,1,1,1,477.0082045,0,1,25.0
1,1,1,3,1,976.9441188,0,0,100.0
1,0,0,2,1,1088.132358,1,1,68.4
1,0,1,2,1,817.3273396000001,1,1,100.0
2,0,0,3,1,1094.383324,1,0,18.9
1,0,0,2,1,1518.987342,1,1,150.0
1,0,0,1,1,500.0,1,1,38.0
1,0,0,3,1,1600.0,1,1,38.0
1,1,0,2,1,921.5590611,0,1,170.0
1,1,1,2,1,863.4431456,0,1,260.0
1,0,0,2,1,945.0307135,1,1,60.0
0,0,0,2,1,1015.141087,1,1,59.0
1,0,0,1,1,610.0040667000001,1,1,75.0
0,0,0,3,1,1800.327332,1,1,55.0
1,0,1,3,1,1833.333333,1,1,55.0
1,0,0,5,1,2341.597796,1,1,510.0
1,1,1,3,1,1710.0188100000005,0,1,900.0
0,1,1,3,1,1906.158358,0,1,65.0
0,0,0,2,1,680.0894855,1,1,15.2
1,0,1,2,1,1150.121065,1,1,19.0
1,0,0,2,1,1222.942399,1,1,100.0
0,0,1,2,1,900.0620732000001,1,1,29.0
1,0,0,5,1,5600.0,1,1,490.0
1,0,1,1,1,560.0327824,1,1,41.0
0,0,0,2,1,1000.0,1,1,40.0
0,0,0,2,1,1169.13484,1,1,30.0
0,0,1,1,1,512.0852110000001,1,1,25.0
0,0,0,2,1,1180.004291,1,1,55.0
1,0,0,2,1,1230.186894,1,1,52.0
1,1,1,2,1,1078.935077,0,1,46.2
0,0,0,2,1,898.7210508,1,1,26.0
0,0,0,2,1,800.0,1,1,26.0
0,0,1,2,1,1376.032024,1,1,110.0
0,0,1,1,1,610.0660905,1,1,24.0
1,0,0,2,1,1200.1010609999998,1,1,95.0
1,0,0,2,1,1250.0,1,1,100.0
1,0,1,2,1,982.6086957,1,1,45.2
1,0,0,2,1,920.0,1,1,230.0
1,0,0,4,1,2841.219539,1,1,260.0
0,0,0,2,1,1151.960784,1,1,47.0
0,0,0,2,1,899.9470618999999,1,1,17.0
0,0,1,2,1,1034.885662,1,1,62.0
1,1,1,2,1,750.0,0,1,60.0
0,0,0,3,1,1135.273425,1,1,35.5
1,0,0,3,1,1348.888889,1,1,60.7
1,0,1,2,1,1095.023726,1,1,90.0
1,0,1,2,1,1159.913393,1,1,150.0
0,0,0,2,1,1050.199538,1,1,50.0
1,0,0,3,1,1199.926158,1,1,65.0
0,0,0,1,1,379.0028375,1,1,18.7
0,0,0,2,1,685.2248394,1,1,16.0
1,0,0,4,1,3372.325851,1,1,320.0
1,0,0,2,1,1310.087675,1,1,130.0
1,0,0,2,1,1000.0,1,1,67.2
0,0,0,3,1,2400.240024,1,1,80.0
0,0,0,3,1,1574.80315,1,1,50.0
0,0,1,3,1,1502.145923,1,1,35.0
1,0,1,3,1,1650.456823,1,1,56.0
0,0,0,2,1,1100.196464,1,1,28.0
1,0,0,2,1,1063.1578949999998,1,1,40.4
0,0,1,4,1,3374.578178,1,1,120.0
0,1,1,2,1,1170.365068,0,1,32.7
1,0,0,2,1,1049.656843,1,1,26.0
1,1,1,2,1,1133.38528,0,1,160.0
0,0,0,2,1,900.090009,1,1,40.0
1,0,0,3,1,1398.976982,1,1,54.7
1,0,0,3,1,1550.087192,1,1,80.0
1,0,1,4,1,2672.81106,1,1,580.0
1,0,0,3,1,1360.103627,1,1,63.0
1,0,0,3,1,1300.091771,1,1,85.0
1,0,1,2,1,1322.199026,1,1,380.0
1,0,0,3,1,1750.051472,1,1,85.0
1,1,1,4,1,3939.393939,0,0,390.0
0,0,0,3,1,1764.705882,1,1,150.0
1,0,0,2,1,1000.0,1,1,100.0
0,0,0,3,1,1035.2477199999998,1,1,42.0
0,0,1,2,1,1245.15772,1,1,45.0
1,0,1,3,1,1937.632455,1,1,320.0
0,0,0,2,1,989.8539965,1,1,40.0
0,0,0,2,1,850.0991782,1,1,30.0
1,0,1,1,1,584.1121495,1,1,25.0
0,0,1,2,1,734.8784624,1,1,26.0
1,1,0,1,1,550.0381970999999,0,1,72.0
1,0,0,2,1,1002.119869,1,1,52.0
0,0,0,2,1,1957.730812,1,1,88.0
0,0,0,2,1,1184.30792,1,1,32.0
1,1,0,2,1,753.3333332999999,0,1,22.6
0,0,0,3,1,1131.090487,1,1,78.0
1,0,0,2,1,900.2520706,1,1,25.0
1,0,0,4,1,3775.484521,1,1,300.0
1,0,0,3,1,1448.130595,1,1,110.0
1,0,0,2,1,1064.311594,1,1,23.5
1,1,1,4,1,2740.083507,0,1,210.0
1,1,1,2,1,568.6759885,0,0,85.0
1,0,1,1,1,750.0394758,1,1,95.0
1,1,0,2,1,949.5548961,0,1,28.8
1,0,1,3,1,1663.3209060000002,1,1,58.0
1,0,0,2,1,984.8751319,1,1,28.0
1,1,0,1,1,610.0536847,0,1,25.0
1,0,1,2,1,979.7431484,1,1,74.0
1,0,0,2,1,948.5714286,1,1,33.2
1,0,0,2,1,1145.751673,1,1,190.0
1,0,0,3,1,1335.034266,1,1,450.0
0,0,0,2,1,1649.746193,1,1,52.0
1,0,0,3,1,1649.530621,1,1,36.9
0,1,1,2,1,1000.0,0,1,22.0
1,1,1,3,1,1100.41841,0,1,26.3
0,0,0,2,1,885.2355359,1,1,28.0
1,0,0,2,1,1078.008624,1,1,110.0
1,0,0,2,1,989.9434318,1,1,63.0
1,1,1,2,1,1120.224982,0,1,47.8
0,0,0,2,1,1280.260708,1,1,55.0
1,1,1,2,1,971.4285714,0,1,170.0
1,0,0,2,1,840.1284902000001,1,1,170.0
1,0,0,3,1,1783.509398,1,1,130.0
1,0,1,1,1,475.0175932,1,1,54.0
2,1,0,3,1,967.8284182,0,0,36.1
1,0,0,3,1,1305.625068,1,1,120.0
1,0,1,3,1,1799.208348,1,1,100.0
0,0,0,3,1,1710.6918239999998,1,1,68.0
0,0,0,2,1,948.5787288,1,1,29.7
0,0,0,2,1,960.0,1,1,42.0
1,0,1,1,1,614.7311948,1,1,110.0
1,0,0,2,1,1113.109962,1,1,49.5
0,0,0,2,1,1360.020529,1,1,53.0
1,1,0,3,1,1104.761905,0,1,34.8
1,1,0,2,1,950.0662837,0,1,43.0
0,0,0,2,1,863.9967472999999,1,1,85.0
1,1,1,2,1,868.9984793,0,1,80.0
0,0,0,2,1,703.0603805,1,1,34.0
1,0,0,3,1,1438.053097,1,1,84.5
1,0,1,1,1,297.0179399,1,0,25.0
0,0,0,2,1,1295.647824,1,1,25.9
1,0,0,2,1,990.0332226,1,1,74.5
0,0,0,3,1,1479.805014,1,1,85.0
1,0,0,4,1,3348.50176,1,1,390.0
1,0,1,3,1,932.638094,1,0,220.0
1,0,0,2,1,1099.975556,1,1,90.0
1,1,0,3,1,1300.0,0,1,65.0
1,0,1,3,1,1347.368421,1,1,38.4
0,0,0,2,1,980.0871189,1,1,63.0
1,0,1,2,1,1268.955651,1,1,88.7
0,0,0,3,1,1345.083488,1,1,58.0
1,0,0,2,1,1364.942529,1,1,95.0
0,0,0,3,1,1526.315789,1,1,0.29
1,1,0,4,1,1209.048362,0,1,93.0
0,0,0,3,1,1360.103627,1,1,42.0
0,0,0,2,1,800.0,1,1,20.0
1,0,0,3,1,2350.176263,1,1,300.0
1,0,1,2,1,1155.225877,1,1,190.0
1,0,0,1,1,441.6148383,1,1,120.0
1,1,1,1,1,688.9050036,0,1,47.5
1,0,0,3,1,2407.152682,1,1,280.0
1,0,1,3,1,1995.012469,1,1,120.0
1,0,0,1,1,710.0720996,1,1,65.0
0,0,0,2,1,742.6968147000001,1,1,45.0
0,0,0,3,1,1260.239445,1,1,60.0
1,1,1,2,1,899.9389872000002,0,1,29.5
0,0,0,2,1,1357.115161,1,1,35.0
1,0,1,4,1,2950.819672,1,1,81.0
0,0,0,3,1,1487.062556,1,1,150.0
1,0,0,3,1,1502.093081,1,1,61.0
0,0,0,2,1,1470.082531,1,1,85.5
1,0,0,3,1,1481.481481,1,1,100.0
0,0,0,2,1,839.7171479,1,1,28.5
0,0,0,3,1,1460.047783,1,1,55.0
1,0,0,1,1,1498.25784,1,1,17.2
0,0,0,2,1,1100.28293,1,1,35.0
0,0,0,2,1,1216.795201,1,0,42.6
0,0,0,3,1,1725.253397,1,1,80.0
0,0,0,3,1,1937.269373,1,1,42.0
1,1,1,2,1,1212.95222,0,1,230.0
0,0,0,2,1,949.9136442,1,1,22.0
0,0,1,3,1,2029.019424,1,1,86.7
0,0,0,2,1,1125.04018,1,1,70.0
2,1,1,2,1,731.9587629,0,0,35.5
0,0,0,2,1,860.3031543999999,1,1,21.0
0,0,0,3,1,1950.19502,1,1,65.0
0,0,0,3,1,1300.052002,1,1,50.0
1,0,0,3,1,1494.986326,1,1,82.0
1,0,0,2,1,759.2053651000001,1,1,120.0
0,0,0,2,1,995.0248756,1,1,40.0
0,0,0,3,1,1348.314607,1,1,36.0
1,1,0,2,1,1043.1551869999998,0,1,36.5
1,0,1,1,1,700.0811687999999,1,1,34.5
1,0,0,3,1,1414.898044,1,1,68.0
1,0,0,2,1,671.0148427999999,1,1,250.0
1,0,0,2,1,1325.05176,1,1,64.0
1,0,0,3,1,1470.195135,1,1,110.0
1,1,1,3,1,979.2949077,0,0,280.0
1,0,0,3,1,1204.081633,1,0,29.5
0,0,0,2,1,1350.438893,1,1,40.0
1,0,0,2,1,860.1240835000001,1,1,30.5
0,0,0,3,1,1609.025338,1,1,87.0
0,0,0,2,1,1049.030787,1,1,46.0
0,0,1,2,1,930.13642,1,1,45.0
1,1,1,2,1,545.2292441000001,0,0,52.8
0,0,0,2,1,1015.228426,1,1,40.0
1,1,0,3,1,1878.130217,0,1,180.0
1,0,1,2,1,1050.793651,1,1,33.1
0,0,0,2,1,604.0268456,1,1,36.0
1,0,0,1,1,450.058072,1,1,15.5
1,0,1,2,1,1084.990958,1,1,48.0
0,0,1,1,1,635.1397998,1,1,18.4
2,1,1,2,1,687.7828053999999,0,0,53.2
1,0,0,4,1,1972.386588,1,1,370.0
0,0,0,2,1,800.0,1,1,38.0
0,0,0,3,1,1800.180018,1,1,100.0
0,0,0,4,1,1830.161054,1,1,50.0
1,1,1,1,1,679.9888981,0,1,49.0
1,0,0,3,1,1100.024944,1,1,44.1
1,0,1,3,1,1476.207016,1,0,85.0
1,0,1,3,1,957.3304158,1,1,350.0
0,0,0,2,1,1000.0,1,1,50.0
0,0,0,3,1,2166.666667,1,1,130.0
0,0,0,1,1,546.9556244,1,1,15.9
0,1,1,4,1,3194.207836,0,1,150.0
1,0,0,2,1,650.0365646,1,1,80.0
0,0,0,3,1,1100.041511,1,1,53.0
0,0,0,2,1,1498.637602,1,1,88.0
1,0,0,3,1,1800.0,1,1,90.0
0,0,0,2,1,783.1120191000001,1,1,23.0
0,0,0,1,1,620.0177147999999,1,1,35.0
1,0,0,3,1,1850.024667,1,1,150.0
1,1,0,1,1,621.7499435,0,1,110.0
1,0,1,2,1,599.8899285,1,1,10.9
0,0,1,2,1,900.1406470000001,1,1,32.0
1,0,0,5,1,4171.253114,1,1,720.0
0,0,0,2,1,1190.0714039999998,1,1,70.0
1,0,0,4,1,3459.067699,1,1,420.0
0,0,0,1,1,380.0547279,1,1,12.5
1,0,1,3,1,1799.3226079999995,1,0,42.5
0,0,0,2,1,1500.234412,1,1,32.0
1,0,0,1,1,550.08022,1,1,24.0
1,0,0,3,1,1467.869958,1,1,270.0
1,0,0,3,1,1800.288046,1,1,75.0
1,0,0,2,1,1150.035386,1,1,65.0
1,0,0,2,1,766.0828286000001,1,1,46.8
1,0,1,2,1,1090.010113,1,1,97.0
1,0,0,1,1,435.0,1,1,8.7
2,1,0,2,1,680.9338521000001,0,0,21.0
1,1,1,2,1,1240.354387,0,1,43.4
0,0,0,1,1,545.2292441000001,1,1,110.0
0,0,0,2,1,703.0936119,1,1,35.0
1,0,0,2,1,1100.047416,1,1,46.4
0,0,1,3,1,1450.245426,1,1,65.0
1,0,0,3,1,1711.07164,1,1,86.7
0,0,0,3,1,1400.1680199999998,1,1,50.0
1,1,0,1,1,615.0061501,0,1,50.0
1,0,0,2,1,2350.243623,1,1,82.0
1,1,1,2,1,763.7624111,0,1,130.0
1,1,0,2,1,1060.0706710000002,0,1,42.0
1,1,0,3,1,1581.977472,0,1,63.2
1,0,0,3,1,1200.120012,1,1,40.0
1,0,0,1,1,596.5021861,1,1,19.1
1,0,0,2,1,699.9941667,1,1,120.0
0,0,0,2,1,1064.8007300000002,1,1,35.0
1,0,0,3,1,1365.949119,1,1,34.9
0,0,0,2,1,1300.0,1,1,39.0
1,0,0,3,1,1736.8069469999998,1,1,130.0
1,0,0,2,1,1045.053414,1,1,90.0
1,0,1,3,1,2340.82397,1,1,150.0
2,1,1,3,1,1177.3453960000002,0,0,95.0
1,0,0,2,1,1079.859367,1,1,43.0
0,0,0,2,1,812.083807,1,1,50.0
1,0,0,3,1,1850.13876,1,1,80.0
0,0,0,2,1,930.1509302,1,1,53.0
1,0,0,2,1,1195.049082,1,1,140.0
0,0,0,2,1,540.0593472,1,1,27.3
0,0,0,1,1,600.0905797,1,1,26.5
1,0,0,3,1,1500.150015,1,1,100.0
1,0,0,3,1,1140.19176,1,1,44.0
0,0,0,3,1,1850.443599,1,1,73.0
1,0,0,2,1,1102.0151130000002,1,1,70.0
1,0,1,3,1,1895.016108,1,1,100.0
1,0,0,1,1,680.0348736000001,1,1,78.0
0,0,0,2,1,868.0555555999999,1,1,20.0
0,0,0,3,1,1430.387794,1,1,45.0
1,0,0,3,1,1802.884615,1,1,150.0
0,0,0,3,1,1640.419948,1,1,25.0
1,1,1,3,1,1455.500728,0,0,820.0
1,0,0,3,1,1350.174216,1,1,62.0
0,0,0,3,1,1536.019661,1,1,300.0
1,0,0,4,1,2265.714286,1,1,79.3
1,0,0,3,1,1661.078939,1,1,54.5
1,0,0,2,1,1169.692737,1,1,33.5
0,0,0,3,1,1610.189858,1,1,67.0
0,0,0,1,1,217.7786577,1,1,11.0
1,0,0,1,1,611.6207951,1,1,4.0
0,0,0,1,1,2000.0,1,1,130.0
1,1,0,2,1,1150.121065,0,1,38.0
1,0,0,3,1,1699.957501,1,1,280.0
0,0,0,1,1,674.8709805,1,1,17.0
2,1,1,1,1,439.5960719,0,0,94.9
0,0,1,4,1,1500.0,1,1,30.0
1,0,0,2,1,890.1670775,1,1,32.5
1,0,0,2,1,1060.03245,1,1,98.0
1,0,1,2,1,1260.273973,1,1,32.2
1,1,1,3,1,1942.690627,0,1,120.0
1,0,0,2,1,800.0,1,1,32.0
2,1,1,2,1,974.2857143,0,0,34.1
1,0,0,2,1,484.0075828,1,1,120.0
1,0,0,4,1,3596.25989,1,1,300.0
0,0,1,3,1,1700.017709,1,1,96.0
0,0,0,2,1,595.0019833,1,0,30.0
0,1,1,2,1,888.23094,0,1,24.0
0,0,0,1,1,685.127034,1,1,24.0
0,0,0,1,1,650.026001,1,1,25.0
0,0,0,2,1,950.1187648,1,1,20.0
1,0,0,2,1,1090.100111,1,1,98.0
0,0,1,2,1,1065.151784,1,1,60.0
1,0,1,3,1,2145.155524,1,1,240.0
0,0,0,2,1,980.9264305,1,1,36.0
1,1,1,1,1,634.9878294,0,1,60.0
0,0,0,3,1,1460.12046,1,1,80.0
0,0,1,3,1,1823.281907,1,1,52.0
0,0,0,3,1,1076.297536,1,1,45.0
2,1,1,1,1,318.6521959,0,0,50.5
0,0,0,2,1,1099.387338,1,1,32.3
0,0,1,1,1,670.2412869,1,1,15.0
0,0,0,3,1,1200.141193,1,1,68.0
1,0,0,3,1,2248.974732,1,1,340.0
1,0,1,2,1,1185.009628,1,1,80.0
1,0,1,3,1,1400.0,1,1,56.0
1,0,0,4,1,2021.563342,1,1,180.0
0,0,0,3,1,1000.0,1,1,33.0
1,1,1,2,1,899.9427309,0,1,110.0
1,0,0,3,1,2519.379845,1,1,65.0
1,0,0,2,1,887.6849344000001,1,1,42.6
0,0,0,2,1,1200.234192,1,1,41.0
1,0,0,5,1,5460.268517,1,1,850.0
1,1,0,1,1,610.1694915,0,1,18.0
1,0,1,3,1,2003.278091,1,1,110.0
1,0,1,3,1,1597.704621,1,1,52.9
1,0,1,3,1,1690.305032,1,1,87.0
2,0,0,3,1,1995.249406,1,0,42.0
1,0,0,2,1,1190.208848,1,1,53.0
0,0,0,2,1,876.0951188999999,1,1,35.0
1,0,1,2,1,1134.90756,1,1,62.0
1,0,0,2,1,1000.0,1,1,30.5
1,0,0,3,1,1918.141593,1,1,86.7
1,0,0,2,1,970.6167828,1,1,110.0
1,0,0,2,1,975.1176866,1,1,58.0
2,1,0,2,1,803.7908037999999,0,0,22.9
1,0,0,2,1,1050.030883,1,1,68.0
1,0,0,1,1,640.0379282,1,1,54.0
1,1,0,2,1,938.2366808,0,1,39.8
0,0,0,3,1,1277.411113,1,1,120.0
0,0,0,3,1,1879.993733,1,1,120.0
1,0,1,3,1,1885.078356,1,1,83.0
1,0,0,2,1,989.9764881,1,1,80.0
1,0,0,3,1,1445.0867050000002,1,1,40.0
1,0,1,4,1,3148.759696,1,1,410.0
0,0,0,3,1,1925.925926,1,1,130.0
1,0,0,2,1,1047.120419,1,1,50.0
0,0,0,2,1,675.024108,1,1,35.0
1,0,1,4,1,3285.1511170000003,1,1,700.0
1,1,0,3,1,1905.692646,0,1,78.0
0,0,0,2,1,775.0269107,1,1,36.0
0,1,1,3,1,1934.859723,0,1,120.0
1,0,0,2,1,849.8129343,1,1,15.9
1,0,1,2,1,864.6188850999999,1,1,38.0
1,0,0,2,1,1162.17644,1,1,110.0
1,0,0,1,1,694.9615289,1,1,56.0
1,0,1,1,1,730.0636466,1,1,39.0
1,0,1,2,1,1144.262295,1,1,34.9
1,0,0,3,1,1750.150875,1,1,58.0
1,0,0,1,1,650.0541712,1,1,60.0
1,0,0,3,1,1500.0,1,1,150.0
0,0,0,2,1,650.0956022999999,1,1,17.0
0,0,0,2,1,1050.420168,1,1,17.5
1,0,0,2,1,1035.00761,1,1,34.0
0,0,0,3,1,1749.9204579999998,1,1,55.0
1,0,0,2,1,1180.05834,1,1,44.5
0,0,0,3,1,1979.293544,1,1,130.0
0,0,0,2,1,1100.16044,1,1,48.0
0,0,1,2,1,1255.230126,1,1,60.0
1,0,0,1,1,670.0167504,1,1,32.0
1,0,0,3,1,2050.0205,1,1,1500.0
1,0,1,3,1,1889.622076,1,1,63.0
0,0,0,2,1,1200.120012,1,1,40.0
1,1,1,3,1,1195.9521619999998,0,1,130.0
0,0,0,3,1,1150.130348,1,1,75.0
0,0,0,3,1,1671.018277,1,1,64.0
0,0,0,2,1,600.0960154,1,1,25.0
1,0,0,2,1,973.3333332999998,1,1,29.2
0,0,0,2,1,1070.154578,1,1,45.0
0,1,0,1,1,690.2899217999999,0,1,15.0
1,0,0,3,1,1360.188334,1,1,52.0
1,0,0,3,1,1748.0,1,1,43.7
1,0,0,3,1,995.1456311,1,1,41.0
0,0,0,2,1,3000.0,1,1,22.5
2,0,1,3,1,1474.530831,1,0,33.0
1,1,1,2,1,1180.004291,0,1,110.0
0,0,0,1,1,500.0,1,1,10.5
1,0,1,3,1,1815.732443,1,1,310.0
0,0,1,2,1,900.0321439999999,1,1,28.0
0,1,0,2,1,1172.256594,0,1,36.0
0,0,0,2,1,1167.232598,1,1,55.0
0,0,0,2,1,1300.0,1,1,65.0
1,1,0,1,1,575.0878955000001,0,1,22.9
1,0,0,3,1,2132.575084,1,1,120.0
0,0,0,3,1,1545.117429,1,1,50.0
1,0,1,2,1,1100.038825,1,1,85.0
1,0,0,3,1,1220.025242,1,1,29.0
1,1,1,2,1,888.0516685,0,1,33.0
1,1,1,2,1,930.0147197,0,1,69.5
0,1,1,1,1,345.0154349,0,1,19.0
1,0,0,3,1,1722.767029,1,1,130.0
1,0,0,3,1,1527.353513,1,1,55.0
1,1,0,2,1,1059.114267,0,1,270.0
1,0,0,2,1,1057.753332,1,1,100.0
0,0,1,1,1,587.1363758,1,1,22.0
1,0,0,3,1,1660.258651,1,1,95.0
0,0,1,2,1,912.1245829,1,1,41.0
1,0,0,3,1,1596.071209,1,1,52.0
0,0,0,2,1,959.8720171,1,1,72.0
1,1,1,1,1,495.147554,0,1,100.0
0,0,0,3,1,1888.049756,1,1,85.0
0,0,0,3,1,1460.023175,1,1,63.0
0,0,0,2,1,820.0754469,1,1,50.0
1,0,0,3,1,1600.0,1,1,120.0
1,0,0,2,1,1060.191518,1,1,31.0
0,1,0,2,1,1232.156273,0,1,82.0
0,0,0,2,1,675.024108,1,1,21.0
0,0,0,1,1,800.0,1,1,13.0
1,0,0,3,1,1709.401709,1,1,210.0
1,0,0,3,1,2550.44843,1,1,91.0
0,0,0,2,1,1196.013289,1,1,72.0
1,0,0,4,1,2420.051858,1,1,140.0
1,0,1,2,1,1156.069364,1,1,120.0
1,0,1,2,1,853.8461537999999,1,1,33.3
0,0,0,2,1,1680.0,1,1,42.0
1,0,0,2,1,1139.925905,1,1,120.0
1,0,0,4,1,2395.833333,1,0,230.0
0,0,0,2,1,787.0992512999999,1,1,41.0
1,1,0,1,1,826.0447036,0,1,34.0
1,0,0,2,1,1073.919107,1,1,46.2
1,0,0,2,1,863.360685,1,1,48.4
1,0,0,4,1,3172.306322,1,1,570.0
0,1,1,4,1,1920.055856,0,1,110.0
1,0,0,3,1,1254.716981,1,1,66.5
0,1,0,4,1,2791.996277,0,1,120.0
1,0,1,1,1,45302.48118,1,0,6500.0
1,0,0,3,1,1682.49851,1,1,480.0
1,0,1,3,1,1888.888889,1,1,170.0
1,0,1,3,1,1791.8470960000002,1,1,120.0
1,1,1,3,1,1400.0,0,0,700.0
1,0,0,2,1,950.0777336,1,1,55.0
1,1,0,2,1,1550.387597,0,1,36.0
1,0,1,2,1,1080.050826,1,1,25.5
1,0,1,2,1,1190.130624,1,1,82.0
1,0,0,1,1,600.0,1,1,54.0
1,0,0,3,1,1979.522184,1,1,58.0
0,0,1,2,1,920.1748332,1,1,40.0
1,0,0,2,1,997.0066774,1,1,43.3
1,0,1,3,1,2100.105005,1,1,300.0
0,0,0,2,1,1300.236407,1,1,55.0
0,0,0,2,1,650.035137,1,1,18.5
0,0,0,2,1,611.0975312,1,1,25.0
0,0,0,1,1,600.0600059999999,1,1,20.0
0,0,0,3,1,1575.178998,1,1,33.0
1,0,0,2,1,1075.268817,1,1,28.0
1,1,1,3,1,1891.984864,0,1,110.0
1,1,1,2,1,67474.77578,0,0,9630.0
1,0,0,3,1,2302.071865,1,1,230.0
1,0,1,2,1,1049.167635,1,1,54.2
1,0,0,3,1,1200.0,1,1,42.0
2,0,1,1,1,399.5354239,1,0,17.2
1,1,1,3,1,2249.7704320000003,0,1,73.5
0,0,0,2,1,656.4551422000001,1,1,12.0
0,0,0,1,1,735.1010763999999,1,1,28.0
1,0,0,3,1,2526.378362,1,1,170.0
1,0,1,3,1,1550.387597,1,1,58.0
1,0,0,4,1,2095.009341,1,1,78.5
0,0,0,2,1,877.0764119999999,1,1,66.0
1,0,1,4,1,4441.846873,1,1,380.0
0,0,0,3,1,1025.01025,1,1,25.0
0,0,0,2,1,1300.148588,1,1,70.0
1,0,1,2,1,1199.873698,1,1,38.0
1,0,1,4,1,3045.29882,1,1,160.0
1,0,1,1,1,590.0305187999999,1,1,29.0
1,0,0,2,1,1250.0,1,1,25.9
0,0,0,3,1,1500.0,1,1,30.0
1,0,0,4,1,3000.035295,1,1,850.0
1,0,0,3,1,1725.1293850000002,1,1,60.0
0,0,0,2,1,1035.196687,1,1,30.0
1,1,1,1,1,434.8771472,0,1,100.0
1,0,1,3,1,1349.55015,1,1,40.5
1,0,0,3,1,2149.697088,1,1,110.0
1,1,1,1,1,644.028103,0,1,44.0
0,0,0,2,1,550.1222494,1,1,18.0
0,0,1,2,1,1180.173092,1,1,60.0
1,0,1,3,1,1220.196353,1,1,43.5
1,0,0,1,1,660.0425834,1,1,46.5
1,0,1,3,1,1288.175411,1,1,32.9
1,1,1,4,1,2492.729539,0,1,120.0
1,0,0,1,1,651.1237135,1,1,31.0
1,0,0,2,1,1113.111802,1,1,68.0
0,0,0,4,1,1556.824079,1,1,180.0
1,0,0,2,1,1190.003967,1,1,90.0
1,1,1,1,1,410.4038688,0,0,62.8
1,0,1,2,1,1069.028711,1,1,210.0
1,0,0,2,1,900.0225006000001,1,1,120.0
1,1,1,3,1,1337.950575,0,1,170.0
0,0,0,3,1,1301.005322,1,1,44.0
1,1,1,2,1,1136.25,0,1,90.9
1,0,1,1,1,464.4990046,1,0,140.0
1,0,1,3,1,1410.284227,1,1,65.0
1,0,1,2,1,1160.056435,1,1,74.0
1,0,0,3,1,899.795501,1,1,22.0
1,0,0,3,1,1369.491525,1,1,40.4
1,1,1,2,1,1392.4050630000002,0,0,110.0
1,0,0,3,1,1556.236737,1,1,66.0
1,0,0,3,1,1657.275439,1,1,100.0
0,0,0,4,1,1200.0,1,1,90.0
1,0,0,1,1,584.1803949,1,1,100.0
0,0,0,2,1,1373.283396,1,1,55.0
0,0,0,1,1,598.0614559999999,1,1,29.0
1,1,1,2,1,948.7912659,0,1,36.5
0,0,0,2,1,600.0247433,1,1,48.5
1,0,0,2,1,1242.381622,1,0,79.5
0,0,0,3,1,955.1310529,1,1,43.0
1,0,1,3,1,2070.125501,1,1,160.0
1,1,1,1,1,724.3902439,0,1,59.4
0,0,0,2,1,1350.063532,1,1,85.0
1,0,0,2,1,1386.321627,1,1,120.0
1,0,1,3,1,1224.246044,1,1,41.0
1,0,1,3,1,1600.116584,1,1,54.9
0,0,0,2,1,1145.038168,1,1,27.0
1,0,1,4,1,2600.297177,1,1,210.0
1,0,1,2,1,1227.823148,1,1,43.6
1,0,0,2,1,1350.353737,1,1,43.9
1,1,1,2,1,884.9557522,0,1,63.0
1,0,1,2,1,727.9947055,1,1,110.0
1,1,1,2,1,1260.940513,0,1,170.0
1,0,0,2,1,840.1008121,1,1,30.0
1,0,0,3,1,1195.159604,1,1,240.0
1,0,0,1,1,619.9884268999999,1,1,300.0
0,0,0,2,1,1285.21997,1,1,26.0
1,1,1,2,1,757.0186443,0,1,350.0
1,0,0,2,1,850.1594049,1,1,40.0
0,0,1,3,1,1478.123768,1,1,75.0
0,0,0,2,1,1250.0,1,1,45.0
1,0,0,1,1,590.0109769,1,1,86.0
1,0,0,3,1,1245.147805,1,1,41.7
1,0,1,4,1,3428.571429,1,0,1680.0
0,0,0,2,1,1285.126799,1,1,75.0
1,1,0,2,1,893.9393938999999,0,0,29.5
0,0,0,2,1,530.0353357,1,1,30.0
0,0,0,2,1,700.1166861,1,1,30.0
0,0,0,3,1,1799.640072,1,1,60.0
1,0,1,3,1,1894.020004,1,1,89.0
0,0,0,1,1,667.0001668,1,1,40.0
1,0,1,2,1,1085.069444,1,1,50.0
0,0,0,3,1,1299.038711,1,1,50.0
1,0,0,3,1,1469.387755,1,1,270.0
1,0,0,3,1,2061.201839,1,1,130.0
1,0,0,4,1,3764.705882,1,1,320.0
1,1,1,2,1,1079.136691,0,1,120.0
0,0,0,2,1,1100.352113,1,1,25.0
1,0,0,2,1,1120.547299,1,1,190.0
0,1,0,2,1,1046.511628,0,1,27.9
0,0,0,2,1,942.2266303,1,1,38.0
0,0,0,3,1,1730.1038059999998,1,1,130.0
0,0,1,2,1,1195.652174,1,1,110.0
1,0,1,2,1,799.173269,1,1,23.2
0,0,0,2,1,1350.0,1,1,81.0
0,0,0,3,1,1720.183486,1,1,75.0
1,0,0,2,1,1074.179165,1,1,53.0
1,0,0,2,1,1236.749117,1,1,280.0
1,0,1,4,1,3357.112883,1,1,240.0
0,0,0,3,1,1111.111111,1,1,36.0
1,0,0,2,1,850.0772798,1,1,22.0
1,0,1,1,1,607.028754,1,1,38.0
1,0,1,2,1,1150.0261369999998,1,1,110.0
1,0,0,2,1,1486.880466,1,1,35.7
1,0,0,2,1,1050.135501,1,1,46.5
1,0,0,2,1,1305.12433,1,1,95.0
1,0,1,3,1,1490.973565,1,1,370.0
1,0,0,3,1,1125.039173,1,1,35.9
1,1,1,2,1,1017.764619,0,1,220.0
0,0,0,2,1,1139.879498,1,1,70.0
1,0,0,2,1,1496.296296,1,1,20.2
0,0,0,2,1,900.090009,1,1,40.0
1,1,0,2,1,511.4401077,0,1,38.0
0,0,0,3,1,1325.0,1,1,79.5
1,0,1,4,1,2452.830189,1,0,130.0
1,1,0,3,1,711.7241379,0,1,25.8
1,0,1,3,1,1540.240518,1,1,66.6
1,0,1,3,1,1494.285714,1,1,52.3
1,1,1,2,1,1069.736842,0,1,81.3
0,0,0,2,1,800.0,1,1,14.0
0,0,0,1,1,579.0807093999999,1,1,32.0
0,0,0,3,1,1915.041783,1,1,55.0
0,0,1,1,1,565.0781691000001,1,1,30.0
1,0,1,2,1,726.0845889,1,1,40.0
1,1,1,3,1,1061.689763,0,1,190.0
1,0,0,2,1,1000.0,1,1,35.0
0,0,0,3,1,1229.189357,1,1,79.0
0,0,0,3,1,1420.159335,1,1,82.0
1,1,1,2,1,725.0,0,1,58.0
0,0,0,2,1,1289.324394,1,1,50.0
1,0,0,3,1,1295.336788,1,1,100.0
1,0,0,4,1,2250.04091,1,1,550.0
1,0,0,3,1,1683.0483370000002,1,1,250.0
1,0,0,2,1,920.0603318,1,1,30.5
1,1,0,1,1,708.8888889,0,1,31.9
0,0,0,2,1,1100.0,1,1,55.0
1,0,0,3,1,1488.095238,1,1,120.0
1,0,0,2,1,1100.025582,1,1,43.0
0,0,0,2,1,905.2504526,1,1,30.0
0,0,0,3,1,1560.062402,1,1,100.0
1,0,0,3,1,1457.112814,1,1,97.0
1,0,0,3,1,1586.506346,1,1,47.5
1,0,1,2,1,1098.119766,1,1,69.5
0,0,1,3,1,1885.098743,1,1,84.0
1,0,0,4,1,2624.425907,1,1,280.0
1,0,0,1,1,650.0661084,1,1,59.0
1,0,0,4,1,4285.034122,1,1,270.0
1,0,1,2,1,1463.070686,1,1,83.0
1,1,1,2,1,808.0126041,0,1,35.9
1,0,0,3,1,1330.150068,1,1,39.0
0,0,0,2,1,1410.012674,1,1,89.0
1,1,1,1,1,661.5878107000001,0,1,16.5
1,1,0,2,1,950.9433962000002,0,1,50.4
1,0,0,2,1,1050.153902,1,1,58.0
0,0,0,2,1,1275.239107,1,1,60.0
1,0,0,2,1,972.6049603,1,1,120.0
1,0,0,3,1,1733.3333329999998,1,1,130.0
0,0,0,2,1,647.9767257,1,1,49.0
0,0,0,1,1,449.910018,1,1,7.5
1,0,1,2,1,1820.10582,1,1,86.0
0,0,0,3,1,1540.1848220000002,1,1,110.0
1,0,0,3,1,1770.244821,1,1,47.0
1,0,1,4,1,2100.28879,1,1,80.0
1,0,0,2,1,1080.084299,1,1,41.0
0,0,0,2,1,1065.088757,1,1,36.0
1,1,1,3,1,791.0870855000001,0,0,120.0
1,0,1,1,1,614.4021141,1,1,27.9
0,0,0,2,1,1053.911634,1,1,78.0
1,1,1,3,1,2259.336581,0,1,97.4
0,0,0,2,1,3650.745361,1,1,120.0
1,0,0,2,1,1050.0922380000002,1,1,74.0
0,0,0,3,1,1550.0,1,1,31.0
1,0,0,2,1,960.1449275,1,1,21.2
1,0,0,2,1,850.1594049,1,1,40.0
0,0,0,2,1,722.0216606,1,1,30.0
0,0,0,3,1,1616.2209810000002,1,1,110.0
2,1,0,2,1,1495.546179,0,0,31.9
1,1,0,2,1,1044.397463,0,1,74.1
1,0,0,1,1,530.0353357,1,1,51.0
1,0,0,4,1,3122.030677,1,1,230.0
1,1,1,2,1,489.8904427,0,0,110.0
0,0,0,2,1,884.0075007000002,1,1,66.0
1,0,0,1,1,650.0413662999999,1,1,55.0
1,0,0,3,1,1545.215101,1,1,88.0
1,0,1,2,1,797.4641307999999,1,1,23.9
0,0,1,3,1,1205.164993,1,1,42.0
0,0,0,2,1,1070.090958,1,1,40.0
0,0,0,2,1,806.0801474,1,1,35.0
0,0,0,1,1,600.0,1,1,24.0
1,1,1,2,1,1065.088757,0,1,72.0
1,0,0,3,1,1344.860711,1,1,84.0
1,0,0,8,1,9594.298245999998,1,1,1400.0
0,0,0,3,1,1890.17111,1,1,95.0
1,0,0,2,1,2250.984806,1,1,40.0
1,0,0,3,1,1315.223238,1,1,97.8
1,1,1,1,1,600.0109093,0,1,110.0
1,0,0,4,1,2250.008036,1,1,700.0
1,0,0,2,1,1150.070126,1,1,41.0
1,0,0,3,1,1285.016705,1,1,50.0
0,0,0,2,1,960.1335838,1,1,46.0
1,0,1,2,1,473.8154613,1,1,22.8
1,0,1,3,1,1713.796058,1,1,100.0
0,0,0,2,1,1200.349192,1,1,27.5
0,0,0,1,1,650.0072223,1,1,45.0
1,0,1,4,1,2412.698413,1,1,190.0
1,0,0,3,1,2065.120121,1,1,300.0
0,0,0,2,1,919.1176471,1,1,40.0
1,0,0,2,1,1199.040767,1,1,55.0
1,1,0,1,1,391.0068426,0,1,92.0
1,0,1,3,1,1835.423677,1,1,60.0
1,0,1,2,1,1328.699918,1,1,260.0
1,0,1,2,1,1257.010249,1,0,65.0
1,0,0,2,1,1170.094839,1,1,95.0
1,1,0,2,1,1510.0,0,1,45.3
1,1,1,2,1,1120.157908,0,1,45.4
1,0,1,2,1,56838.70967999999,1,0,8810.0
0,0,0,2,1,1153.8461539999998,1,1,22.2
0,0,0,2,1,1008.432888,1,1,28.7
1,0,0,2,1,1120.186698,1,1,48.0
0,0,0,2,1,1150.054765,1,1,63.0
0,0,1,4,1,2149.721801,1,1,85.0
0,0,0,2,1,614.0620203,1,1,20.0
1,1,1,3,1,1654.984424,0,1,85.0
1,0,1,3,1,2490.421456,1,1,130.0
0,0,0,3,1,1769.1415309999998,1,1,61.0
1,1,1,3,1,1677.4685470000002,0,1,220.0
1,0,0,3,1,1500.028847,1,1,260.0
1,0,0,2,1,995.0248756,1,1,40.0
1,0,0,2,1,851.0638298,1,1,28.0
1,0,0,2,1,776.9230769,1,1,20.2
1,1,1,2,1,694.2435638,0,1,120.0
1,0,0,2,1,1050.013816,1,1,190.0
0,0,0,2,1,838.1839348,1,1,36.0
1,0,0,3,1,1762.1145370000002,1,1,100.0
1,0,0,3,1,1232.067511,1,1,73.0
1,0,1,3,1,1466.781708,1,1,170.0
0,0,0,1,1,495.049505,1,1,23.0
1,0,1,2,1,1179.523473,1,1,200.0
0,0,0,3,1,1450.083659,1,1,52.0
1,0,0,2,1,803.9982616000001,1,1,37.0
1,0,0,3,1,1444.444444,1,1,130.0
0,1,1,1,1,600.0521785,0,1,23.0
0,0,0,2,1,620.0280767,1,1,26.5
1,0,1,4,1,2425.325504,1,1,190.0
0,0,0,2,1,990.0990099,1,1,60.0
1,0,1,2,1,1210.336932,1,1,37.0
0,0,1,2,1,900.0473708999999,1,1,19.0
1,1,0,2,1,1198.795181,0,1,59.7
0,0,0,3,1,1099.678457,1,1,17.1
1,1,0,2,1,1250.0,0,1,45.0
1,0,0,3,1,1716.185777,1,1,160.0
1,1,1,1,1,693.0540582,0,1,45.0
0,1,0,3,1,1128.652215,0,1,47.9
0,0,0,3,1,1714.998441,1,1,110.0
0,0,0,1,1,850.1594049,1,1,24.0
2,1,1,3,1,1650.0,0,0,62.7
1,0,0,3,1,1600.0,1,1,220.0
0,0,0,2,1,900.090009,1,1,40.0
1,0,1,3,1,1295.955255,1,1,190.0
1,0,0,2,1,910.0686688,1,1,110.0
1,0,1,2,1,567.8131084,1,0,140.0
0,0,0,2,1,1100.0,1,1,55.0
1,0,1,3,1,1325.718948,1,1,130.0
1,1,1,2,1,1076.072336,0,1,72.0
1,0,0,3,1,2040.081603,1,1,170.0
1,0,1,4,1,3220.674401,1,1,830.0
1,0,0,3,1,1199.887069,1,1,85.0
1,0,0,2,1,1143.318313,1,1,170.0
0,1,1,3,1,1511.87905,0,1,140.0
0,0,0,2,1,1317.143445,1,1,64.0
0,0,0,1,1,400.0,1,1,15.0
0,0,0,2,1,774.1935484,1,1,24.0
0,0,0,2,1,1382.716049,1,1,56.0
0,0,0,3,1,1715.885487,1,1,190.0
0,1,1,3,1,1870.286576,0,1,62.0
1,0,1,3,1,1925.019942,1,1,72.4
1,0,1,1,1,401.1670314,1,0,110.0
0,0,0,3,1,1500.0,1,1,45.0
1,0,0,4,1,3931.034483,1,1,570.0
1,0,1,1,1,427.0462633,1,1,14.4
1,0,0,2,1,1045.068583,1,1,80.0
0,0,0,2,1,1162.576121,1,1,63.0
1,0,0,3,1,1400.0,1,1,42.0
0,0,0,2,1,1309.8869550000002,1,1,73.0
1,0,1,1,1,710.0181834,1,1,82.0
1,0,0,3,1,1449.953227,1,1,46.5
1,0,0,3,1,1250.0,1,1,55.0
0,0,0,2,1,1260.504202,1,1,30.0
0,0,0,3,1,1660.258651,1,1,95.0
0,0,0,2,1,1200.0,1,1,45.0
0,0,0,1,1,650.026001,1,1,25.0
1,1,1,2,1,1002.460585,0,1,110.0
0,0,0,3,1,1375.384615,1,1,89.4
0,0,0,3,1,960.1024109,1,1,45.0
1,1,1,2,1,1095.041322,0,1,53.0
0,0,1,3,1,1619.9376949999998,1,1,52.0
0,0,0,2,1,932.038835,1,1,72.0
1,0,0,2,1,1070.090958,1,1,100.0
0,1,0,3,1,1254.833978,0,1,94.1
1,1,1,2,1,1040.154814,0,1,43.0
1,0,0,2,1,900.090009,1,1,40.0
1,0,1,4,1,2652.519894,1,1,230.0
1,0,0,2,1,934.5527294,1,1,32.7
0,1,0,2,1,1478.1966,0,1,60.0
1,0,0,2,1,1223.684211,1,1,46.5
1,0,1,2,1,689.0314093,1,1,41.9
1,1,1,2,1,1159.887233,0,1,57.6
1,0,0,3,1,1400.0,1,1,42.0
1,0,1,3,1,1551.020408,1,1,190.0
0,0,0,2,1,945.0171821,1,1,22.0
1,1,1,2,1,675.0306832,0,1,99.0
0,0,0,2,1,699.9681833,1,1,22.0
1,1,0,3,1,1354.912632,0,1,47.3
1,0,0,3,1,1816.897143,1,0,180.0
0,0,0,3,1,1150.040118,1,1,43.0
1,0,0,2,1,1199.82548,1,1,55.0
0,0,1,3,1,1329.500539,1,1,37.0
1,0,0,2,1,1044.285714,1,0,73.1
1,0,0,2,1,1100.110011,1,1,100.0
0,0,0,2,1,1000.0,1,1,39.0
0,0,0,4,1,1400.258509,1,1,65.0
1,1,0,2,1,578.0954383,0,0,110.0
1,0,0,3,1,1968.826907,1,1,120.0
1,0,0,1,1,740.0660367,1,1,65.0
1,1,1,2,1,1120.211997,0,1,46.5
1,0,0,2,1,1320.035201,1,1,90.0
1,0,1,3,1,1815.732443,1,1,310.0
1,1,1,2,1,1020.040802,0,1,170.0
1,1,0,4,1,1850.007115,0,1,130.0
1,0,0,4,1,3165.224731,1,1,300.0
1,0,0,2,1,790.0,1,1,39.5
0,1,0,2,1,1099.807534,0,1,40.0
1,0,0,2,1,1150.0473550000002,1,1,85.0
0,0,0,2,1,749.6740547999999,1,1,11.5
1,1,1,2,1,1115.209989,0,1,39.3
1,0,0,2,1,1329.787234,1,1,55.0
1,0,0,2,1,1039.992436,1,1,110.0
0,0,0,2,1,1010.10101,1,1,40.0
0,0,0,3,1,1599.040576,1,1,80.0
1,0,1,3,1,1819.230769,1,1,94.6
1,0,1,4,1,3428.571429,1,0,1680.0
1,0,1,2,1,1040.068201,1,1,61.0
0,1,0,3,1,1591.248135,0,1,96.0
1,0,0,2,1,1200.0,1,1,120.0
0,0,0,3,1,1580.345286,1,1,59.5
1,0,1,2,1,1179.523473,1,1,200.0
1,0,0,2,1,1270.186899,1,1,70.0
0,0,0,3,1,204.51028080000003,1,1,37.0
1,0,0,2,1,1359.084406,1,1,38.0
1,0,0,2,1,999.0525318,1,1,94.9
0,0,0,2,1,950.0206526,1,1,23.0
0,0,0,2,1,1174.10265,1,1,70.0
0,0,0,2,1,1000.0,1,1,42.4
0,0,0,2,1,1455.906822,1,1,70.0
1,0,1,2,1,688.918119,1,1,41.9
1,0,0,2,1,1200.192031,1,1,50.0
1,0,0,3,1,1401.105316,1,1,180.0
1,0,1,3,1,1205.073996,1,1,22.8
0,0,0,1,1,623.3333332999999,1,1,18.7
0,0,0,3,1,1188.051595,1,1,70.0
0,0,0,3,1,1909.307876,1,1,120.0
1,0,1,3,1,1654.3649779999998,1,1,130.0
1,0,1,4,1,2135.348226,1,1,130.0
0,0,1,1,1,612.244898,1,1,1.5
1,1,1,3,1,2484.70948,0,1,130.0
1,0,1,1,1,619.9628022,1,1,40.0
1,0,0,6,1,3600.0654560000003,1,1,1100.0
1,0,1,3,1,1502.183406,1,1,86.0
1,0,0,3,1,1210.9589039999998,1,1,44.2
1,1,1,3,1,1565.217391,0,1,86.4
1,1,1,2,1,1101.928375,0,1,100.0
1,0,1,4,1,2500.0,1,1,250.0
0,0,0,2,1,1100.196464,1,1,56.0
0,0,1,3,1,1660.516605,1,1,45.0
1,1,1,3,1,1739.1304350000005,0,1,130.0
0,0,0,1,1,460.1226994,1,1,12.0
1,1,0,1,1,638.9845095,0,1,29.7
0,0,0,2,1,1200.0,1,1,60.0
0,0,0,2,1,1112.116902,1,1,86.0
0,0,0,3,1,1467.288106,1,1,85.0
1,0,1,3,1,1550.064185,1,1,48.3
1,0,0,3,1,1816.035594,1,1,200.0
0,0,0,2,1,946.1551694,1,1,55.0
1,0,1,2,1,1050.030883,1,1,68.0
1,0,0,2,1,1018.53738,1,1,100.0
0,0,0,2,1,1000.0,1,1,60.0
1,0,0,4,1,1600.0,1,1,160.0
1,0,0,3,1,1529.0519880000002,1,1,70.0
1,1,1,3,1,669.1051832999999,0,0,150.0
0,0,0,3,1,1620.162016,1,1,90.0
1,1,0,2,1,1208.178439,0,1,39.0
0,0,1,2,1,928.2009282,1,1,34.0
0,0,0,1,1,681.1409110000001,1,1,16.0
0,0,1,2,1,900.2770082999999,1,1,26.0
1,1,1,3,1,1800.2165670000002,0,1,66.5
1,0,1,3,1,1703.577513,1,0,220.0
1,0,0,2,1,895.4477239,1,1,17.9
1,0,0,2,1,970.0665188,1,1,70.0
1,0,0,3,1,2059.997425,1,1,160.0
1,0,0,3,1,1995.344197,1,1,120.0
0,0,0,3,1,2235.07757,1,1,170.0
1,0,0,2,1,634.057971,1,1,24.5
1,0,1,2,1,1200.068575,1,1,140.0
1,0,1,2,1,877.1532185000001,1,1,38.7
1,0,0,2,1,849.9787505,1,1,20.0
0,0,0,2,1,753.4730397999999,1,1,32.0
1,0,0,2,1,1015.099607,1,1,80.0
1,1,1,2,1,1100.352113,0,1,150.0
0,0,0,3,1,1000.0,1,1,40.0
1,0,0,3,1,1263.414634,1,0,51.8
1,1,1,1,1,369.5667896,0,0,51.1
1,0,0,2,1,900.0782677000001,1,1,69.0
1,0,0,3,1,1396.348013,1,1,130.0
1,0,0,5,1,4078.014184000001,1,1,920.0
1,0,0,2,1,1053.273688,1,1,25.9
1,0,0,2,1,1075.090969,1,1,65.0
1,0,0,2,1,800.0,1,1,33.0
0,0,0,2,1,1097.972973,1,1,26.0
0,0,1,3,1,1640.042599,1,1,77.0
1,0,0,2,1,1115.03438,1,1,120.0
1,0,0,2,1,1205.121768,1,1,48.0
0,0,0,1,1,616.1007667,1,1,22.5
1,0,0,1,1,640.0653683999999,1,1,47.0
1,0,0,3,1,1539.957854,1,1,95.0
1,0,1,2,1,553.7459283,1,0,68.0
0,0,0,2,1,1250.0,1,1,60.0
1,0,0,3,1,1990.362455,1,1,95.0
0,0,0,2,1,1100.151745,1,1,29.0
1,0,0,3,1,1250.0,1,1,49.0
0,0,0,3,1,1300.236407,1,1,55.0
1,1,0,3,1,1270.016565,0,1,46.0
0,0,0,2,1,1000.0,1,1,35.0
1,0,0,2,1,1141.078838,1,1,110.0
1,0,0,3,1,1613.481535,1,1,45.0
1,1,1,1,1,679.2513713999999,0,1,42.1
1,0,0,3,1,1625.415589,1,1,44.0
0,0,0,3,1,1510.574018,1,1,35.0
0,0,0,2,1,600.0,1,1,24.0
1,0,1,3,1,1761.207685,1,1,77.0
1,0,0,2,1,1200.068575,1,1,70.0
1,0,0,2,1,1150.040118,1,1,86.0
1,0,1,1,1,747.2417252,1,1,14.9
1,0,0,2,1,784.1920132,1,1,37.9
1,0,0,3,1,1850.13876,1,1,160.0
0,0,0,2,1,1022.494888,1,1,35.0
1,1,1,3,1,1459.017248,0,1,280.0
0,0,0,3,1,17571.884980000003,1,1,55.0
1,0,0,3,1,1550.120565,1,1,45.0
0,0,0,3,1,2500.0,1,1,52.0
1,1,0,2,1,1006.036217,0,1,170.0
1,0,0,3,1,1458.823529,1,1,49.6
1,0,0,2,1,1180.0219539999998,1,1,43.0
0,0,0,1,1,899.9581414999999,1,1,43.0
1,0,0,1,1,548.0362036,1,1,66.0
1,1,0,1,1,549.9541705,0,1,48.0
1,0,1,2,1,960.0279281,1,1,55.0
1,0,0,2,1,970.0044769,1,1,130.0
1,0,0,3,1,1871.157445,1,1,140.0
0,0,0,3,1,2100.375857,1,1,95.0
1,1,1,2,1,1120.038958,0,1,46.0
1,0,0,2,1,1063.327032,1,1,22.5
1,0,1,3,1,1515.151515,1,1,78.0
1,0,1,1,1,650.0541712,1,1,30.0
0,0,0,3,1,1636.929121,1,1,100.0
0,0,0,3,1,1726.0579059999998,1,1,62.0
2,1,0,3,1,154444.4444,0,0,8340.0
1,0,1,2,1,1350.016464,1,1,410.0
0,0,0,1,1,625.0,1,1,40.0
0,0,0,2,1,970.1202949,1,1,50.0
0,0,0,1,1,500.0,1,1,19.4
0,0,0,4,1,2030.456853,1,1,88.0
1,0,0,2,1,844.0,1,1,21.1
0,1,0,2,1,1000.0,0,1,85.0
1,0,0,2,1,1273.08338,1,1,45.5
1,1,0,4,1,1805.33752,0,1,69.0
1,0,1,3,1,2142.857143,1,1,150.0
0,0,0,2,1,1036.150127,1,1,45.0
1,0,0,3,1,1802.801276,1,1,130.0
1,0,0,2,1,1032.080502,1,1,120.0
1,0,0,1,1,645.0780543999999,1,1,50.0
0,0,1,4,1,2744.961779,1,1,79.0
0,0,0,2,1,866.9804310000001,1,1,35.0
1,1,0,3,1,1159.375,0,1,37.1
1,1,0,1,1,650.0221597999999,0,1,88.0
0,0,0,3,1,1800.1302079999998,1,1,55.3
1,0,1,2,1,1112.638262,1,1,170.0
0,0,0,2,1,880.195599,1,1,36.0
1,1,1,2,1,627.1777003,0,0,21.6
1,0,1,3,1,1416.256158,1,1,46.0
1,0,1,3,1,2009.584171,1,1,130.0
0,0,0,2,1,1300.169587,1,1,46.0
1,0,0,3,1,1140.19176,1,1,44.0
1,1,1,3,1,2608.695652,0,0,240.0
0,0,0,2,1,1250.0,1,1,30.0
1,1,0,3,1,1243.076923,0,1,40.4
0,0,0,3,1,1300.062906,1,1,62.0
1,1,0,2,1,688.0479414,0,1,62.0
1,0,0,3,1,1750.298686,1,1,58.6
0,0,0,3,1,1667.129758,1,1,60.0
0,0,0,2,1,1100.196464,1,1,28.0
0,0,0,1,1,565.058033,1,1,18.5
1,0,0,3,1,1080.0,1,1,59.4
1,1,0,3,1,2559.925529,0,1,110.0
1,0,0,3,1,1345.032985,1,1,210.0
0,0,1,2,1,1000.0,1,1,30.0
0,0,0,2,1,999.3108201,1,1,14.5
1,0,0,3,1,1693.811075,1,1,130.0
1,0,0,2,1,950.0,1,1,38.0
0,0,0,2,1,1024.352532,1,1,26.5
1,0,0,3,1,1318.019205,1,1,140.0
0,0,0,2,1,1072.098633,1,1,40.0
1,0,0,2,1,1250.0,1,1,36.0
1,0,0,3,1,2121.855108,1,1,140.0
0,0,0,2,1,1100.151745,1,1,29.0
1,0,0,2,1,450.0818331,1,1,11.0
1,1,1,2,1,1280.108254,0,1,94.6
2,1,1,3,1,158840.4814,0,0,9370.0
1,0,0,3,1,1453.115651,1,1,170.0
0,0,0,2,1,1385.092036,1,1,76.0
1,0,0,3,1,1862.009238,1,1,64.5
1,0,0,1,1,650.1182033,1,1,22.0
0,0,0,2,1,950.0,1,1,38.0
1,0,1,3,1,1255.02008,1,1,100.0
1,0,0,3,1,1607.717042,1,1,110.0
1,0,0,3,1,1840.21544,1,1,82.0
1,1,1,1,1,454.9751832,0,0,77.0
0,0,0,3,1,1100.173712,1,1,38.0
1,1,0,3,1,1500.0,0,1,270.0
1,1,0,3,1,1600.108666,0,1,58.9
1,1,1,2,1,613.034047,0,1,65.0
1,0,1,3,1,1766.186227,1,1,77.2
1,0,1,2,1,472.8413763,1,0,43.7
1,0,0,3,1,1624.007061,1,1,92.0
0,0,0,2,1,920.084122,1,1,35.0
0,0,0,3,1,1400.076717,1,1,73.0
1,0,1,2,1,600.0,1,1,51.0
1,1,0,2,1,650.539392,0,1,39.8
2,1,0,3,1,1086.385798,0,0,86.9
1,0,0,3,1,1177.005226,1,1,51.8
0,0,0,2,1,923.0233368,1,1,53.0
1,0,1,3,1,1540.245883,1,1,66.4
1,0,1,2,1,1232.064878,1,1,79.0
0,0,0,3,1,1000.0,1,1,24.0
1,0,0,3,1,1230.314961,1,1,25.0
1,0,1,3,1,1468.159295,1,1,80.0
1,0,0,3,1,1169.769098,1,1,230.0
1,0,0,1,1,780.0312012,1,1,95.0
0,0,0,3,1,1715.265866,1,1,110.0
1,0,0,2,1,1165.740931,1,1,170.0
0,1,1,1,1,570.7762557,0,1,12.5
0,0,0,3,1,1444.912703,1,1,120.0
0,0,0,2,1,1050.135501,1,1,62.0
1,1,1,2,1,1235.0035289999998,0,1,87.5
1,0,0,2,1,1336.898396,1,1,55.0
1,0,0,3,1,1710.2615690000002,1,1,68.0
1,1,1,2,1,650.0713493,0,1,41.0
1,0,0,3,1,1809.175102,1,1,84.0
1,0,0,3,1,1800.0179999999998,1,1,1200.0
1,1,0,2,1,788.8265046,0,1,170.0
1,0,1,3,1,2387.394557,1,1,150.0
0,0,0,2,1,800.0,1,1,35.0
1,0,1,1,1,45355.30671,1,0,6440.0
1,0,0,3,1,1912.378303,1,1,55.0
0,0,0,2,1,1000.0,1,1,32.0
1,0,0,3,1,1287.156478,1,1,45.9
0,0,0,3,1,1499.892865,1,1,70.0
0,0,0,3,1,2571.428571,1,1,180.0
0,0,0,2,1,1049.868766,1,1,32.0
1,0,0,1,1,685.0036885,1,1,65.0
1,0,0,2,1,1200.0,1,1,30.0
0,0,0,2,1,1475.304682,1,1,46.0
1,0,0,3,1,1850.094877,1,1,39.0
0,0,0,2,1,700.0538502999999,1,1,39.0
1,0,0,2,1,1220.152191,1,1,93.0
0,0,0,3,1,1550.147264,1,1,100.0
1,1,0,3,1,1743.5524879999998,0,1,240.0
0,0,0,2,1,1149.954002,1,1,50.0
0,0,1,2,1,1082.334751,1,1,28.0
0,0,0,2,1,1100.173712,1,1,38.0
0,0,1,3,1,1760.1206940000002,1,1,70.0
1,1,0,2,1,1250.0,0,1,38.4
1,0,1,3,1,1958.991772,1,1,150.0
0,0,0,2,1,1210.067764,1,1,50.0
0,0,0,2,1,1398.728429,1,1,46.2
1,1,0,2,1,706.7943456,0,1,15.5
1,0,1,3,1,1413.203965,1,1,67.0
0,0,0,3,1,1229.105211,1,1,50.0
0,0,0,3,1,1309.471846,1,1,30.0
0,0,0,1,1,575.0130684999999,1,1,22.0
1,0,1,4,1,2044.21892,1,0,56.4
1,0,0,2,1,1099.024756,1,1,87.9
1,0,0,3,1,2660.406886,1,1,170.0
0,0,1,2,1,960.0,1,1,36.0
1,0,1,2,1,1125.244618,1,1,23.0
0,0,0,2,1,650.035137,1,1,18.5
1,0,1,4,1,2581.926514,1,1,130.0
0,0,0,3,1,2090.4882780000003,1,1,140.0
1,0,0,2,1,1429.057503,1,1,42.0
1,1,1,2,1,852.5345622000001,0,1,37.0
0,0,0,3,1,1300.108342,1,1,60.0
0,0,0,1,1,635.0082827,1,1,23.0
0,0,0,2,1,1106.924164,1,1,47.0
0,0,0,3,1,2000.0,1,1,70.0
1,0,0,3,1,1921.493275,1,1,140.0
1,1,0,3,1,1464.073474,0,1,54.2
2,1,1,1,1,448.5714286000001,0,0,15.7
1,1,0,2,1,1499.9147779999998,0,1,88.0
0,0,0,2,1,930.1270417000002,1,1,41.0
0,1,1,3,1,1316.431009,0,1,27.0
1,1,1,2,1,911.7322914,0,0,91.0
0,0,0,3,1,1600.0,1,1,42.0
0,0,0,4,1,1675.041876,1,1,80.0
1,0,1,3,1,2188.982123,1,1,120.0
1,0,0,2,1,743.6363636,1,1,40.9
0,0,0,2,1,989.927058,1,1,57.0
1,0,0,3,1,1501.305483,1,1,46.0
1,0,0,2,1,825.0424654,1,1,34.0
1,0,1,1,1,572.0664155000001,1,1,41.0
1,0,0,2,1,1004.550021,1,1,170.0
0,0,0,2,1,985.0419555,1,1,54.0
1,1,0,3,1,1475.1773050000002,0,1,52.0
1,0,0,2,1,770.0033477999999,1,1,92.0
1,0,0,3,1,1630.23342,1,1,88.0
0,0,0,2,1,1075.268817,1,1,25.0
1,0,0,1,1,635.0792065,1,1,44.5
1,0,0,3,1,1690.507152,1,1,52.0
1,0,0,2,1,1105.128932,1,1,78.0
1,0,1,2,1,719.978746,1,1,54.2
1,0,0,2,1,1100.025582,1,1,86.0
1,0,0,3,1,1762.754044,1,1,85.0
0,0,0,2,1,882.9667683,1,1,55.0
1,1,1,1,1,422.3149114,0,0,8.1
1,0,0,2,1,1100.020371,1,1,54.0
1,1,1,3,1,1650.165017,0,1,75.0
0,0,0,2,1,1200.111638,1,1,43.0
2,1,1,3,1,766.8711656,0,0,37.5
0,1,1,3,1,1795.009873,0,1,100.0
1,1,0,3,1,1728.2608699999998,0,1,79.5
0,0,0,2,1,1050.2283109999998,1,1,46.0
0,0,0,2,1,936.0791656,1,1,35.0
1,0,0,2,1,749.8986623,1,1,37.0
1,0,0,2,1,975.8167162,1,1,46.0
0,0,0,3,1,1581.027668,1,1,100.0
1,0,0,3,1,1680.067203,1,1,140.0
0,0,0,2,1,932.0859321,1,1,26.9
1,1,1,3,1,1342.307692,0,0,69.8
1,1,1,3,1,1474.542458,0,1,170.0
1,0,0,4,1,2530.272908,1,1,140.0
0,0,0,3,1,1415.09434,1,1,93.0
0,0,0,2,1,950.1187648,1,1,40.0
1,0,1,2,1,1009.065826,1,1,76.8
0,0,0,3,1,1670.146138,1,1,80.0
1,1,0,3,1,1150.251618,0,1,32.0
0,0,0,2,1,1396.484375,1,1,42.9
0,0,0,2,1,1025.2654710000002,1,1,28.0
1,0,0,2,1,1000.0,1,1,60.0
0,0,1,3,1,1283.547258,1,1,22.0
1,1,0,2,1,1150.086256,0,1,60.0
0,0,0,3,1,1700.1545600000002,1,1,66.0
0,0,0,2,1,699.790063,1,1,20.0
2,1,1,2,1,1050.0,0,0,44.1
1,0,0,2,1,1050.105011,1,1,35.0
0,1,1,2,1,890.2077151000001,0,1,27.0
1,0,0,1,1,620.0055112000001,1,1,22.5
1,0,0,2,1,1163.101604,1,1,87.0
1,0,0,3,1,1200.104357,1,1,92.0
1,0,1,3,1,2238.454288,1,1,190.0
0,1,1,3,1,1415.09434,0,1,75.0
1,0,0,3,1,1766.599598,1,1,43.9
1,0,0,2,1,1107.016509,1,1,75.1
0,0,0,1,1,630.0630062999999,1,1,14.0
1,0,0,3,1,1658.202923,1,1,160.0
1,0,0,2,1,880.0,1,1,220.0
0,0,0,2,1,800.0,1,1,23.0
1,0,0,3,1,1494.768311,1,1,120.0
1,1,1,2,1,907.0294785,0,1,80.0
1,0,0,1,1,399.4016455,1,1,26.7
1,0,1,1,1,585.0528435,1,1,46.5
1,1,1,2,1,1315.020456,0,1,45.0
1,0,0,3,1,1783.21233,1,1,280.0
1,0,1,2,1,1121.076233,1,1,60.0
2,0,0,2,1,1008.120975,1,0,36.0
1,1,0,3,1,1408.501571,0,1,390.0
0,0,0,2,1,1028.229961,1,1,49.9
1,0,1,4,1,3771.213074,1,1,240.0
0,0,0,2,1,765.1109411,1,1,50.0
1,1,1,1,1,818.4851727999999,0,1,130.0
1,0,0,1,1,599.3690852000001,1,1,43.7
1,1,1,3,1,1567.234354,0,1,150.0
1,0,0,3,1,1684.0417,1,1,210.0
1,0,0,1,1,650.0171057,1,1,38.0
1,0,0,2,1,1215.180408,1,1,65.0
0,0,0,2,1,600.0,1,1,15.0
0,0,0,2,1,1250.0,1,1,35.0
1,1,1,3,1,3125.0,0,1,320.0
1,0,0,7,1,5900.0531,1,1,1000.0
1,1,0,2,1,1433.8461539999998,0,0,93.2
1,0,0,3,1,1899.473992,1,1,65.0
1,0,0,2,1,1273.335191,1,1,45.7
1,0,0,2,1,1179.166667,1,1,56.6
1,0,1,2,1,1080.038573,1,1,56.0
1,0,0,2,1,1170.0468019999998,1,1,75.0
1,0,0,4,1,3300.330033,1,1,210.0
0,0,0,2,1,765.228038,1,1,25.0
1,0,1,2,1,1229.187619,1,1,110.0
1,0,0,4,1,3139.269406,1,1,220.0
1,0,0,4,1,2475.247525,1,1,95.0
1,0,1,2,1,1175.213675,1,1,33.0
1,0,0,1,1,651.0618509,1,1,42.0
0,0,0,1,1,500.0,1,1,20.0
1,0,1,3,1,1468.181818,1,0,64.6
1,1,1,2,1,538.6721731,0,0,120.0
1,0,1,3,1,1599.466844,1,1,48.0
0,0,0,3,1,1552.967277,1,1,140.0
2,0,0,3,1,1526.336025,1,0,39.7
1,0,0,3,1,2094.747019,1,1,130.0
1,1,0,2,1,1031.117658,0,1,56.0
1,1,0,2,1,840.0,0,1,25.2
0,0,0,2,1,700.0840101,1,1,50.0
1,0,0,2,1,910.7468124,1,1,20.0
0,0,0,1,1,684.9315068,1,1,14.0
1,0,1,4,1,4500.1028590000005,1,1,1750.0
1,0,0,2,1,1287.711553,1,1,35.0
0,0,0,1,1,696.2864721,1,1,10.5
1,0,0,3,1,1501.0917029999998,1,1,110.0
0,0,0,3,1,1305.12433,1,1,95.0
1,1,0,2,1,941.1132025,0,1,35.0
2,1,1,3,1,1319.230769,0,0,34.3
0,0,0,2,1,1013.653289,1,1,49.0
0,0,0,3,1,1800.055386,1,1,65.0
0,1,0,2,1,1296.023564,0,1,44.0
0,0,0,2,1,697.7777778,1,1,15.7
1,0,1,2,1,939.918909,1,1,51.0
1,0,1,3,1,1989.953632,1,1,103.0
0,0,0,5,1,900.0276932,1,1,65.0
0,0,1,3,1,1276.17801,1,1,58.5
1,0,0,3,1,1399.253731,1,1,75.0
0,0,0,2,1,1200.104357,1,1,46.0
1,1,1,2,1,669.702652,0,0,150.0
0,0,0,2,1,963.081862,1,1,36.0
0,1,0,2,1,882.2531388,0,1,26.0
1,0,0,2,1,1011.122346,1,1,200.0
1,0,1,2,1,1296.008294,1,1,100.0
1,1,1,3,1,1778.720627,0,1,54.5
1,1,1,2,1,1062.699256,0,1,100.0
0,0,0,3,1,1900.057002,1,1,100.0
0,0,0,1,1,550.0,1,1,11.0
1,0,0,1,1,456.5719504,1,0,340.0
1,0,0,2,1,1050.021875,1,1,72.0
0,0,0,3,1,1669.727834,1,1,100.0
1,1,0,2,1,1000.0,0,1,22.0
1,0,0,2,1,1050.0718470000002,1,1,95.0
0,0,0,2,1,1150.527325,1,1,24.0
1,0,0,1,1,539.0442889999999,1,1,37.0
1,0,1,3,1,1786.3978559999998,1,1,140.0
1,0,1,1,1,807.0078632,1,1,58.5
1,0,0,1,1,610.0368324,1,1,53.0
1,0,0,2,1,1050.070432,1,1,82.0
1,0,1,2,1,582.997668,1,1,55.0
0,0,0,2,1,1200.369344,1,1,26.0
1,0,0,4,1,3500.1750090000005,1,1,600.0
1,0,0,3,1,1350.018173,1,1,260.0
1,0,1,1,1,630.0452845,1,1,32.0
1,0,1,2,1,1039.02439,1,1,42.6
1,0,0,3,1,2177.571019,1,1,220.0
1,0,0,3,1,2408.348943,1,1,180.0
1,1,1,4,1,1789.919925,0,1,190.0
0,0,0,2,1,2222.222222,1,1,35.0
0,0,0,2,1,1080.291971,1,1,37.0
1,0,1,2,1,1121.446006,1,1,170.0
1,0,0,5,1,1609.589041,1,1,47.0
1,0,1,3,1,1855.517071,1,1,150.0
1,0,0,3,1,1925.051335,1,1,75.0
0,0,0,2,1,1330.292664,1,1,35.0
0,0,0,3,1,1070.090958,1,1,60.0
0,0,0,2,1,1190.040278,1,1,65.0
1,0,1,2,1,569.3371289,1,0,140.0
0,0,0,1,1,499.0494297,1,1,10.5
0,0,0,1,1,612.1556624,1,1,14.0
0,0,0,2,1,1015.096304,1,1,39.0
0,0,0,2,1,960.0614439,1,1,50.0
0,0,0,2,1,1154.119318,1,1,32.5
1,0,1,1,1,647.7245365,1,1,26.9
0,0,0,2,1,966.053938,1,1,72.0
1,0,0,2,1,959.9385639,1,1,75.0
1,0,0,2,1,1100.0,1,1,110.0
0,0,0,2,1,1075.072886,1,1,29.5
0,0,0,3,1,815.876516,1,1,37.0
1,0,1,2,1,1094.010755,1,1,59.0
0,0,0,2,1,1012.192317,1,1,44.0
1,0,1,3,1,2275.312856,1,1,160.0
1,0,0,2,1,735.0216182999999,1,1,59.5
1,0,0,3,1,1812.141347,1,1,180.0
1,0,0,3,1,1228.220508,1,1,43.0
0,0,0,2,1,1200.071646,1,1,67.0
1,0,0,3,1,1683.7851489999998,1,1,100.0
1,0,0,3,1,1325.104375,1,1,73.0
1,0,0,3,1,2118.298843,1,1,130.0
1,0,0,2,1,898.1132074999999,1,1,23.8
1,0,0,3,1,1636.043292,1,1,65.0
0,0,0,4,1,2475.247525,1,1,95.0
1,0,1,2,1,1190.108192,1,1,77.0
0,0,0,2,1,1264.367816,1,1,36.3
0,0,0,2,1,700.0474608,1,1,29.5
1,0,0,3,1,1850.276478,1,1,87.0
1,0,1,2,1,1416.470588,1,1,60.2
0,0,0,1,1,748.2993197000001,1,1,16.5
1,0,1,3,1,2106.094511,1,1,160.0
1,0,1,2,1,1148.1719050000002,1,1,53.7
1,0,1,2,1,953.1374106,1,1,60.0
1,0,1,4,1,2569.793248,1,1,220.0
0,0,0,3,1,1155.087481,1,1,68.0
1,0,0,2,1,798.676479,1,1,140.0
0,0,0,2,1,950.1187648,1,1,44.0
1,1,0,2,1,1174.488076,0,1,230.0
0,0,1,2,1,940.2030839,1,1,25.0
0,0,0,1,1,600.0109093,1,1,110.0
1,0,1,2,1,1060.284762,1,1,35.0
1,0,0,2,1,1138.211382,1,1,72.8
1,1,0,2,1,1065.054692,0,1,37.0
2,1,0,1,1,651.7241379,0,0,18.9
1,0,1,2,1,1084.444444,1,1,48.8
1,1,1,1,1,343.0400976,0,1,22.5
0,0,0,2,1,850.1594049,1,1,32.0
1,0,1,2,1,875.0,1,1,42.0
1,0,0,1,1,675.0355282,1,1,57.0
1,0,0,3,1,2218.173176,1,1,280.0
1,0,1,3,1,2966.533791,1,1,320.0
0,0,0,3,1,1749.9204579999998,1,1,110.0
1,0,1,2,1,1234.567901,1,1,30.0
1,0,0,3,1,2200.220022,1,1,120.0
1,0,0,2,1,1213.072642,1,1,85.0
0,0,0,3,1,1534.78854,1,1,90.0
0,0,0,1,1,870.3590992000001,1,1,14.3
1,0,0,2,1,1195.022792,1,1,97.0
0,0,1,2,1,1298.326601,1,1,45.0
1,0,1,2,1,1265.094882,1,1,110.0
0,0,0,1,1,650.1182033,1,1,16.5
1,0,0,2,1,896.7173739,1,1,22.4
0,0,0,2,1,780.1213522,1,1,27.0
0,0,0,3,1,1679.966401,1,1,120.0
0,0,0,1,1,350.0212134,1,1,16.5
1,0,1,3,1,1907.073509,1,1,330.0
1,1,1,4,1,2328.288708,0,0,100.0
1,1,1,3,1,1525.1038130000002,0,1,80.8
0,0,0,3,1,1800.055386,1,1,130.0
1,1,1,2,1,682.8951036000001,0,0,73.5
0,1,1,4,1,2373.5621690000003,0,1,130.0
1,1,1,3,1,1800.0,0,1,270.0
1,0,0,3,1,2166.666667,1,1,130.0
2,0,0,2,1,921.2121212,1,0,15.2
1,0,0,2,1,1065.375303,1,1,22.0
1,1,1,2,1,550.7745267000001,0,0,67.2
1,0,1,3,1,1760.029132,1,1,290.0
1,0,0,2,1,1040.009788,1,1,85.0
0,0,0,2,1,770.0600647000001,1,1,50.0
0,0,0,1,1,480.04800480000006,1,1,16.0
1,0,0,2,1,762.4633431,1,1,15.6
1,1,0,2,1,844.5040213999999,0,1,50.4
1,0,0,1,1,950.0,1,1,36.1
1,0,0,3,1,1294.917449,1,1,40.0
1,1,0,2,1,685.8108107999999,0,1,20.3
0,0,0,3,1,600.0205486000001,1,1,58.4
0,0,0,3,1,1250.0,1,1,53.0
0,0,0,3,1,900.0012857,1,1,4200.0
2,1,1,2,1,1064.718163,0,0,51.0
1,1,0,2,1,1300.156915,0,1,58.0
0,0,1,2,1,1086.012163,1,1,50.0
0,1,0,1,1,589.0753302,0,1,16.5
0,0,0,3,1,1400.094922,1,1,59.0
1,0,0,3,1,1750.2917149999998,1,1,90.0
1,0,0,3,1,1500.150015,1,1,100.0
1,1,1,2,1,674.0614333999999,0,1,39.5
0,0,0,1,1,550.0550055,1,1,20.0
0,0,0,1,1,300.0,1,1,18.0
0,0,0,3,1,1125.04018,1,1,35.0
0,1,1,2,1,1050.420168,0,1,25.0
0,0,0,4,1,2531.378547,1,1,240.0
1,0,1,1,1,520.0322273,1,1,71.0
1,1,1,2,1,1033.08487,0,1,79.0
1,1,1,2,1,1135.166764,0,1,58.2
1,0,1,2,1,1061.969015,1,1,85.0
1,0,0,3,1,1795.392954,1,1,53.0
1,0,1,3,1,1350.0,1,1,54.0
1,1,1,2,1,1155.505108,0,1,50.9
1,0,0,2,1,932.579955,1,1,170.0
1,0,0,2,1,1468.069489,1,1,120.0
1,0,0,3,1,1553.277415,1,1,150.0
0,0,1,3,1,2105.041575,1,1,200.0
0,1,0,2,1,1200.274348,0,1,35.0
1,1,1,2,1,628.0355049,0,0,75.0
1,0,0,3,1,1445.0867050000002,1,1,200.0
1,1,0,2,1,511.4401077,0,1,38.0
1,0,0,3,1,1700.235417,1,1,65.0
1,0,0,3,1,1757.469244,1,1,130.0
0,0,0,3,1,1549.680948,1,1,68.0
1,0,1,2,1,1314.967619,1,1,400.0
1,0,0,1,1,600.025533,1,1,47.0
1,0,0,3,1,1861.8324350000005,1,1,190.0
0,0,0,2,1,960.1181684,1,1,39.0
0,0,0,3,1,860.0301011,1,1,40.0
1,1,0,1,1,421.0851436000001,0,1,40.9
1,0,0,2,1,1144.444444,1,1,41.2
1,1,1,2,1,941.2167365,0,1,110.0
0,0,0,3,1,1325.088339,1,1,75.0
0,0,0,3,1,1490.220428,1,1,48.0
1,0,0,1,1,650.0436596,1,1,67.0
1,0,0,2,1,1200.154859,1,1,62.0
1,0,1,2,1,957.0957096,1,1,58.0
1,1,0,2,1,1150.0,0,1,92.0
0,0,1,3,1,1340.206186,1,1,57.2
2,1,0,2,1,948.8686086,0,0,75.9
0,0,0,4,1,3199.7414350000004,1,1,99.0
0,0,0,4,1,1997.749015,1,1,35.5
1,0,0,3,1,1505.757307,1,1,170.0
1,0,0,2,1,963.1728045,1,1,51.0
1,0,0,2,1,1000.0,1,1,43.5
0,0,1,1,1,700.0,1,1,28.0
1,0,0,2,1,1300.108342,1,1,120.0
0,0,0,2,1,1000.0,1,1,30.0
0,1,0,3,1,1300.108342,0,1,48.0
1,0,0,2,1,850.1118567999999,1,1,19.0
1,0,1,4,1,2726.171244,1,1,270.0
0,0,0,3,1,1404.932875,1,1,45.0
2,1,1,3,1,1335.0,0,0,80.1
1,1,1,2,1,1150.012778,0,1,90.0
1,1,1,3,1,1024.06554,0,0,440.0
1,1,1,4,1,1449.55756,0,0,670.0
0,0,0,2,1,1135.159679,1,1,75.0
1,0,0,3,1,1603.615424,1,1,220.0
0,0,0,2,1,1026.135766,1,1,58.5
1,0,0,3,1,2444.444444,1,1,220.0
1,1,1,2,1,839.7627669999999,0,1,160.0
1,0,1,3,1,1523.925632,1,1,100.0
0,0,0,3,1,1450.116009,1,1,50.0
1,1,1,2,1,1099.796334,0,0,27.0
1,1,1,1,1,675.0908776,0,1,39.0
1,0,1,2,1,1078.393881,1,1,28.2
1,0,0,3,1,1600.0,1,1,140.0
2,1,1,2,1,700.0,0,0,24.5
0,0,0,3,1,1405.05821,1,1,70.0
1,0,1,3,1,1760.2190489999998,1,1,90.0
0,0,0,1,1,512.2626581999999,1,1,25.9
1,0,1,2,1,1156.199678,1,1,35.9
0,0,0,2,1,1230.0123,1,1,50.0
0,0,0,2,1,749.7116493999999,1,1,13.0
1,0,1,3,1,1532.296087,1,1,130.0
1,0,0,2,1,1522.070015,1,1,140.0
1,0,0,2,1,1090.512541,1,1,100.0
1,0,0,3,1,1638.672675,1,1,120.0
0,0,0,2,1,1000.0,1,1,30.0
1,0,0,2,1,1050.199538,1,1,50.0
0,0,0,2,1,1037.165082,1,1,36.0
1,1,1,3,1,899.6851101999999,0,0,180.0
1,0,0,3,1,1168.888889,1,0,52.6
1,0,0,4,1,2450.9803920000004,1,1,40.0
1,0,1,3,1,1398.416887,1,1,53.0
1,0,0,1,1,693.0693069,1,1,35.0
1,0,0,4,1,3705.075954,1,1,200.0
0,0,0,2,1,1069.93737,1,1,41.0
0,0,0,2,1,1080.0,1,1,48.6
1,0,1,3,1,1850.406504,1,1,56.9
0,0,1,1,1,530.102234,1,1,14.0
0,0,0,2,1,1325.088339,1,1,60.0
1,0,1,4,1,2250.0,1,1,81.0
0,0,0,1,1,365.9429129,1,1,15.0
1,0,0,1,1,560.010182,1,1,88.0
1,0,1,3,1,1884.319928,1,1,83.4
0,0,0,2,1,759.8784195000001,1,1,30.0
1,0,0,1,1,600.0489836,1,1,49.0
0,0,0,2,1,975.0390016,1,1,25.0
1,0,0,3,1,1595.020424,1,1,82.0
1,0,1,3,1,1088.732394,1,0,77.3
1,1,1,1,1,557.5505576,0,1,29.5
1,1,1,2,1,1134.269105,0,1,160.0
0,0,0,3,1,1216.374269,1,1,52.0
1,0,0,4,1,3470.006828,1,1,3100.0
1,0,0,2,1,1128.2273810000002,1,1,52.0
1,1,1,2,1,1073.021182,0,1,38.5
1,0,0,3,1,2226.004976,1,1,170.0
1,0,1,3,1,1466.666667,1,1,220.0
1,0,1,4,1,2628.120894,1,1,240.0
1,0,0,2,1,1335.1749539999998,1,1,87.0
1,1,1,4,1,4482.071713,0,1,360.0
1,0,0,3,1,1651.527663,1,1,120.0
1,0,0,2,1,1095.057034,1,1,72.0
1,0,0,2,1,1210.008203,1,1,59.0
1,0,0,3,1,2022.9265,1,1,120.0
2,0,1,4,1,1228.277682,1,0,270.0
0,0,0,3,1,1313.197636,1,1,60.0
0,1,0,1,1,699.1479135,0,1,32.0
0,0,0,3,1,1600.150602,1,1,85.0
1,1,1,2,1,1137.197359,0,1,62.0
1,0,0,3,1,1081.812035,1,1,48.0
0,0,0,2,1,950.1187648,1,1,36.0
0,0,1,3,1,1480.484522,1,1,44.0
1,0,0,4,1,2479.543764,1,1,100.0
1,0,0,3,1,1918.649271,1,1,150.0
0,0,0,2,1,1284.7465550000002,1,1,55.0
0,0,0,3,1,1500.0,1,1,37.5
0,0,0,2,1,1251.000801,1,1,62.5
1,0,1,3,1,2482.8392,1,1,170.0
1,1,1,2,1,954.0467483,0,1,60.0
0,0,0,2,1,1029.05569,1,1,68.0
1,1,1,3,1,1540.28436,0,1,65.0
0,0,0,3,1,1400.0,1,1,70.0
0,0,0,2,1,740.1636151,1,1,19.0
0,0,0,3,1,1410.203235,1,1,68.0
0,0,0,3,1,1505.117399,1,1,100.0
1,1,1,2,1,731.0222769,0,1,190.0
0,0,0,2,1,1400.147384,1,1,38.0
0,0,0,2,1,950.0542888,1,1,70.0
0,0,0,1,1,720.0460829,1,1,50.0
0,0,0,3,1,2050.080539,1,1,140.0
0,0,1,2,1,1032.098765,1,1,20.9
1,0,0,3,1,1437.083771,1,1,82.0
1,0,0,4,1,3103.277061,1,1,250.0
1,0,1,3,1,1333.767079,1,1,410.0
2,0,0,2,1,857.7555397,1,0,24.0
1,1,0,3,1,1747.106355,0,1,240.0
1,0,0,2,1,750.1071582000001,1,1,17.5
1,1,1,2,1,1218.104885,0,1,95.0
1,0,0,3,1,1772.1518989999995,1,1,35.0
1,0,0,3,1,1749.883341,1,1,75.0
1,0,0,3,1,1279.962765,1,1,110.0
0,0,1,3,1,1894.178558,1,1,150.0
0,0,0,2,1,1152.353227,1,1,47.5
1,0,0,2,1,1000.0,1,1,120.0
1,0,0,2,1,1085.014041,1,1,170.0
1,0,0,2,1,1090.1162789999998,1,1,60.0
0,0,0,2,1,1100.110011,1,1,50.0
1,0,1,3,1,1514.849512,1,1,76.0
1,0,0,2,1,1305.114638,1,1,37.0
1,0,1,1,1,500.0,1,1,27.0
1,0,0,4,1,4926.6220060000005,1,1,1890.0
1,0,0,4,1,2511.210762,1,1,140.0
1,0,0,2,1,817.6100629,1,1,28.6
1,0,1,4,1,2424.662279,1,1,140.0
0,0,0,2,1,875000.0,1,1,35.0
0,0,0,2,1,825.1167618,1,1,31.8
0,0,0,2,1,1068.168576,1,1,55.0
1,0,0,3,1,1548.467018,1,1,150.0
1,0,0,3,1,1320.03932,1,1,94.0
1,0,0,4,1,3164.843114,1,1,350.0
1,1,1,2,1,1095.290252,0,1,160.0
1,0,0,2,1,970.2457956,1,1,37.5
1,0,0,3,1,2599.903707,1,1,270.0
0,0,0,2,1,1000.0,1,1,28.0
0,0,0,2,1,657.8947368,1,1,15.0
0,0,0,2,1,1000.0,1,1,45.0
0,0,1,3,1,1558.033162,1,1,54.5
1,1,1,2,1,728.7920457,0,0,68.9
1,1,1,1,1,420.3476774,0,1,29.5
0,0,0,2,1,975.1340809,1,1,40.0
0,0,0,2,1,1147.098516,1,1,68.0
1,0,1,3,1,800.0,1,1,190.0
1,0,1,3,1,2782.995895,1,1,400.0
0,0,0,3,1,1546.072975,1,1,75.0
1,0,0,2,1,1000.0,1,1,100.0
1,0,0,1,1,595.0071142,1,1,92.0
1,0,1,3,1,1322.31405,1,1,48.0
1,0,0,3,1,1275.11592,1,1,33.0
1,1,1,3,1,1703.216374,0,1,69.9
0,0,0,3,1,1650.4329,1,1,61.0
1,0,0,2,1,1077.102594,1,1,120.0
2,1,1,2,1,716.1803714,0,0,56.7
1,0,1,2,1,989.8904802,1,1,23.5
1,1,1,2,1,990.0135618,0,1,80.3
0,0,0,2,1,800.0,1,1,17.0
0,0,0,2,1,1256.281407,1,1,40.0
1,0,0,1,1,740.0288323,1,1,77.0
1,0,0,3,1,1950.35461,1,1,33.0
0,0,0,2,1,972.0534629,1,1,40.0
1,0,0,3,1,1577.287066,1,1,100.0
1,0,0,2,1,1102.003643,1,1,72.6
1,0,0,2,1,1045.3416960000002,1,1,160.0
1,1,1,4,1,1609.750489,0,0,140.0
0,0,0,3,1,899.9550022,1,1,60.0
1,0,1,4,1,3200.119074,1,1,430.0
0,0,0,2,1,1085.086042,1,1,45.4
1,1,1,2,1,925.1471825,0,1,55.0
1,0,0,2,1,1397.116352,1,1,250.0
1,1,1,2,1,1468.566639,0,1,87.6
1,1,1,3,1,1915.25018,0,1,80.0
1,0,0,3,1,5803.613217,1,1,620.0
1,0,0,4,1,1800.0,1,1,45.0
1,0,0,1,1,647.0344255,1,1,78.0
1,0,0,3,1,1300.294406,1,1,53.0
1,0,1,3,1,3204.614645,1,1,200.0
1,0,0,2,1,1050.370949,1,1,26.9
1,0,0,2,1,1300.294406,1,1,53.0
0,0,0,3,1,1325.255585,1,1,35.0
1,1,1,3,1,916.1156696,0,1,230.0
1,0,0,2,1,1000.0,1,1,28.9
1,1,1,3,1,1197.771588,0,1,25.8
0,0,0,2,1,800.0,1,1,35.0
1,0,1,3,1,1952.87072,1,1,150.0
1,0,0,3,1,2800.0,1,1,280.0
1,1,1,2,1,1158.860454,0,1,72.0
1,0,0,3,1,1149.954002,1,1,25.0
0,0,0,2,1,1100.110011,1,1,60.0
0,0,0,2,1,974.7292419,1,1,27.0
1,0,0,2,1,1000.0,1,1,31.1
1,0,0,3,1,1790.02257,1,1,460.0
1,1,1,3,1,1749.109616,0,1,88.4
1,0,0,3,1,2181.749194,1,1,230.0
1,1,0,1,1,500.0,0,1,13.0
1,1,1,2,1,822.2682422,0,0,67.5
1,0,0,2,1,1022.395326,1,1,21.0
1,1,0,1,1,657.0841889,0,1,41.6
1,0,1,1,1,690.0517539,1,1,60.0
1,1,1,1,1,600.0109093,0,1,110.0
0,0,0,4,1,3000.0,1,1,90.0
0,0,0,2,1,832.1198253,1,1,40.0
1,0,1,2,1,1521.344233,1,1,67.0
1,0,1,2,1,1376.979408,1,1,220.0
0,1,0,2,1,1100.110011,0,1,40.0
0,0,0,3,1,1315.020456,1,1,90.0
2,1,1,3,1,1519.832985,0,0,72.8
1,1,0,2,1,1169.963837,0,1,55.0
1,0,0,1,1,632.1112516,1,1,100.0
0,0,0,3,1,2232.66745,1,1,190.0
1,0,0,2,1,953.9023277,1,1,20.9
0,0,0,2,1,789.7934386,1,1,26.0
1,0,0,2,1,989.1949475,1,1,130.0
1,1,1,2,1,1101.66824,0,1,140.0
1,0,0,1,1,650.0893873,1,1,40.0
0,0,0,2,1,1270.289344,1,1,36.0
1,0,0,2,1,1172.727273,1,1,38.7
0,0,0,2,1,904.0333797,1,1,65.0
1,0,0,3,1,1304.206065,1,1,80.0
0,0,0,2,1,1165.121523,1,1,93.0
1,0,0,2,1,1275.079692,1,1,68.0
1,0,1,2,1,1050.019091,1,1,55.0
1,0,0,2,1,855.0280755000001,1,1,67.0
0,0,0,3,1,1630.094044,1,1,78.0
1,0,0,2,1,1000.0,1,1,3.5
1,0,1,3,1,1416.932341,1,0,120.0
1,0,0,3,1,992.6653063,1,1,180.0
1,0,0,1,1,525.1641138,1,1,12.0
0,0,0,2,1,975.2020061,1,1,35.0
1,1,1,2,1,727.9370432999999,0,1,25.9
1,0,1,2,1,793.9308398,1,1,45.0
1,0,0,4,1,3979.210655,1,1,490.0
0,0,0,2,1,1089.17631,1,1,48.0
1,0,0,3,1,2117.148906,1,1,120.0
1,0,0,2,1,996.6666667000002,1,1,59.8
1,1,1,3,1,2657.807309,0,0,240.0
1,1,1,3,1,1504.615385,0,1,97.8
1,0,0,2,1,1135.0737800000002,1,1,60.0
1,0,0,2,1,1576.913979,1,1,200.0
1,1,1,3,1,1536.245799,0,0,32.0
1,0,0,2,1,1389.74359,1,1,81.3
1,0,0,3,1,1666.666667,1,1,160.0
0,0,0,1,1,588.0911541,1,1,24.0
1,0,0,2,1,1110.1622539999998,1,1,65.0
0,0,0,2,1,880.0459153999999,1,1,46.0
0,0,0,3,1,1265.01201,1,1,79.0
1,0,0,3,1,1264.066595,1,1,82.0
1,0,0,3,1,1950.235373,1,1,58.0
1,1,1,2,1,457.0426651000001,0,1,39.1
0,0,0,2,1,669.7923643999999,1,1,20.0
1,1,1,3,1,1274.0134779999998,0,1,760.0
1,1,1,2,1,850.0028332999999,0,1,150.0
1,1,1,2,1,669.0446350999999,0,0,69.4
0,0,0,3,1,1380.0205970000002,1,1,67.0
0,0,0,2,1,800.0,1,1,48.0
1,0,0,3,1,3000.01875,1,1,1600.0
0,0,1,2,1,1000.0,1,1,25.0
1,0,1,2,1,1400.00718,1,1,390.0
0,0,0,2,1,850.2289078,1,1,26.0
1,0,0,2,1,989.968321,1,1,75.0
1,0,0,3,1,2025.036819,1,1,55.0
0,0,1,2,1,1140.088357,1,1,80.0
0,0,0,3,1,1530.311948,1,1,52.0
0,1,1,1,1,580.0837899,0,1,18.0
1,1,1,3,1,1491.646778,0,1,350.0
1,0,1,3,1,2385.9840480000003,1,1,350.0
1,0,0,2,1,1004.291062,1,1,110.0
1,0,0,3,1,1349.892009,1,1,150.0
1,1,1,4,1,3370.549821,0,1,160.0
0,0,1,2,1,1085.187195,1,1,60.0
1,0,1,1,1,598.0503557999999,1,1,100.0
1,0,0,3,1,1859.993236,1,1,55.0
1,0,0,2,1,1104.057411,1,1,200.0
1,0,1,2,1,1150.003594,1,1,160.0
1,1,0,3,1,1420.0,0,0,78.1
1,1,1,2,1,1214.516129,0,0,75.3
0,0,0,2,1,820.1105366,1,1,46.0
2,1,0,3,1,1272.463768,0,0,43.9
2,0,0,2,1,716.2162162000001,1,0,26.5
1,0,1,3,1,1620.0162,1,1,180.0
1,0,0,2,1,872.0112518,1,1,93.0
1,0,0,2,1,980.031851,1,1,160.0
1,0,0,3,1,2600.404507,1,1,90.0
1,0,0,2,1,807.0844076000001,1,1,72.0
1,1,0,2,1,1272.818205,0,1,50.9
1,0,1,2,1,1114.050968,1,1,80.0
0,0,0,2,1,1050.199538,1,1,50.0
1,1,1,2,1,822.2222222,0,1,25.9
1,1,0,3,1,1300.091771,0,1,85.0
1,0,0,3,1,1027.482823,1,1,32.9
0,0,0,2,1,1060.0706710000002,1,1,24.0
1,0,1,5,1,3096.528315,1,1,520.0
0,0,1,2,1,1380.042463,1,1,84.5
1,0,0,1,1,621.7499435,1,1,110.0
1,0,0,3,1,2581.658997,1,1,230.0
1,0,0,2,1,1273.022752,1,1,47.0
1,0,0,2,1,979.9118079,1,1,40.0
0,0,0,2,1,1074.938575,1,1,70.0
1,1,1,2,1,1094.557012,0,1,55.1
1,0,1,2,1,1250.896057,1,0,34.9
0,0,0,2,1,1210.067764,1,1,75.0
1,0,0,3,1,1400.025455,1,1,330.0
1,0,1,3,1,1654.984424,1,1,85.0
0,0,0,4,1,2400.282386,1,1,68.0
1,0,0,1,1,520.0809015,1,1,18.0
0,0,0,3,1,1589.825119,1,1,130.0
2,0,0,2,1,1105.6838369999998,1,0,24.9
1,1,0,2,1,982.1428571,0,1,330.0
1,0,0,1,1,635.0757206000001,1,1,52.0
0,0,0,2,1,1197.142305,1,1,62.0
1,0,1,1,1,645.0012404,1,1,52.0
0,0,0,2,1,1035.254617,1,1,37.0
1,1,1,2,1,1308.571429,0,1,45.8
0,1,0,2,1,910.2244389,0,1,36.5
0,0,0,2,1,1000.0,1,1,37.0
0,0,1,3,1,1575.230853,1,1,58.0
0,0,1,4,1,2890.1734100000003,1,1,190.0
1,0,0,3,1,1475.0,1,1,59.0
1,0,0,2,1,1200.0,1,1,42.0
0,0,1,1,1,648.0414747000001,1,1,45.0
1,0,0,2,1,890.0492493999999,1,1,150.0
1,1,1,3,1,1657.458564,0,0,150.0
1,0,0,2,1,1050.030883,1,1,34.0
1,0,0,1,1,640.0157542000001,1,1,65.0
0,0,0,2,1,850.1201257000001,1,1,46.0
1,0,1,4,1,2420.203437,1,1,69.0
0,0,0,2,1,950.1187648,1,1,40.0
1,1,0,2,1,951.0869565,0,1,42.0
1,0,0,2,1,1534.653465,1,0,77.5
1,0,0,2,1,650.0956022999999,1,1,30.6
0,0,0,1,1,482.9362524,1,1,15.0
0,0,0,2,1,1228.0989029999998,1,1,75.0
0,0,0,4,1,2436.5221850000003,1,1,190.0
1,0,0,3,1,1905.091791,1,1,220.0
0,0,0,3,1,1799.894124,1,1,34.0
1,0,0,3,1,1635.99182,1,1,120.0
1,0,1,3,1,1639.473684,1,1,62.3
1,1,1,1,1,679.0169016,0,1,92.0
1,0,0,2,1,1170.275015,1,1,40.0
2,1,0,3,1,1077.208809,0,0,40.6
0,0,0,3,1,1425.345752,1,1,50.5
0,0,0,2,1,1285.092922,1,1,65.0
1,0,1,3,1,1389.918458,1,1,75.0
1,0,1,1,1,590.0305187999999,1,1,29.0
0,0,0,2,1,1100.110011,1,1,60.0
0,0,0,3,1,1750.198886,1,1,88.0
1,0,0,2,1,800.0,1,1,35.0
0,0,0,3,1,1685.178093,1,1,88.0
1,0,0,2,1,1338.457461,1,1,50.5
2,1,1,2,1,753.6764706,0,0,20.5
1,0,0,3,1,1641.1226390000002,1,1,590.0
0,0,0,3,1,2100.25203,1,1,150.0
1,1,1,3,1,93793.84781,0,0,8690.0
0,0,0,2,1,953.0292716,1,1,70.0
0,0,0,2,1,1000.0,1,1,21.0
0,0,0,3,1,1300.191205,1,1,68.0
1,1,0,2,1,903.024911,0,1,20.3
1,0,1,2,1,1335.6053980000002,1,1,290.0
1,1,0,3,1,1316.455696,0,1,26.0
0,0,0,1,1,420.0268817,1,1,25.0
0,0,0,2,1,805.1529791,1,1,25.0
0,0,0,3,1,1343.684682,1,1,45.0
1,0,1,3,1,2950.200614,1,1,250.0
1,0,0,3,1,1909.039865,1,1,68.0
1,0,1,2,1,1100.296234,1,1,26.0
1,0,0,2,1,860.162202,1,1,35.0
1,0,1,1,1,440.0,1,0,44.0
1,0,0,3,1,1300.7122949999998,1,1,210.0
0,0,0,2,1,986.0543739,1,1,70.0
0,0,0,2,1,820.0562324,1,1,35.0
1,1,1,1,1,367.2865205,0,1,39.7
1,0,0,1,1,630.0403226,1,1,25.0
1,0,0,2,1,1040.154814,1,1,43.0
1,0,1,2,1,999.000999,1,1,180.0
1,0,1,1,1,599.9812506,1,1,64.0
0,0,0,4,1,2799.377916,1,1,90.0
0,0,0,3,1,1070.038911,1,1,55.0
1,0,0,4,1,3394.43313,1,1,250.0
1,0,0,3,1,1589.303734,1,1,31.5
1,1,1,2,1,1036.687048,0,1,37.3
1,0,0,1,1,550.0146671,1,1,75.0
1,0,1,2,1,1183.19858,1,1,180.0
0,0,0,3,1,1750.051472,1,1,85.0
1,0,0,3,1,1500.0,1,1,750.0
1,0,0,3,1,1620.674551,1,1,37.0
1,0,0,2,1,1273.344652,1,1,45.0
1,0,0,4,1,2727.272727,1,1,150.0
0,0,0,3,1,1086.606938,1,1,47.3
0,0,0,4,1,2115.655853,1,1,120.0
1,1,0,2,1,1034.5454550000002,0,1,56.9
0,0,0,3,1,1349.741961,1,1,68.0
1,0,0,1,1,380.0547279,1,1,25.0
1,0,0,3,1,1939.237233,1,1,120.0
1,1,0,3,1,1260.178364,0,1,65.0
0,0,1,3,1,1595.214357,1,1,80.0
0,0,0,3,1,1552.312946,1,1,50.0
1,0,0,3,1,1420.185571,1,1,75.0
1,0,0,3,1,1000.0,1,1,260.0
0,1,1,2,1,1127.272727,0,1,31.0
0,0,0,2,1,745.1564829,1,1,20.0
1,0,0,2,1,1107.419712,1,1,130.0
0,0,0,3,1,1200.0,1,1,45.0
0,0,0,2,1,1000.0,1,1,30.0
0,0,0,3,1,1075.14881,1,1,28.9
1,0,1,3,1,1700.294718,1,1,75.0
0,0,1,2,1,1100.173712,1,1,38.0
1,0,0,3,1,1458.830549,1,1,48.9
1,0,0,2,1,1100.0,1,1,46.2
1,0,1,3,1,904.1080409,1,1,160.0
1,0,0,3,1,1110.124334,1,1,50.0
1,0,0,3,1,1158.882837,1,1,100.0
1,1,1,2,1,1209.677419,0,1,150.0
2,0,1,3,1,1939.755048,1,0,58.6
1,0,0,2,1,1140.129922,1,1,86.0
2,1,1,2,1,914.2857143,0,0,25.6
0,0,0,2,1,765.0719167999999,1,1,75.0
0,0,0,2,1,1046.114432,1,1,24.5
1,0,0,3,1,1717.078325,1,1,130.0
1,0,0,2,1,997.1415276,1,1,150.0
0,1,1,2,1,1039.91949,0,1,31.0
1,0,0,3,1,1400.025455,1,1,110.0
1,0,0,4,1,3350.034957,1,1,1150.0
1,0,1,3,1,1815.046737,1,1,600.0
0,0,0,1,1,760.1133727999999,1,1,29.5
1,0,0,2,1,1050.126015,1,1,75.0
1,0,0,2,1,1023.100533,1,1,190.0
1,1,1,2,1,1065.137239,0,1,260.0
1,0,1,2,1,1099.830795,1,1,32.5
1,0,1,2,1,1338.613861,1,1,67.6
1,0,1,2,1,650.0,1,1,130.0
0,0,0,1,1,1090.059694,1,1,42.0
1,1,1,2,1,1275.0,0,1,30.6
1,0,0,1,1,650.1950585,1,1,10.0
1,1,1,2,1,839.8133748,0,0,27.0
1,0,0,1,1,600.0,1,1,66.0
0,0,1,2,1,1232.0328539999998,1,1,90.0
0,0,0,2,1,850.0,1,1,68.0
1,0,0,2,1,1273.3748890000002,1,1,42.9
0,0,0,3,1,1647.673314,1,1,34.7
1,1,0,3,1,1389.473684,0,0,66.0
1,0,0,3,1,2000.0,1,1,450.0
1,0,0,1,1,726.0193605000001,1,1,99.0
1,0,0,2,1,890.0756564,1,1,100.0
0,0,0,2,1,839.1273076,1,1,35.0
0,0,0,1,1,720.0837916,1,1,27.5
0,0,0,3,1,1260.053619,1,1,47.0
1,0,1,2,1,927.4193548,1,1,29.9
2,1,1,3,1,1128.0,0,0,28.2
0,0,0,2,1,1558.117794,1,1,100.0
0,0,0,1,1,530.0119253,1,1,40.0
0,0,0,2,1,654.107797,1,1,25.0
0,0,0,3,1,1275.103602,1,1,40.0
0,0,0,3,1,1800.370665,1,1,68.0
0,0,0,3,1,1460.096234,1,1,88.0
1,0,1,2,1,63986.01399,1,0,9150.0
1,1,1,3,1,1411.6116439999998,0,0,86.8
1,1,1,3,1,1420.187793,0,1,60.5
0,0,0,3,1,1263.902932,1,1,75.0
1,1,1,2,1,652.8551532,0,1,150.0
1,0,1,2,1,856.3636364,1,1,47.1
0,0,0,3,1,1310.887264,1,1,95.0
1,0,0,3,1,1200.048002,1,1,200.0
1,0,0,2,1,710.0111573,1,1,210.0
1,0,0,3,1,1895.734597,1,1,96.0
1,0,0,4,1,2380.374059,1,1,98.0
1,0,0,2,1,950.1187648,1,1,72.0
1,0,0,3,1,1400.0,1,1,39.2
1,0,0,2,1,1395.709486,1,1,54.0
1,1,1,3,1,1884.331062,0,1,130.0
0,0,0,2,1,683.0934374,1,1,28.0
1,0,1,4,1,3010.9812260000003,1,0,170.0
0,0,0,3,1,1410.7433529999998,1,1,130.0
0,0,0,3,1,1240.208877,1,1,57.0
1,0,1,2,1,772.5700831,1,0,210.0
1,0,0,3,1,1850.007115,1,1,130.0
1,0,1,2,1,1000.0,1,1,28.5
0,0,0,2,1,570.0072546,1,1,55.0
1,0,0,3,1,1386.138614,1,1,700.0
0,0,0,2,1,1850.276478,1,1,87.0
0,0,0,2,1,1184.210526,1,1,36.0
1,0,0,3,1,1390.627173,1,1,100.0
1,1,1,2,1,930.4798618,0,1,140.0
0,0,0,2,1,1163.137489,1,1,78.0
1,1,0,3,1,1168.316832,0,1,35.4
1,0,1,3,1,1209.865054,1,1,78.0
1,0,1,4,1,2428.571429,1,0,170.0
2,1,1,2,1,954.762446,0,0,42.0
1,0,1,3,1,1223.913043,1,1,56.3
1,0,0,2,1,1286.110012,1,1,65.0
0,0,0,1,1,700.0350017999999,1,1,20.0
1,0,0,3,1,1960.143744,1,1,60.0
0,0,0,3,1,1410.879448,1,1,90.0
0,0,0,1,1,800.0,1,1,41.0
1,0,0,1,1,645.0907501,1,1,29.5
0,0,0,3,1,1400.0,1,1,35.0
0,1,1,4,1,1710.2615690000002,0,1,51.0
0,0,0,2,1,1045.211473,1,1,43.0
0,0,0,3,1,1750.353607,1,1,49.5
0,0,0,2,1,979.1921665,1,1,32.0
1,0,0,2,1,1155.087481,1,1,68.0
1,1,0,1,1,610.1938263,0,1,17.0
0,0,0,2,1,724.0547064,1,1,36.0
1,0,0,3,1,1222.222222,1,1,220.0
0,0,0,3,1,1600.0,1,1,60.0
1,0,0,2,1,1168.224299,1,1,100.0
1,0,0,2,1,1000.0,1,1,85.0
0,0,0,3,1,1900.538486,1,1,60.0
1,1,1,3,1,1679.4117649999998,0,1,57.1
0,0,0,2,1,600.0648719,1,1,37.0
1,0,0,3,1,2153.316107,1,1,150.0
0,0,0,3,1,947.312961,1,1,89.9
2,0,1,2,1,1031.111111,1,0,23.2
1,0,0,2,1,870.9789804,1,1,150.0
0,0,0,1,1,588.8951206,1,1,21.0
0,0,0,1,1,5000.0,1,1,35.0
0,0,0,2,1,860.2890571,1,1,25.0
1,0,0,3,1,1723.931879,1,1,57.7
1,0,1,3,1,2166.964624,1,1,400.0
0,0,0,2,1,870.9853021,1,1,32.0
1,0,0,3,1,1374.207188,1,1,65.0
1,0,1,3,1,1566.666667,1,1,47.0
0,0,0,3,1,1285.11107,1,1,70.0
1,0,0,3,1,1555.209953,1,1,70.0
1,0,0,4,1,3204.952611,1,1,1170.0
1,0,1,3,1,1066.186652,1,1,38.5
1,0,0,3,1,2190.8471280000003,1,1,180.0
1,1,0,2,1,1229.932677,0,1,47.5
1,0,0,2,1,1197.195143,1,1,70.0
1,0,1,4,1,1507.675439,1,1,110.0
0,0,0,2,1,957.5835476,1,1,29.8
0,0,0,3,1,1525.010167,1,1,75.0
2,1,1,3,1,157454.5455,0,0,8660.0
1,1,1,3,1,1510.093785,0,1,95.0
1,0,0,15,1,5894.736842,1,1,280.0
1,1,1,3,1,1449.084442,0,1,110.0
0,0,0,2,1,1200.274348,1,1,35.0
0,0,0,3,1,1700.6802719999998,1,1,20.0
1,0,0,4,1,3649.056005,1,1,230.0
0,0,0,3,1,1340.206186,1,1,65.0
0,0,0,1,1,619.8347107000001,1,1,18.0
1,1,1,1,1,440.0,0,0,94.6
1,1,1,3,1,1800.100705,0,1,71.5
1,1,1,3,1,964.7271631,0,0,160.0
1,0,0,2,1,1050.262566,1,1,28.0
0,1,1,3,1,1799.339141,0,1,59.9
1,0,1,2,1,1051.197197,1,1,54.0
1,0,0,2,1,1080.050826,1,1,34.0
1,1,0,2,1,787.5,0,1,25.2
1,0,1,2,1,1053.346925,1,1,31.0
1,1,0,2,1,944.94659,0,1,34.5
1,0,1,2,1,850.1920615,1,1,33.2
0,0,0,2,1,1280.120482,1,1,34.0
0,0,0,2,1,920.0102223,1,1,36.0
1,1,0,4,1,1850.13876,0,1,140.0
0,0,0,3,1,3700.414446,1,1,250.0
0,0,0,2,1,1176.239182,1,1,29.9
1,0,1,2,1,1100.09507,1,1,81.0
0,0,0,3,1,1291.322314,1,1,50.0
0,0,0,2,1,1300.108342,1,1,72.0
0,0,0,2,1,1100.029334,1,1,37.5
1,0,1,1,1,712.0527961,1,0,41.0
1,0,0,2,1,1087.5,1,1,26.1
1,0,0,3,1,1381.2949640000002,1,1,240.0
1,0,1,2,1,848.1012658,1,1,20.1
1,1,0,1,1,749.9506611,0,1,38.0
1,0,0,3,1,2700.0,1,1,270.0
0,1,0,2,1,1200.0,0,0,48.0
1,0,0,3,1,1680.235579,1,1,97.0
1,1,1,3,1,1325.966851,0,1,72.0
1,0,1,3,1,1356.018008,1,1,750.0
0,0,0,4,1,2800.5170190000003,1,1,130.0
1,1,1,2,1,1075.105996,0,1,71.0
0,0,0,3,1,1350.135014,1,1,60.0
1,0,0,4,1,3069.466882,1,1,190.0
1,0,1,3,1,1825.817053,1,1,100.0
1,0,1,3,1,1728.052045,1,1,510.0
1,1,1,3,1,1000.0,0,1,98.0
0,0,0,3,1,1305.7181449999998,1,1,29.0
1,0,0,3,1,1750.0,1,1,56.0
0,0,0,1,1,560.1317957,1,1,17.0
1,0,0,2,1,1047.668937,1,1,100.0
1,0,0,2,1,1150.180743,1,1,70.0
1,0,1,2,1,1009.065826,1,1,76.8
1,0,1,2,1,1481.004507,1,1,69.0
1,1,1,4,1,2445.785097,0,1,150.0
0,0,0,2,1,1560.062402,1,1,210.0
0,0,0,2,1,850.0772798,1,1,55.0
1,0,0,3,1,1340.588282,1,1,170.0
0,0,1,2,1,1250.0,1,1,55.0
0,0,0,1,1,500.0,1,1,17.0
1,0,1,2,1,969.9977442,1,1,43.0
0,0,0,3,1,1700.404858,1,1,42.0
1,0,1,4,1,3070.175439,1,1,770.0
1,1,0,3,1,1799.5095030000002,0,1,58.7
1,1,0,3,1,1350.032531,0,1,83.0
1,0,0,4,1,2429.48322,1,1,590.0
1,0,0,3,1,1739.92674,1,1,95.0
1,0,0,3,1,1344.086022,1,1,120.0
0,0,0,1,1,450.0310366000001,1,1,14.5
0,0,0,1,1,626.118068,1,1,21.0
1,0,0,2,1,659.9788807,1,1,50.0
0,0,0,3,1,1309.9556630000002,1,1,65.0
1,0,0,3,1,1322.751323,1,1,30.0
1,0,0,3,1,1231.25,1,1,59.1
0,0,1,3,1,1389.854065,1,1,60.0
1,0,0,2,1,929.7851876,1,1,29.0
1,0,0,3,1,1550.0538210000002,1,1,72.0
1,1,1,1,1,350.0834814,0,0,130.0
1,0,0,3,1,1485.451315,1,1,510.0
0,0,1,3,1,1450.06344,1,1,80.0
1,0,0,4,1,2953.937044,1,1,320.0
1,1,0,4,1,4476.854202,0,1,970.0
1,0,1,2,1,1349.892009,1,1,100.0
1,1,1,2,1,679.4401412999999,0,1,100.0
1,0,0,1,1,635.00127,1,1,50.0
0,0,1,2,1,1079.913607,1,1,65.0
0,0,0,2,1,950.2262443,1,1,29.4
0,0,0,3,1,1385.281385,1,1,32.0
0,0,0,2,1,820.0168209,1,1,19.5
0,0,0,2,1,1204.819277,1,1,32.0
0,0,0,3,1,1357.166501,1,1,41.0
1,0,0,4,1,1930.087926,1,1,180.0
1,0,1,3,1,1769.62677,1,1,110.0
0,0,0,3,1,2100.105005,1,1,60.0
1,0,1,2,1,1094.84599,1,1,35.9
0,0,0,2,1,1100.244499,1,1,27.0
0,0,0,1,1,638.0368097999999,1,1,52.0
0,0,0,2,1,798.2120050999999,1,1,25.0
2,1,1,3,1,2000.0,0,0,56.0
0,0,1,2,1,1335.311573,1,1,45.0
1,0,1,3,1,1529.68989,1,1,110.0
1,1,0,2,1,1200.0,0,1,44.4
1,1,1,2,1,803.0481658,0,0,470.0
0,0,0,3,1,1200.0,1,1,30.0
0,0,0,3,1,1100.244499,1,1,36.0
1,1,1,3,1,1721.333695,0,1,63.5
1,0,0,3,1,1396.054628,1,1,46.0
1,0,0,3,1,1887.979862,1,1,90.0
1,0,0,2,1,800.0,1,1,310.0
1,0,0,3,1,1579.279848,1,1,150.0
1,0,0,3,1,1267.303568,1,1,130.0
1,0,0,2,1,1140.1557289999998,1,1,82.0
1,0,1,4,1,1254.901961,1,0,320.0
0,0,0,2,1,823.0452675,1,1,30.0
1,0,1,1,1,600.0,1,1,30.0
1,0,0,3,1,1460.31746,1,1,46.0
1,0,0,1,1,535.0242741999999,1,1,54.0
1,0,1,3,1,1348.020336,1,1,700.0
1,0,1,2,1,475.0593824,1,1,24.0
1,0,0,1,1,650.0742942,1,1,35.0
1,0,0,3,1,1300.160514,1,1,16.2
0,0,0,3,1,1993.024415,1,1,80.0
0,0,0,3,1,1450.476585,1,1,35.0
1,1,0,2,1,960.2194787,0,1,28.0
1,0,1,3,1,1380.006732,1,1,41.0
1,0,1,2,1,1050.283861,1,1,25.9
1,0,1,3,1,1171.147192,1,1,88.0
0,0,0,2,1,1070.016283,1,1,46.0
1,1,0,2,1,1040.172166,0,1,58.0
0,0,0,2,1,961.1829945,1,1,26.0
0,0,1,1,1,800.0,1,1,12.0
1,1,1,1,1,424.9729563,0,0,55.0
1,0,0,2,1,1110.828673,1,1,43.7
1,0,1,3,1,1684.0332600000002,1,1,160.0
0,0,0,4,1,2791.068581,1,1,70.0
0,0,0,2,1,979.8865395,1,1,19.0
1,0,1,3,1,1948.460088,1,1,310.0
0,0,0,1,1,696.2576153,1,1,16.0
1,0,0,2,1,1560.190507,1,1,95.0
1,0,0,2,1,461.0382069,1,1,39.7
0,0,0,2,1,650.1950585,1,1,15.0
1,0,0,2,1,1053.799224,1,1,38.0
1,1,1,2,1,898.8380041000001,0,1,26.3
1,0,0,3,1,1800.08471,1,1,170.0
1,0,0,2,1,539.2081343,1,1,140.0
0,0,0,2,1,1288.217108,1,1,75.0
0,0,0,3,1,1302.083333,1,1,110.0
1,1,0,2,1,832.7781478999999,0,1,25.0
1,0,0,2,1,1100.125331,1,1,79.0
0,0,0,3,1,1650.165017,1,1,80.0
1,0,1,3,1,2106.828603,1,1,170.0
0,0,0,2,1,847.8931141,1,1,33.0
1,0,0,3,1,1913.875598,1,1,120.0
1,0,1,3,1,1289.371892,1,1,210.0
0,0,0,3,1,1561.991539,1,1,48.0
0,0,0,3,1,1315.212626,1,1,60.0
0,0,0,3,1,750.1071582000001,1,1,35.0
0,0,0,2,1,1300.119095,1,1,65.5
1,0,1,2,1,1000.0,1,1,25.9
1,0,0,2,1,1000.0,1,1,62.0
0,0,0,4,1,1558.23919,1,1,40.0
0,0,0,1,1,850.3401361,1,1,10.0
1,0,1,3,1,1736.659299,1,1,110.0
0,0,0,2,1,750.0,1,1,27.0
0,0,1,3,1,1576.182137,1,1,45.0
2,1,1,1,1,397.42744060000007,0,0,24.1
0,0,0,2,1,865.0065530999999,1,1,33.0
1,0,0,1,1,615.212528,1,1,16.5
0,0,1,2,1,915.1414309,1,1,55.0
0,0,0,1,1,710.0031556,1,1,45.0
0,0,0,3,1,1100.323625,1,1,34.0
1,0,0,3,1,1366.638828,1,1,180.0
1,0,0,2,1,960.0,1,1,120.0
1,0,0,4,1,3550.295858,1,1,360.0
1,0,1,3,1,1899.907322,1,1,82.0
1,0,0,4,1,4310.344828,1,1,370.0
1,1,1,2,1,1045.016077,0,1,45.5
1,1,1,2,1,535.0045858,0,1,140.0
1,1,0,2,1,1090.47619,0,0,22.9
0,0,0,3,1,1475.237092,1,1,42.0
0,0,0,3,1,1500.0,1,1,60.0
0,0,0,20,1,16860.563140000002,1,1,2000.0
1,1,1,2,1,1258.524489,0,1,60.9
1,1,0,2,1,800.0,0,1,28.0
0,0,1,3,1,2158.132235,1,1,220.0
1,0,0,2,1,1200.0,1,1,120.0
1,0,0,1,1,508.0268238,1,1,75.0
0,0,0,3,1,1200.225925,1,1,42.5
0,0,0,2,1,1395.089286,1,1,75.0
0,0,0,2,1,800.0,1,1,75.0
1,0,1,3,1,1600.0,1,1,56.0
1,0,0,2,1,770.0413391,1,1,95.0
1,0,1,4,1,1410.008294,1,1,51.0
1,0,1,3,1,1912.359073,1,1,89.9
1,0,0,2,1,890.0451868999999,1,1,130.0
1,1,0,3,1,1800.0,0,1,72.0
0,1,1,2,1,877.4250440999999,0,1,19.9
1,0,0,3,1,2000.0,1,1,750.0
1,0,0,3,1,1720.7754960000002,1,1,150.0
1,0,0,2,1,857.8873522,1,1,42.8
1,0,0,3,1,1747.572816,1,1,45.0
1,1,1,1,1,610.8144192000001,0,1,18.3
1,0,0,3,1,1515.77787,1,1,110.0
1,1,1,2,1,1099.928109,0,1,76.5
0,0,0,3,1,1344.055141,1,1,70.2
0,0,0,3,1,2000.0,1,1,120.0
0,0,0,1,1,590.0202293,1,1,17.5
0,0,0,2,1,849.7079129000001,1,1,16.0
1,0,0,3,1,1600.166251,1,1,77.0
1,0,1,3,1,1500.115393,1,1,65.0
0,0,0,2,1,855.0256508,1,1,90.0
1,1,1,3,1,1905.064296,0,1,120.0
1,0,0,2,1,989.4459103,1,1,150.0
1,0,0,2,1,1054.852321,1,1,40.0
1,1,1,3,1,1575.121163,0,1,58.5
0,0,0,3,1,1937.406855,1,1,52.0
1,0,0,2,1,1260.096931,1,1,78.0
1,0,0,2,1,1040.044494,1,1,37.4
1,0,0,3,1,1172.755977,1,1,26.0
0,0,0,1,1,320.0,1,1,10.0
1,0,0,3,1,1454.138702,1,1,130.0
0,0,0,2,1,904.2657755,1,1,46.0
1,0,0,3,1,1645.962733,1,1,53.0
1,0,0,3,1,2454.545455,1,1,270.0
1,0,1,2,1,1215.990272,1,1,80.0
1,0,0,4,1,3640.28583,1,1,270.0
0,0,0,2,1,1215.168657,1,1,58.0
0,0,0,3,1,1369.911504,1,1,77.4
1,0,0,2,1,1500.0789519999998,1,1,95.0
1,0,0,3,1,1550.021902,1,1,460.0
0,0,0,2,1,1000.0,1,1,25.0
2,0,1,1,1,526.6666667,1,0,15.8
0,0,0,3,1,1100.110011,1,1,70.0
1,0,0,2,1,1184.0,1,1,370.0
1,0,0,3,1,1302.083333,1,1,80.0
1,0,0,2,1,1700.071582,1,1,190.0
1,0,0,2,1,1280.409731,1,1,100.0
1,1,0,2,1,1209.612817,0,1,45.3
0,0,0,2,1,1284.109149,1,1,40.0
1,0,0,1,1,415.1898734,1,1,8.2
2,1,1,3,1,1471.875,0,0,47.1
1,0,0,3,1,1600.0,1,1,76.0
1,0,0,2,1,1280.0,1,1,80.0
1,0,1,3,1,1495.215311,1,1,75.0
0,0,0,2,1,1216.0778289999998,1,1,95.0
0,0,0,1,1,665.0199506,1,1,35.0
0,0,1,2,1,1273.148148,1,1,99.0
1,0,0,2,1,996.7032125,1,1,130.0
1,0,0,2,1,798.348245,1,1,23.2
1,0,0,2,1,1150.070126,1,1,82.0
0,0,0,2,1,950.0351865,1,1,27.0
1,0,1,3,1,1883.930534,1,1,85.7
0,0,0,2,1,1390.301797,1,1,41.0
1,0,1,4,1,2666.666667,1,0,160.0
0,0,0,1,1,500.0,1,1,15.0
1,1,1,4,1,4678.102027,0,1,420.0
1,0,0,2,1,1099.972153,1,1,39.5
1,0,0,3,1,2250.692521,1,1,32.5
1,0,1,1,1,578.0089153,1,1,38.9
1,0,0,2,1,1120.547299,1,1,190.0
0,1,0,3,1,1800.0642879999998,0,1,56.0
2,1,1,2,1,896.1038961000002,0,0,27.6
1,0,1,2,1,1170.242407,1,1,42.0
0,0,1,3,1,1265.041654,1,1,41.0
0,0,0,2,1,675.0465548999999,1,1,14.5
0,0,1,2,1,1300.014445,1,1,90.0
1,0,0,2,1,1114.982578,1,1,80.0
1,0,0,1,1,585.0432423,1,1,69.0
1,0,0,2,1,1123.304243,1,1,130.0
1,0,0,2,1,900.090009,1,1,60.0
0,0,0,3,1,2099.511073,1,1,73.0
0,0,0,2,1,780.1899592999999,1,1,23.0
2,1,1,1,1,417.1441669,0,0,36.4
1,0,0,2,1,827.2006389,1,0,290.0
1,0,0,2,1,800.0,1,1,59.0
1,1,1,1,1,560.0,0,1,77.0
1,0,0,1,1,680.1275239,1,1,32.0
1,1,1,2,1,699.0044482000001,0,1,99.0
0,0,0,1,1,695.0477844999999,1,1,32.0
1,1,0,2,1,680.0,0,1,20.4
1,1,0,2,1,801.1215702000001,0,1,40.0
1,0,0,1,1,493.9558149,1,1,23.7
1,0,0,1,1,650.0742942,1,1,35.0
1,0,0,1,1,21739.13043,1,1,35.0
0,0,0,2,1,5764.075067,1,1,43.0
1,0,1,1,1,650.0334576,1,1,68.0
0,0,0,1,1,410.022779,1,1,18.0
1,0,0,1,1,650.0033505,1,1,97.0
1,1,1,4,1,3122.2123100000003,0,0,140.0
1,0,0,3,1,1275.020565,1,1,46.5
0,0,0,3,1,1600.0,1,1,56.0
1,0,0,2,1,991.2536443,1,1,17.0
1,0,1,2,1,690.0654372,1,1,58.0
1,0,0,3,1,1200.111638,1,1,43.0
1,0,1,3,1,1810.584958,1,1,130.0
0,0,0,1,1,350.0,1,1,10.5
2,1,1,1,1,90.25270758,0,0,2.0
1,0,0,2,1,1193.111931,1,1,97.0
0,0,0,2,1,1345.390384,1,1,61.0
0,0,0,4,1,2364.672365,1,1,83.0
1,1,0,4,1,2708.333333,0,0,130.0
1,1,0,1,1,445.0095359,0,1,56.0
1,0,0,3,1,1643.475403,1,1,150.0
1,0,1,3,1,1210.104372,1,1,80.0
1,0,1,3,1,1500.280426,1,1,53.5
1,0,0,3,1,1375.448249,1,1,280.0
0,0,0,1,1,460.0521392,1,1,30.0
1,0,0,2,1,1150.22656,1,1,33.0
0,0,0,2,1,965.2509652999998,1,1,27.5
0,1,1,2,1,990.0990099,0,1,46.0
0,0,0,2,1,1000.0,1,1,27.0
0,0,0,2,1,1248.884924,1,1,42.0
0,0,1,1,1,725.1631617,1,1,30.0
0,1,1,2,1,1114.1265529999998,0,1,78.0
0,0,0,2,1,913.033554,1,1,40.0
0,0,0,2,1,1149.718958,1,1,45.0
0,0,0,2,1,1200.192031,1,1,50.0
1,0,0,2,1,936.0202621,1,1,170.0
1,0,0,1,1,713.3333332999999,1,1,32.1
0,0,0,2,1,1300.390117,1,1,40.0
0,0,1,2,1,1000.0,1,1,55.0
1,0,0,3,1,1200.154859,1,1,62.0
1,0,1,2,1,1017.893496,1,1,190.0
0,0,0,2,1,1480.263158,1,1,45.0
0,0,1,2,1,680.0151114,1,1,18.0
0,0,0,2,1,1216.02289,1,1,85.0
0,0,0,2,1,902.2013713,1,1,25.0
0,0,1,2,1,1000.0,1,1,38.0
0,0,0,2,1,915.1414309,1,1,33.0
1,0,0,3,1,1735.28411,1,1,51.0
0,0,0,3,1,1400.0,1,1,49.0
1,0,0,2,1,1134.141572,1,1,87.0
1,0,1,3,1,1235.0035289999998,1,1,35.0
0,0,0,2,1,850.1594049,1,1,16.0
1,0,1,4,1,1700.1020059999998,1,1,100.0
1,1,1,4,1,2090.163934,0,1,76.5
1,0,1,2,1,942.1778691,1,1,32.1
1,0,1,3,1,1525.124418,1,1,95.0
0,0,1,3,1,1625.081363,1,1,74.9
0,0,0,3,1,1296.008294,1,1,75.0
1,0,1,3,1,1924.759405,1,1,110.0
0,0,0,5,1,2249.913465,1,1,130.0
1,0,1,2,1,801.0118044,1,1,95.0
1,0,1,2,1,1350.007105,1,1,95.0
0,0,0,2,1,1423.324151,1,1,62.0
0,1,1,2,1,1090.1591039999998,0,1,37.0
1,0,0,3,1,2200.220022,1,1,180.0
0,0,0,4,1,1675.228948,1,1,75.0
1,1,1,2,1,675.0750751,0,0,56.2
1,0,0,1,1,650.0,1,1,130.0
1,0,0,2,1,1250.0,1,1,70.0
1,1,1,2,1,992.02564,0,1,260.0
1,0,0,3,1,2250.010227,1,1,1650.0
0,0,0,2,1,945.2411995,1,1,29.0
1,1,1,4,1,2174.908425,0,1,190.0
1,1,1,1,1,644.9763508999999,0,1,90.0
0,0,0,3,1,1220.44241,1,1,32.0
1,0,0,3,1,15029.52228,1,1,280.0
1,0,0,3,1,1524.569016,1,1,130.0
0,0,0,2,1,1200.171453,1,1,28.0
1,0,1,2,1,1113.000464,1,1,72.0
0,0,0,1,1,600.0413822,1,1,29.0
0,0,1,2,1,953.3898305,1,1,27.0
0,0,0,2,1,1330.082022,1,1,120.0
0,0,0,1,1,794.9125596,1,1,30.0
0,0,0,4,1,2100.161551,1,1,130.0
1,1,0,3,1,1049.453709,0,1,36.5
1,0,1,2,1,1261.395562,1,1,220.0
1,0,0,2,1,1023.037876,1,1,78.6
1,0,0,3,1,1500.110302,1,1,68.0
1,0,0,2,1,873.1401722999999,1,1,22.3
1,0,1,3,1,1727.115717,1,1,140.0
1,0,1,2,1,999.070632,1,1,86.0
1,0,0,3,1,1350.21097,1,1,32.0
0,0,0,2,1,1206.190259,1,1,53.0
1,0,0,3,1,2015.273653,1,1,190.0
1,0,0,2,1,965.1778955,1,1,25.5
1,0,0,2,1,1167.7497970000002,1,1,230.0
1,0,0,2,1,1187.024284,1,1,65.5
1,0,1,2,1,1265.094882,1,1,110.0
1,0,0,5,1,4078.014184000001,1,1,920.0
1,0,0,2,1,1299.00803,1,1,55.0
1,0,0,3,1,1514.864609,1,1,80.0
1,0,1,3,1,1850.149391,1,1,80.5
1,1,1,2,1,511.5556774,0,0,56.0
1,0,0,2,1,556.8187091,1,1,120.0
1,0,1,2,1,1015.97777,1,0,58.5
0,0,0,2,1,840.3361345000001,1,1,18.0
1,0,1,2,1,942.2694094,1,1,28.4
0,0,0,2,1,1075.268817,1,1,31.0
1,1,0,1,1,300.10223260000004,0,1,91.0
0,0,1,3,1,1463.679075,1,1,40.5
1,0,0,2,1,1105.845182,1,1,42.0
1,0,1,4,1,5399.568035,1,1,400.0
1,0,0,4,1,2843.973718,1,1,290.0
1,0,0,3,1,1631.818182,1,1,35.9
0,0,0,2,1,639.8742702999999,1,1,28.5
2,0,1,3,1,1750.0,1,0,84.0
0,0,0,4,1,3650.2405840000006,1,1,220.0
0,0,1,1,1,550.0550055,1,1,10.0
1,1,1,2,1,656.6283762999999,0,1,42.3
1,1,0,1,1,583.0223881000001,0,1,75.0
1,0,0,3,1,1552.393273,1,1,36.0
0,0,0,3,1,1274.755293,1,1,56.0
1,0,0,2,1,1409.064497,1,1,97.0
0,0,0,2,1,646.9874646000001,1,1,16.0
1,0,0,3,1,1250.0,1,1,150.0
0,0,0,1,1,632.0691949,1,1,19.0
1,0,0,4,1,2800.074669,1,1,750.0
1,0,0,3,1,1816.666667,1,1,54.5
0,0,0,2,1,1200.0,1,1,15.0
0,0,0,1,1,800.0,1,1,24.0
2,0,1,2,1,974.9303621,1,0,21.0
0,0,1,3,1,1265.060241,1,1,63.0
0,0,0,2,1,712.1057986000001,1,1,21.0
0,0,0,4,1,1212.121212,1,1,110.0
0,0,0,2,1,1195.028681,1,1,50.0
0,0,0,3,1,1700.404858,1,1,63.0
1,0,1,4,1,2189.160468,1,1,82.4
0,1,1,2,1,1175.132676,0,1,62.0
1,0,0,2,1,760.1162531,1,1,34.0
2,1,1,3,1,1560.0,0,0,54.6
1,1,1,2,1,975.6097561,0,1,120.0
2,0,1,3,1,1652.634861,1,0,53.0
0,0,0,3,1,1500.375094,1,1,40.0
1,0,0,3,1,1554.968123,1,1,200.0
1,0,1,3,1,1161.194975,1,1,220.0
1,1,1,1,1,752.0493343999999,0,1,100.0
0,0,0,2,1,1062.134891,1,1,40.0
0,0,0,3,1,2500.0,1,1,45.0
0,0,0,2,1,769.2307692,1,1,16.0
1,0,0,2,1,1022.641509,1,1,27.1
0,0,0,2,1,927.0790093,1,1,67.0
1,0,1,2,1,896.7741935,1,1,27.8
